ISO-10303-21;
HEADER;
FILE_DESCRIPTION (( 'STEP AP214' ),
    '1' );
FILE_NAME ('VC Base.STEP',
    '2024-11-23T07:25:10',
    ( '' ),
    ( '' ),
    'SwSTEP 2.0',
    'SolidWorks 2023',
    '' );
FILE_SCHEMA (( 'AUTOMOTIVE_DESIGN' ));
ENDSEC;

DATA;
#1 = VERTEX_POINT ( 'NONE', #688 ) ;
#2 = ORIENTED_EDGE ( 'NONE', *, *, #182, .T. ) ;
#3 = CARTESIAN_POINT ( 'NONE',  ( -201.7317369937918841, 449.0956367623834922, -140.6654984496846339 ) ) ;
#4 = EDGE_CURVE ( 'NONE', #375, #3312, #753, .T. ) ;
#5 = AXIS2_PLACEMENT_3D ( 'NONE', #1511, #1531, #1750 ) ;
#6 = CARTESIAN_POINT ( 'NONE',  ( -213.4004083286751836, 419.9152902064413411, -236.4346830219913329 ) ) ;
#7 = EDGE_LOOP ( 'NONE', ( #1650, #1370 ) ) ;
#8 = ORIENTED_EDGE ( 'NONE', *, *, #2264, .T. ) ;
#9 = AXIS2_PLACEMENT_3D ( 'NONE', #2369, #1571, #751 ) ;
#10 = CARTESIAN_POINT ( 'NONE',  ( -207.7317369937918272, 426.2425630890887192, -268.8908353518861531 ) ) ;
#11 = DIRECTION ( 'NONE',  ( 0.000000000000000000, 0.9930245052579511622, -0.1179081505121723217 ) ) ;
#12 = ORIENTED_EDGE ( 'NONE', *, *, #4, .F. ) ;
#13 = DIRECTION ( 'NONE',  ( 0.000000000000000000, 0.1146602736566081637, 0.9934047622419532875 ) ) ;
#14 = CARTESIAN_POINT ( 'NONE',  ( -101.2941288619796865, 432.5902743259084673, -126.6807563769623073 ) ) ;
#15 = EDGE_CURVE ( 'NONE', #1402, #2755, #1457, .T. ) ;
#16 = CARTESIAN_POINT ( 'NONE',  ( -35.89897709924795777, 420.4936154551366485, -231.4849587934887722 ) ) ;
#17 = DIRECTION ( 'NONE',  ( -6.838548019020300451E-15, 0.9934047622419531764, -0.1146602736566088576 ) ) ;
#18 = VERTEX_POINT ( 'NONE', #2927 ) ;
#19 = ADVANCED_FACE ( 'NONE', ( #128, #1015 ), #1274, .T. ) ;
#20 = EDGE_CURVE ( 'NONE', #3025, #1636, #1252, .T. ) ;
#21 = EDGE_LOOP ( 'NONE', ( #508, #2377, #361, #1535 ) ) ;
#22 = VECTOR ( 'NONE', #3491, 1000.000000000000000 ) ;
#23 = FACE_BOUND ( 'NONE', #2122, .T. ) ;
#24 = AXIS2_PLACEMENT_3D ( 'NONE', #1631, #172, #1858 ) ;
#25 = ORIENTED_EDGE ( 'NONE', *, *, #2472, .F. ) ;
#26 = CARTESIAN_POINT ( 'NONE',  ( -148.1693451256030301, 425.9418841105168099, -131.9532233084743780 ) ) ;
#27 = VECTOR ( 'NONE', #605, 1000.000000000000000 ) ;
#28 = CARTESIAN_POINT ( 'NONE',  ( -154.3890177114645326, 415.6205538247298819, -273.7046611887717518 ) ) ;
#29 = EDGE_CURVE ( 'NONE', #656, #596, #1690, .T. ) ;
#30 = ORIENTED_EDGE ( 'NONE', *, *, #2623, .T. ) ;
#31 = DIRECTION ( 'NONE',  ( -6.838548019020300451E-15, 0.9934047622419531764, -0.1146602736566088299 ) ) ;
#32 = DIRECTION ( 'NONE',  ( -6.838548019020299662E-15, 0.9934047622419531764, -0.1146602736566088299 ) ) ;
#33 = CARTESIAN_POINT ( 'NONE',  ( -44.73173699379109536, 426.5865439100596177, -265.9106210651604556 ) ) ;
#34 = CARTESIAN_POINT ( 'NONE',  ( -207.7317369937917420, 426.6298457524559922, -125.9927947350225850 ) ) ;
#35 = ORIENTED_EDGE ( 'NONE', *, *, #975, .T. ) ;
#36 = ORIENTED_EDGE ( 'NONE', *, *, #1105, .T. ) ;
#37 = CARTESIAN_POINT ( 'NONE',  ( -68.10420869373308506, 413.2635943383295398, -267.3927832332470302 ) ) ;
#38 = ADVANCED_FACE ( 'NONE', ( #2947 ), #998, .F. ) ;
#39 = ORIENTED_EDGE ( 'NONE', *, *, #747, .T. ) ;
#40 = B_SPLINE_CURVE_WITH_KNOTS ( 'NONE', 3,
 ( #2019, #2910, #109, #654, #1779, #92, #1215, #3186, #903, #412, #1519, #2098, #2373, #3412, #2871, #3471, #1275, #961 ),
 .UNSPECIFIED., .F., .F.,
 ( 4, 2, 2, 2, 2, 2, 2, 2, 4 ),
 ( 0.003954793588177274964, 0.004448810204083405648, 0.004942826819989536331, 0.005436843435895667015, 0.005930860051801798566, 0.006424876667707928382, 0.006918893283614059933, 0.007412909899520190617, 0.007906926515426321300 ),
 .UNSPECIFIED. ) ;
#41 = ORIENTED_EDGE ( 'NONE', *, *, #2119, .F. ) ;
#42 = CARTESIAN_POINT ( 'NONE',  ( -212.4344396964944792, 421.4653243882056586, -221.8283688693301769 ) ) ;
#43 = VERTEX_POINT ( 'NONE', #979 ) ;
#44 = DIRECTION ( 'NONE',  ( 6.838548019020300451E-15, -0.9934047622419531764, 0.1146602736566088437 ) ) ;
#45 = CARTESIAN_POINT ( 'NONE',  ( -41.73173699379108115, 426.2425630890898560, -268.8908353518862100 ) ) ;
#46 = EDGE_CURVE ( 'NONE', #850, #1778, #710, .T. ) ;
#47 = DIRECTION ( 'NONE',  ( -6.838548019020300451E-15, 0.9934047622419531764, -0.1146602736566088576 ) ) ;
#48 = DIRECTION ( 'NONE',  ( 0.000000000000000000, 0.1146602736566076641, 0.9934047622419532875 ) ) ;
#49 = CARTESIAN_POINT ( 'NONE',  ( -201.7317369937915146, 387.8832487116333709, -226.2110626194570955 ) ) ;
#50 = DIRECTION ( 'NONE',  ( 1.000000000000000000, 0.000000000000000000, 0.000000000000000000 ) ) ;
#51 = ORIENTED_EDGE ( 'NONE', *, *, #3497, .T. ) ;
#52 = ORIENTED_EDGE ( 'NONE', *, *, #3595, .F. ) ;
#53 = DIRECTION ( 'NONE',  ( 1.000000000000000000, 6.848778398661648095E-15, -7.209240419643840048E-16 ) ) ;
#54 = VERTEX_POINT ( 'NONE', #3506 ) ;
#55 = ORIENTED_EDGE ( 'NONE', *, *, #2248, .F. ) ;
#56 = EDGE_CURVE ( 'NONE', #959, #523, #2115, .T. ) ;
#57 = AXIS2_PLACEMENT_3D ( 'NONE', #1269, #2309, #1477 ) ;
#58 = CARTESIAN_POINT ( 'NONE',  ( -207.7317369937917420, 416.3175749920416138, -215.3372429578151070 ) ) ;
#59 = AXIS2_PLACEMENT_3D ( 'NONE', #85, #2447, #767 ) ;
#60 = FACE_OUTER_BOUND ( 'NONE', #3185, .T. ) ;
#61 = ORIENTED_EDGE ( 'NONE', *, *, #1454, .F. ) ;
#62 = EDGE_CURVE ( 'NONE', #3567, #2603, #1355, .T. ) ;
#63 = CARTESIAN_POINT ( 'NONE',  ( -82.89913775761218062, 431.7712177796659603, -129.0859424356870022 ) ) ;
#64 = AXIS2_PLACEMENT_3D ( 'NONE', #2118, #2413, #434 ) ;
#65 = CARTESIAN_POINT ( 'NONE',  ( -213.7317369937917704, 418.8490753372438462, -245.7330844320517826 ) ) ;
#66 = LINE ( 'NONE', #2090, #2284 ) ;
#67 = DIRECTION ( 'NONE',  ( -0.000000000000000000, 0.1179081505121744033, 0.9930245052579510512 ) ) ;
#68 = CIRCLE ( 'NONE', #2643, 5.999999999999998224 ) ;
#69 = FILL_AREA_STYLE_COLOUR ( '', #2130 ) ;
#70 = DIRECTION ( 'NONE',  ( 0.000000000000000000, 0.9934047622419531764, -0.1146602736566096764 ) ) ;
#71 = ORIENTED_EDGE ( 'NONE', *, *, #1668, .T. ) ;
#72 = EDGE_CURVE ( 'NONE', #2521, #1684, #1310, .T. ) ;
#73 = EDGE_LOOP ( 'NONE', ( #1903, #2062, #801, #1499 ) ) ;
#74 = DIRECTION ( 'NONE',  ( 6.739838248742254964E-15, -0.9934047622419531764, 0.1146602736566088993 ) ) ;
#75 = CARTESIAN_POINT ( 'NONE',  ( -207.7317369937917704, 423.2244157166700802, -181.0932561387951125 ) ) ;
#76 = ORIENTED_EDGE ( 'NONE', *, *, #285, .F. ) ;
#77 = ORIENTED_EDGE ( 'NONE', *, *, #869, .F. ) ;
#78 = VECTOR ( 'NONE', #124, 1000.000000000000000 ) ;
#79 = EDGE_LOOP ( 'NONE', ( #376, #30, #2679, #908 ) ) ;
#80 = AXIS2_PLACEMENT_3D ( 'NONE', #14, #3356, #302 ) ;
#81 = CARTESIAN_POINT ( 'NONE',  ( -213.7317369937917704, 421.5648542047439378, -222.2038569661352483 ) ) ;
#82 = B_SPLINE_CURVE_WITH_KNOTS ( 'NONE', 3,
 ( #3053, #3598, #569, #2213 ),
 .UNSPECIFIED., .F., .F.,
 ( 4, 4 ),
 ( 2.775557561562891351E-17, 0.001354207433444849741 ),
 .UNSPECIFIED. ) ;
#83 = LINE ( 'NONE', #3134, #2467 ) ;
#84 = EDGE_CURVE ( 'NONE', #3025, #1194, #1267, .T. ) ;
#85 = CARTESIAN_POINT ( 'NONE',  ( -213.7317369937919693, 454.6738118583929236, -237.9466860946012332 ) ) ;
#86 = LINE ( 'NONE', #1190, #634 ) ;
#87 = CARTESIAN_POINT ( 'NONE',  ( -83.23173699379145773, 450.0874009121294534, -277.6828765842795974 ) ) ;
#88 = DIRECTION ( 'NONE',  ( 0.000000000000000000, 0.9930245052579499410, -0.1179081505121840207 ) ) ;
#89 = CARTESIAN_POINT ( 'NONE',  ( -80.73173699379127299, 415.6205538247303934, -273.7046611887718086 ) ) ;
#90 = ORIENTED_EDGE ( 'NONE', *, *, #1494, .T. ) ;
#91 = ORIENTED_EDGE ( 'NONE', *, *, #1153, .T. ) ;
#92 = CARTESIAN_POINT ( 'NONE',  ( -163.9891423142364602, 415.6464245662618282, -272.5830859510381856 ) ) ;
#93 = DIRECTION ( 'NONE',  ( 1.000000000000000000, 0.000000000000000000, 0.000000000000000000 ) ) ;
#94 = EDGE_CURVE ( 'NONE', #3512, #924, #2901, .T. ) ;
#95 = ORIENTED_EDGE ( 'NONE', *, *, #546, .T. ) ;
#96 = ORIENTED_EDGE ( 'NONE', *, *, #1289, .F. ) ;
#97 = LINE ( 'NONE', #3476, #2209 ) ;
#98 = VERTEX_POINT ( 'NONE', #1246 ) ;
#99 = FACE_OUTER_BOUND ( 'NONE', #1160, .T. ) ;
#100 = CARTESIAN_POINT ( 'NONE',  ( -47.73173699379114510, 434.8777628289649897, -263.8476889676874180 ) ) ;
#101 = DIRECTION ( 'NONE',  ( 0.000000000000000000, -0.1146602736566079278, -0.9934047622419533985 ) ) ;
#102 = CARTESIAN_POINT ( 'NONE',  ( -166.2317369937915714, 431.7615783506175831, -129.1017045987801737 ) ) ;
#103 = CARTESIAN_POINT ( 'NONE',  ( -83.23173699379121615, 432.1316332312821373, -130.6543754259301693 ) ) ;
#104 = EDGE_CURVE ( 'NONE', #98, #1098, #439, .T. ) ;
#105 = LINE ( 'NONE', #1191, #260 ) ;
#106 = CARTESIAN_POINT ( 'NONE',  ( -44.73173699379109536, 449.4396175833545612, -137.6852841629588795 ) ) ;
#107 = EDGE_LOOP ( 'NONE', ( #1565, #541, #849, #398 ) ) ;
#108 = VERTEX_POINT ( 'NONE', #2068 ) ;
#109 = CARTESIAN_POINT ( 'NONE',  ( -163.7485455008267081, 415.6517098726560562, -273.3731780402346203 ) ) ;
#110 = ORIENTED_EDGE ( 'NONE', *, *, #966, .F. ) ;
#111 = ORIENTED_EDGE ( 'NONE', *, *, #3570, .T. ) ;
#112 = ADVANCED_FACE ( 'NONE', ( #972 ), #363, .F. ) ;
#113 = LINE ( 'NONE', #2124, #549 ) ;
#114 = DIRECTION ( 'NONE',  ( 0.000000000000000000, 0.1146602736566081637, 0.9934047622419532875 ) ) ;
#115 = ORIENTED_EDGE ( 'NONE', *, *, #2613, .F. ) ;
#116 = CIRCLE ( 'NONE', #1297, 2.500000000000007105 ) ;
#117 = DIRECTION ( 'NONE',  ( 0.000000000000000000, 0.1146602736566079278, 0.9934047622419532875 ) ) ;
#118 = VECTOR ( 'NONE', #1896, 1000.000000000000114 ) ;
#119 = CARTESIAN_POINT ( 'NONE',  ( -148.1693451256032006, 449.7835984043235271, -134.7050698762329546 ) ) ;
#120 = DIRECTION ( 'NONE',  ( -6.838548019020300451E-15, 0.9934047622419531764, -0.1146602736566088437 ) ) ;
#121 = CARTESIAN_POINT ( 'NONE',  ( -212.9183301810020907, 427.6790905610276354, -168.7648287667884688 ) ) ;
#122 = AXIS2_PLACEMENT_3D ( 'NONE', #609, #3139, #651 ) ;
#123 = CARTESIAN_POINT ( 'NONE',  ( -166.2317369937915714, 431.7615783506175831, -129.1017045987801737 ) ) ;
#124 = DIRECTION ( 'NONE',  ( 1.000000000000000000, 6.938893903907196034E-15, -8.673617379883995043E-16 ) ) ;
#125 = CARTESIAN_POINT ( 'NONE',  ( -168.2159170904868972, 432.2196242034180500, -128.1776541355748407 ) ) ;
#126 = AXIS2_PLACEMENT_3D ( 'NONE', #1239, #1260, #2379 ) ;
#127 = ORIENTED_EDGE ( 'NONE', *, *, #760, .F. ) ;
#128 = FACE_BOUND ( 'NONE', #3326, .T. ) ;
#129 = DIRECTION ( 'NONE',  ( 6.838511455699440858E-15, -0.9930245052579500520, 0.1179081505121825912 ) ) ;
#130 = CARTESIAN_POINT ( 'NONE',  ( -178.2199161893359758, 415.6699334445277714, -273.2768412656137116 ) ) ;
#131 = DIRECTION ( 'NONE',  ( -6.838548019020300451E-15, 0.9934047622419531764, -0.1146602736566088437 ) ) ;
#132 = EDGE_CURVE ( 'NONE', #2896, #301, #1639, .T. ) ;
#133 = EDGE_CURVE ( 'NONE', #2163, #2083, #3404, .T. ) ;
#134 = ORIENTED_EDGE ( 'NONE', *, *, #1437, .F. ) ;
#135 = EDGE_LOOP ( 'NONE', ( #3230, #2321, #476, #1528, #2899, #814 ) ) ;
#136 = CARTESIAN_POINT ( 'NONE',  ( -81.34860500347460288, 432.1716065109336000, -128.2956697586456301 ) ) ;
#137 = CARTESIAN_POINT ( 'NONE',  ( -95.43605582364830298, 432.3005349431742843, -127.9532243058769154 ) ) ;
#138 = VECTOR ( 'NONE', #336, 1000.000000000000114 ) ;
#139 = CARTESIAN_POINT ( 'NONE',  ( -81.35196242113394760, 415.5801309211117314, -272.0329378529245332 ) ) ;
#140 = VERTEX_POINT ( 'NONE', #2608 ) ;
#141 = AXIS2_PLACEMENT_3D ( 'NONE', #3057, #3361, #865 ) ;
#142 = CARTESIAN_POINT ( 'NONE',  ( -84.76889894718465257, 432.0260914428199044, -128.6266744969276203 ) ) ;
#143 = EDGE_CURVE ( 'NONE', #1619, #3492, #2574, .T. ) ;
#144 = CARTESIAN_POINT ( 'NONE',  ( -84.88510557549287228, 415.5367528250113764, -271.8002583307325608 ) ) ;
#145 = VECTOR ( 'NONE', #3543, 1000.000000000000000 ) ;
#146 = CARTESIAN_POINT ( 'NONE',  ( -211.3612263935706324, 427.6123750859852635, -165.5552955594282309 ) ) ;
#147 = DIRECTION ( 'NONE',  ( 1.000000000000000000, 0.000000000000000000, 0.000000000000000000 ) ) ;
#148 = CARTESIAN_POINT ( 'NONE',  ( -166.2317369937918272, 467.3437720974486069, -128.1754598668651397 ) ) ;
#149 = AXIS2_PLACEMENT_3D ( 'NONE', #2495, #2794, #554 ) ;
#150 = AXIS2_PLACEMENT_3D ( 'NONE', #1096, #1602, #478 ) ;
#151 = ORIENTED_EDGE ( 'NONE', *, *, #2772, .T. ) ;
#152 = DIRECTION ( 'NONE',  ( 1.000000000000000000, 0.000000000000000000, 0.000000000000000000 ) ) ;
#153 = CARTESIAN_POINT ( 'NONE',  ( -166.2317369937916567, 425.5546014471493663, -274.8512639253378893 ) ) ;
#154 = CARTESIAN_POINT ( 'NONE',  ( -212.4344396964944792, 421.6063153078177947, -221.8446422535943441 ) ) ;
#155 = CARTESIAN_POINT ( 'NONE',  ( -204.7317369937918841, 434.5337820079941480, -266.8279032544130587 ) ) ;
#156 = VERTEX_POINT ( 'NONE', #381 ) ;
#157 = EDGE_LOOP ( 'NONE', ( #3337, #1146, #2335, #1915, #3148 ) ) ;
#158 = CARTESIAN_POINT ( 'NONE',  ( -213.7317369937917988, 430.4276630775549393, -232.6315615300547108 ) ) ;
#159 = EDGE_CURVE ( 'NONE', #2299, #3492, #66, .T. ) ;
#160 = CARTESIAN_POINT ( 'NONE',  ( -207.7317369937917420, 412.1754974030428116, -251.2237751564925929 ) ) ;
#161 = VERTEX_POINT ( 'NONE', #913 ) ;
#162 = CARTESIAN_POINT ( 'NONE',  ( -41.73173699379101009, 423.2244157166711602, -181.0932561387952262 ) ) ;
#163 = DIRECTION ( 'NONE',  ( -6.838548019020300451E-15, 0.9934047622419531764, -0.1146602736566088437 ) ) ;
#164 = DIRECTION ( 'NONE',  ( 6.838548019020299662E-15, -0.9934047622419531764, 0.1146602736566088299 ) ) ;
#165 = EDGE_CURVE ( 'NONE', #1213, #2662, #2028, .T. ) ;
#166 = DIRECTION ( 'NONE',  ( 0.000000000000000000, 0.1146602736566088299, 0.9934047622419531764 ) ) ;
#167 = CARTESIAN_POINT ( 'NONE',  ( -168.1113427763906714, 432.1700133970844604, -128.2994676652727719 ) ) ;
#168 = ORIENTED_EDGE ( 'NONE', *, *, #3145, .F. ) ;
#169 = DIRECTION ( 'NONE',  ( -6.838548019020300451E-15, 0.9934047622419531764, -0.1146602736566088576 ) ) ;
#170 = CARTESIAN_POINT ( 'NONE',  ( -47.73173699379045587, 342.0734929495981191, -180.7727778692135132 ) ) ;
#171 = LINE ( 'NONE', #2117, #1302 ) ;
#172 = DIRECTION ( 'NONE',  ( 6.838548019020299662E-15, -0.9934047622419531764, 0.1146602736566088299 ) ) ;
#173 = ORIENTED_EDGE ( 'NONE', *, *, #104, .F. ) ;
#174 = EDGE_LOOP ( 'NONE', ( #388, #1899, #692, #235 ) ) ;
#175 = DIRECTION ( 'NONE',  ( -1.000000000000000000, 0.000000000000000000, 0.000000000000000000 ) ) ;
#176 = CARTESIAN_POINT ( 'NONE',  ( -37.02903429108830835, 421.4653243882069091, -221.8283688693302906 ) ) ;
#177 = EDGE_CURVE ( 'NONE', #54, #1721, #83, .T. ) ;
#178 = ORIENTED_EDGE ( 'NONE', *, *, #2520, .T. ) ;
#179 = AXIS2_PLACEMENT_3D ( 'NONE', #3488, #2963, #733 ) ;
#180 = CARTESIAN_POINT ( 'NONE',  ( -41.73173699378798318, 345.2421927441243383, -205.8211179661682877 ) ) ;
#181 = DIRECTION ( 'NONE',  ( 0.000000000000000000, -0.9930245052579516063, 0.1179081505121699069 ) ) ;
#182 = EDGE_CURVE ( 'NONE', #1854, #1721, #3237, .T. ) ;
#183 = EDGE_CURVE ( 'NONE', #920, #3414, #3176, .T. ) ;
#184 = CARTESIAN_POINT ( 'NONE',  ( -154.0274181639345272, 442.3755734852055070, -129.1161004267071348 ) ) ;
#185 = AXIS2_PLACEMENT_3D ( 'NONE', #3250, #224, #2205 ) ;
#186 = DIRECTION ( 'NONE',  ( 6.838548019020300451E-15, -0.9934047622419531764, 0.1146602736566088299 ) ) ;
#187 = CYLINDRICAL_SURFACE ( 'NONE', #1527, 11.00000000000020428 ) ;
#188 = ADVANCED_FACE ( 'NONE', ( #3387 ), #1807, .F. ) ;
#189 = VECTOR ( 'NONE', #254, 1000.000000000000000 ) ;
#190 = ORIENTED_EDGE ( 'NONE', *, *, #1524, .T. ) ;
#191 = DIRECTION ( 'NONE',  ( 6.739838248742254964E-15, -0.9934047622419531764, 0.1146602736566088993 ) ) ;
#192 = CARTESIAN_POINT ( 'NONE',  ( -35.73173699379108115, 430.1410123934145986, -235.1150734356597241 ) ) ;
#193 = CARTESIAN_POINT ( 'NONE',  ( -35.73173699379108115, 437.6512603179224925, -170.0470615088116233 ) ) ;
#194 = LINE ( 'NONE', #3530, #1585 ) ;
#195 = LINE ( 'NONE', #1074, #1714 ) ;
#196 = VECTOR ( 'NONE', #711, 1000.000000000000000 ) ;
#197 = EDGE_CURVE ( 'NONE', #2598, #3410, #791, .T. ) ;
#198 = ORIENTED_EDGE ( 'NONE', *, *, #1034, .T. ) ;
#199 = EDGE_LOOP ( 'NONE', ( #1762, #471, #2017, #2787 ) ) ;
#200 = AXIS2_PLACEMENT_3D ( 'NONE', #1183, #3062, #2538 ) ;
#201 = LINE ( 'NONE', #782, #3183 ) ;
#202 = ORIENTED_EDGE ( 'NONE', *, *, #1503, .T. ) ;
#203 = CARTESIAN_POINT ( 'NONE',  ( -35.73173699379101720, 428.2905140637859631, -163.9334349610357151 ) ) ;
#204 = CARTESIAN_POINT ( 'NONE',  ( -99.87793797271632457, 365.5088712736840648, -183.5554102213083922 ) ) ;
#205 = FACE_BOUND ( 'NONE', #322, .T. ) ;
#206 = VECTOR ( 'NONE', #2949, 1000.000000000000114 ) ;
#207 = CARTESIAN_POINT ( 'NONE',  ( -213.7317369937917704, 430.0749021741427214, -148.4736807673017722 ) ) ;
#208 = FACE_OUTER_BOUND ( 'NONE', #1168, .T. ) ;
#209 = EDGE_CURVE ( 'NONE', #1181, #592, #1729, .T. ) ;
#210 = VECTOR ( 'NONE', #3161, 1000.000000000000000 ) ;
#211 = ORIENTED_EDGE ( 'NONE', *, *, #132, .T. ) ;
#212 = ORIENTED_EDGE ( 'NONE', *, *, #1454, .T. ) ;
#213 = CARTESIAN_POINT ( 'NONE',  ( -168.1149640460602654, 415.5808014930095737, -272.0368660338421023 ) ) ;
#214 = AXIS2_PLACEMENT_3D ( 'NONE', #3611, #1104, #823 ) ;
#215 = AXIS2_PLACEMENT_3D ( 'NONE', #219, #1337, #3299 ) ;
#216 = DIRECTION ( 'NONE',  ( 6.739838248742254964E-15, -0.9934047622419531764, 0.1146602736566088993 ) ) ;
#217 = VERTEX_POINT ( 'NONE', #1625 ) ;
#218 = ORIENTED_EDGE ( 'NONE', *, *, #419, .T. ) ;
#219 = CARTESIAN_POINT ( 'NONE',  ( -83.23173699379121615, 432.1316332312821373, -130.6543754259301693 ) ) ;
#220 = ADVANCED_FACE ( 'NONE', ( #2743 ), #3249, .T. ) ;
#221 = ORIENTED_EDGE ( 'NONE', *, *, #2577, .F. ) ;
#222 = CARTESIAN_POINT ( 'NONE',  ( -38.10131958725396828, 427.6130167200015535, -165.5531127256693651 ) ) ;
#223 = CARTESIAN_POINT ( 'NONE',  ( -71.02741816393411511, 415.6283113682404746, -272.3996464913288946 ) ) ;
#224 = DIRECTION ( 'NONE',  ( 6.739838248742254964E-15, -0.9934047622419531764, 0.1146602736566088993 ) ) ;
#225 = DIRECTION ( 'NONE',  ( 0.000000000000000000, 0.1179081505121642309, 0.9930245052579522724 ) ) ;
#226 = FACE_OUTER_BOUND ( 'NONE', #1039, .T. ) ;
#227 = EDGE_CURVE ( 'NONE', #3516, #3609, #2426, .T. ) ;
#228 = DIRECTION ( 'NONE',  ( 0.000000000000000000, 0.1146602736566051106, 0.9934047622419536205 ) ) ;
#229 = LINE ( 'NONE', #154, #1411 ) ;
#230 = PLANE ( 'NONE',  #1377 ) ;
#231 = ORIENTED_EDGE ( 'NONE', *, *, #2818, .T. ) ;
#232 = EDGE_CURVE ( 'NONE', #3256, #1127, #1342, .T. ) ;
#233 = ORIENTED_EDGE ( 'NONE', *, *, #3435, .F. ) ;
#234 = FACE_BOUND ( 'NONE', #2690, .T. ) ;
#235 = ORIENTED_EDGE ( 'NONE', *, *, #1261, .F. ) ;
#236 = CARTESIAN_POINT ( 'NONE',  ( -47.73173699379037060, 322.6230246956243946, -250.8910780444906266 ) ) ;
#237 = DIRECTION ( 'NONE',  ( -6.838548019020300451E-15, 0.9934047622419531764, -0.1146602736566088576 ) ) ;
#238 = CARTESIAN_POINT ( 'NONE',  ( -213.4022634155362823, 428.2905140637847694, -163.9334349610355162 ) ) ;
#239 = CARTESIAN_POINT ( 'NONE',  ( -65.16934512560284531, 449.7835984043240956, -134.7050698762330114 ) ) ;
#240 = VECTOR ( 'NONE', #2591, 1000.000000000000000 ) ;
#241 = VECTOR ( 'NONE', #2005, 1000.000000000000227 ) ;
#242 = LINE ( 'NONE', #712, #3385 ) ;
#243 = CARTESIAN_POINT ( 'NONE',  ( -65.16934512560276005, 432.5902743259086947, -126.6807563769623499 ) ) ;
#244 = VECTOR ( 'NONE', #31, 1000.000000000000000 ) ;
#245 = ORIENTED_EDGE ( 'NONE', *, *, #2386, .T. ) ;
#246 = EDGE_LOOP ( 'NONE', ( #693, #1522, #716, #1422, #308, #675, #3017, #3107, #1278, #1281, #3592, #963 ) ) ;
#247 = AXIS2_PLACEMENT_3D ( 'NONE', #153, #74, #3124 ) ;
#248 = CARTESIAN_POINT ( 'NONE',  ( -71.24355779824675494, 415.6699334445285103, -273.2768412656138253 ) ) ;
#249 = ADVANCED_FACE ( 'NONE', ( #2131 ), #2400, .F. ) ;
#250 = CIRCLE ( 'NONE', #2245, 6.200000000000038369 ) ;
#251 = ORIENTED_EDGE ( 'NONE', *, *, #2035, .F. ) ;
#252 = CARTESIAN_POINT ( 'NONE',  ( -36.06306565890752580, 428.2816812955904311, -163.9491351884934431 ) ) ;
#253 = DIRECTION ( 'NONE',  ( 0.000000000000000000, -0.1146602736566088715, -0.9934047622419531764 ) ) ;
#254 = DIRECTION ( 'NONE',  ( -6.838548019020300451E-15, 0.9934047622419531764, -0.1146602736566088576 ) ) ;
#255 = LINE ( 'NONE', #1691, #465 ) ;
#256 = LINE ( 'NONE', #1138, #3300 ) ;
#257 = VECTOR ( 'NONE', #93, 1000.000000000000000 ) ;
#258 = CARTESIAN_POINT ( 'NONE',  ( -213.7317369937918556, 428.0699735989140322, -253.0583395349983391 ) ) ;
#259 = CYLINDRICAL_SURFACE ( 'NONE', #2078, 6.000000000000005329 ) ;
#260 = VECTOR ( 'NONE', #406, 1000.000000000000000 ) ;
#261 = ORIENTED_EDGE ( 'NONE', *, *, #521, .F. ) ;
#262 = AXIS2_PLACEMENT_3D ( 'NONE', #1989, #32, #2828 ) ;
#263 = ORIENTED_EDGE ( 'NONE', *, *, #1102, .T. ) ;
#264 = LINE ( 'NONE', #2440, #1782 ) ;
#265 = CARTESIAN_POINT ( 'NONE',  ( -211.3131435489775924, 419.7763390786275863, -233.2606306742283948 ) ) ;
#266 = ORIENTED_EDGE ( 'NONE', *, *, #1694, .T. ) ;
#267 = EDGE_CURVE ( 'NONE', #1214, #2276, #1607, .T. ) ;
#268 = CARTESIAN_POINT ( 'NONE',  ( -37.71766507672000301, 427.4936063937091717, -167.8953834403412202 ) ) ;
#269 = LINE ( 'NONE', #2790, #2858 ) ;
#270 = ORIENTED_EDGE ( 'NONE', *, *, #2441, .F. ) ;
#271 = FACE_OUTER_BOUND ( 'NONE', #657, .T. ) ;
#272 = CARTESIAN_POINT ( 'NONE',  ( -65.16934512560268900, 425.9418841105173215, -131.9532233084744348 ) ) ;
#273 = CARTESIAN_POINT ( 'NONE',  ( -212.4344396964944792, 421.4653243882056586, -221.8283688693301769 ) ) ;
#274 = UNCERTAINTY_MEASURE_WITH_UNIT (LENGTH_MEASURE( 1.000000000000000082E-05 ), #3114, 'distance_accuracy_value', 'NONE');
#275 = ORIENTED_EDGE ( 'NONE', *, *, #2336, .F. ) ;
#276 = ORIENTED_EDGE ( 'NONE', *, *, #1661, .F. ) ;
#277 = DIRECTION ( 'NONE',  ( -6.739838248742254175E-15, 0.9934047622419531764, -0.1146602736566088993 ) ) ;
#278 = ORIENTED_EDGE ( 'NONE', *, *, #2067, .F. ) ;
#279 = CARTESIAN_POINT ( 'NONE',  ( -209.5689988398868309, 420.9077038076123358, -221.1252294736592603 ) ) ;
#280 = CARTESIAN_POINT ( 'NONE',  ( -154.0274181639344704, 432.3005349431738864, -127.9532243058768870 ) ) ;
#281 = ADVANCED_FACE ( 'NONE', ( #1589 ), #3482, .F. ) ;
#282 = ORIENTED_EDGE ( 'NONE', *, *, #1358, .T. ) ;
#283 = CARTESIAN_POINT ( 'NONE',  ( -207.7317369937919125, 436.0172116968495857, -253.9756217242511980 ) ) ;
#284 = ADVANCED_FACE ( 'NONE', ( #423 ), #3496, .F. ) ;
#285 = EDGE_CURVE ( 'NONE', #1682, #98, #514, .T. ) ;
#286 =( BOUNDED_CURVE ( )  B_SPLINE_CURVE ( 3, ( #1004, #418, #2127, #176 ),
 .UNSPECIFIED., .F., .T. ) 
 B_SPLINE_CURVE_WITH_KNOTS ( ( 4, 4 ),
 ( 4.712388980384688786, 6.065247966588763084 ),
 .UNSPECIFIED. ) 
 CURVE ( )  GEOMETRIC_REPRESENTATION_ITEM ( )  RATIONAL_B_SPLINE_CURVE ( ( 1.000000000000000000, 0.8532085782433692644, 0.8532085782433692644, 1.000000000000000000 ) ) 
 REPRESENTATION_ITEM ( '' )  );
#287 = CARTESIAN_POINT ( 'NONE',  ( -35.73173699379101720, 419.9203140868535797, -236.4519826046985997 ) ) ;
#288 = DIRECTION ( 'NONE',  ( 2.267975102510408941E-30, -0.1146602736566088299, -0.9934047622419531764 ) ) ;
#289 = AXIS2_PLACEMENT_3D ( 'NONE', #3191, #1507, #2338 ) ;
#290 = EDGE_LOOP ( 'NONE', ( #1288, #2399, #2852, #672 ) ) ;
#291 = ORIENTED_EDGE ( 'NONE', *, *, #1054, .F. ) ;
#292 = LINE ( 'NONE', #1111, #3531 ) ;
#293 = VECTOR ( 'NONE', #1069, 1000.000000000000000 ) ;
#294 = EDGE_CURVE ( 'NONE', #1, #1768, #444, .T. ) ;
#295 = ORIENTED_EDGE ( 'NONE', *, *, #1282, .T. ) ;
#296 = ORIENTED_EDGE ( 'NONE', *, *, #267, .T. ) ;
#297 = CIRCLE ( 'NONE', #2421, 12.50000000000003553 ) ;
#298 = FACE_BOUND ( 'NONE', #3493, .T. ) ;
#299 = VECTOR ( 'NONE', #1100, 1000.000000000000000 ) ;
#300 = DIRECTION ( 'NONE',  ( 4.625929269271486900E-15, 0.1146602736566045833, 0.9934047622419536205 ) ) ;
#301 = VERTEX_POINT ( 'NONE', #1007 ) ;
#302 = DIRECTION ( 'NONE',  ( 0.000000000000000000, 0.1146602736566045833, 0.9934047622419536205 ) ) ;
#303 = CARTESIAN_POINT ( 'NONE',  ( -38.15033043860526618, 419.6264102239406384, -234.5595987779575182 ) ) ;
#304 = EDGE_CURVE ( 'NONE', #161, #888, #2668, .T. ) ;
#305 = DIRECTION ( 'NONE',  ( 0.000000000000000000, 0.000000000000000000, 1.000000000000000000 ) ) ;
#306 = CIRCLE ( 'NONE', #2494, 6.200000000000899014 ) ;
#307 = EDGE_LOOP ( 'NONE', ( #511, #36, #854, #902 ) ) ;
#308 = ORIENTED_EDGE ( 'NONE', *, *, #1749, .T. ) ;
#309 = AXIS2_PLACEMENT_3D ( 'NONE', #674, #131, #1502 ) ;
#310 = DIRECTION ( 'NONE',  ( 0.000000000000000000, 0.1146602736566051106, 0.9934047622419536205 ) ) ;
#311 = AXIS2_PLACEMENT_3D ( 'NONE', #2154, #1326, #1048 ) ;
#312 = VERTEX_POINT ( 'NONE', #3518 ) ;
#313 = ADVANCED_FACE ( 'NONE', ( #1887 ), #1027, .T. ) ;
#314 = LINE ( 'NONE', #2554, #2812 ) ;
#315 = EDGE_LOOP ( 'NONE', ( #198, #819, #430, #1035, #2044, #2562, #1354, #2580, #1516, #3415, #2349, #3166 ) ) ;
#316 = DIRECTION ( 'NONE',  ( -3.944304526105059027E-31, -0.1146602736566088299, -0.9934047622419531764 ) ) ;
#317 = FACE_OUTER_BOUND ( 'NONE', #636, .T. ) ;
#318 = CARTESIAN_POINT ( 'NONE',  ( -36.98998989990624864, 419.8276616597271982, -236.1054718140692898 ) ) ;
#319 = CARTESIAN_POINT ( 'NONE',  ( -212.8683481121785803, 421.5497638426513163, -221.9348439691309807 ) ) ;
#320 = ADVANCED_FACE ( 'NONE', ( #2446 ), #1066, .T. ) ;
#321 = ORIENTED_EDGE ( 'NONE', *, *, #1349, .F. ) ;
#322 = EDGE_LOOP ( 'NONE', ( #296, #1788, #1434, #3411, #936, #1961, #1263, #1126, #3587 ) ) ;
#323 = LINE ( 'NONE', #3, #1712 ) ;
#324 = ORIENTED_EDGE ( 'NONE', *, *, #2772, .F. ) ;
#325 = ORIENTED_EDGE ( 'NONE', *, *, #2568, .T. ) ;
#326 = CARTESIAN_POINT ( 'NONE',  ( -209.5689988398868309, 428.7046024162618210, -153.5737056412062600 ) ) ;
#327 = EDGE_CURVE ( 'NONE', #1130, #3256, #878, .T. ) ;
#328 = ORIENTED_EDGE ( 'NONE', *, *, #723, .F. ) ;
#329 = CARTESIAN_POINT ( 'NONE',  ( -207.7317369937919125, 440.1592892858483879, -218.0890895255737121 ) ) ;
#330 = DIRECTION ( 'NONE',  ( 6.838548019020300451E-15, -0.9934047622419531764, 0.1146602736566088299 ) ) ;
#331 = CYLINDRICAL_SURFACE ( 'NONE', #475, 2.499999999999924505 ) ;
#332 = LINE ( 'NONE', #1994, #1414 ) ;
#333 = VERTEX_POINT ( 'NONE', #223 ) ;
#334 = ORIENTED_EDGE ( 'NONE', *, *, #817, .T. ) ;
#335 = DIRECTION ( 'NONE',  ( 6.739838248742254964E-15, -0.9934047622419531764, 0.1146602736566088993 ) ) ;
#336 = DIRECTION ( 'NONE',  ( -0.000000000000000000, 0.9930245052579500520, -0.1179081505121825774 ) ) ;
#337 = ORIENTED_EDGE ( 'NONE', *, *, #1542, .F. ) ;
#338 = ORIENTED_EDGE ( 'NONE', *, *, #611, .F. ) ;
#339 = PLANE ( 'NONE',  #3339 ) ;
#340 = ADVANCED_FACE ( 'NONE', ( #787 ), #500, .F. ) ;
#341 = CIRCLE ( 'NONE', #829, 12.50000000000000888 ) ;
#342 = ORIENTED_EDGE ( 'NONE', *, *, #1787, .F. ) ;
#343 = PRODUCT_DEFINITION ( 'UNKNOWN', '', #3350, #2516 ) ;
#344 = VECTOR ( 'NONE', #3103, 1000.000000000000114 ) ;
#345 = CARTESIAN_POINT ( 'NONE',  ( -47.73173699379037060, 336.8408986290439202, -127.7088875264879562 ) ) ;
#346 = DIRECTION ( 'NONE',  ( 6.838548019020299662E-15, -0.9934047622419531764, 0.1146602736566088576 ) ) ;
#347 = FACE_OUTER_BOUND ( 'NONE', #687, .T. ) ;
#348 = CARTESIAN_POINT ( 'NONE',  ( -95.43605582364831719, 415.6283113682403041, -272.3996464913288946 ) ) ;
#349 = CARTESIAN_POINT ( 'NONE',  ( -166.2317369937915714, 432.1316332312815689, -130.6543754259301124 ) ) ;
#350 = EDGE_CURVE ( 'NONE', #409, #1619, #2778, .T. ) ;
#351 = LINE ( 'NONE', #627, #1026 ) ;
#352 = VERTEX_POINT ( 'NONE', #1391 ) ;
#353 = ORIENTED_EDGE ( 'NONE', *, *, #3308, .T. ) ;
#354 = CYLINDRICAL_SURFACE ( 'NONE', #1241, 5.999999999999970690 ) ;
#355 = CARTESIAN_POINT ( 'NONE',  ( -47.73173699379056956, 356.3640672030136898, -207.1416892519046655 ) ) ;
#356 = ORIENTED_EDGE ( 'NONE', *, *, #492, .F. ) ;
#357 = ORIENTED_EDGE ( 'NONE', *, *, #966, .T. ) ;
#358 = DIRECTION ( 'NONE',  ( -2.220446049250306770E-14, 0.1146602736566079278, 0.9934047622419533985 ) ) ;
#359 = AXIS2_PLACEMENT_3D ( 'NONE', #1533, #2651, #3291 ) ;
#360 = EDGE_CURVE ( 'NONE', #1329, #1689, #1175, .T. ) ;
#361 = ORIENTED_EDGE ( 'NONE', *, *, #1864, .F. ) ;
#362 = DIRECTION ( 'NONE',  ( 0.000000000000000000, 0.000000000000000000, 1.000000000000000000 ) ) ;
#363 = CYLINDRICAL_SURFACE ( 'NONE', #3274, 6.199999999999983302 ) ;
#364 = DIRECTION ( 'NONE',  ( 6.739838248742254964E-15, -0.9934047622419531764, 0.1146602736566088993 ) ) ;
#365 = CARTESIAN_POINT ( 'NONE',  ( -164.7039706152003760, 432.0276299175415602, -128.6144654548181734 ) ) ;
#366 = DIRECTION ( 'NONE',  ( -6.838548019020300451E-15, 0.9934047622419531764, -0.1146602736566088576 ) ) ;
#367 = DIRECTION ( 'NONE',  ( -6.838548019020300451E-15, 0.9934047622419531764, -0.1146602736566088576 ) ) ;
#368 = CARTESIAN_POINT ( 'NONE',  ( -99.87793797271632457, 345.7286456154734537, -149.9890182062368922 ) ) ;
#369 = CARTESIAN_POINT ( 'NONE',  ( -168.7317369937915998, 432.5902743259080125, -126.6807563769622789 ) ) ;
#370 = ADVANCED_FACE ( 'NONE', ( #532 ), #2523, .T. ) ;
#371 = EDGE_LOOP ( 'NONE', ( #2350, #488, #1340, #96 ) ) ;
#372 = ORIENTED_EDGE ( 'NONE', *, *, #1261, .T. ) ;
#373 = CARTESIAN_POINT ( 'NONE',  ( -207.7317369937911167, 334.5486459842555860, -121.4044781320661741 ) ) ;
#374 = CARTESIAN_POINT ( 'NONE',  ( -36.16239722355732766, 421.5815326782006878, -222.0593563956298340 ) ) ;
#375 = VERTEX_POINT ( 'NONE', #2235 ) ;
#376 = ORIENTED_EDGE ( 'NONE', *, *, #2295, .F. ) ;
#377 = FACE_OUTER_BOUND ( 'NONE', #3313, .T. ) ;
#378 = ORIENTED_EDGE ( 'NONE', *, *, #1494, .F. ) ;
#379 = DIRECTION ( 'NONE',  ( -1.000000000000000000, -6.809590691606416778E-15, 6.442353110130824381E-16 ) ) ;
#380 = EDGE_CURVE ( 'NONE', #523, #2156, #3439, .T. ) ;
#381 = CARTESIAN_POINT ( 'NONE',  ( -204.7317369937918272, 441.4923794854177572, -136.7680019737058785 ) ) ;
#382 = CARTESIAN_POINT ( 'NONE',  ( -83.39628582420719738, 415.3651592177229759, -271.1585855993799896 ) ) ;
#383 = CARTESIAN_POINT ( 'NONE',  ( -213.7317369937917704, 427.7172126955018143, -168.9004587722453437 ) ) ;
#384 = PLANE ( 'NONE',  #1379 ) ;
#385 = EDGE_CURVE ( 'NONE', #1783, #2083, #3163, .T. ) ;
#386 = EDGE_CURVE ( 'NONE', #2788, #1854, #2506, .T. ) ;
#387 = ORIENTED_EDGE ( 'NONE', *, *, #1969, .F. ) ;
#388 = ORIENTED_EDGE ( 'NONE', *, *, #2550, .F. ) ;
#389 = FACE_OUTER_BOUND ( 'NONE', #2908, .T. ) ;
#390 = CARTESIAN_POINT ( 'NONE',  ( -101.2941288619797007, 415.6205538247302798, -273.7046611887718086 ) ) ;
#391 = DIRECTION ( 'NONE',  ( 0.000000000000000000, -0.1146602736566085246, -0.9934047622419531764 ) ) ;
#392 =( BOUNDED_CURVE ( )  B_SPLINE_CURVE ( 3, ( #2564, #37, #560, #2277 ),
 .UNSPECIFIED., .F., .T. ) 
 B_SPLINE_CURVE_WITH_KNOTS ( ( 4, 4 ),
 ( 4.712388980384686121, 6.065247966588757755 ),
 .UNSPECIFIED. ) 
 CURVE ( )  GEOMETRIC_REPRESENTATION_ITEM ( )  RATIONAL_B_SPLINE_CURVE ( ( 1.000000000000000000, 0.8532085782433697085, 0.8532085782433697085, 1.000000000000000000 ) ) 
 REPRESENTATION_ITEM ( '' )  );
#393 = ORIENTED_EDGE ( 'NONE', *, *, #2119, .T. ) ;
#394 = ORIENTED_EDGE ( 'NONE', *, *, #294, .T. ) ;
#395 = DIRECTION ( 'NONE',  ( -6.838548019020300451E-15, 0.9934047622419531764, -0.1146602736566088299 ) ) ;
#396 = EDGE_CURVE ( 'NONE', #591, #2318, #2693, .T. ) ;
#397 = AXIS2_PLACEMENT_3D ( 'NONE', #2152, #746, #2977 ) ;
#398 = ORIENTED_EDGE ( 'NONE', *, *, #2811, .F. ) ;
#399 = AXIS2_PLACEMENT_3D ( 'NONE', #1083, #2824, #2477 ) ;
#400 = CARTESIAN_POINT ( 'NONE',  ( -178.4360558236487009, 425.7033499102713563, -273.5625226121591140 ) ) ;
#401 = AXIS2_PLACEMENT_3D ( 'NONE', #1829, #2091, #101 ) ;
#402 = CARTESIAN_POINT ( 'NONE',  ( -178.2199161893360326, 432.5408947061099525, -127.1085763001203475 ) ) ;
#403 = CARTESIAN_POINT ( 'NONE',  ( -41.73173699378798318, 365.5088712736840648, -183.5554102213083922 ) ) ;
#404 = CARTESIAN_POINT ( 'NONE',  ( -213.4004083286752120, 427.7121888150907694, -168.8831591895383610 ) ) ;
#405 = AXIS2_PLACEMENT_3D ( 'NONE', #1366, #3239, #451 ) ;
#406 = DIRECTION ( 'NONE',  ( -1.000000000000000000, -6.809590691606416778E-15, 6.442353110130824381E-16 ) ) ;
#407 = CYLINDRICAL_SURFACE ( 'NONE', #3509, 5.999999999999998224 ) ;
#408 = AXIS2_PLACEMENT_3D ( 'NONE', #3031, #1356, #1605 ) ;
#409 = VERTEX_POINT ( 'NONE', #3319 ) ;
#410 = EDGE_CURVE ( 'NONE', #1675, #3224, #2471, .T. ) ;
#411 = ORIENTED_EDGE ( 'NONE', *, *, #556, .F. ) ;
#412 = CARTESIAN_POINT ( 'NONE',  ( -164.5807299263186110, 415.5363094684021235, -271.7982114477202344 ) ) ;
#413 = DIRECTION ( 'NONE',  ( -6.838548019020300451E-15, 0.9934047622419531764, -0.1146602736566088437 ) ) ;
#414 = DIRECTION ( 'NONE',  ( 6.838548019020299662E-15, -0.9934047622419531764, 0.1146602736566088299 ) ) ;
#415 = VERTEX_POINT ( 'NONE', #3032 ) ;
#416 = ORIENTED_EDGE ( 'NONE', *, *, #897, .F. ) ;
#417 = DIRECTION ( 'NONE',  ( 1.000000000000000000, 0.000000000000000000, 0.000000000000000000 ) ) ;
#418 = CARTESIAN_POINT ( 'NONE',  ( -41.73173699379099588, 418.8965701772872876, -218.5892626627929758 ) ) ;
#419 = EDGE_CURVE ( 'NONE', #2299, #2469, #1152, .T. ) ;
#420 = ORIENTED_EDGE ( 'NONE', *, *, #62, .T. ) ;
#421 = AXIS2_PLACEMENT_3D ( 'NONE', #2032, #994, #1249 ) ;
#422 = DIRECTION ( 'NONE',  ( 1.000000000000000000, 0.000000000000000000, 0.000000000000000000 ) ) ;
#423 = FACE_OUTER_BOUND ( 'NONE', #641, .T. ) ;
#424 = CARTESIAN_POINT ( 'NONE',  ( -85.21728298613507491, 415.6009131459065316, -272.1645870404297511 ) ) ;
#425 = DIRECTION ( 'NONE',  ( 0.000000000000000000, 0.000000000000000000, 1.000000000000000000 ) ) ;
#426 = CARTESIAN_POINT ( 'NONE',  ( -163.7317369937914862, 415.6205538247298250, -273.7046611887717518 ) ) ;
#427 = CARTESIAN_POINT ( 'NONE',  ( -44.73173699379114510, 449.4396175833544476, -137.6852841629588511 ) ) ;
#428 = CARTESIAN_POINT ( 'NONE',  ( -47.73173699379045587, 345.7286456154734537, -149.9890182062368922 ) ) ;
#429 = B_SPLINE_CURVE_WITH_KNOTS ( 'NONE', 3,
 ( #3490, #2411, #2141, #982 ),
 .UNSPECIFIED., .F., .F.,
 ( 4, 4 ),
 ( 3.103167691559091397E-17, 0.001354207433444827840 ),
 .UNSPECIFIED. ) ;
#430 = ORIENTED_EDGE ( 'NONE', *, *, #3266, .F. ) ;
#431 = DIRECTION ( 'NONE',  ( 6.739838248742254964E-15, -0.9934047622419531764, 0.1146602736566088993 ) ) ;
#432 = CYLINDRICAL_SURFACE ( 'NONE', #1824, 5.999999999999970690 ) ;
#433 = DIRECTION ( 'NONE',  ( 0.000000000000000000, -0.1146602736566079278, -0.9934047622419533985 ) ) ;
#434 = DIRECTION ( 'NONE',  ( 0.000000000000000000, 0.1146602736566072894, 0.9934047622419535095 ) ) ;
#435 = EDGE_CURVE ( 'NONE', #54, #18, #116, .T. ) ;
#436 = ORIENTED_EDGE ( 'NONE', *, *, #15, .F. ) ;
#437 = ORIENTED_EDGE ( 'NONE', *, *, #2473, .F. ) ;
#438 = CARTESIAN_POINT ( 'NONE',  ( -99.87793797271632457, 342.0734929495981191, -180.7727778692135132 ) ) ;
#439 = B_SPLINE_CURVE_WITH_KNOTS ( 'NONE', 3,
 ( #1493, #1748, #402, #1188 ),
 .UNSPECIFIED., .F., .F.,
 ( 4, 4 ),
 ( 0.000000000000000000, 0.001354207433444849741 ),
 .UNSPECIFIED. ) ;
#440 = EDGE_CURVE ( 'NONE', #3205, #578, #2804, .T. ) ;
#441 = CARTESIAN_POINT ( 'NONE',  ( -81.06649895380625992, 415.6337194379511857, -272.4376535971219369 ) ) ;
#442 = VERTEX_POINT ( 'NONE', #1709 ) ;
#443 = LINE ( 'NONE', #2611, #1244 ) ;
#444 = LINE ( 'NONE', #3232, #2983 ) ;
#445 = DIRECTION ( 'NONE',  ( 6.838548019020299662E-15, -0.9934047622419531764, 0.1146602736566088299 ) ) ;
#446 = CARTESIAN_POINT ( 'NONE',  ( -201.7317369937915146, 394.7628651310299119, -177.6067768849399044 ) ) ;
#447 = CARTESIAN_POINT ( 'NONE',  ( -166.3966831279421683, 431.7615783506175831, -129.1017045987801453 ) ) ;
#448 = ORIENTED_EDGE ( 'NONE', *, *, #2912, .T. ) ;
#449 = DIRECTION ( 'NONE',  ( 0.000000000000000000, 0.1146602736566045833, 0.9934047622419536205 ) ) ;
#450 = DIRECTION ( 'NONE',  ( 0.000000000000000000, -0.9930245052579509402, 0.1179081505121743895 ) ) ;
#451 = DIRECTION ( 'NONE',  ( 0.000000000000000000, 0.1146602736566045833, 0.9934047622419536205 ) ) ;
#452 = DIRECTION ( 'NONE',  ( 6.739838248742254964E-15, -0.9934047622419531764, 0.1146602736566088993 ) ) ;
#453 = VERTEX_POINT ( 'NONE', #1101 ) ;
#454 = ORIENTED_EDGE ( 'NONE', *, *, #817, .F. ) ;
#455 = CARTESIAN_POINT ( 'NONE',  ( -41.73173699378798318, 345.7286456154734537, -149.9890182062368922 ) ) ;
#456 = CARTESIAN_POINT ( 'NONE',  ( -95.07445627611829764, 415.6205538247303934, -273.7046611887718086 ) ) ;
#457 = ORIENTED_EDGE ( 'NONE', *, *, #3392, .T. ) ;
#458 = EDGE_CURVE ( 'NONE', #2536, #2266, #2756, .T. ) ;
#459 = VECTOR ( 'NONE', #2692, 1000.000000000000227 ) ;
#460 = FACE_OUTER_BOUND ( 'NONE', #1839, .T. ) ;
#461 = CARTESIAN_POINT ( 'NONE',  ( -99.87793797271632457, 363.0072720069641719, -152.0406200251365760 ) ) ;
#462 = CARTESIAN_POINT ( 'NONE',  ( -213.7317369937919693, 462.1840597829008175, -172.8786741677531325 ) ) ;
#463 = VECTOR ( 'NONE', #47, 1000.000000000000000 ) ;
#464 = DIRECTION ( 'NONE',  ( 0.000000000000000000, 0.000000000000000000, -1.000000000000000000 ) ) ;
#465 = VECTOR ( 'NONE', #1937, 1000.000000000000227 ) ;
#466 = CARTESIAN_POINT ( 'NONE',  ( -35.73173699379101720, 418.1359259764956846, -251.9117367984323721 ) ) ;
#467 = DIRECTION ( 'NONE',  ( 1.000000000000000000, 6.793446168915043188E-15, -7.841097872747283183E-16 ) ) ;
#468 = AXIS2_PLACEMENT_3D ( 'NONE', #1032, #467, #1595 ) ;
#469 = EDGE_LOOP ( 'NONE', ( #1784, #3076, #3331, #1351 ) ) ;
#470 = EDGE_CURVE ( 'NONE', #1385, #3378, #1459, .T. ) ;
#471 = ORIENTED_EDGE ( 'NONE', *, *, #2568, .F. ) ;
#472 = CARTESIAN_POINT ( 'NONE',  ( -99.87793797271632457, 352.6617512769311702, -238.3226587170043160 ) ) ;
#473 = CARTESIAN_POINT ( 'NONE',  ( -80.73173699379120194, 432.5713979298177492, -126.8442995220520402 ) ) ;
#474 = LINE ( 'NONE', #1558, #720 ) ;
#475 = AXIS2_PLACEMENT_3D ( 'NONE', #87, #1442, #2560 ) ;
#476 = ORIENTED_EDGE ( 'NONE', *, *, #3612, .T. ) ;
#477 = ORIENTED_EDGE ( 'NONE', *, *, #1304, .F. ) ;
#478 = DIRECTION ( 'NONE',  ( 0.000000000000000000, 0.1146602736566066649, 0.9934047622419535095 ) ) ;
#479 = LINE ( 'NONE', #3477, #698 ) ;
#480 = EDGE_LOOP ( 'NONE', ( #321, #416, #2953, #90 ) ) ;
#481 = CARTESIAN_POINT ( 'NONE',  ( -36.39386818771412635, 427.6962473155085149, -168.8301941934589934 ) ) ;
#482 = CARTESIAN_POINT ( 'NONE',  ( -2.333753166173646056E-12, 343.9788053677362427, -39.70255172375725294 ) ) ;
#483 = EDGE_CURVE ( 'NONE', #2215, #312, #269, .T. ) ;
#484 = DIRECTION ( 'NONE',  ( 1.000000000000000000, 6.793446168915043188E-15, -7.841097872747283183E-16 ) ) ;
#485 = CARTESIAN_POINT ( 'NONE',  ( -166.2317369937915714, 432.1316332312815689, -130.6543754259301124 ) ) ;
#486 = CARTESIAN_POINT ( 'NONE',  ( -167.4933563163927204, 431.9332849655320956, -128.8020406231040624 ) ) ;
#487 = VECTOR ( 'NONE', #3521, 1000.000000000000000 ) ;
#488 = ORIENTED_EDGE ( 'NONE', *, *, #2223, .T. ) ;
#489 = CARTESIAN_POINT ( 'NONE',  ( -168.6020071494544936, 415.6607851380591683, -272.8924084959490415 ) ) ;
#490 = AXIS2_PLACEMENT_3D ( 'NONE', #947, #1526, #1296 ) ;
#491 = CARTESIAN_POINT ( 'NONE',  ( -95.07445627611826922, 432.5902743259085241, -126.6807563769623215 ) ) ;
#492 = EDGE_CURVE ( 'NONE', #2003, #1619, #841, .T. ) ;
#493 = ORIENTED_EDGE ( 'NONE', *, *, #1425, .F. ) ;
#494 = ORIENTED_EDGE ( 'NONE', *, *, #385, .F. ) ;
#495 = CARTESIAN_POINT ( 'NONE',  ( -71.02741816393411511, 415.6283113682404746, -272.3996464913288946 ) ) ;
#496 = CARTESIAN_POINT ( 'NONE',  ( -83.23173699379121615, 415.3651592177230327, -271.1585855993799896 ) ) ;
#497 = CARTESIAN_POINT ( 'NONE',  ( -213.7317369937917704, 420.4936154551353980, -231.4849587934886301 ) ) ;
#498 = ORIENTED_EDGE ( 'NONE', *, *, #2994, .F. ) ;
#499 = CARTESIAN_POINT ( 'NONE',  ( -36.98998989990624153, 427.6245602683765128, -168.5539479816162611 ) ) ;
#500 = PLANE ( 'NONE',  #3038 ) ;
#501 = DIRECTION ( 'NONE',  ( 0.000000000000000000, 0.1146602736566045833, 0.9934047622419536205 ) ) ;
#502 = CYLINDRICAL_SURFACE ( 'NONE', #2054, 6.199999999999928235 ) ;
#503 = CARTESIAN_POINT ( 'NONE',  ( -95.43605582364838824, 425.7033499102719247, -273.5625226121591709 ) ) ;
#504 = ADVANCED_FACE ( 'NONE', ( #2539 ), #1985, .F. ) ;
#505 = DIRECTION ( 'NONE',  ( -1.000000000000000000, -6.786149265664089312E-15, 8.473294029964204194E-16 ) ) ;
#506 = EDGE_CURVE ( 'NONE', #415, #1966, #601, .T. ) ;
#507 = FACE_OUTER_BOUND ( 'NONE', #985, .T. ) ;
#508 = ORIENTED_EDGE ( 'NONE', *, *, #1376, .F. ) ;
#509 = ORIENTED_EDGE ( 'NONE', *, *, #2363, .T. ) ;
#510 = CYLINDRICAL_SURFACE ( 'NONE', #970, 12.50000000000003553 ) ;
#511 = ORIENTED_EDGE ( 'NONE', *, *, #3368, .F. ) ;
#512 = CARTESIAN_POINT ( 'NONE',  ( -37.38464600031733909, 427.5586046845433543, -168.2606015045234074 ) ) ;
#513 = CARTESIAN_POINT ( 'NONE',  ( -154.0274181639344988, 415.6283113682399062, -272.3996464913288378 ) ) ;
#514 =( BOUNDED_CURVE ( )  B_SPLINE_CURVE ( 3, ( #1567, #2709, #1322, #1549 ),
 .UNSPECIFIED., .F., .T. ) 
 B_SPLINE_CURVE_WITH_KNOTS ( ( 4, 4 ),
 ( 4.712388980384694115, 6.065247966588763084 ),
 .UNSPECIFIED. ) 
 CURVE ( )  GEOMETRIC_REPRESENTATION_ITEM ( )  RATIONAL_B_SPLINE_CURVE ( ( 1.000000000000000000, 0.8532085782433702636, 0.8532085782433702636, 1.000000000000000000 ) ) 
 REPRESENTATION_ITEM ( '' )  );
#515 = CARTESIAN_POINT ( 'NONE',  ( -178.4360558236487009, 442.3755734852053365, -129.1161004267071064 ) ) ;
#516 = DIRECTION ( 'NONE',  ( -6.838548019020299662E-15, 0.9934047622419531764, -0.1146602736566088576 ) ) ;
#517 = VECTOR ( 'NONE', #856, 1000.000000000000000 ) ;
#518 = CARTESIAN_POINT ( 'NONE',  ( -35.73173699379101720, 420.4936154551365917, -231.4849587934886586 ) ) ;
#519 = CARTESIAN_POINT ( 'NONE',  ( -212.4344396964945645, 428.7416618565894737, -247.2389018811587391 ) ) ;
#520 = AXIS2_PLACEMENT_3D ( 'NONE', #1676, #44, #1658 ) ;
#521 = EDGE_CURVE ( 'NONE', #1833, #3327, #941, .T. ) ;
#522 = ORIENTED_EDGE ( 'NONE', *, *, #992, .T. ) ;
#523 = VERTEX_POINT ( 'NONE', #2042 ) ;
#524 = VECTOR ( 'NONE', #1598, 1000.000000000000000 ) ;
#525 = CARTESIAN_POINT ( 'NONE',  ( -201.7317369937910883, 322.6230246956233145, -250.8910780444904560 ) ) ;
#526 = CARTESIAN_POINT ( 'NONE',  ( -213.7317369937917704, 419.9203140868523860, -236.4519826046982871 ) ) ;
#527 = PRESENTATION_LAYER_ASSIGNMENT (  '', '', ( #642 ) ) ;
#528 = ORIENTED_EDGE ( 'NONE', *, *, #1694, .F. ) ;
#529 = ORIENTED_EDGE ( 'NONE', *, *, #1884, .F. ) ;
#530 = CARTESIAN_POINT ( 'NONE',  ( -37.91344533576599929, 427.7423415161918001, -165.1151217285157315 ) ) ;
#531 = CARTESIAN_POINT ( 'NONE',  ( -101.2941288619796580, 425.9418841105170941, -131.9532233084744064 ) ) ;
#532 = FACE_OUTER_BOUND ( 'NONE', #2946, .T. ) ;
#533 = ADVANCED_FACE ( 'NONE', ( #1803 ), #639, .T. ) ;
#534 = DIRECTION ( 'NONE',  ( -6.838548019020300451E-15, 0.9934047622419531764, -0.1146602736566088437 ) ) ;
#535 = DIRECTION ( 'NONE',  ( 0.000000000000000000, 0.1146602736566081637, 0.9934047622419532875 ) ) ;
#536 =( BOUNDED_CURVE ( )  B_SPLINE_CURVE ( 3, ( #42, #279, #1968, #58 ),
 .UNSPECIFIED., .F., .T. ) 
 B_SPLINE_CURVE_WITH_KNOTS ( ( 4, 4 ),
 ( 0.2179373405908311134, 1.570796326794895892 ),
 .UNSPECIFIED. ) 
 CURVE ( )  GEOMETRIC_REPRESENTATION_ITEM ( )  RATIONAL_B_SPLINE_CURVE ( ( 1.000000000000000000, 0.8532085782433711518, 0.8532085782433711518, 1.000000000000000000 ) ) 
 REPRESENTATION_ITEM ( '' )  );
#537 = CARTESIAN_POINT ( 'NONE',  ( -101.2941288619796723, 410.3480868932182375, -267.0562709733804923 ) ) ;
#538 = CARTESIAN_POINT ( 'NONE',  ( -71.38901771146413466, 415.6205538247305071, -273.7046611887718086 ) ) ;
#539 = AXIS2_PLACEMENT_3D ( 'NONE', #2718, #216, #2454 ) ;
#540 = ORIENTED_EDGE ( 'NONE', *, *, #996, .T. ) ;
#541 = ORIENTED_EDGE ( 'NONE', *, *, #1483, .T. ) ;
#542 = FACE_BOUND ( 'NONE', #3348, .T. ) ;
#543 = EDGE_CURVE ( 'NONE', #1945, #1, #3091, .T. ) ;
#544 = ORIENTED_EDGE ( 'NONE', *, *, #2881, .T. ) ;
#545 = DIRECTION ( 'NONE',  ( 0.000000000000000000, 0.1146602736566117164, 0.9934047622419528434 ) ) ;
#546 = EDGE_CURVE ( 'NONE', #3073, #2456, #661, .T. ) ;
#547 = ADVANCED_FACE ( 'NONE', ( #2302 ), #2898, .T. ) ;
#548 = CARTESIAN_POINT ( 'NONE',  ( -148.1693451256030301, 425.9418841105168099, -131.9532233084743780 ) ) ;
#549 = VECTOR ( 'NONE', #3455, 1000.000000000000000 ) ;
#550 = ORIENTED_EDGE ( 'NONE', *, *, #3228, .T. ) ;
#551 = CARTESIAN_POINT ( 'NONE',  ( -207.7317369937917420, 419.9723960116922967, -183.6722513240396211 ) ) ;
#552 = B_SPLINE_CURVE_WITH_KNOTS ( 'NONE', 3,
 ( #890, #2567, #1727, #3129 ),
 .UNSPECIFIED., .F., .F.,
 ( 4, 4 ),
 ( 0.000000000000000000, 0.001354207433444856680 ),
 .UNSPECIFIED. ) ;
#553 = EDGE_CURVE ( 'NONE', #863, #3131, #927, .T. ) ;
#554 = DIRECTION ( 'NONE',  ( 0.000000000000000000, -0.1146602736566066649, -0.9934047622419535095 ) ) ;
#555 = CARTESIAN_POINT ( 'NONE',  ( -37.26056600162757348, 420.2394506534204197, -231.9743018169446600 ) ) ;
#556 = EDGE_CURVE ( 'NONE', #1438, #2061, #1894, .T. ) ;
#557 = DIRECTION ( 'NONE',  ( 2.169367489357782465E-30, -0.1146602736566088437, -0.9934047622419531764 ) ) ;
#558 = ORIENTED_EDGE ( 'NONE', *, *, #1043, .T. ) ;
#559 = ORIENTED_EDGE ( 'NONE', *, *, #800, .T. ) ;
#560 = CARTESIAN_POINT ( 'NONE',  ( -70.39285306812210763, 415.3264836128738011, -269.4803444909135237 ) ) ;
#561 = ORIENTED_EDGE ( 'NONE', *, *, #1058, .F. ) ;
#562 = ORIENTED_EDGE ( 'NONE', *, *, #2035, .T. ) ;
#563 = DIRECTION ( 'NONE',  ( -1.000000000000000000, 0.000000000000000000, 0.000000000000000000 ) ) ;
#564 = DIRECTION ( 'NONE',  ( 6.739838248742254964E-15, -0.9934047622419531764, 0.1146602736566088993 ) ) ;
#565 = ADVANCED_FACE ( 'NONE', ( #3537 ), #2681, .F. ) ;
#566 = VERTEX_POINT ( 'NONE', #2725 ) ;
#567 = CARTESIAN_POINT ( 'NONE',  ( -96.07062091946025362, 415.3264836128736874, -269.4803444909134669 ) ) ;
#568 = DIRECTION ( 'NONE',  ( 1.000000000000000000, 0.000000000000000000, 0.000000000000000000 ) ) ;
#569 = CARTESIAN_POINT ( 'NONE',  ( -154.1235091841826375, 432.4457442779813050, -127.5331954420370408 ) ) ;
#570 = VECTOR ( 'NONE', #3460, 1000.000000000000000 ) ;
#571 = DIRECTION ( 'NONE',  ( 0.000000000000000000, 0.000000000000000000, 1.000000000000000000 ) ) ;
#572 = EDGE_CURVE ( 'NONE', #2751, #743, #2107, .T. ) ;
#573 = CIRCLE ( 'NONE', #2182, 2.500000000000007105 ) ;
#574 = ORIENTED_EDGE ( 'NONE', *, *, #1823, .T. ) ;
#575 = ORIENTED_EDGE ( 'NONE', *, *, #2635, .F. ) ;
#576 = DIRECTION ( 'NONE',  ( -6.838548019020300451E-15, 0.9934047622419531764, -0.1146602736566088576 ) ) ;
#577 = AXIS2_PLACEMENT_3D ( 'NONE', #3483, #163, #2342 ) ;
#578 = VERTEX_POINT ( 'NONE', #3515 ) ;
#579 = ORIENTED_EDGE ( 'NONE', *, *, #1105, .F. ) ;
#580 = AXIS2_PLACEMENT_3D ( 'NONE', #900, #3121, #3424 ) ;
#581 = CARTESIAN_POINT ( 'NONE',  ( -212.4344396964944792, 429.2622229968552006, -154.2768450368772051 ) ) ;
#582 = VECTOR ( 'NONE', #3248, 1000.000000000000000 ) ;
#583 = DIRECTION ( 'NONE',  ( 1.000000000000000000, 0.000000000000000000, 0.000000000000000000 ) ) ;
#584 = ORIENTED_EDGE ( 'NONE', *, *, #3146, .T. ) ;
#585 = CARTESIAN_POINT ( 'NONE',  ( -83.23173699379128720, 442.0656808537016218, -131.8009781624962500 ) ) ;
#586 = CARTESIAN_POINT ( 'NONE',  ( -184.2941288619801128, 442.5243219483274402, -127.8273591135283311 ) ) ;
#587 = EDGE_CURVE ( 'NONE', #652, #140, #1809, .T. ) ;
#588 = CARTESIAN_POINT ( 'NONE',  ( -213.7317369937917988, 430.1410123934134049, -235.1150734356595819 ) ) ;
#589 = CARTESIAN_POINT ( 'NONE',  ( -213.3010767640254528, 421.5815326781994941, -222.0593563956298055 ) ) ;
#590 = VECTOR ( 'NONE', #2697, 1000.000000000000000 ) ;
#591 = VERTEX_POINT ( 'NONE', #2183 ) ;
#592 = VERTEX_POINT ( 'NONE', #1280 ) ;
#593 = FACE_BOUND ( 'NONE', #3079, .T. ) ;
#594 = AXIS2_PLACEMENT_3D ( 'NONE', #485, #1910, #166 ) ;
#595 = ORIENTED_EDGE ( 'NONE', *, *, #789, .T. ) ;
#596 = VERTEX_POINT ( 'NONE', #1298 ) ;
#597 = DIRECTION ( 'NONE',  ( -6.793446168915041611E-15, 1.000000000000000000, 0.000000000000000000 ) ) ;
#598 = EDGE_CURVE ( 'NONE', #2318, #2741, #479, .T. ) ;
#599 = VECTOR ( 'NONE', #1769, 1000.000000000000114 ) ;
#600 = CIRCLE ( 'NONE', #150, 2.500000000000034639 ) ;
#601 = LINE ( 'NONE', #1220, #1006 ) ;
#602 = VERTEX_POINT ( 'NONE', #2397 ) ;
#603 = LINE ( 'NONE', #3596, #244 ) ;
#604 = EDGE_CURVE ( 'NONE', #1400, #3414, #286, .T. ) ;
#605 = DIRECTION ( 'NONE',  ( -1.000000000000000000, -7.022495035279573221E-15, 6.688090509790069405E-16 ) ) ;
#606 = CARTESIAN_POINT ( 'NONE',  ( -99.87793797271632457, 348.2302448821961889, -181.5038084023989597 ) ) ;
#607 = DIRECTION ( 'NONE',  ( -1.000000000000000000, 0.000000000000000000, 0.000000000000000000 ) ) ;
#608 = CARTESIAN_POINT ( 'NONE',  ( -41.73173699379044166, 342.0734929495981191, -180.7727778692135132 ) ) ;
#609 = CARTESIAN_POINT ( 'NONE',  ( -213.7317369937917135, 420.2069647709939204, -233.9684706990934728 ) ) ;
#610 = ORIENTED_EDGE ( 'NONE', *, *, #691, .T. ) ;
#611 = EDGE_CURVE ( 'NONE', #820, #3262, #3212, .T. ) ;
#612 = ORIENTED_EDGE ( 'NONE', *, *, #3344, .F. ) ;
#613 = CARTESIAN_POINT ( 'NONE',  ( -65.16934512560280268, 442.5243219483281791, -127.8273591135284448 ) ) ;
#614 = DIRECTION ( 'NONE',  ( 0.000000000000000000, 0.1146602736566088993, 0.9934047622419531764 ) ) ;
#615 = VERTEX_POINT ( 'NONE', #2422 ) ;
#616 = VERTEX_POINT ( 'NONE', #3432 ) ;
#617 = FACE_OUTER_BOUND ( 'NONE', #1702, .T. ) ;
#618 = DIRECTION ( 'NONE',  ( 0.000000000000000000, 0.1146602736566079278, 0.9934047622419532875 ) ) ;
#619 = CYLINDRICAL_SURFACE ( 'NONE', #1179, 11.00000000000020428 ) ;
#620 = EDGE_CURVE ( 'NONE', #3312, #2857, #2344, .T. ) ;
#621 = ORIENTED_EDGE ( 'NONE', *, *, #3000, .F. ) ;
#622 = DIRECTION ( 'NONE',  ( 0.000000000000000000, 0.000000000000000000, 1.000000000000000000 ) ) ;
#623 = CARTESIAN_POINT ( 'NONE',  ( -85.66464642105056271, 432.4857258812477880, -127.3355058154647423 ) ) ;
#624 = CARTESIAN_POINT ( 'NONE',  ( -84.04356300023026449, 415.4079666704208194, -271.2942036949243629 ) ) ;
#625 = CARTESIAN_POINT ( 'NONE',  ( -35.73173699379101720, 425.9328245851451129, -184.3602129659794002 ) ) ;
#626 = FACE_OUTER_BOUND ( 'NONE', #3026, .T. ) ;
#627 = CARTESIAN_POINT ( 'NONE',  ( -99.87793797271632457, 358.6210888079097003, -188.9811316207344021 ) ) ;
#628 = LINE ( 'NONE', #1481, #1886 ) ;
#629 = ORIENTED_EDGE ( 'NONE', *, *, #2980, .T. ) ;
#630 = ORIENTED_EDGE ( 'NONE', *, *, #521, .T. ) ;
#631 = VECTOR ( 'NONE', #1868, 1000.000000000000114 ) ;
#632 = CARTESIAN_POINT ( 'NONE',  ( -36.59512587540422146, 421.5497638426525100, -221.9348439691310659 ) ) ;
#633 = EDGE_CURVE ( 'NONE', #743, #3262, #776, .T. ) ;
#634 = VECTOR ( 'NONE', #3197, 1000.000000000000000 ) ;
#635 = EDGE_LOOP ( 'NONE', ( #2913, #3217, #1949, #1573, #2196 ) ) ;
#636 = EDGE_LOOP ( 'NONE', ( #2757, #3572, #901, #1014 ) ) ;
#637 = DIRECTION ( 'NONE',  ( 1.000000000000000000, 0.000000000000000000, 0.000000000000000000 ) ) ;
#638 = B_SPLINE_CURVE_WITH_KNOTS ( 'NONE', 3,
 ( #3485, #1754, #669, #1227 ),
 .UNSPECIFIED., .F., .F.,
 ( 4, 4 ),
 ( 6.938893903907228378E-18, 0.001354207433444839766 ),
 .UNSPECIFIED. ) ;
#639 = CYLINDRICAL_SURFACE ( 'NONE', #826, 12.50000000000000888 ) ;
#640 = VECTOR ( 'NONE', #2688, 1000.000000000000000 ) ;
#641 = EDGE_LOOP ( 'NONE', ( #2975, #1600, #3427, #77 ) ) ;
#642 = STYLED_ITEM ( 'NONE', ( #1773 ), #1943 ) ;
#643 = CARTESIAN_POINT ( 'NONE',  ( -35.73173699379101720, 418.8490753372450399, -245.7330844320520100 ) ) ;
#644 = ADVANCED_FACE ( 'NONE', ( #3389 ), #2241, .F. ) ;
#645 = CARTESIAN_POINT ( 'NONE',  ( -204.7317369937918272, 426.5865439100585945, -265.9106210651602282 ) ) ;
#646 = CARTESIAN_POINT ( 'NONE',  ( -83.23173699379121615, 415.3651592177230327, -271.1585855993799896 ) ) ;
#647 = VECTOR ( 'NONE', #3318, 1000.000000000000114 ) ;
#648 = CARTESIAN_POINT ( 'NONE',  ( -212.0765949348864297, 427.5581892163395423, -168.2585419331140315 ) ) ;
#649 = CYLINDRICAL_SURFACE ( 'NONE', #3226, 12.50000000000003553 ) ;
#650 = DIRECTION ( 'NONE',  ( 0.000000000000000000, 0.1146602736566104674, 0.9934047622419530654 ) ) ;
#651 = DIRECTION ( 'NONE',  ( -2.220446049250355995E-14, 0.1146602736566104674, 0.9934047622419530654 ) ) ;
#652 = VERTEX_POINT ( 'NONE', #1512 ) ;
#653 = ORIENTED_EDGE ( 'NONE', *, *, #2835, .T. ) ;
#654 = CARTESIAN_POINT ( 'NONE',  ( -163.8135431863471183, 415.6622135865175096, -273.0498478103500020 ) ) ;
#655 = CARTESIAN_POINT ( 'NONE',  ( -35.73173699379101720, 421.5648542047450746, -222.2038569661353051 ) ) ;
#656 = VERTEX_POINT ( 'NONE', #2111 ) ;
#657 = EDGE_LOOP ( 'NONE', ( #261, #629, #3243, #1335 ) ) ;
#658 = EDGE_CURVE ( 'NONE', #1684, #1491, #1772, .T. ) ;
#659 = DIRECTION ( 'NONE',  ( 6.838548019020299662E-15, -0.9934047622419531764, 0.1146602736566088299 ) ) ;
#660 = VECTOR ( 'NONE', #3310, 1000.000000000000000 ) ;
#661 = LINE ( 'NONE', #1202, #241 ) ;
#662 = ORIENTED_EDGE ( 'NONE', *, *, #2902, .T. ) ;
#663 = EDGE_CURVE ( 'NONE', #1194, #1400, #86, .T. ) ;
#664 = VECTOR ( 'NONE', #3027, 1000.000000000000000 ) ;
#665 = LINE ( 'NONE', #3458, #2016 ) ;
#666 = DIRECTION ( 'NONE',  ( 0.000000000000000000, 0.000000000000000000, -1.000000000000000000 ) ) ;
#667 = FACE_BOUND ( 'NONE', #1953, .T. ) ;
#668 = CARTESIAN_POINT ( 'NONE',  ( -211.2318448326797125, 427.4427332525957013, -166.5201633098581908 ) ) ;
#669 = CARTESIAN_POINT ( 'NONE',  ( -36.16239722355733477, 429.3784312868501161, -154.5078325631769189 ) ) ;
#670 = ORIENTED_EDGE ( 'NONE', *, *, #1787, .T. ) ;
#671 = EDGE_CURVE ( 'NONE', #3492, #2552, #914, .T. ) ;
#672 = ORIENTED_EDGE ( 'NONE', *, *, #165, .T. ) ;
#673 = CARTESIAN_POINT ( 'NONE',  ( -178.0744562761185819, 415.6205538247297682, -273.7046611887717518 ) ) ;
#674 = CARTESIAN_POINT ( 'NONE',  ( -83.23173699379121615, 416.0791949193568371, -269.7310421398041171 ) ) ;
#675 = ORIENTED_EDGE ( 'NONE', *, *, #3196, .T. ) ;
#676 = VERTEX_POINT ( 'NONE', #3443 ) ;
#677 = DIRECTION ( 'NONE',  ( 0.000000000000000000, 0.000000000000000000, -1.000000000000000000 ) ) ;
#678 = DIRECTION ( 'NONE',  ( 0.000000000000000000, 0.000000000000000000, -1.000000000000000000 ) ) ;
#679 = ORIENTED_EDGE ( 'NONE', *, *, #2710, .F. ) ;
#680 = DIRECTION ( 'NONE',  ( 6.838548019020299662E-15, -0.9934047622419531764, 0.1146602736566088299 ) ) ;
#681 = CARTESIAN_POINT ( 'NONE',  ( -213.7317369937917704, 422.2780035654932931, -216.0252045997547725 ) ) ;
#682 = EDGE_CURVE ( 'NONE', #784, #98, #2904, .T. ) ;
#683 = PLANE ( 'NONE',  #5 ) ;
#684 = CARTESIAN_POINT ( 'NONE',  ( -39.73173699379100299, 420.2069647709950573, -233.9684706990936434 ) ) ;
#685 = LINE ( 'NONE', #2310, #210 ) ;
#686 = CARTESIAN_POINT ( 'NONE',  ( -213.3010767640254528, 418.8323968637882899, -245.8775850025572538 ) ) ;
#687 = EDGE_LOOP ( 'NONE', ( #1623, #3039, #2459, #2468 ) ) ;
#688 = CARTESIAN_POINT ( 'NONE',  ( -47.73173699379056956, 356.3640672030133487, -207.1416892519046087 ) ) ;
#689 = CARTESIAN_POINT ( 'NONE',  ( -68.10420869373314190, 428.8573915556284533, -132.2897355683410581 ) ) ;
#690 = CARTESIAN_POINT ( 'NONE',  ( -209.5689988398868309, 425.7603825275364784, -179.0821225084689274 ) ) ;
#691 = EDGE_CURVE ( 'NONE', #2991, #804, #1120, .T. ) ;
#692 = ORIENTED_EDGE ( 'NONE', *, *, #56, .F. ) ;
#693 = ORIENTED_EDGE ( 'NONE', *, *, #738, .T. ) ;
#694 = DIRECTION ( 'NONE',  ( -1.000000000000000000, -7.022495035279573221E-15, 6.688090509790069405E-16 ) ) ;
#695 = VECTOR ( 'NONE', #3194, 1000.000000000000000 ) ;
#696 = CARTESIAN_POINT ( 'NONE',  ( -213.7317369937917420, 425.9418841105163551, -131.9532233084743211 ) ) ;
#697 = ORIENTED_EDGE ( 'NONE', *, *, #1153, .F. ) ;
#698 = VECTOR ( 'NONE', #1564, 1000.000000000000000 ) ;
#699 = VECTOR ( 'NONE', #2558, 1000.000000000000114 ) ;
#700 = DIRECTION ( 'NONE',  ( 0.000000000000000000, 0.1146602736566041392, 0.9934047622419538426 ) ) ;
#701 = DIRECTION ( 'NONE',  ( -6.739838248742254175E-15, 0.9934047622419532875, -0.1146602736566085384 ) ) ;
#702 = DIRECTION ( 'NONE',  ( 6.838548019020299662E-15, -0.9934047622419531764, 0.1146602736566088299 ) ) ;
#703 = FACE_OUTER_BOUND ( 'NONE', #1572, .T. ) ;
#704 = AXIS2_PLACEMENT_3D ( 'NONE', #1346, #2158, #2194 ) ;
#705 = ADVANCED_FACE ( 'NONE', ( #703 ), #2594, .T. ) ;
#706 = DIRECTION ( 'NONE',  ( 0.000000000000000000, 0.000000000000000000, -1.000000000000000000 ) ) ;
#707 = FACE_OUTER_BOUND ( 'NONE', #1596, .T. ) ;
#708 = VECTOR ( 'NONE', #2576, 1000.000000000000000 ) ;
#709 = ORIENTED_EDGE ( 'NONE', *, *, #380, .F. ) ;
#710 = LINE ( 'NONE', #1855, #2802 ) ;
#711 = DIRECTION ( 'NONE',  ( 6.838548019020300451E-15, -0.9934047622419531764, 0.1146602736566088576 ) ) ;
#712 = CARTESIAN_POINT ( 'NONE',  ( -95.43605582364830298, 432.4415258627863636, -127.9694976901410683 ) ) ;
#713 = EDGE_CURVE ( 'NONE', #1076, #3327, #3406, .T. ) ;
#714 = DIRECTION ( 'NONE',  ( 0.000000000000000000, 0.1146602736566076641, 0.9934047622419532875 ) ) ;
#715 = CARTESIAN_POINT ( 'NONE',  ( -209.7317369937917704, 437.9379110020628900, -167.5635496032066101 ) ) ;
#716 = ORIENTED_EDGE ( 'NONE', *, *, #2043, .F. ) ;
#717 = VERTEX_POINT ( 'NONE', #2649 ) ;
#718 = EDGE_CURVE ( 'NONE', #2962, #1930, #2304, .T. ) ;
#719 = DIRECTION ( 'NONE',  ( 0.000000000000000000, 0.000000000000000000, 1.000000000000000000 ) ) ;
#720 = VECTOR ( 'NONE', #3532, 1000.000000000000000 ) ;
#721 = CARTESIAN_POINT ( 'NONE',  ( -165.4199030227520666, 431.8341298252175875, -128.9794577559065374 ) ) ;
#722 = EDGE_LOOP ( 'NONE', ( #3012, #529, #3030, #3275 ) ) ;
#723 = EDGE_CURVE ( 'NONE', #2603, #1930, #2864, .T. ) ;
#724 = CARTESIAN_POINT ( 'NONE',  ( -41.73173699378798318, 363.0072720069641719, -152.0406200251365760 ) ) ;
#725 = CIRCLE ( 'NONE', #1659, 2.500000000000020872 ) ;
#726 = DIRECTION ( 'NONE',  ( 0.000000000000000000, -0.1179081505121698931, -0.9930245052579514953 ) ) ;
#727 = DIRECTION ( 'NONE',  ( 6.739838248742254964E-15, -0.9934047622419531764, 0.1146602736566088993 ) ) ;
#728 = CIRCLE ( 'NONE', #3014, 5.999999999999998224 ) ;
#729 = CARTESIAN_POINT ( 'NONE',  ( -211.8502872137192981, 427.8941527156106304, -164.7391420363250063 ) ) ;
#730 = CARTESIAN_POINT ( 'NONE',  ( -204.7317369937918272, 441.4923794854177572, -136.7680019737058785 ) ) ;
#731 = DIRECTION ( 'NONE',  ( 0.000000000000000000, 0.000000000000000000, 1.000000000000000000 ) ) ;
#732 = ORIENTED_EDGE ( 'NONE', *, *, #3479, .F. ) ;
#733 = DIRECTION ( 'NONE',  ( 0.000000000000000000, 0.1146602736566085246, 0.9934047622419531764 ) ) ;
#734 = DIRECTION ( 'NONE',  ( 1.000000000000000000, 6.793446168915043188E-15, -7.841097872747283183E-16 ) ) ;
#735 = DIRECTION ( 'NONE',  ( -6.838548019020300451E-15, 0.9934047622419531764, -0.1146602736566088576 ) ) ;
#736 = LINE ( 'NONE', #3008, #1540 ) ;
#737 = B_SPLINE_CURVE_WITH_KNOTS ( 'NONE', 3,
 ( #643, #1747, #2590, #2859 ),
 .UNSPECIFIED., .F., .F.,
 ( 4, 4 ),
 ( 6.938893903907228378E-18, 0.001354207433444829358 ),
 .UNSPECIFIED. ) ;
#738 = EDGE_CURVE ( 'NONE', #1801, #1386, #1248, .T. ) ;
#739 = ORIENTED_EDGE ( 'NONE', *, *, #304, .F. ) ;
#740 = VERTEX_POINT ( 'NONE', #102 ) ;
#741 = DIRECTION ( 'NONE',  ( -0.000000000000000000, -0.1179081505121849921, -0.9930245052579497189 ) ) ;
#742 = CARTESIAN_POINT ( 'NONE',  ( -81.70515099182011909, 415.5129975540954774, -271.6926242582099462 ) ) ;
#743 = VERTEX_POINT ( 'NONE', #348 ) ;
#744 = DIRECTION ( 'NONE',  ( 0.000000000000000000, 0.000000000000000000, 1.000000000000000000 ) ) ;
#745 = PRODUCT_CONTEXT ( 'NONE', #2125, 'mechanical' ) ;
#746 = DIRECTION ( 'NONE',  ( -6.886270424707564231E-15, 0.9934047622419531764, -0.1146602736566089270 ) ) ;
#747 = EDGE_CURVE ( 'NONE', #3242, #1962, #3276, .T. ) ;
#748 = FACE_OUTER_BOUND ( 'NONE', #1019, .T. ) ;
#749 = DIRECTION ( 'NONE',  ( 2.236243980445133119E-17, -0.1179081505121840068, -0.9930245052579498299 ) ) ;
#750 = CARTESIAN_POINT ( 'NONE',  ( -41.73173699378798318, 338.3544102783478706, -211.2468393655978502 ) ) ;
#751 = DIRECTION ( 'NONE',  ( 0.000000000000000000, 0.1146602736566088299, 0.9934047622419531764 ) ) ;
#752 = ORIENTED_EDGE ( 'NONE', *, *, #1205, .T. ) ;
#753 = LINE ( 'NONE', #1536, #2689 ) ;
#754 = DIRECTION ( 'NONE',  ( 0.000000000000000000, -0.9930245052579493859, 0.1179081505121876566 ) ) ;
#755 = CARTESIAN_POINT ( 'NONE',  ( -80.74818168294565623, 432.5454856144418727, -127.0085579660214847 ) ) ;
#756 = FACE_OUTER_BOUND ( 'NONE', #246, .T. ) ;
#757 = ORIENTED_EDGE ( 'NONE', *, *, #1924, .T. ) ;
#758 = ORIENTED_EDGE ( 'NONE', *, *, #2507, .T. ) ;
#759 = FACE_OUTER_BOUND ( 'NONE', #3238, .T. ) ;
#760 = EDGE_CURVE ( 'NONE', #1982, #1604, #2974, .T. ) ;
#761 = CARTESIAN_POINT ( 'NONE',  ( -95.33996480340016433, 415.6740165876792616, -272.8417110005239579 ) ) ;
#762 = VERTEX_POINT ( 'NONE', #2959 ) ;
#763 = AXIS2_PLACEMENT_3D ( 'NONE', #192, #1875, #2985 ) ;
#764 = CARTESIAN_POINT ( 'NONE',  ( -95.43605582364837403, 442.3755734852059049, -129.1161004267071633 ) ) ;
#765 =( NAMED_UNIT ( * ) PLANE_ANGLE_UNIT ( ) SI_UNIT ( $, .RADIAN. ) );
#766 = DIRECTION ( 'NONE',  ( 1.000000000000000000, 0.000000000000000000, 0.000000000000000000 ) ) ;
#767 = DIRECTION ( 'NONE',  ( 0.000000000000000000, -0.1146602736566104674, -0.9934047622419530654 ) ) ;
#768 = VECTOR ( 'NONE', #1810, 1000.000000000000000 ) ;
#769 = CARTESIAN_POINT ( 'NONE',  ( -47.73173699379037060, 336.8408986290439202, -127.7088875264879562 ) ) ;
#770 = EDGE_CURVE ( 'NONE', #301, #3184, #1409, .T. ) ;
#771 = VECTOR ( 'NONE', #2159, 1000.000000000000000 ) ;
#772 = FACE_OUTER_BOUND ( 'NONE', #480, .T. ) ;
#773 = LINE ( 'NONE', #3214, #2809 ) ;
#774 = CIRCLE ( 'NONE', #64, 2.500000000000020872 ) ;
#775 = ORIENTED_EDGE ( 'NONE', *, *, #360, .T. ) ;
#776 = LINE ( 'NONE', #1892, #463 ) ;
#777 = DIRECTION ( 'NONE',  ( -6.838548019020300451E-15, 0.9934047622419531764, -0.1146602736566088576 ) ) ;
#778 = DIRECTION ( 'NONE',  ( -6.363933224863551876E-17, -0.1146602736566088299, -0.9934047622419531764 ) ) ;
#779 = AXIS2_PLACEMENT_3D ( 'NONE', #1133, #2024, #3380 ) ;
#780 = ORIENTED_EDGE ( 'NONE', *, *, #2615, .F. ) ;
#781 = ORIENTED_EDGE ( 'NONE', *, *, #2659, .T. ) ;
#782 = CARTESIAN_POINT ( 'NONE',  ( -101.2941288619798286, 434.1898011870250116, -269.8081175411390973 ) ) ;
#783 = CARTESIAN_POINT ( 'NONE',  ( -204.7317369937918841, 449.4396175833533107, -137.6852841629587090 ) ) ;
#784 = VERTEX_POINT ( 'NONE', #515 ) ;
#785 = CARTESIAN_POINT ( 'NONE',  ( -37.38687905269635081, 427.9894380703546517, -164.5222464261623259 ) ) ;
#786 = AXIS2_PLACEMENT_3D ( 'NONE', #3244, #2970, #2702 ) ;
#787 = FACE_OUTER_BOUND ( 'NONE', #2620, .T. ) ;
#788 = CARTESIAN_POINT ( 'NONE',  ( -148.1693451256031722, 425.5546014471494800, -274.8512639253378893 ) ) ;
#789 = EDGE_CURVE ( 'NONE', #2599, #1987, #573, .T. ) ;
#790 = ADVANCED_FACE ( 'NONE', ( #2448 ), #792, .F. ) ;
#791 =( BOUNDED_CURVE ( )  B_SPLINE_CURVE ( 3, ( #2842, #3208, #162, #3270 ),
 .UNSPECIFIED., .F., .T. ) 
 B_SPLINE_CURVE_WITH_KNOTS ( ( 4, 4 ),
 ( 0.2179373405908233419, 1.570796326794900333 ),
 .UNSPECIFIED. ) 
 CURVE ( )  GEOMETRIC_REPRESENTATION_ITEM ( )  RATIONAL_B_SPLINE_CURVE ( ( 1.000000000000000000, 0.8532085782433688204, 0.8532085782433688204, 1.000000000000000000 ) ) 
 REPRESENTATION_ITEM ( '' )  );
#792 = CYLINDRICAL_SURFACE ( 'NONE', #3501, 2.499999999999924505 ) ;
#793 = AXIS2_PLACEMENT_3D ( 'NONE', #1292, #2737, #1925 ) ;
#794 = CARTESIAN_POINT ( 'NONE',  ( -207.7317369937919125, 434.1898011870242726, -269.8081175411390404 ) ) ;
#795 = VECTOR ( 'NONE', #2135, 1000.000000000000114 ) ;
#796 = FACE_OUTER_BOUND ( 'NONE', #199, .T. ) ;
#797 = CIRCLE ( 'NONE', #214, 11.00000000000023093 ) ;
#798 = VECTOR ( 'NONE', #637, 1000.000000000000000 ) ;
#799 = DIRECTION ( 'NONE',  ( -4.625929269271481378E-15, 1.000000000000000000, 0.000000000000000000 ) ) ;
#800 = EDGE_CURVE ( 'NONE', #1460, #1685, #2463, .T. ) ;
#801 = ORIENTED_EDGE ( 'NONE', *, *, #1143, .F. ) ;
#802 = VERTEX_POINT ( 'NONE', #1870 ) ;
#803 = DIRECTION ( 'NONE',  ( 2.236243980431515408E-17, -0.1179081505121642309, -0.9930245052579522724 ) ) ;
#804 = VERTEX_POINT ( 'NONE', #184 ) ;
#805 = ORIENTED_EDGE ( 'NONE', *, *, #2957, .T. ) ;
#806 = DIRECTION ( 'NONE',  ( -1.000000000000000000, 0.000000000000000000, 0.000000000000000000 ) ) ;
#807 = CARTESIAN_POINT ( 'NONE',  ( -151.1042086937334830, 428.8573915556278848, -132.2897355683410012 ) ) ;
#808 = DIRECTION ( 'NONE',  ( 0.000000000000000000, 0.1146602736566076641, 0.9934047622419532875 ) ) ;
#809 = CARTESIAN_POINT ( 'NONE',  ( -211.7458089108628485, 427.8438229307909069, -164.8611435535952694 ) ) ;
#810 = CARTESIAN_POINT ( 'NONE',  ( -37.02903429108830835, 421.4653243882069091, -221.8283688693302906 ) ) ;
#811 = ADVANCED_FACE ( 'NONE', ( #1030 ), #1909, .F. ) ;
#812 = CARTESIAN_POINT ( 'NONE',  ( -85.73173699379121615, 432.5902743259085810, -126.6807563769623215 ) ) ;
#813 = CARTESIAN_POINT ( 'NONE',  ( -44.73173699379114510, 434.5337820079951712, -266.8279032544132860 ) ) ;
#814 = ORIENTED_EDGE ( 'NONE', *, *, #992, .F. ) ;
#815 = ORIENTED_EDGE ( 'NONE', *, *, #1996, .T. ) ;
#816 = FACE_OUTER_BOUND ( 'NONE', #2254, .T. ) ;
#817 = EDGE_CURVE ( 'NONE', #1604, #2536, #3020, .T. ) ;
#818 = CARTESIAN_POINT ( 'NONE',  ( -212.4732946135596023, 419.8276349600832305, -236.1053664790910318 ) ) ;
#819 = ORIENTED_EDGE ( 'NONE', *, *, #2550, .T. ) ;
#820 = VERTEX_POINT ( 'NONE', #2428 ) ;
#821 = CARTESIAN_POINT ( 'NONE',  ( -207.7317369937918272, 441.8363603063875757, -133.7877876869800389 ) ) ;
#822 = DIRECTION ( 'NONE',  ( 0.000000000000000000, 0.1146602736566117164, 0.9934047622419528434 ) ) ;
#823 = DIRECTION ( 'NONE',  ( 7.569702440625908545E-15, -1.000000000000000000, 0.000000000000000000 ) ) ;
#824 = CLOSED_SHELL ( 'NONE', ( #504, #2288, #3058, #1563, #2150, #2645, #1210, #2109, #2798, #1230, #3156, #790, #2452, #2327, #2876, #3140, #2936, #2791, #565, #1893, #3549, #2207, #1132, #2181, #2719, #2731, #19, #2398, #1845, #832, #340, #313, #2512, #1418, #1795, #2140, #3265, #284, #1272, #2734, #1089, #1629, #320, #3292, #2347, #3334, #705, #188, #533, #811, #1873, #3035, #547, #1473, #1468, #3426, #644, #3362, #1695, #3010, #281, #38, #2481, #2515, #1633, #1739, #2971, #3069, #2667, #2531, #1863, #2168, #3527, #2673, #3403, #2834, #1256, #2511, #1123, #3480, #1392, #3557, #2206, #249, #1976, #3305, #3028, #112, #1766, #2882, #220, #1408, #370, #2683, #825, #831 ) ) ;
#825 = ADVANCED_FACE ( 'NONE', ( #2153 ), #3559, .T. ) ;
#826 = AXIS2_PLACEMENT_3D ( 'NONE', #2555, #948, #114 ) ;
#827 = CARTESIAN_POINT ( 'NONE',  ( -37.97523017756377328, 419.6471527700006163, -235.0265681218145346 ) ) ;
#828 = LINE ( 'NONE', #1141, #3584 ) ;
#829 = AXIS2_PLACEMENT_3D ( 'NONE', #3080, #844, #13 ) ;
#830 = ORIENTED_EDGE ( 'NONE', *, *, #470, .T. ) ;
#831 = ADVANCED_FACE ( 'NONE', ( #3542 ), #502, .F. ) ;
#832 = ADVANCED_FACE ( 'NONE', ( #205, #1324, #1047 ), #3001, .F. ) ;
#833 = ORIENTED_EDGE ( 'NONE', *, *, #1705, .T. ) ;
#834 = CIRCLE ( 'NONE', #1306, 6.200000000000038369 ) ;
#835 = FACE_OUTER_BOUND ( 'NONE', #2769, .T. ) ;
#836 = VECTOR ( 'NONE', #1420, 1000.000000000000000 ) ;
#837 = ORIENTED_EDGE ( 'NONE', *, *, #2043, .T. ) ;
#838 = EDGE_CURVE ( 'NONE', #1130, #3056, #2210, .T. ) ;
#839 = ORIENTED_EDGE ( 'NONE', *, *, #2850, .F. ) ;
#840 = CARTESIAN_POINT ( 'NONE',  ( -38.21529880310558980, 427.5072696274109489, -166.0270569195318160 ) ) ;
#841 = LINE ( 'NONE', #1687, #1818 ) ;
#842 = EDGE_CURVE ( 'NONE', #3169, #2666, #1921, .T. ) ;
#843 = ORIENTED_EDGE ( 'NONE', *, *, #2134, .T. ) ;
#844 = DIRECTION ( 'NONE',  ( -6.838548019020300451E-15, 0.9934047622419531764, -0.1146602736566088437 ) ) ;
#845 = CARTESIAN_POINT ( 'NONE',  ( -166.2317369937915714, 432.8769250100495469, -124.1972444713573651 ) ) ;
#846 = CARTESIAN_POINT ( 'NONE',  ( -38.10131958725403933, 419.8161181113520684, -233.1046365581224222 ) ) ;
#847 = CYLINDRICAL_SURFACE ( 'NONE', #1321, 5.999999999999998224 ) ;
#848 = CIRCLE ( 'NONE', #2657, 6.200000000000010836 ) ;
#849 = ORIENTED_EDGE ( 'NONE', *, *, #84, .F. ) ;
#850 = VERTEX_POINT ( 'NONE', #1285 ) ;
#851 = AXIS2_PLACEMENT_3D ( 'NONE', #1352, #1621, #1862 ) ;
#852 = CYLINDRICAL_SURFACE ( 'NONE', #1610, 2.500000000000089706 ) ;
#853 = EDGE_CURVE ( 'NONE', #1636, #1667, #3500, .T. ) ;
#854 = ORIENTED_EDGE ( 'NONE', *, *, #3215, .F. ) ;
#855 = CARTESIAN_POINT ( 'NONE',  ( -207.7317369937917420, 424.1144736006910989, -147.7857191253621068 ) ) ;
#856 = DIRECTION ( 'NONE',  ( 1.000000000000000000, 6.786149265664089312E-15, -8.473294029964203208E-16 ) ) ;
#857 = ORIENTED_EDGE ( 'NONE', *, *, #1653, .F. ) ;
#858 = CARTESIAN_POINT ( 'NONE',  ( -41.73173699378798318, 350.0314268374284552, -187.9612261188043192 ) ) ;
#859 = LINE ( 'NONE', #1692, #969 ) ;
#860 = EDGE_CURVE ( 'NONE', #743, #1805, #3067, .T. ) ;
#861 = CARTESIAN_POINT ( 'NONE',  ( -36.99017937402320655, 420.3244112600679045, -231.8013479517113353 ) ) ;
#862 = DIRECTION ( 'NONE',  ( 1.000000000000000000, 6.786149265664089312E-15, -8.473294029964203208E-16 ) ) ;
#863 = VERTEX_POINT ( 'NONE', #1954 ) ;
#864 = ORIENTED_EDGE ( 'NONE', *, *, #506, .F. ) ;
#865 = DIRECTION ( 'NONE',  ( 0.000000000000000000, 0.1146602736566079278, 0.9934047622419533985 ) ) ;
#866 = CARTESIAN_POINT ( 'NONE',  ( -212.0765949348864297, 419.7612906076900003, -235.8100657655669750 ) ) ;
#867 = ORIENTED_EDGE ( 'NONE', *, *, #1834, .T. ) ;
#868 = ORIENTED_EDGE ( 'NONE', *, *, #1242, .F. ) ;
#869 = EDGE_CURVE ( 'NONE', #1491, #1667, #255, .T. ) ;
#870 = FACE_BOUND ( 'NONE', #2540, .T. ) ;
#871 = CARTESIAN_POINT ( 'NONE',  ( -165.8991377576125785, 431.7712177796654487, -129.0859424356870022 ) ) ;
#872 = CARTESIAN_POINT ( 'NONE',  ( -201.7317369937910883, 336.8408986290428970, -127.7088875264878425 ) ) ;
#873 = APPLICATION_CONTEXT ( 'automotive_design' ) ;
#874 = ORIENTED_EDGE ( 'NONE', *, *, #2957, .F. ) ;
#875 = CARTESIAN_POINT ( 'NONE',  ( -41.73173699379097457, 419.9723960116933199, -183.6722513240397632 ) ) ;
#876 = EDGE_CURVE ( 'NONE', #2219, #3516, #2007, .T. ) ;
#877 = DIRECTION ( 'NONE',  ( 0.000000000000000000, 0.9934047622419531764, -0.1146602736566088299 ) ) ;
#878 = CIRCLE ( 'NONE', #3210, 6.200000000000038369 ) ;
#879 = DIRECTION ( 'NONE',  ( 5.551115123125950729E-15, 0.1146602736566117164, 0.9934047622419528434 ) ) ;
#880 = LINE ( 'NONE', #2033, #344 ) ;
#881 = AXIS2_PLACEMENT_3D ( 'NONE', #1786, #2025, #618 ) ;
#882 = VERTEX_POINT ( 'NONE', #2808 ) ;
#883 = ORIENTED_EDGE ( 'NONE', *, *, #304, .T. ) ;
#884 = CARTESIAN_POINT ( 'NONE',  ( -41.73173699379113799, 447.9561878944989530, -150.5375656931208539 ) ) ;
#885 = AXIS2_PLACEMENT_3D ( 'NONE', #2717, #735, #1857 ) ;
#886 = CARTESIAN_POINT ( 'NONE',  ( -213.0781698384523395, 419.8963515009624530, -236.3673245305319028 ) ) ;
#887 = VERTEX_POINT ( 'NONE', #3320 ) ;
#888 = VERTEX_POINT ( 'NONE', #3066 ) ;
#889 = CIRCLE ( 'NONE', #580, 2.499999999999993339 ) ;
#890 = CARTESIAN_POINT ( 'NONE',  ( -212.4344396964944792, 426.4635219232072814, -178.5245019278755194 ) ) ;
#891 = AXIS2_PLACEMENT_3D ( 'NONE', #2831, #3357, #877 ) ;
#892 = DIRECTION ( 'NONE',  ( -6.715058616684432754E-15, 1.000000000000000000, 0.000000000000000000 ) ) ;
#893 = ORIENTED_EDGE ( 'NONE', *, *, #1166, .T. ) ;
#894 = CARTESIAN_POINT ( 'NONE',  ( -213.7317369937917704, 419.9203140868523860, -236.4519826046982871 ) ) ;
#895 = CARTESIAN_POINT ( 'NONE',  ( -166.2317369937915714, 416.0791949193563255, -269.7310421398040035 ) ) ;
#896 = CARTESIAN_POINT ( 'NONE',  ( -39.73173699379100299, 420.2069647709950573, -233.9684706990936434 ) ) ;
#897 = EDGE_CURVE ( 'NONE', #156, #2390, #603, .T. ) ;
#898 =( LENGTH_UNIT ( ) NAMED_UNIT ( * ) SI_UNIT ( .MILLI., .METRE. ) );
#899 = DIRECTION ( 'NONE',  ( 0.000000000000000000, 0.9934047622419531764, -0.1146602736566096764 ) ) ;
#900 = CARTESIAN_POINT ( 'NONE',  ( -83.23173699379121615, 432.5902743259085810, -126.6807563769623215 ) ) ;
#901 = ORIENTED_EDGE ( 'NONE', *, *, #682, .F. ) ;
#902 = ORIENTED_EDGE ( 'NONE', *, *, #1282, .F. ) ;
#903 = CARTESIAN_POINT ( 'NONE',  ( -164.3519624211341750, 415.5801309211111629, -272.0329378529244195 ) ) ;
#904 = AXIS2_PLACEMENT_3D ( 'NONE', #2923, #2578, #70 ) ;
#905 = CARTESIAN_POINT ( 'NONE',  ( -213.7317369937917704, 429.3617528133933661, -154.6523331336822480 ) ) ;
#906 = VECTOR ( 'NONE', #3386, 1000.000000000000000 ) ;
#907 = ORIENTED_EDGE ( 'NONE', *, *, #133, .F. ) ;
#908 = ORIENTED_EDGE ( 'NONE', *, *, #396, .F. ) ;
#909 = LINE ( 'NONE', #2853, #836 ) ;
#910 = VECTOR ( 'NONE', #1219, 1000.000000000000000 ) ;
#911 = ORIENTED_EDGE ( 'NONE', *, *, #842, .T. ) ;
#912 = CYLINDRICAL_SURFACE ( 'NONE', #2147, 2.499999999999951594 ) ;
#913 = CARTESIAN_POINT ( 'NONE',  ( -207.7317369937918556, 426.2425630890887760, -268.8908353518861531 ) ) ;
#914 = LINE ( 'NONE', #2670, #2754 ) ;
#915 = CARTESIAN_POINT ( 'NONE',  ( -213.7317369937917420, 425.9418841105162983, -131.9532233084743211 ) ) ;
#916 = EDGE_CURVE ( 'NONE', #1978, #1198, #1362, .T. ) ;
#917 = DIRECTION ( 'NONE',  ( 0.000000000000000000, 0.1146602736566045833, 0.9934047622419536205 ) ) ;
#918 = CARTESIAN_POINT ( 'NONE',  ( -35.73173699379108115, 430.4276630775561330, -232.6315615300547677 ) ) ;
#919 = ORIENTED_EDGE ( 'NONE', *, *, #925, .F. ) ;
#920 = VERTEX_POINT ( 'NONE', #2826 ) ;
#921 = CARTESIAN_POINT ( 'NONE',  ( -178.4360558236486440, 415.6283113682397357, -272.3996464913288378 ) ) ;
#922 = CARTESIAN_POINT ( 'NONE',  ( -99.87793797271632457, 369.1640239395618437, -152.7716505583119329 ) ) ;
#923 = EDGE_LOOP ( 'NONE', ( #579, #1186, #295, #3041 ) ) ;
#924 = VERTEX_POINT ( 'NONE', #894 ) ;
#925 = EDGE_CURVE ( 'NONE', #1928, #2296, #1103, .T. ) ;
#926 = CARTESIAN_POINT ( 'NONE',  ( -44.73173699379109536, 441.4923794854188372, -136.7680019737059922 ) ) ;
#927 = LINE ( 'NONE', #1743, #1235 ) ;
#928 = ORIENTED_EDGE ( 'NONE', *, *, #165, .F. ) ;
#929 = CARTESIAN_POINT ( 'NONE',  ( -213.7317369937917704, 420.4936154551353980, -231.4849587934886301 ) ) ;
#930 = CARTESIAN_POINT ( 'NONE',  ( -84.49335631639230826, 431.9332849655327209, -128.8020406231040909 ) ) ;
#931 = DIRECTION ( 'NONE',  ( -6.838548019020300451E-15, 0.9934047622419531764, -0.1146602736566088576 ) ) ;
#932 = DIRECTION ( 'NONE',  ( 6.838548019020302028E-15, -0.9934047622419531764, 0.1146602736566088299 ) ) ;
#933 = DIRECTION ( 'NONE',  ( -1.000000000000000000, 0.000000000000000000, 0.000000000000000000 ) ) ;
#934 = DIRECTION ( 'NONE',  ( 0.000000000000000000, 0.1179081505121840068, 0.9930245052579498299 ) ) ;
#935 = EDGE_CURVE ( 'NONE', #2895, #1945, #3050, .T. ) ;
#936 = ORIENTED_EDGE ( 'NONE', *, *, #543, .T. ) ;
#937 = ORIENTED_EDGE ( 'NONE', *, *, #2247, .F. ) ;
#938 = AXIS2_PLACEMENT_3D ( 'NONE', #990, #2108, #2461 ) ;
#939 = CARTESIAN_POINT ( 'NONE',  ( -163.8135669598312631, 432.4816098874833301, -127.3282446315620007 ) ) ;
#940 = DIRECTION ( 'NONE',  ( 6.838548019020299662E-15, -0.9934047622419531764, 0.1146602736566088299 ) ) ;
#941 = CIRCLE ( 'NONE', #289, 2.500000000000034639 ) ;
#942 = EDGE_CURVE ( 'NONE', #43, #1601, #1696, .T. ) ;
#943 = EDGE_CURVE ( 'NONE', #2869, #2662, #1973, .T. ) ;
#944 = ORIENTED_EDGE ( 'NONE', *, *, #1661, .T. ) ;
#945 = ORIENTED_EDGE ( 'NONE', *, *, #942, .T. ) ;
#946 = VECTOR ( 'NONE', #1036, 1000.000000000000000 ) ;
#947 = CARTESIAN_POINT ( 'NONE',  ( -166.2317369937916567, 442.5243219483275539, -127.8273591135283596 ) ) ;
#948 = DIRECTION ( 'NONE',  ( -6.838548019020300451E-15, 0.9934047622419531764, -0.1146602736566088576 ) ) ;
#949 = VECTOR ( 'NONE', #3558, 1000.000000000000000 ) ;
#950 = ORIENTED_EDGE ( 'NONE', *, *, #1514, .F. ) ;
#951 = CARTESIAN_POINT ( 'NONE',  ( -101.2941288619798144, 449.7835984043238682, -134.7050698762329830 ) ) ;
#952 = CARTESIAN_POINT ( 'NONE',  ( -83.23173699379121615, 431.7615783506181515, -129.1017045987802021 ) ) ;
#953 = LINE ( 'NONE', #3421, #1991 ) ;
#954 = PRODUCT ( 'VC Base', 'VC Base', '', ( #745 ) ) ;
#955 = DIRECTION ( 'NONE',  ( -1.000000000000000000, -6.786149265664089312E-15, 8.473294029964204194E-16 ) ) ;
#956 = DIRECTION ( 'NONE',  ( -6.838548019020300451E-15, 0.9934047622419531764, -0.1146602736566088437 ) ) ;
#957 = LINE ( 'NONE', #3423, #78 ) ;
#958 = CARTESIAN_POINT ( 'NONE',  ( -168.4744338194203976, 432.3600401084411260, -127.7784105740869762 ) ) ;
#959 = VERTEX_POINT ( 'NONE', #1394 ) ;
#960 = ORIENTED_EDGE ( 'NONE', *, *, #2015, .F. ) ;
#961 = CARTESIAN_POINT ( 'NONE',  ( -166.2317369937915714, 415.3651592177224074, -271.1585855993797622 ) ) ;
#962 = LINE ( 'NONE', #3187, #2199 ) ;
#963 = ORIENTED_EDGE ( 'NONE', *, *, #3172, .T. ) ;
#964 = ORIENTED_EDGE ( 'NONE', *, *, #1911, .T. ) ;
#965 = LINE ( 'NONE', #2041, #2148 ) ;
#966 = EDGE_CURVE ( 'NONE', #850, #616, #2237, .T. ) ;
#967 = VECTOR ( 'NONE', #2844, 1000.000000000000000 ) ;
#968 = ORIENTED_EDGE ( 'NONE', *, *, #3099, .F. ) ;
#969 = VECTOR ( 'NONE', #1424, 1000.000000000000000 ) ;
#970 = AXIS2_PLACEMENT_3D ( 'NONE', #1635, #2180, #3264 ) ;
#971 = FACE_OUTER_BOUND ( 'NONE', #2330, .T. ) ;
#972 = FACE_OUTER_BOUND ( 'NONE', #3011, .T. ) ;
#973 = CARTESIAN_POINT ( 'NONE',  ( -83.88715726890679036, 415.3924075389354016, -271.2440699042711572 ) ) ;
#974 = CARTESIAN_POINT ( 'NONE',  ( -211.2483413799815821, 427.5074548917029915, -166.0261055910688128 ) ) ;
#975 = EDGE_CURVE ( 'NONE', #3267, #1181, #1441, .T. ) ;
#976 = CARTESIAN_POINT ( 'NONE',  ( -95.43605582364830298, 432.3005349431742843, -127.9532243058769154 ) ) ;
#977 = LINE ( 'NONE', #2713, #2187 ) ;
#978 = ORIENTED_EDGE ( 'NONE', *, *, #2286, .T. ) ;
#979 = CARTESIAN_POINT ( 'NONE',  ( -166.2317369937915714, 415.3339031405883475, -276.1881730943767934 ) ) ;
#980 = CARTESIAN_POINT ( 'NONE',  ( -148.1693451256031722, 426.2425630890891171, -268.8908353518861531 ) ) ;
#981 = CARTESIAN_POINT ( 'NONE',  ( -178.3399648034004485, 415.6740165876786932, -272.8417110005239010 ) ) ;
#982 = CARTESIAN_POINT ( 'NONE',  ( -95.07445627611826922, 432.5902743259085241, -126.6807563769623215 ) ) ;
#983 = DIRECTION ( 'NONE',  ( -6.838548019020300451E-15, 0.9934047622419531764, -0.1146602736566088437 ) ) ;
#984 = ORIENTED_EDGE ( 'NONE', *, *, #1688, .T. ) ;
#985 = EDGE_LOOP ( 'NONE', ( #1860, #3433, #2227, #558, #3487 ) ) ;
#986 = CYLINDRICAL_SURFACE ( 'NONE', #1561, 6.000000000000005329 ) ;
#987 = CARTESIAN_POINT ( 'NONE',  ( -83.23173699379128720, 426.0132425417763784, -270.8776448763701978 ) ) ;
#988 = EDGE_CURVE ( 'NONE', #784, #2991, #1821, .T. ) ;
#989 = ORIENTED_EDGE ( 'NONE', *, *, #2386, .F. ) ;
#990 = CARTESIAN_POINT ( 'NONE',  ( -213.7317369937917988, 422.2780035654932931, -216.0252045997547725 ) ) ;
#991 = DIRECTION ( 'NONE',  ( -6.838548019020300451E-15, 0.9934047622419531764, -0.1146602736566088576 ) ) ;
#992 = EDGE_CURVE ( 'NONE', #959, #3567, #341, .T. ) ;
#993 = CARTESIAN_POINT ( 'NONE',  ( -211.4882438100189859, 427.6998142398161349, -165.2591412901310832 ) ) ;
#994 = DIRECTION ( 'NONE',  ( -1.000000000000000000, 0.000000000000000000, 0.000000000000000000 ) ) ;
#995 = CARTESIAN_POINT ( 'NONE',  ( -99.87793797271632457, 359.5495337427059894, -232.8969373175804378 ) ) ;
#996 = EDGE_CURVE ( 'NONE', #1883, #1778, #1136, .T. ) ;
#997 = ORIENTED_EDGE ( 'NONE', *, *, #2665, .F. ) ;
#998 = CYLINDRICAL_SURFACE ( 'NONE', #3561, 5.999999999999998224 ) ;
#999 = CARTESIAN_POINT ( 'NONE',  ( -39.89447514769593539, 428.7046024162628441, -153.5737056412064589 ) ) ;
#1000 = DIRECTION ( 'NONE',  ( 0.000000000000000000, 0.000000000000000000, -1.000000000000000000 ) ) ;
#1001 = VERTEX_POINT ( 'NONE', #2694 ) ;
#1002 = ORIENTED_EDGE ( 'NONE', *, *, #3082, .F. ) ;
#1003 = CARTESIAN_POINT ( 'NONE',  ( -166.2317369937916567, 442.2376712641860195, -130.3108710191332591 ) ) ;
#1004 = CARTESIAN_POINT ( 'NONE',  ( -41.73173699379097457, 416.3175749920427506, -215.3372429578152207 ) ) ;
#1005 = VERTEX_POINT ( 'NONE', #1518 ) ;
#1006 = VECTOR ( 'NONE', #2569, 1000.000000000000000 ) ;
#1007 = CARTESIAN_POINT ( 'NONE',  ( -212.4344396964945361, 431.5403629302372792, -222.9912449901604248 ) ) ;
#1008 = CARTESIAN_POINT ( 'NONE',  ( -41.73173699379113799, 434.1898011870254095, -269.8081175411391541 ) ) ;
#1009 = VECTOR ( 'NONE', #391, 1000.000000000000227 ) ;
#1010 = DIRECTION ( 'NONE',  ( -6.838548019020301240E-15, 0.9934047622419531764, -0.1146602736566088299 ) ) ;
#1011 = CARTESIAN_POINT ( 'NONE',  ( -35.73173699379125168, 454.9604625425357085, -235.4631741889964189 ) ) ;
#1012 = EDGE_CURVE ( 'NONE', #3359, #2086, #2637, .T. ) ;
#1013 = VECTOR ( 'NONE', #1025, 1000.000000000000000 ) ;
#1014 = ORIENTED_EDGE ( 'NONE', *, *, #3451, .F. ) ;
#1015 = FACE_OUTER_BOUND ( 'NONE', #1449, .T. ) ;
#1016 = LINE ( 'NONE', #1630, #1995 ) ;
#1017 = CARTESIAN_POINT ( 'NONE',  ( -80.81356695983092209, 432.4816098874837849, -127.3282446315620859 ) ) ;
#1018 = LINE ( 'NONE', #243, #2541 ) ;
#1019 = EDGE_LOOP ( 'NONE', ( #2269, #2137, #1634, #1393, #1428, #338 ) ) ;
#1020 = ORIENTED_EDGE ( 'NONE', *, *, #3497, .F. ) ;
#1021 = CARTESIAN_POINT ( 'NONE',  ( -41.73173699378798318, 365.5088712736840648, -183.5554102213083922 ) ) ;
#1022 = EDGE_CURVE ( 'NONE', #2836, #1684, #3526, .T. ) ;
#1023 = DIRECTION ( 'NONE',  ( 0.000000000000000000, -0.9934047622419531764, 0.1146602736566096764 ) ) ;
#1024 = VERTEX_POINT ( 'NONE', #980 ) ;
#1025 = DIRECTION ( 'NONE',  ( 1.000000000000000000, 0.000000000000000000, 0.000000000000000000 ) ) ;
#1026 = VECTOR ( 'NONE', #147, 1000.000000000000000 ) ;
#1027 = PLANE ( 'NONE',  #397 ) ;
#1028 = AXIS2_PLACEMENT_3D ( 'NONE', #895, #2009, #1204 ) ;
#1029 = CIRCLE ( 'NONE', #1487, 6.200000000000038369 ) ;
#1030 = FACE_OUTER_BOUND ( 'NONE', #73, .T. ) ;
#1031 = CARTESIAN_POINT ( 'NONE',  ( -184.2941288619801412, 449.7835984043232997, -134.7050698762329262 ) ) ;
#1032 = CARTESIAN_POINT ( 'NONE',  ( -47.73173699379049850, 351.8853975480748204, -150.7200487394026140 ) ) ;
#1033 = ORIENTED_EDGE ( 'NONE', *, *, #3311, .F. ) ;
#1034 = EDGE_CURVE ( 'NONE', #1930, #802, #3257, .T. ) ;
#1035 = ORIENTED_EDGE ( 'NONE', *, *, #2472, .T. ) ;
#1036 = DIRECTION ( 'NONE',  ( -0.000000000000000000, 0.1146602736566088993, 0.9934047622419531764 ) ) ;
#1037 = FACE_OUTER_BOUND ( 'NONE', #3452, .T. ) ;
#1038 = CARTESIAN_POINT ( 'NONE',  ( -207.7317369937911167, 318.9548487669567294, -256.5075257969722884 ) ) ;
#1039 = EDGE_LOOP ( 'NONE', ( #1203, #55, #233, #2733 ) ) ;
#1040 = ORIENTED_EDGE ( 'NONE', *, *, #3575, .T. ) ;
#1041 = CARTESIAN_POINT ( 'NONE',  ( -99.87793797271632457, 363.7383025401395003, -145.8838680925389042 ) ) ;
#1042 = CARTESIAN_POINT ( 'NONE',  ( -95.21991618933567736, 415.6699334445283398, -273.2768412656137684 ) ) ;
#1043 = EDGE_CURVE ( 'NONE', #1721, #2641, #1926, .T. ) ;
#1044 = ORIENTED_EDGE ( 'NONE', *, *, #1185, .F. ) ;
#1045 = CARTESIAN_POINT ( 'NONE',  ( -37.72846315431124964, 427.8455166417366513, -164.8499682078079331 ) ) ;
#1046 = DIRECTION ( 'NONE',  ( 0.000000000000000000, 0.1146602736566079278, 0.9934047622419532875 ) ) ;
#1047 = FACE_OUTER_BOUND ( 'NONE', #1277, .T. ) ;
#1048 = DIRECTION ( 'NONE',  ( 0.000000000000000000, 0.000000000000000000, -1.000000000000000000 ) ) ;
#1049 = LINE ( 'NONE', #3579, #196 ) ;
#1050 = B_SPLINE_CURVE_WITH_KNOTS ( 'NONE', 3,
 ( #518, #16, #2497, #1122, #2482, #3582, #861, #555, #2243, #3342, #2781, #846, #1140, #1090, #1715, #3083, #1156, #303, #1106, #827, #2544, #1923, #1679, #1647, #2796, #318, #3309, #2259, #2273, #287 ),
 .UNSPECIFIED., .F., .F.,
 ( 4, 2, 2, 2, 2, 2, 2, 2, 2, 2, 2, 2, 2, 2, 4 ),
 ( 3.469446951953614189E-17, 0.0004942134665146095691, 0.0009884269330291844437, 0.001482640399543759101, 0.001976853866058334193, 0.002965280799087365981, 0.003459494265601940639, 0.003953707732116515730, 0.004447921198631090388, 0.004942134665145665046, 0.005436348131660240571, 0.005930561598174815229, 0.006424775064689389886, 0.006918988531203964544, 0.007907415464233144217 ),
 .UNSPECIFIED. ) ;
#1051 = EDGE_LOOP ( 'NONE', ( #1710, #653, #3525, #989, #3456, #1632 ) ) ;
#1052 = DIRECTION ( 'NONE',  ( -6.715058616684432754E-15, 1.000000000000000000, 0.000000000000000000 ) ) ;
#1053 = CARTESIAN_POINT ( 'NONE',  ( -207.7317369937919125, 449.7835984043231292, -134.7050698762328977 ) ) ;
#1054 = EDGE_CURVE ( 'NONE', #717, #301, #229, .T. ) ;
#1055 = ORIENTED_EDGE ( 'NONE', *, *, #2623, .F. ) ;
#1056 = ORIENTED_EDGE ( 'NONE', *, *, #1483, .F. ) ;
#1057 = CYLINDRICAL_SURFACE ( 'NONE', #851, 12.50000000000000888 ) ;
#1058 = EDGE_CURVE ( 'NONE', #2275, #2788, #429, .T. ) ;
#1059 = EDGE_CURVE ( 'NONE', #2521, #2261, #171, .T. ) ;
#1060 = CARTESIAN_POINT ( 'NONE',  ( -212.4344396964944792, 418.6666233145578531, -246.0760257603284913 ) ) ;
#1061 = CARTESIAN_POINT ( 'NONE',  ( -212.4734840876766953, 420.3244612538338174, -231.8012514688021213 ) ) ;
#1062 = ORIENTED_EDGE ( 'NONE', *, *, #440, .F. ) ;
#1063 = VECTOR ( 'NONE', #2383, 1000.000000000000000 ) ;
#1064 = CARTESIAN_POINT ( 'NONE',  ( -213.7317369937917704, 427.7172126955018143, -168.9004587722453437 ) ) ;
#1065 =( NAMED_UNIT ( * ) SI_UNIT ( $, .STERADIAN. ) SOLID_ANGLE_UNIT ( ) );
#1066 = CYLINDRICAL_SURFACE ( 'NONE', #2230, 12.50000000000003553 ) ;
#1067 = CARTESIAN_POINT ( 'NONE',  ( -65.16934512560268900, 410.3480868932184649, -267.0562709733805491 ) ) ;
#1068 = AXIS2_PLACEMENT_3D ( 'NONE', #1305, #1627, #3306 ) ;
#1069 = DIRECTION ( 'NONE',  ( 1.000000000000000000, 0.000000000000000000, 0.000000000000000000 ) ) ;
#1070 = AXIS2_PLACEMENT_3D ( 'NONE', #2884, #364, #3195 ) ;
#1071 = CARTESIAN_POINT ( 'NONE',  ( -41.73173699379108115, 426.2425630890898560, -268.8908353518862100 ) ) ;
#1072 = EDGE_CURVE ( 'NONE', #920, #312, #2575, .T. ) ;
#1073 = VECTOR ( 'NONE', #2405, 1000.000000000000000 ) ;
#1074 = CARTESIAN_POINT ( 'NONE',  ( -184.2941288619800275, 415.6205538247297113, -273.7046611887717518 ) ) ;
#1075 = MECHANICAL_DESIGN_GEOMETRIC_PRESENTATION_REPRESENTATION (  '', ( #642 ), #2583 ) ;
#1076 = VERTEX_POINT ( 'NONE', #2930 ) ;
#1077 = ORIENTED_EDGE ( 'NONE', *, *, #1804, .T. ) ;
#1078 = CARTESIAN_POINT ( 'NONE',  ( -44.73173699379109536, 441.4923794854188372, -136.7680019737059922 ) ) ;
#1079 = EDGE_LOOP ( 'NONE', ( #830, #2444 ) ) ;
#1080 = ORIENTED_EDGE ( 'NONE', *, *, #3409, .F. ) ;
#1081 = EDGE_CURVE ( 'NONE', #2962, #3567, #2966, .T. ) ;
#1082 = CARTESIAN_POINT ( 'NONE',  ( -170.6190386215828028, 387.8832487116333709, -237.2110626194572944 ) ) ;
#1083 = CARTESIAN_POINT ( 'NONE',  ( -35.73173699379108115, 437.9379110020640269, -167.5635496032067238 ) ) ;
#1084 = DIRECTION ( 'NONE',  ( 6.838548019020299662E-15, -0.9934047622419531764, 0.1146602736566088299 ) ) ;
#1085 = DIRECTION ( 'NONE',  ( 1.000000000000000000, 0.000000000000000000, 0.000000000000000000 ) ) ;
#1086 = AXIS2_PLACEMENT_3D ( 'NONE', #1427, #2545, #3054 ) ;
#1087 = DIRECTION ( 'NONE',  ( 0.000000000000000000, 0.1146602736566086772, 0.9934047622419531764 ) ) ;
#1088 = CIRCLE ( 'NONE', #3178, 2.499999999999924505 ) ;
#1089 = ADVANCED_FACE ( 'NONE', ( #3007 ), #3240, .T. ) ;
#1090 = CARTESIAN_POINT ( 'NONE',  ( -38.21529880310565375, 419.7103710187614638, -233.5785807519848163 ) ) ;
#1091 = CIRCLE ( 'NONE', #1323, 2.499999999999993339 ) ;
#1092 = AXIS2_PLACEMENT_3D ( 'NONE', #2878, #3206, #358 ) ;
#1093 = CARTESIAN_POINT ( 'NONE',  ( -99.87793797271632457, 361.7897886024372269, -214.0294717176793711 ) ) ;
#1094 = EDGE_LOOP ( 'NONE', ( #1701, #2279, #2149, #110 ) ) ;
#1095 = ORIENTED_EDGE ( 'NONE', *, *, #738, .F. ) ;
#1096 = CARTESIAN_POINT ( 'NONE',  ( -166.2317369937916567, 442.5243219483275539, -127.8273591135283596 ) ) ;
#1097 = CARTESIAN_POINT ( 'NONE',  ( -207.7317369937911167, 318.9548487669567294, -256.5075257969722884 ) ) ;
#1098 = VERTEX_POINT ( 'NONE', #1575 ) ;
#1099 = VERTEX_POINT ( 'NONE', #2696 ) ;
#1100 = DIRECTION ( 'NONE',  ( -6.838548019020300451E-15, 0.9934047622419531764, -0.1146602736566088576 ) ) ;
#1101 = CARTESIAN_POINT ( 'NONE',  ( -47.73173699379061219, 369.1640239395618437, -152.7716505583119329 ) ) ;
#1102 = EDGE_CURVE ( 'NONE', #596, #1928, #2099, .T. ) ;
#1103 = LINE ( 'NONE', #551, #2524 ) ;
#1104 = DIRECTION ( 'NONE',  ( -1.000000000000000000, -6.793446168915042400E-15, 7.841097872747287127E-16 ) ) ;
#1105 = EDGE_CURVE ( 'NONE', #3224, #2339, #194, .T. ) ;
#1106 = CARTESIAN_POINT ( 'NONE',  ( -38.10224759401219785, 419.6294790859334967, -234.7182815704744883 ) ) ;
#1107 = DIRECTION ( 'NONE',  ( -1.110223024625147232E-14, 0.1146602736566072894, 0.9934047622419535095 ) ) ;
#1108 = EDGE_CURVE ( 'NONE', #3256, #453, #2175, .T. ) ;
#1109 = ORIENTED_EDGE ( 'NONE', *, *, #2087, .F. ) ;
#1110 = ORIENTED_EDGE ( 'NONE', *, *, #2750, .T. ) ;
#1111 = CARTESIAN_POINT ( 'NONE',  ( -207.7317369937918272, 426.2425630890887192, -268.8908353518861531 ) ) ;
#1112 = CARTESIAN_POINT ( 'NONE',  ( -211.5653758108250031, 419.9499772522324861, -232.6722403264329273 ) ) ;
#1113 = ORIENTED_EDGE ( 'NONE', *, *, #604, .T. ) ;
#1114 = EDGE_LOOP ( 'NONE', ( #3105, #2432, #3332, #2197, #3370 ) ) ;
#1115 = DIRECTION ( 'NONE',  ( 0.000000000000000000, 0.1146602736566066649, 0.9934047622419535095 ) ) ;
#1116 = CARTESIAN_POINT ( 'NONE',  ( -207.7317369937887577, 387.8832487116333709, -226.2110626194570955 ) ) ;
#1117 = ORIENTED_EDGE ( 'NONE', *, *, #1774, .T. ) ;
#1118 = DIRECTION ( 'NONE',  ( -6.838548019020300451E-15, 0.9934047622419531764, -0.1146602736566088437 ) ) ;
#1119 = CARTESIAN_POINT ( 'NONE',  ( -65.16934512560280268, 426.2425630890896855, -268.8908353518862100 ) ) ;
#1120 = CIRCLE ( 'NONE', #57, 12.50000000000003553 ) ;
#1121 = AXIS2_PLACEMENT_3D ( 'NONE', #3289, #2978, #808 ) ;
#1122 = CARTESIAN_POINT ( 'NONE',  ( -36.38530414913038413, 420.4509971434040381, -231.5619320001851804 ) ) ;
#1123 = ADVANCED_FACE ( 'NONE', ( #60 ), #619, .F. ) ;
#1124 = CARTESIAN_POINT ( 'NONE',  ( -37.02903429108830125, 426.4635219232084751, -178.5245019278756615 ) ) ;
#1125 = VECTOR ( 'NONE', #1965, 1000.000000000000000 ) ;
#1126 = ORIENTED_EDGE ( 'NONE', *, *, #2336, .T. ) ;
#1127 = VERTEX_POINT ( 'NONE', #403 ) ;
#1128 = CIRCLE ( 'NONE', #2764, 12.50000000000003553 ) ;
#1129 = LINE ( 'NONE', #2228, #1957 ) ;
#1130 = VERTEX_POINT ( 'NONE', #2919 ) ;
#1131 = ORIENTED_EDGE ( 'NONE', *, *, #975, .F. ) ;
#1132 = ADVANCED_FACE ( 'NONE', ( #667, #3442, #1224 ), #683, .F. ) ;
#1133 = CARTESIAN_POINT ( 'NONE',  ( -35.73173699379125168, 454.6738118583941741, -237.9466860946014037 ) ) ;
#1134 = DIRECTION ( 'NONE',  ( 0.000000000000000000, 0.1146602736566089270, 0.9934047622419531764 ) ) ;
#1135 = ORIENTED_EDGE ( 'NONE', *, *, #718, .F. ) ;
#1136 = LINE ( 'NONE', #858, #1525 ) ;
#1137 = B_SPLINE_CURVE_WITH_KNOTS ( 'NONE', 3,
 ( #495, #2753, #248, #1371 ),
 .UNSPECIFIED., .F., .F.,
 ( 4, 4 ),
 ( 0.000000000000000000, 0.001354207433444793579 ),
 .UNSPECIFIED. ) ;
#1138 = CARTESIAN_POINT ( 'NONE',  ( -41.73173699379113799, 440.1592892858495247, -218.0890895255738258 ) ) ;
#1139 = B_SPLINE_CURVE_WITH_KNOTS ( 'NONE', 3,
 ( #673, #130, #981, #921 ),
 .UNSPECIFIED., .F., .F.,
 ( 4, 4 ),
 ( 0.000000000000000000, 0.001354207433444793579 ),
 .UNSPECIFIED. ) ;
#1140 = CARTESIAN_POINT ( 'NONE',  ( -38.15032784775345220, 419.7763582208870616, -233.2604800135012511 ) ) ;
#1141 = CARTESIAN_POINT ( 'NONE',  ( -35.73173699379101720, 418.1359259764956846, -251.9117367984323721 ) ) ;
#1142 = AXIS2_PLACEMENT_3D ( 'NONE', #2514, #1173, #1941 ) ;
#1143 = EDGE_CURVE ( 'NONE', #3512, #3609, #2185, .T. ) ;
#1144 = ORIENTED_EDGE ( 'NONE', *, *, #1859, .F. ) ;
#1145 = AXIS2_PLACEMENT_3D ( 'NONE', #2780, #3081, #2559 ) ;
#1146 = ORIENTED_EDGE ( 'NONE', *, *, #1165, .T. ) ;
#1147 = CARTESIAN_POINT ( 'NONE',  ( -207.7317369937918272, 441.8363603063875757, -133.7877876869800389 ) ) ;
#1148 = ORIENTED_EDGE ( 'NONE', *, *, #718, .T. ) ;
#1149 = ORIENTED_EDGE ( 'NONE', *, *, #2431, .F. ) ;
#1150 = CARTESIAN_POINT ( 'NONE',  ( -83.23173699379121615, 415.6205538247303934, -273.7046611887718655 ) ) ;
#1151 = CARTESIAN_POINT ( 'NONE',  ( -166.0668764988445787, 431.7615783506175262, -129.1017045987801737 ) ) ;
#1152 = LINE ( 'NONE', #1378, #3437 ) ;
#1153 = EDGE_CURVE ( 'NONE', #2598, #3147, #953, .T. ) ;
#1154 = ORIENTED_EDGE ( 'NONE', *, *, #1331, .F. ) ;
#1155 = LINE ( 'NONE', #2271, #3115 ) ;
#1156 = CARTESIAN_POINT ( 'NONE',  ( -38.21513260760132624, 419.6345720086628148, -234.2359493248183355 ) ) ;
#1157 = DIRECTION ( 'NONE',  ( -1.000000000000000000, -6.793446168915042400E-15, 7.841097872747287127E-16 ) ) ;
#1158 = DIRECTION ( 'NONE',  ( -1.000000000000000000, -6.793446168915042400E-15, 7.841097872747269378E-16 ) ) ;
#1159 = ORIENTED_EDGE ( 'NONE', *, *, #2921, .F. ) ;
#1160 = EDGE_LOOP ( 'NONE', ( #1452, #3060, #709, #221, #3533, #1135, #1577, #864, #1504 ) ) ;
#1161 = CYLINDRICAL_SURFACE ( 'NONE', #1663, 5.999999999999970690 ) ;
#1162 = ORIENTED_EDGE ( 'NONE', *, *, #1541, .F. ) ;
#1163 = ORIENTED_EDGE ( 'NONE', *, *, #3612, .F. ) ;
#1164 = CYLINDRICAL_SURFACE ( 'NONE', #779, 2.500000000000089706 ) ;
#1165 = EDGE_CURVE ( 'NONE', #3282, #2991, #1808, .T. ) ;
#1166 = EDGE_CURVE ( 'NONE', #18, #882, #2323, .T. ) ;
#1167 = CARTESIAN_POINT ( 'NONE',  ( -47.73173699379056956, 355.6330366698379066, -213.2984411845039006 ) ) ;
#1168 = EDGE_LOOP ( 'NONE', ( #3204, #944, #2455, #857 ) ) ;
#1169 = CARTESIAN_POINT ( 'NONE',  ( -47.73173699379051271, 350.0314268374287963, -187.9612261188043760 ) ) ;
#1170 = LINE ( 'NONE', #345, #906 ) ;
#1171 = DIRECTION ( 'NONE',  ( 0.000000000000000000, -0.9934047622419531764, 0.1146602736566096764 ) ) ;
#1172 = VECTOR ( 'NONE', #3288, 1000.000000000000000 ) ;
#1173 = DIRECTION ( 'NONE',  ( 1.000000000000000000, 0.000000000000000000, 0.000000000000000000 ) ) ;
#1174 = CARTESIAN_POINT ( 'NONE',  ( -41.73173699379097457, 416.3175749920427506, -215.3372429578152207 ) ) ;
#1175 = CIRCLE ( 'NONE', #399, 2.500000000000034639 ) ;
#1176 = ORIENTED_EDGE ( 'NONE', *, *, #232, .F. ) ;
#1177 = ORIENTED_EDGE ( 'NONE', *, *, #2363, .F. ) ;
#1178 = CYLINDRICAL_SURFACE ( 'NONE', #3063, 5.999999999999998224 ) ;
#1179 = AXIS2_PLACEMENT_3D ( 'NONE', #1745, #2856, #1791 ) ;
#1180 = ORIENTED_EDGE ( 'NONE', *, *, #3119, .F. ) ;
#1181 = VERTEX_POINT ( 'NONE', #3209 ) ;
#1182 = CIRCLE ( 'NONE', #468, 6.200000000000926548 ) ;
#1183 = CARTESIAN_POINT ( 'NONE',  ( -166.2317369937918272, 467.0571214133070725, -130.6589717724700392 ) ) ;
#1184 = CIRCLE ( 'NONE', #3571, 12.50000000000003553 ) ;
#1185 = EDGE_CURVE ( 'NONE', #2061, #566, #2418, .T. ) ;
#1186 = ORIENTED_EDGE ( 'NONE', *, *, #410, .F. ) ;
#1187 = DIRECTION ( 'NONE',  ( 0.000000000000000000, -0.1146602736566104674, -0.9934047622419530654 ) ) ;
#1188 = CARTESIAN_POINT ( 'NONE',  ( -178.0744562761186103, 432.5902743259079557, -126.6807563769622789 ) ) ;
#1189 = CARTESIAN_POINT ( 'NONE',  ( -99.87793797271632457, 350.0314268374284552, -187.9612261188043192 ) ) ;
#1190 = CARTESIAN_POINT ( 'NONE',  ( -41.73173699379097457, 416.3175749920427506, -215.3372429578151923 ) ) ;
#1191 = CARTESIAN_POINT ( 'NONE',  ( -101.2941288619797007, 415.6205538247302798, -273.7046611887718086 ) ) ;
#1192 = EDGE_CURVE ( 'NONE', #1198, #592, #2475, .T. ) ;
#1193 = VERTEX_POINT ( 'NONE', #1247 ) ;
#1194 = VERTEX_POINT ( 'NONE', #1771 ) ;
#1195 = DIRECTION ( 'NONE',  ( -6.838548019020300451E-15, 0.9934047622419531764, -0.1146602736566088576 ) ) ;
#1196 = CIRCLE ( 'NONE', #2593, 2.500000000000007105 ) ;
#1197 = FACE_OUTER_BOUND ( 'NONE', #2646, .T. ) ;
#1198 = VERTEX_POINT ( 'NONE', #2609 ) ;
#1199 = EDGE_LOOP ( 'NONE', ( #1154, #2102, #3591, #1251, #2968, #278, #498, #1615 ) ) ;
#1200 = CARTESIAN_POINT ( 'NONE',  ( -81.97252081859923578, 431.9409210397559491, -128.7859489642980293 ) ) ;
#1201 = CYLINDRICAL_SURFACE ( 'NONE', #200, 2.500000000000034639 ) ;
#1202 = CARTESIAN_POINT ( 'NONE',  ( -41.73173699378798318, 345.7286456154734537, -149.9890182062368922 ) ) ;
#1203 = ORIENTED_EDGE ( 'NONE', *, *, #2272, .T. ) ;
#1204 = DIRECTION ( 'NONE',  ( 0.000000000000000000, 0.1146602736566081637, 0.9934047622419532875 ) ) ;
#1205 = EDGE_CURVE ( 'NONE', #3346, #820, #2758, .T. ) ;
#1206 = CARTESIAN_POINT ( 'NONE',  ( -85.47443381942001395, 432.3600401084416944, -127.7784105740870615 ) ) ;
#1207 = CARTESIAN_POINT ( 'NONE',  ( -85.11496404605982491, 415.5808014930100853, -272.0368660338423297 ) ) ;
#1208 = CARTESIAN_POINT ( 'NONE',  ( -179.0706209194606231, 415.3264836128730622, -269.4803444909134669 ) ) ;
#1209 = DIRECTION ( 'NONE',  ( 0.000000000000000000, 0.1146602736566045833, 0.9934047622419536205 ) ) ;
#1210 = ADVANCED_FACE ( 'NONE', ( #1551 ), #3177, .F. ) ;
#1211 = CARTESIAN_POINT ( 'NONE',  ( -41.73173699379044166, 336.1141554186175426, -230.1143049654918968 ) ) ;
#1212 = EDGE_CURVE ( 'NONE', #1484, #375, #2627, .T. ) ;
#1213 = VERTEX_POINT ( 'NONE', #2401 ) ;
#1214 = VERTEX_POINT ( 'NONE', #3135 ) ;
#1215 = CARTESIAN_POINT ( 'NONE',  ( -164.0664989538064731, 415.6337194379506172, -272.4376535971218800 ) ) ;
#1216 = CARTESIAN_POINT ( 'NONE',  ( -151.1042086937334830, 413.2635943383289145, -267.3927832332470302 ) ) ;
#1217 = ORIENTED_EDGE ( 'NONE', *, *, #2496, .F. ) ;
#1218 = EDGE_LOOP ( 'NONE', ( #1741, #3550 ) ) ;
#1219 = DIRECTION ( 'NONE',  ( -6.838548019020299662E-15, 0.9934047622419531764, -0.1146602736566088576 ) ) ;
#1220 = CARTESIAN_POINT ( 'NONE',  ( -184.2941288619800275, 415.6205538247297113, -273.7046611887717518 ) ) ;
#1221 = VERTEX_POINT ( 'NONE', #2863 ) ;
#1222 = DIRECTION ( 'NONE',  ( 6.838548019020299662E-15, -0.9934047622419531764, 0.1146602736566088576 ) ) ;
#1223 = DIRECTION ( 'NONE',  ( -6.838548019020300451E-15, 0.9934047622419531764, -0.1146602736566088299 ) ) ;
#1224 = FACE_OUTER_BOUND ( 'NONE', #3436, .T. ) ;
#1225 = CARTESIAN_POINT ( 'NONE',  ( -211.5500286518168025, 427.4526516185400737, -167.6249650658986354 ) ) ;
#1226 = SURFACE_SIDE_STYLE ('',( #2684 ) ) ;
#1227 = CARTESIAN_POINT ( 'NONE',  ( -35.73173699379101720, 429.3617528133945029, -154.6523331336823617 ) ) ;
#1228 = CARTESIAN_POINT ( 'NONE',  ( -168.6646464210509748, 432.4857258812472196, -127.3355058154646571 ) ) ;
#1229 = ORIENTED_EDGE ( 'NONE', *, *, #1448, .F. ) ;
#1230 = ADVANCED_FACE ( 'NONE', ( #347 ), #1476, .F. ) ;
#1231 = ORIENTED_EDGE ( 'NONE', *, *, #604, .F. ) ;
#1232 = VECTOR ( 'NONE', #3218, 1000.000000000000000 ) ;
#1233 = CARTESIAN_POINT ( 'NONE',  ( -163.7481816829460399, 432.5454856144414748, -127.0085579660214279 ) ) ;
#1234 = CARTESIAN_POINT ( 'NONE',  ( -213.7317369937919693, 462.4707104670423519, -170.3951622621482329 ) ) ;
#1235 = VECTOR ( 'NONE', #2855, 1000.000000000000000 ) ;
#1236 = EDGE_LOOP ( 'NONE', ( #1917, #3090, #2934, #1231, #1399, #1056, #52, #621 ) ) ;
#1237 = VERTEX_POINT ( 'NONE', #2169 ) ;
#1238 = CARTESIAN_POINT ( 'NONE',  ( -81.70397061520003490, 432.0276299175420149, -128.6144654548182302 ) ) ;
#1239 = CARTESIAN_POINT ( 'NONE',  ( -99.87793797271632457, 365.5088712736840648, -183.5554102213083922 ) ) ;
#1240 = CARTESIAN_POINT ( 'NONE',  ( -80.73173699379127299, 415.6205538247303934, -273.7046611887718086 ) ) ;
#1241 = AXIS2_PLACEMENT_3D ( 'NONE', #1485, #1195, #3143 ) ;
#1242 = EDGE_CURVE ( 'NONE', #1972, #1978, #3565, .T. ) ;
#1243 = VERTEX_POINT ( 'NONE', #3541 ) ;
#1244 = VECTOR ( 'NONE', #1566, 1000.000000000000000 ) ;
#1245 = DIRECTION ( 'NONE',  ( 0.000000000000000000, 0.000000000000000000, -1.000000000000000000 ) ) ;
#1246 = CARTESIAN_POINT ( 'NONE',  ( -178.4360558236486725, 432.3005349431737727, -127.9532243058768586 ) ) ;
#1247 = CARTESIAN_POINT ( 'NONE',  ( -47.73173699379037060, 336.8408986290439202, -127.7088875264879562 ) ) ;
#1248 = LINE ( 'NONE', #1830, #1580 ) ;
#1249 = DIRECTION ( 'NONE',  ( 0.000000000000000000, 0.000000000000000000, 1.000000000000000000 ) ) ;
#1250 = CARTESIAN_POINT ( 'NONE',  ( -65.16934512560274584, 432.5902743259086947, -126.6807563769623499 ) ) ;
#1251 = ORIENTED_EDGE ( 'NONE', *, *, #587, .F. ) ;
#1252 = LINE ( 'NONE', #2655, #459 ) ;
#1253 = FACE_OUTER_BOUND ( 'NONE', #2407, .T. ) ;
#1254 = CARTESIAN_POINT ( 'NONE',  ( -37.02903429108830125, 426.4635219232084751, -178.5245019278756615 ) ) ;
#1255 = AXIS2_PLACEMENT_3D ( 'NONE', #2519, #2250, #310 ) ;
#1256 = ADVANCED_FACE ( 'NONE', ( #2189 ), #1608, .F. ) ;
#1257 = ORIENTED_EDGE ( 'NONE', *, *, #159, .T. ) ;
#1258 = AXIS2_PLACEMENT_3D ( 'NONE', #3037, #3548, #3583 ) ;
#1259 = VERTEX_POINT ( 'NONE', #2427 ) ;
#1260 = DIRECTION ( 'NONE',  ( 0.000000000000000000, -0.9930245052579498299, 0.1179081505121849921 ) ) ;
#1261 = EDGE_CURVE ( 'NONE', #1024, #959, #2419, .T. ) ;
#1262 = VECTOR ( 'NONE', #2814, 1000.000000000000000 ) ;
#1263 = ORIENTED_EDGE ( 'NONE', *, *, #2415, .T. ) ;
#1264 = CIRCLE ( 'NONE', #1843, 10.99999999999995381 ) ;
#1265 = CIRCLE ( 'NONE', #490, 2.500000000000034639 ) ;
#1266 = EDGE_CURVE ( 'NONE', #3262, #676, #1755, .T. ) ;
#1267 = LINE ( 'NONE', #1790, #1293 ) ;
#1268 = CARTESIAN_POINT ( 'NONE',  ( -85.60200714945393941, 415.6607851380597367, -272.8924084959491552 ) ) ;
#1269 = CARTESIAN_POINT ( 'NONE',  ( -166.2317369937916283, 442.0656808537010534, -131.8009781624961931 ) ) ;
#1270 = FACE_OUTER_BOUND ( 'NONE', #1051, .T. ) ;
#1271 = DIRECTION ( 'NONE',  ( 6.838548019020299662E-15, -0.9934047622419531764, 0.1146602736566088299 ) ) ;
#1272 = ADVANCED_FACE ( 'NONE', ( #748 ), #1869, .T. ) ;
#1273 = ORIENTED_EDGE ( 'NONE', *, *, #2242, .T. ) ;
#1274 = PLANE ( 'NONE',  #179 ) ;
#1275 = CARTESIAN_POINT ( 'NONE',  ( -166.0671271101308832, 415.3651592177224643, -271.1585855993798191 ) ) ;
#1276 = LINE ( 'NONE', #355, #2770 ) ;
#1277 = EDGE_LOOP ( 'NONE', ( #3474, #356, #1728, #2395 ) ) ;
#1278 = ORIENTED_EDGE ( 'NONE', *, *, #658, .T. ) ;
#1279 = LINE ( 'NONE', #438, #3467 ) ;
#1280 = CARTESIAN_POINT ( 'NONE',  ( -71.02741816393420038, 442.3755734852060755, -129.1161004267071917 ) ) ;
#1281 = ORIENTED_EDGE ( 'NONE', *, *, #2021, .F. ) ;
#1282 = EDGE_CURVE ( 'NONE', #1675, #2720, #2744, .T. ) ;
#1283 = CARTESIAN_POINT ( 'NONE',  ( -213.7317369937917704, 422.2780035654932931, -216.0252045997547725 ) ) ;
#1284 = CARTESIAN_POINT ( 'NONE',  ( -83.23173699379145773, 467.3437720974491754, -128.1754598668651965 ) ) ;
#1285 = CARTESIAN_POINT ( 'NONE',  ( -47.73173699379049140, 347.4992143490205763, -187.6605603349982232 ) ) ;
#1286 = LINE ( 'NONE', #283, #1662 ) ;
#1287 = CARTESIAN_POINT ( 'NONE',  ( -39.89447514769592118, 417.9634839188881301, -246.6336463409220414 ) ) ;
#1288 = ORIENTED_EDGE ( 'NONE', *, *, #943, .F. ) ;
#1289 = EDGE_CURVE ( 'NONE', #2599, #1982, #2462, .T. ) ;
#1290 = CARTESIAN_POINT ( 'NONE',  ( -154.0274181639344988, 415.7693022878520424, -272.4159198755930333 ) ) ;
#1291 = CARTESIAN_POINT ( 'NONE',  ( -166.3962858242075811, 415.3651592177224074, -271.1585855993798191 ) ) ;
#1292 = CARTESIAN_POINT ( 'NONE',  ( -207.7317369937919125, 434.1898011870242726, -269.8081175411390404 ) ) ;
#1293 = VECTOR ( 'NONE', #346, 1000.000000000000000 ) ;
#1294 = VERTEX_POINT ( 'NONE', #1067 ) ;
#1295 = ORIENTED_EDGE ( 'NONE', *, *, #838, .T. ) ;
#1296 = DIRECTION ( 'NONE',  ( 0.000000000000000000, 0.1146602736566066649, 0.9934047622419535095 ) ) ;
#1297 = AXIS2_PLACEMENT_3D ( 'NONE', #2253, #1971, #3594 ) ;
#1298 = CARTESIAN_POINT ( 'NONE',  ( -207.7317369937918272, 440.0089497965622627, -149.6202835038678529 ) ) ;
#1299 = EDGE_LOOP ( 'NONE', ( #3375, #2317, #1488, #1918 ) ) ;
#1300 = AXIS2_PLACEMENT_3D ( 'NONE', #2493, #3608, #300 ) ;
#1301 = LINE ( 'NONE', #2424, #1013 ) ;
#1302 = VECTOR ( 'NONE', #3220, 1000.000000000000000 ) ;
#1303 = DIRECTION ( 'NONE',  ( 0.000000000000000000, 0.000000000000000000, -1.000000000000000000 ) ) ;
#1304 = EDGE_CURVE ( 'NONE', #1783, #804, #1626, .T. ) ;
#1305 = CARTESIAN_POINT ( 'NONE',  ( -209.7317369937917135, 420.2069647709939204, -233.9684706990935297 ) ) ;
#1306 = AXIS2_PLACEMENT_3D ( 'NONE', #3546, #734, #1856 ) ;
#1307 = LINE ( 'NONE', #239, #2438 ) ;
#1308 = DIRECTION ( 'NONE',  ( 0.000000000000000000, 0.1146602736566079278, 0.9934047622419532875 ) ) ;
#1309 = ORIENTED_EDGE ( 'NONE', *, *, #935, .F. ) ;
#1310 = LINE ( 'NONE', #3441, #2048 ) ;
#1311 = CARTESIAN_POINT ( 'NONE',  ( -167.7593579194387701, 415.5131925633070864, -271.6935119628306552 ) ) ;
#1312 = FACE_OUTER_BOUND ( 'NONE', #371, .T. ) ;
#1313 = ORIENTED_EDGE ( 'NONE', *, *, #1744, .F. ) ;
#1314 = EDGE_LOOP ( 'NONE', ( #2821, #457, #1736, #662, #781, #758, #12, #2870, #2891, #3123, #2846, #2624 ) ) ;
#1315 = DIRECTION ( 'NONE',  ( -6.838548019020300451E-15, 0.9934047622419531764, -0.1146602736566088576 ) ) ;
#1316 = CARTESIAN_POINT ( 'NONE',  ( -165.5764699771437165, 431.8075834128149495, -129.0246756266137140 ) ) ;
#1317 = CARTESIAN_POINT ( 'NONE',  ( -82.12024709971720426, 415.4453574138565841, -271.4243206189772195 ) ) ;
#1318 = CARTESIAN_POINT ( 'NONE',  ( -213.0696057998687252, 420.4571944960734413, -231.5485997546014687 ) ) ;
#1319 = ORIENTED_EDGE ( 'NONE', *, *, #183, .F. ) ;
#1320 = CARTESIAN_POINT ( 'NONE',  ( -35.89897709924796487, 428.2905140637860768, -163.9334349610356867 ) ) ;
#1321 = AXIS2_PLACEMENT_3D ( 'NONE', #3615, #2225, #2498 ) ;
#1322 = CARTESIAN_POINT ( 'NONE',  ( -179.0706209194606515, 431.3416027222762068, -130.7270074912148061 ) ) ;
#1323 = AXIS2_PLACEMENT_3D ( 'NONE', #1440, #1645, #1922 ) ;
#1324 = FACE_BOUND ( 'NONE', #2706, .T. ) ;
#1325 = EDGE_CURVE ( 'NONE', #1667, #2836, #2551, .T. ) ;
#1326 = DIRECTION ( 'NONE',  ( 1.000000000000000000, 0.000000000000000000, 0.000000000000000000 ) ) ;
#1327 = FACE_OUTER_BOUND ( 'NONE', #1861, .T. ) ;
#1328 =( BOUNDED_CURVE ( )  B_SPLINE_CURVE ( 3, ( #581, #326, #1451, #855 ),
 .UNSPECIFIED., .F., .T. ) 
 B_SPLINE_CURVE_WITH_KNOTS ( ( 4, 4 ),
 ( 0.2179373405908311134, 1.570796326794895892 ),
 .UNSPECIFIED. ) 
 CURVE ( )  GEOMETRIC_REPRESENTATION_ITEM ( )  RATIONAL_B_SPLINE_CURVE ( ( 1.000000000000000000, 0.8532085782433711518, 0.8532085782433711518, 1.000000000000000000 ) ) 
 REPRESENTATION_ITEM ( '' )  );
#1329 = VERTEX_POINT ( 'NONE', #3590 ) ;
#1330 = ORIENTED_EDGE ( 'NONE', *, *, #143, .T. ) ;
#1331 = EDGE_CURVE ( 'NONE', #924, #3516, #1364, .T. ) ;
#1332 = CARTESIAN_POINT ( 'NONE',  ( -168.6499062640746729, 415.6622222288896751, -273.0496842507234305 ) ) ;
#1333 = CARTESIAN_POINT ( 'NONE',  ( -80.98699883382190023, 432.3613115611867102, -127.7742253347903016 ) ) ;
#1334 = DIRECTION ( 'NONE',  ( -6.838548019020300451E-15, 0.9934047622419531764, -0.1146602736566088437 ) ) ;
#1335 = ORIENTED_EDGE ( 'NONE', *, *, #713, .T. ) ;
#1336 = ORIENTED_EDGE ( 'NONE', *, *, #1726, .T. ) ;
#1337 = DIRECTION ( 'NONE',  ( -6.838548019020300451E-15, 0.9934047622419531764, -0.1146602736566088437 ) ) ;
#1338 = CARTESIAN_POINT ( 'NONE',  ( -81.58072992631841203, 415.5363094684028624, -271.7982114477205755 ) ) ;
#1339 = LINE ( 'NONE', #783, #1939 ) ;
#1340 = ORIENTED_EDGE ( 'NONE', *, *, #2280, .T. ) ;
#1341 = LINE ( 'NONE', #1082, #3051 ) ;
#1342 = LINE ( 'NONE', #204, #1172 ) ;
#1343 = DIRECTION ( 'NONE',  ( -1.000000000000000000, 0.000000000000000000, 0.000000000000000000 ) ) ;
#1344 = CARTESIAN_POINT ( 'NONE',  ( -47.73173699379045587, 345.7286456154734537, -149.9890182062368922 ) ) ;
#1345 = CARTESIAN_POINT ( 'NONE',  ( -71.38901771146416309, 432.5902743259086378, -126.6807563769623215 ) ) ;
#1346 = CARTESIAN_POINT ( 'NONE',  ( -166.2317369937916567, 425.5546014471493663, -274.8512639253378893 ) ) ;
#1347 = CARTESIAN_POINT ( 'NONE',  ( -39.73173699379107404, 430.1410123934145417, -235.1150734356597241 ) ) ;
#1348 = DIRECTION ( 'NONE',  ( 0.000000000000000000, 0.1146602736566081637, 0.9934047622419532875 ) ) ;
#1349 = EDGE_CURVE ( 'NONE', #2390, #1405, #1339, .T. ) ;
#1350 = ORIENTED_EDGE ( 'NONE', *, *, #2015, .T. ) ;
#1351 = ORIENTED_EDGE ( 'NONE', *, *, #2458, .F. ) ;
#1352 = CARTESIAN_POINT ( 'NONE',  ( -39.73173699379100299, 428.0038633796444856, -166.4169468666406715 ) ) ;
#1353 = DIRECTION ( 'NONE',  ( 1.000000000000000000, 6.938893903907196034E-15, -8.673617379883995043E-16 ) ) ;
#1354 = ORIENTED_EDGE ( 'NONE', *, *, #2229, .F. ) ;
#1355 = CIRCLE ( 'NONE', #2177, 5.999999999999970690 ) ;
#1356 = DIRECTION ( 'NONE',  ( -1.000000000000000000, 0.000000000000000000, 0.000000000000000000 ) ) ;
#1357 = DIRECTION ( 'NONE',  ( 0.000000000000000000, -0.9934047622419531764, 0.1146602736566088299 ) ) ;
#1358 = EDGE_CURVE ( 'NONE', #3302, #1237, #3553, .T. ) ;
#1359 = CARTESIAN_POINT ( 'NONE',  ( -154.0274181639344704, 432.4415258627860226, -127.9694976901410399 ) ) ;
#1360 = AXIS2_PLACEMENT_3D ( 'NONE', #2212, #191, #3255 ) ;
#1361 = DIRECTION ( 'NONE',  ( 0.000000000000000000, -0.1146602736566117164, -0.9934047622419528434 ) ) ;
#1362 = CIRCLE ( 'NONE', #2348, 12.50000000000003553 ) ;
#1363 = DIRECTION ( 'NONE',  ( 0.000000000000000000, -0.1146602736566041392, -0.9934047622419538426 ) ) ;
#1364 = B_SPLINE_CURVE_WITH_KNOTS ( 'NONE', 3,
 ( #526, #3316, #6, #886, #2001, #2218, #818, #3363, #866, #1981, #3044, #2502, #3330, #1433, #3089, #2774, #2819, #265, #1388, #3604, #1112, #2231, #2786, #2973, #2705, #1061, #1583, #1318, #2443, #497 ),
 .UNSPECIFIED., .F., .F.,
 ( 4, 2, 2, 2, 2, 2, 2, 2, 2, 2, 2, 2, 2, 2, 4 ),
 ( 5.551115123125782702E-17, 0.0004942134665145896198, 0.0009884269330291237284, 0.001482640399543657837, 0.001976853866058191946, 0.002965280799087260163, 0.003459494265601814438, 0.003953707732116368279, 0.004447921198630922987, 0.004942134665145476828, 0.005436348131660031537, 0.005930561598174585378, 0.006424775064689140086, 0.006918988531203693927, 0.007907415464232788599 ),
 .UNSPECIFIED. ) ;
#1365 = VECTOR ( 'NONE', #2155, 1000.000000000000000 ) ;
#1366 = CARTESIAN_POINT ( 'NONE',  ( -213.7317369937917988, 430.0749021741427214, -148.4736807673017722 ) ) ;
#1367 = LINE ( 'NONE', #1093, #660 ) ;
#1368 = CIRCLE ( 'NONE', #1703, 12.50000000000006395 ) ;
#1369 = ORIENTED_EDGE ( 'NONE', *, *, #1102, .F. ) ;
#1370 = ORIENTED_EDGE ( 'NONE', *, *, #2556, .T. ) ;
#1371 = CARTESIAN_POINT ( 'NONE',  ( -71.38901771146413466, 415.6205538247305071, -273.7046611887718086 ) ) ;
#1372 = EDGE_CURVE ( 'NONE', #3383, #1259, #774, .T. ) ;
#1373 = ORIENTED_EDGE ( 'NONE', *, *, #2994, .T. ) ;
#1374 = ORIENTED_EDGE ( 'NONE', *, *, #1884, .T. ) ;
#1375 = CARTESIAN_POINT ( 'NONE',  ( -41.73173699379113799, 449.7835984043242661, -134.7050698762330398 ) ) ;
#1376 = EDGE_CURVE ( 'NONE', #1243, #1001, #3096, .T. ) ;
#1377 = AXIS2_PLACEMENT_3D ( 'NONE', #1053, #778, #2160 ) ;
#1378 = CARTESIAN_POINT ( 'NONE',  ( -201.7317369937910883, 322.6230246956233145, -250.8910780444904560 ) ) ;
#1379 = AXIS2_PLACEMENT_3D ( 'NONE', #368, #88, #934 ) ;
#1380 = DIRECTION ( 'NONE',  ( -6.838548019020299662E-15, 0.9934047622419531764, -0.1146602736566088576 ) ) ;
#1381 = AXIS2_PLACEMENT_3D ( 'NONE', #2606, #379, #2027 ) ;
#1382 = LINE ( 'NONE', #3372, #3513 ) ;
#1383 = AXIS2_PLACEMENT_3D ( 'NONE', #2396, #1315, #1929 ) ;
#1384 = DIRECTION ( 'NONE',  ( -1.000000000000000000, 0.000000000000000000, 0.000000000000000000 ) ) ;
#1385 = VERTEX_POINT ( 'NONE', #3287 ) ;
#1386 = VERTEX_POINT ( 'NONE', #531 ) ;
#1387 = LINE ( 'NONE', #1041, #664 ) ;
#1388 = CARTESIAN_POINT ( 'NONE',  ( -211.3612263935706892, 419.8154764773357783, -233.1068193918812312 ) ) ;
#1389 = VERTEX_POINT ( 'NONE', #3341 ) ;
#1390 = CARTESIAN_POINT ( 'NONE',  ( -37.26021287460162768, 427.5812674467711076, -168.3663531100354760 ) ) ;
#1391 = CARTESIAN_POINT ( 'NONE',  ( -213.7317369937917988, 429.8543617092718705, -237.5985853412643678 ) ) ;
#1392 = ADVANCED_FACE ( 'NONE', ( #3117 ), #1730, .T. ) ;
#1393 = ORIENTED_EDGE ( 'NONE', *, *, #572, .T. ) ;
#1394 = CARTESIAN_POINT ( 'NONE',  ( -154.0274181639345557, 425.7033499102715268, -273.5625226121591140 ) ) ;
#1395 = PLANE ( 'NONE',  #262 ) ;
#1396 = DIRECTION ( 'NONE',  ( -2.781348371235945872E-16, -0.1146602736566088299, -0.9934047622419531764 ) ) ;
#1397 = CYLINDRICAL_SURFACE ( 'NONE', #2012, 5.999999999999998224 ) ;
#1398 = EDGE_CURVE ( 'NONE', #1214, #602, #332, .T. ) ;
#1399 = ORIENTED_EDGE ( 'NONE', *, *, #663, .F. ) ;
#1400 = VERTEX_POINT ( 'NONE', #1174 ) ;
#1401 = CARTESIAN_POINT ( 'NONE',  ( -47.73173699379056956, 353.3927818101066123, -232.1659067844049957 ) ) ;
#1402 = VERTEX_POINT ( 'NONE', #918 ) ;
#1403 = CARTESIAN_POINT ( 'NONE',  ( -166.2317369937918272, 450.0874009121288850, -277.6828765842795406 ) ) ;
#1404 = CARTESIAN_POINT ( 'NONE',  ( -153.3928530681224629, 431.3416027222763205, -130.7270074912148345 ) ) ;
#1405 = VERTEX_POINT ( 'NONE', #106 ) ;
#1406 = VECTOR ( 'NONE', #1849, 1000.000000000000000 ) ;
#1407 = DIRECTION ( 'NONE',  ( 1.156482317317871725E-15, 0.1146602736566045833, 0.9934047622419536205 ) ) ;
#1408 = ADVANCED_FACE ( 'NONE', ( #1733 ), #2053, .F. ) ;
#1409 = CIRCLE ( 'NONE', #2630, 5.999999999999998224 ) ;
#1410 = DIRECTION ( 'NONE',  ( 0.000000000000000000, 0.1146602736566045833, 0.9934047622419536205 ) ) ;
#1411 = VECTOR ( 'NONE', #3259, 1000.000000000000000 ) ;
#1412 = CARTESIAN_POINT ( 'NONE',  ( -35.73173699379101720, 427.7172126955030080, -168.9004587722455426 ) ) ;
#1413 = DIRECTION ( 'NONE',  ( 2.267975102510408941E-30, -0.1146602736566088299, -0.9934047622419531764 ) ) ;
#1414 = VECTOR ( 'NONE', #50, 1000.000000000000000 ) ;
#1415 = ORIENTED_EDGE ( 'NONE', *, *, #838, .F. ) ;
#1416 = ORIENTED_EDGE ( 'NONE', *, *, #2818, .F. ) ;
#1417 = CYLINDRICAL_SURFACE ( 'NONE', #1255, 5.999999999999970690 ) ;
#1418 = ADVANCED_FACE ( 'NONE', ( #1794 ), #2632, .T. ) ;
#1419 = EDGE_LOOP ( 'NONE', ( #251, #1461, #1369, #2500 ) ) ;
#1420 = DIRECTION ( 'NONE',  ( -3.944304526105059027E-31, -0.1146602736566088299, -0.9934047622419531764 ) ) ;
#1421 = DIRECTION ( 'NONE',  ( 0.000000000000000000, 0.000000000000000000, -1.000000000000000000 ) ) ;
#1422 = ORIENTED_EDGE ( 'NONE', *, *, #133, .T. ) ;
#1423 = CARTESIAN_POINT ( 'NONE',  ( -101.2941288619796723, 410.3480868932182375, -267.0562709733804923 ) ) ;
#1424 = DIRECTION ( 'NONE',  ( 1.000000000000000000, 0.000000000000000000, 0.000000000000000000 ) ) ;
#1425 = EDGE_CURVE ( 'NONE', #1294, #3346, #880, .T. ) ;
#1426 = DIRECTION ( 'NONE',  ( 0.000000000000000000, 0.1146602736566104674, 0.9934047622419530654 ) ) ;
#1427 = CARTESIAN_POINT ( 'NONE',  ( -41.73173699378798318, 353.3927818101066123, -232.1659067844049957 ) ) ;
#1428 = ORIENTED_EDGE ( 'NONE', *, *, #633, .T. ) ;
#1429 = EDGE_CURVE ( 'NONE', #2641, #882, #889, .T. ) ;
#1430 = EDGE_CURVE ( 'NONE', #3516, #924, #2579, .T. ) ;
#1431 = VERTEX_POINT ( 'NONE', #2845 ) ;
#1432 = FACE_OUTER_BOUND ( 'NONE', #174, .T. ) ;
#1433 = CARTESIAN_POINT ( 'NONE',  ( -211.2481751844771622, 419.6346083360520538, -234.2349808058336293 ) ) ;
#1434 = ORIENTED_EDGE ( 'NONE', *, *, #2537, .T. ) ;
#1435 = ORIENTED_EDGE ( 'NONE', *, *, #3459, .T. ) ;
#1436 = DIRECTION ( 'NONE',  ( 1.000000000000000000, 6.793446168915041611E-15, -7.841097872747296002E-16 ) ) ;
#1437 = EDGE_CURVE ( 'NONE', #2226, #740, #628, .T. ) ;
#1438 = VERTEX_POINT ( 'NONE', #89 ) ;
#1439 = CARTESIAN_POINT ( 'NONE',  ( -47.73173699379061219, 359.5495337427059894, -232.8969373175804378 ) ) ;
#1440 = CARTESIAN_POINT ( 'NONE',  ( -83.23173699379121615, 432.5902743259085810, -126.6807563769623215 ) ) ;
#1441 = B_SPLINE_CURVE_WITH_KNOTS ( 'NONE', 3,
 ( #2793, #2526, #2285, #3355 ),
 .UNSPECIFIED., .F., .F.,
 ( 4, 4 ),
 ( 3.103167691559091397E-17, 0.001354207433444849958 ),
 .UNSPECIFIED. ) ;
#1442 = DIRECTION ( 'NONE',  ( 6.838548019020299662E-15, -0.9934047622419531764, 0.1146602736566088299 ) ) ;
#1443 = CARTESIAN_POINT ( 'NONE',  ( -47.73173699379061219, 359.5495337427059894, -232.8969373175804378 ) ) ;
#1444 = DIRECTION ( 'NONE',  ( 0.000000000000000000, -0.9930245052579509402, 0.1179081505121743895 ) ) ;
#1445 = VERTEX_POINT ( 'NONE', #1211 ) ;
#1446 = ORIENTED_EDGE ( 'NONE', *, *, #1582, .T. ) ;
#1447 = CARTESIAN_POINT ( 'NONE',  ( -35.73173699379125168, 454.6738118583941741, -237.9466860946014037 ) ) ;
#1448 = EDGE_CURVE ( 'NONE', #2755, #1243, #2329, .T. ) ;
#1449 = EDGE_LOOP ( 'NONE', ( #2752, #151, #1560, #3601 ) ) ;
#1450 = ORIENTED_EDGE ( 'NONE', *, *, #1614, .F. ) ;
#1451 = CARTESIAN_POINT ( 'NONE',  ( -207.7317369937917988, 426.6934687859356359, -151.0377388303398902 ) ) ;
#1452 = ORIENTED_EDGE ( 'NONE', *, *, #1622, .F. ) ;
#1453 = DIRECTION ( 'NONE',  ( 6.838548019020300451E-15, -0.9934047622419531764, 0.1146602736566088576 ) ) ;
#1454 = EDGE_CURVE ( 'NONE', #1259, #740, #2879, .T. ) ;
#1455 = DIRECTION ( 'NONE',  ( 0.000000000000000000, 0.1146602736566081637, 0.9934047622419532875 ) ) ;
#1456 = CARTESIAN_POINT ( 'NONE',  ( -212.4344396964944792, 418.8076142341699324, -246.0922991445926584 ) ) ;
#1457 = CIRCLE ( 'NONE', #763, 2.500000000000089706 ) ;
#1458 = DIRECTION ( 'NONE',  ( 6.739838248742254964E-15, -0.9934047622419531764, 0.1146602736566088993 ) ) ;
#1459 = CIRCLE ( 'NONE', #3379, 2.499999999999924505 ) ;
#1460 = VERTEX_POINT ( 'NONE', #428 ) ;
#1461 = ORIENTED_EDGE ( 'NONE', *, *, #2060, .T. ) ;
#1462 = DIRECTION ( 'NONE',  ( 0.000000000000000000, 0.1146602736566045833, 0.9934047622419536205 ) ) ;
#1463 = PLANE ( 'NONE',  #1908 ) ;
#1464 = AXIS2_PLACEMENT_3D ( 'NONE', #2047, #120, #3498 ) ;
#1465 = ORIENTED_EDGE ( 'NONE', *, *, #553, .T. ) ;
#1466 = ORIENTED_EDGE ( 'NONE', *, *, #1022, .T. ) ;
#1467 = AXIS2_PLACEMENT_3D ( 'NONE', #3162, #2292, #2906 ) ;
#1468 = ADVANCED_FACE ( 'NONE', ( #208 ), #407, .F. ) ;
#1469 = LINE ( 'NONE', #10, #1593 ) ;
#1470 = AXIS2_PLACEMENT_3D ( 'NONE', #2805, #563, #2252 ) ;
#1471 = CARTESIAN_POINT ( 'NONE',  ( -80.73173699379128720, 415.6395073311780948, -273.5404499675202032 ) ) ;
#1472 = ORIENTED_EDGE ( 'NONE', *, *, #770, .F. ) ;
#1473 = ADVANCED_FACE ( 'NONE', ( #707 ), #3273, .F. ) ;
#1474 = CYLINDRICAL_SURFACE ( 'NONE', #2080, 10.99999999999998224 ) ;
#1475 = CARTESIAN_POINT ( 'NONE',  ( -209.7317369937917704, 430.1410123934134049, -235.1150734356596104 ) ) ;
#1476 = CYLINDRICAL_SURFACE ( 'NONE', #59, 2.499999999999951594 ) ;
#1477 = DIRECTION ( 'NONE',  ( 0.000000000000000000, 0.1146602736566079278, 0.9934047622419532875 ) ) ;
#1478 = B_SPLINE_CURVE_WITH_KNOTS ( 'NONE', 3,
 ( #2079, #632, #374, #655 ),
 .UNSPECIFIED., .F., .F.,
 ( 4, 4 ),
 ( 6.938893903907228378E-18, 0.001354207433444839766 ),
 .UNSPECIFIED. ) ;
#1479 = CARTESIAN_POINT ( 'NONE',  ( -47.73173699379061219, 361.7897886024372269, -214.0294717176793711 ) ) ;
#1480 = DIRECTION ( 'NONE',  ( -6.838548019020300451E-15, 0.9934047622419531764, -0.1146602736566088576 ) ) ;
#1481 = CARTESIAN_POINT ( 'NONE',  ( -166.2317369937918272, 466.7704707291655382, -133.1424836780749672 ) ) ;
#1482 = ORIENTED_EDGE ( 'NONE', *, *, #1372, .F. ) ;
#1483 = EDGE_CURVE ( 'NONE', #2215, #1194, #2907, .T. ) ;
#1484 = VERTEX_POINT ( 'NONE', #1554 ) ;
#1485 = CARTESIAN_POINT ( 'NONE',  ( -101.2941288619797007, 415.6205538247302798, -273.7046611887718655 ) ) ;
#1486 = CARTESIAN_POINT ( 'NONE',  ( -99.87793797271632457, 338.3544102783478706, -211.2468393655978502 ) ) ;
#1487 = AXIS2_PLACEMENT_3D ( 'NONE', #1401, #2020, #3125 ) ;
#1488 = ORIENTED_EDGE ( 'NONE', *, *, #294, .F. ) ;
#1489 = VERTEX_POINT ( 'NONE', #1534 ) ;
#1490 = CYLINDRICAL_SURFACE ( 'NONE', #2543, 6.200000000000010836 ) ;
#1491 = VERTEX_POINT ( 'NONE', #2113 ) ;
#1492 = CARTESIAN_POINT ( 'NONE',  ( -213.7317369937919693, 454.6738118583929236, -237.9466860946012332 ) ) ;
#1493 = CARTESIAN_POINT ( 'NONE',  ( -178.4360558236486725, 432.3005349431737727, -127.9532243058768586 ) ) ;
#1494 = EDGE_CURVE ( 'NONE', #2408, #1405, #1872, .T. ) ;
#1495 = CARTESIAN_POINT ( 'NONE',  ( -83.56329240007667636, 415.3708945164363513, -271.1759414217109452 ) ) ;
#1496 = CARTESIAN_POINT ( 'NONE',  ( -207.7317369937911167, 334.5486459842555860, -121.4044781320661741 ) ) ;
#1497 =( NAMED_UNIT ( * ) SI_UNIT ( $, .STERADIAN. ) SOLID_ANGLE_UNIT ( ) );
#1498 = FACE_OUTER_BOUND ( 'NONE', #1666, .T. ) ;
#1499 = ORIENTED_EDGE ( 'NONE', *, *, #94, .T. ) ;
#1500 = ORIENTED_EDGE ( 'NONE', *, *, #1376, .T. ) ;
#1501 = CARTESIAN_POINT ( 'NONE',  ( -163.7317369937915998, 432.5713979298172376, -126.8442995220519833 ) ) ;
#1502 = DIRECTION ( 'NONE',  ( 0.000000000000000000, 0.1146602736566076641, 0.9934047622419532875 ) ) ;
#1503 = EDGE_CURVE ( 'NONE', #140, #3512, #3132, .T. ) ;
#1504 = ORIENTED_EDGE ( 'NONE', *, *, #1705, .F. ) ;
#1505 = ORIENTED_EDGE ( 'NONE', *, *, #1205, .F. ) ;
#1506 = DIRECTION ( 'NONE',  ( 0.000000000000000000, 0.1146602736566117164, 0.9934047622419528434 ) ) ;
#1507 = DIRECTION ( 'NONE',  ( 6.838548019020300451E-15, -0.9934047622419531764, 0.1146602736566088437 ) ) ;
#1508 = ORIENTED_EDGE ( 'NONE', *, *, #2556, .F. ) ;
#1509 = CYLINDRICAL_SURFACE ( 'NONE', #1381, 6.000000000000005329 ) ;
#1510 = CARTESIAN_POINT ( 'NONE',  ( -83.56034695960717329, 431.7708783618637653, -129.0865066649264179 ) ) ;
#1511 = CARTESIAN_POINT ( 'NONE',  ( -207.7317369937919125, 449.7835984043231292, -134.7050698762328977 ) ) ;
#1512 = CARTESIAN_POINT ( 'NONE',  ( -207.7317369937917420, 412.1754974030428116, -251.2237751564925929 ) ) ;
#1513 = CARTESIAN_POINT ( 'NONE',  ( -213.7317369937917704, 428.2905140637848831, -163.9334349610356014 ) ) ;
#1514 = EDGE_CURVE ( 'NONE', #2469, #2552, #977, .T. ) ;
#1515 = CYLINDRICAL_SURFACE ( 'NONE', #421, 10.99999999999998224 ) ;
#1516 = ORIENTED_EDGE ( 'NONE', *, *, #1325, .T. ) ;
#1517 = VERTEX_POINT ( 'NONE', #2094 ) ;
#1518 = CARTESIAN_POINT ( 'NONE',  ( -41.73173699378798318, 361.7897886024372269, -214.0294717176793711 ) ) ;
#1519 = CARTESIAN_POINT ( 'NONE',  ( -164.7051509918204033, 415.5129975540948521, -271.6926242582097757 ) ) ;
#1520 = DIRECTION ( 'NONE',  ( 6.838511455699440858E-15, -0.9930245052579511622, 0.1179081505121723078 ) ) ;
#1521 = VECTOR ( 'NONE', #3271, 1000.000000000000000 ) ;
#1522 = ORIENTED_EDGE ( 'NONE', *, *, #3510, .T. ) ;
#1523 = ORIENTED_EDGE ( 'NONE', *, *, #3595, .T. ) ;
#1524 = EDGE_CURVE ( 'NONE', #1544, #3383, #1832, .T. ) ;
#1525 = VECTOR ( 'NONE', #450, 1000.000000000000227 ) ;
#1526 = DIRECTION ( 'NONE',  ( 6.739838248742254964E-15, -0.9934047622419531764, 0.1146602736566088993 ) ) ;
#1527 = AXIS2_PLACEMENT_3D ( 'NONE', #3522, #3234, #731 ) ;
#1528 = ORIENTED_EDGE ( 'NONE', *, *, #1637, .T. ) ;
#1529 = LINE ( 'NONE', #45, #27 ) ;
#1530 = DIRECTION ( 'NONE',  ( 6.838548019020299662E-15, -0.9934047622419531764, 0.1146602736566088299 ) ) ;
#1531 = DIRECTION ( 'NONE',  ( 1.000000000000000000, 6.793446168915041611E-15, -7.841097872747284169E-16 ) ) ;
#1532 = CARTESIAN_POINT ( 'NONE',  ( -211.3131435489776209, 427.5732376872771283, -165.7091068417754514 ) ) ;
#1533 = CARTESIAN_POINT ( 'NONE',  ( -47.73173699379057666, 363.0072720069641719, -152.0406200251365760 ) ) ;
#1534 = CARTESIAN_POINT ( 'NONE',  ( -35.73173699379101720, 421.5648542047450746, -222.2038569661353051 ) ) ;
#1535 = ORIENTED_EDGE ( 'NONE', *, *, #3151, .T. ) ;
#1536 = CARTESIAN_POINT ( 'NONE',  ( -41.73173699379108115, 441.8363603063886558, -133.7877876869801810 ) ) ;
#1537 = LINE ( 'NONE', #2656, #2240 ) ;
#1538 = CARTESIAN_POINT ( 'NONE',  ( -207.7317369937919125, 447.9561878944978162, -150.5375656931207118 ) ) ;
#1539 = LINE ( 'NONE', #390, #22 ) ;
#1540 = VECTOR ( 'NONE', #3260, 1000.000000000000000 ) ;
#1541 = EDGE_CURVE ( 'NONE', #1689, #1833, #773, .T. ) ;
#1542 = EDGE_CURVE ( 'NONE', #2895, #762, #3486, .T. ) ;
#1543 = ORIENTED_EDGE ( 'NONE', *, *, #1911, .F. ) ;
#1544 = VERTEX_POINT ( 'NONE', #2430 ) ;
#1545 = CARTESIAN_POINT ( 'NONE',  ( -83.23173699379128720, 425.5546014471498779, -274.8512639253379461 ) ) ;
#1546 = AXIS2_PLACEMENT_3D ( 'NONE', #2287, #3438, #117 ) ;
#1547 = CARTESIAN_POINT ( 'NONE',  ( -95.43605582364831719, 415.6283113682403041, -272.3996464913288946 ) ) ;
#1548 = EDGE_LOOP ( 'NONE', ( #2246, #1620, #2236, #2216 ) ) ;
#1549 = CARTESIAN_POINT ( 'NONE',  ( -178.4360558236486725, 432.3005349431737727, -127.9532243058768586 ) ) ;
#1550 = EDGE_CURVE ( 'NONE', #1402, #1001, #3503, .T. ) ;
#1551 = FACE_OUTER_BOUND ( 'NONE', #3317, .T. ) ;
#1552 = DIRECTION ( 'NONE',  ( 0.000000000000000000, 0.1146602736566089270, 0.9934047622419531764 ) ) ;
#1553 = DIRECTION ( 'NONE',  ( -1.000000000000000000, -7.022495035279573221E-15, 6.688090509790069405E-16 ) ) ;
#1554 = CARTESIAN_POINT ( 'NONE',  ( -65.16934512560280268, 441.8363603063884852, -133.7877876869801526 ) ) ;
#1555 = ORIENTED_EDGE ( 'NONE', *, *, #492, .T. ) ;
#1556 = CARTESIAN_POINT ( 'NONE',  ( -213.7317369937917988, 418.1359259764944909, -251.9117367984322584 ) ) ;
#1557 = CYLINDRICAL_SURFACE ( 'NONE', #405, 5.999999999999998224 ) ;
#1558 = CARTESIAN_POINT ( 'NONE',  ( -148.1693451256030585, 432.5902743259081262, -126.6807563769623073 ) ) ;
#1559 = ORIENTED_EDGE ( 'NONE', *, *, #3261, .F. ) ;
#1560 = ORIENTED_EDGE ( 'NONE', *, *, #1349, .T. ) ;
#1561 = AXIS2_PLACEMENT_3D ( 'NONE', #2664, #3434, #3494 ) ;
#1562 = FACE_OUTER_BOUND ( 'NONE', #2914, .T. ) ;
#1563 = ADVANCED_FACE ( 'NONE', ( #1327 ), #187, .F. ) ;
#1564 = DIRECTION ( 'NONE',  ( 6.838548019020300451E-15, -0.9934047622419531764, 0.1146602736566088576 ) ) ;
#1565 = ORIENTED_EDGE ( 'NONE', *, *, #483, .F. ) ;
#1566 = DIRECTION ( 'NONE',  ( -1.000000000000000000, -6.848778398661648095E-15, 1.081386062946576057E-15 ) ) ;
#1567 = CARTESIAN_POINT ( 'NONE',  ( -184.2941288619799991, 425.9418841105165825, -131.9532233084743496 ) ) ;
#1568 = DIRECTION ( 'NONE',  ( 0.000000000000000000, 0.1146602736566045833, 0.9934047622419536205 ) ) ;
#1569 = B_SPLINE_CURVE_WITH_KNOTS ( 'NONE', 3,
 ( #2965, #1291, #2139, #3258, #1574, #2453, #2116, #1311, #3489, #213, #1617, #2676, #1912, #489, #1332, #2735, #2174, #3563 ),
 .UNSPECIFIED., .F., .F.,
 ( 4, 2, 2, 2, 2, 2, 2, 2, 4 ),
 ( 0.007906926515426321300, 0.008400759902253708208, 0.008894593289081095117, 0.009388426675908482025, 0.009882260062735868933, 0.01037609344956325411, 0.01086992683639064101, 0.01136376022321802792, 0.01185759361004541483 ),
 .UNSPECIFIED. ) ;
#1570 = CARTESIAN_POINT ( 'NONE',  ( -41.73173699378798318, 359.5495337427059894, -232.8969373175804378 ) ) ;
#1571 = DIRECTION ( 'NONE',  ( -6.838548019020299662E-15, 0.9934047622419531764, -0.1146602736566088299 ) ) ;
#1572 = EDGE_LOOP ( 'NONE', ( #3453, #3301, #2699, #1523, #3431, #3298 ) ) ;
#1573 = ORIENTED_EDGE ( 'NONE', *, *, #2950, .T. ) ;
#1574 = CARTESIAN_POINT ( 'NONE',  ( -167.0435630002306198, 415.4079666704203078, -271.2942036949240787 ) ) ;
#1575 = CARTESIAN_POINT ( 'NONE',  ( -178.0744562761186103, 432.5902743259079557, -126.6807563769622789 ) ) ;
#1576 = FACE_OUTER_BOUND ( 'NONE', #3045, .T. ) ;
#1577 = ORIENTED_EDGE ( 'NONE', *, *, #1637, .F. ) ;
#1578 = ORIENTED_EDGE ( 'NONE', *, *, #2280, .F. ) ;
#1579 = CARTESIAN_POINT ( 'NONE',  ( -47.73173699379049850, 344.5111622109487257, -211.9778698987684606 ) ) ;
#1580 = VECTOR ( 'NONE', #955, 1000.000000000000000 ) ;
#1581 = CARTESIAN_POINT ( 'NONE',  ( -81.97504620058299452, 415.4674495416032300, -271.5053180099506562 ) ) ;
#1582 = EDGE_CURVE ( 'NONE', #2721, #3267, #297, .T. ) ;
#1583 = CARTESIAN_POINT ( 'NONE',  ( -212.6189475095894181, 420.3628731139772867, -231.7269720300189988 ) ) ;
#1584 = ORIENTED_EDGE ( 'NONE', *, *, #1043, .F. ) ;
#1585 = VECTOR ( 'NONE', #3547, 1000.000000000000000 ) ;
#1586 = DIRECTION ( 'NONE',  ( 0.000000000000000000, 0.9930245052579500520, -0.1179081505121825912 ) ) ;
#1587 = CARTESIAN_POINT ( 'NONE',  ( 0.000000000000000000, 0.000000000000000000, 0.000000000000000000 ) ) ;
#1588 = CIRCLE ( 'NONE', #247, 2.500000000000089706 ) ;
#1589 = FACE_OUTER_BOUND ( 'NONE', #3566, .T. ) ;
#1590 = EDGE_CURVE ( 'NONE', #2086, #1460, #1182, .T. ) ;
#1591 = EDGE_CURVE ( 'NONE', #820, #333, #1049, .T. ) ;
#1592 = CARTESIAN_POINT ( 'NONE',  ( -212.6189475095893897, 428.1597717226267719, -164.1754481975659701 ) ) ;
#1593 = VECTOR ( 'NONE', #3416, 1000.000000000000000 ) ;
#1594 = DIRECTION ( 'NONE',  ( 6.602580720795933007E-17, 0.1146602736566088299, 0.9934047622419531764 ) ) ;
#1595 = DIRECTION ( 'NONE',  ( -6.715058616683411179E-15, 1.000000000000000000, 0.000000000000000000 ) ) ;
#1596 = EDGE_LOOP ( 'NONE', ( #1578, #334, #1020, #550 ) ) ;
#1597 = CARTESIAN_POINT ( 'NONE',  ( -184.2941288619800844, 425.5546014471492526, -274.8512639253378893 ) ) ;
#1598 = DIRECTION ( 'NONE',  ( 1.000000000000000000, 0.000000000000000000, 0.000000000000000000 ) ) ;
#1599 = DIRECTION ( 'NONE',  ( 1.000000000000000000, 6.786149265664089312E-15, -8.473294029964203208E-16 ) ) ;
#1600 = ORIENTED_EDGE ( 'NONE', *, *, #1022, .F. ) ;
#1601 = VERTEX_POINT ( 'NONE', #426 ) ;
#1602 = DIRECTION ( 'NONE',  ( 6.739838248742254964E-15, -0.9934047622419531764, 0.1146602736566088993 ) ) ;
#1603 = AXIS2_PLACEMENT_3D ( 'NONE', #1234, #414, #433 ) ;
#1604 = VERTEX_POINT ( 'NONE', #1513 ) ;
#1605 = DIRECTION ( 'NONE',  ( 0.000000000000000000, 0.000000000000000000, 1.000000000000000000 ) ) ;
#1606 = VECTOR ( 'NONE', #288, 1000.000000000000000 ) ;
#1607 = LINE ( 'NONE', #3556, #631 ) ;
#1608 = CYLINDRICAL_SURFACE ( 'NONE', #3504, 2.500000000000034639 ) ;
#1609 = AXIS2_PLACEMENT_3D ( 'NONE', #2222, #1938, #1407 ) ;
#1610 = AXIS2_PLACEMENT_3D ( 'NONE', #1447, #1738, #2801 ) ;
#1611 = CARTESIAN_POINT ( 'NONE',  ( -99.87793797271632457, 359.3521193410709316, -189.0243796881333935 ) ) ;
#1612 = PLANE ( 'NONE',  #594 ) ;
#1613 = CARTESIAN_POINT ( 'NONE',  ( -166.5603469596075001, 431.7708783618633106, -129.0865066649263611 ) ) ;
#1614 = EDGE_CURVE ( 'NONE', #740, #863, #2367, .T. ) ;
#1615 = ORIENTED_EDGE ( 'NONE', *, *, #227, .F. ) ;
#1616 = CARTESIAN_POINT ( 'NONE',  ( -82.57646997714341808, 431.8075834128155179, -129.0246756266137140 ) ) ;
#1617 = CARTESIAN_POINT ( 'NONE',  ( -168.2172829861355012, 415.6009131459059631, -272.1645870404296375 ) ) ;
#1618 = CYLINDRICAL_SURFACE ( 'NONE', #1951, 6.000000000000005329 ) ;
#1619 = VERTEX_POINT ( 'NONE', #2314 ) ;
#1620 = ORIENTED_EDGE ( 'NONE', *, *, #546, .F. ) ;
#1621 = DIRECTION ( 'NONE',  ( -6.838548019020300451E-15, 0.9934047622419531764, -0.1146602736566088576 ) ) ;
#1622 = EDGE_CURVE ( 'NONE', #1601, #2666, #40, .T. ) ;
#1623 = ORIENTED_EDGE ( 'NONE', *, *, #3098, .F. ) ;
#1624 = CARTESIAN_POINT ( 'NONE',  ( -36.84452647799342628, 427.6450406691475337, -168.6350248538418271 ) ) ;
#1625 = CARTESIAN_POINT ( 'NONE',  ( -35.73173699379101720, 426.6459739458944114, -178.1815605995989529 ) ) ;
#1626 = LINE ( 'NONE', #1359, #189 ) ;
#1627 = DIRECTION ( 'NONE',  ( -6.838548019020299662E-15, 0.9934047622419531764, -0.1146602736566088299 ) ) ;
#1628 = CARTESIAN_POINT ( 'NONE',  ( -99.87793797271632457, 351.8853975480748204, -150.7200487394026140 ) ) ;
#1629 = ADVANCED_FACE ( 'NONE', ( #389 ), #2391, .F. ) ;
#1630 = CARTESIAN_POINT ( 'NONE',  ( -44.73173699379109536, 441.4923794854188372, -136.7680019737059922 ) ) ;
#1631 = CARTESIAN_POINT ( 'NONE',  ( -83.23173699379145773, 467.0571214133076410, -130.6589717724700961 ) ) ;
#1632 = ORIENTED_EDGE ( 'NONE', *, *, #3367, .F. ) ;
#1633 = ADVANCED_FACE ( 'NONE', ( #1253 ), #354, .F. ) ;
#1634 = ORIENTED_EDGE ( 'NONE', *, *, #2635, .T. ) ;
#1635 = CARTESIAN_POINT ( 'NONE',  ( -83.23173699379121615, 432.1316332312821373, -130.6543754259301693 ) ) ;
#1636 = VERTEX_POINT ( 'NONE', #1816 ) ;
#1637 = EDGE_CURVE ( 'NONE', #1966, #2962, #1139, .T. ) ;
#1638 = EDGE_LOOP ( 'NONE', ( #2634, #2303, #2739, #337 ) ) ;
#1639 = CIRCLE ( 'NONE', #3088, 12.50000000000000888 ) ;
#1640 = CARTESIAN_POINT ( 'NONE',  ( -35.73173699379101720, 427.7172126955030080, -168.9004587722455426 ) ) ;
#1641 = DIRECTION ( 'NONE',  ( -1.000000000000000000, -6.793446168915042400E-15, 7.841097872747287127E-16 ) ) ;
#1642 = AXIS2_PLACEMENT_3D ( 'NONE', #1958, #2795, #1410 ) ;
#1643 = DIRECTION ( 'NONE',  ( -6.793446168915043188E-15, 1.000000000000000000, 0.000000000000000000 ) ) ;
#1644 = VECTOR ( 'NONE', #702, 1000.000000000000000 ) ;
#1645 = DIRECTION ( 'NONE',  ( 6.838548019020300451E-15, -0.9934047622419531764, 0.1146602736566088437 ) ) ;
#1646 = CIRCLE ( 'NONE', #1700, 5.999999999999998224 ) ;
#1647 = CARTESIAN_POINT ( 'NONE',  ( -37.38464600031737461, 419.7617060758940966, -235.8121253369764361 ) ) ;
#1648 = CARTESIAN_POINT ( 'NONE',  ( -41.73173699378798318, 359.3521193410709316, -182.8243796881334049 ) ) ;
#1649 = AXIS2_PLACEMENT_3D ( 'NONE', #2186, #2491, #1586 ) ;
#1650 = ORIENTED_EDGE ( 'NONE', *, *, #435, .T. ) ;
#1651 = ORIENTED_EDGE ( 'NONE', *, *, #3315, .F. ) ;
#1652 = DIRECTION ( 'NONE',  ( 0.000000000000000000, 0.1146602736566041392, 0.9934047622419538426 ) ) ;
#1653 = EDGE_CURVE ( 'NONE', #592, #1484, #1646, .T. ) ;
#1654 = EDGE_LOOP ( 'NONE', ( #2700, #1113, #1319, #1998 ) ) ;
#1655 = ORIENTED_EDGE ( 'NONE', *, *, #62, .F. ) ;
#1656 = CARTESIAN_POINT ( 'NONE',  ( -38.23184377842974158, 427.4430078216454945, -166.5169265243885945 ) ) ;
#1657 = CARTESIAN_POINT ( 'NONE',  ( -154.2435577982471671, 415.6699334445279419, -273.2768412656137684 ) ) ;
#1658 = DIRECTION ( 'NONE',  ( 0.000000000000000000, 0.1146602736566041392, 0.9934047622419538426 ) ) ;
#1659 = AXIS2_PLACEMENT_3D ( 'NONE', #3599, #2291, #1107 ) ;
#1660 = CARTESIAN_POINT ( 'NONE',  ( -204.7317369937918272, 426.5865439100585945, -265.9106210651602282 ) ) ;
#1661 = EDGE_CURVE ( 'NONE', #1181, #1801, #2070, .T. ) ;
#1662 = VECTOR ( 'NONE', #516, 1000.000000000000000 ) ;
#1663 = AXIS2_PLACEMENT_3D ( 'NONE', #1723, #576, #2837 ) ;
#1664 = DIRECTION ( 'NONE',  ( 6.739838248742254964E-15, -0.9934047622419531764, 0.1146602736566088993 ) ) ;
#1665 = CARTESIAN_POINT ( 'NONE',  ( -35.73173699379101720, 426.6459739458944114, -178.1815605995989529 ) ) ;
#1666 = EDGE_LOOP ( 'NONE', ( #3478, #2503, #3585, #3468, #2484, #2892, #1735, #3111 ) ) ;
#1667 = VERTEX_POINT ( 'NONE', #2077 ) ;
#1668 = EDGE_CURVE ( 'NONE', #2721, #1198, #1537, .T. ) ;
#1669 = FACE_BOUND ( 'NONE', #1079, .T. ) ;
#1670 = ORIENTED_EDGE ( 'NONE', *, *, #760, .T. ) ;
#1671 = ORIENTED_EDGE ( 'NONE', *, *, #2354, .F. ) ;
#1672 = EDGE_CURVE ( 'NONE', #3169, #1819, #1588, .T. ) ;
#1673 = CARTESIAN_POINT ( 'NONE',  ( -148.1693451256031437, 441.8363603063879737, -133.7877876869800957 ) ) ;
#1674 = CARTESIAN_POINT ( 'NONE',  ( -213.3010767640254812, 429.3784312868489224, -154.5078325631767768 ) ) ;
#1675 = VERTEX_POINT ( 'NONE', #2848 ) ;
#1676 = CARTESIAN_POINT ( 'NONE',  ( -166.2317369937915714, 415.6205538247298250, -273.7046611887718086 ) ) ;
#1677 = CYLINDRICAL_SURFACE ( 'NONE', #80, 5.999999999999998224 ) ;
#1678 = EDGE_CURVE ( 'NONE', #804, #2163, #2238, .T. ) ;
#1679 = CARTESIAN_POINT ( 'NONE',  ( -37.61318677386358189, 419.7179212639483694, -235.5771664213009160 ) ) ;
#1680 = CARTESIAN_POINT ( 'NONE',  ( -36.16239722355732056, 426.6292954724389119, -178.3260611701044240 ) ) ;
#1681 = ORIENTED_EDGE ( 'NONE', *, *, #572, .F. ) ;
#1682 = VERTEX_POINT ( 'NONE', #2582 ) ;
#1683 = FACE_BOUND ( 'NONE', #2082, .T. ) ;
#1684 = VERTEX_POINT ( 'NONE', #373 ) ;
#1685 = VERTEX_POINT ( 'NONE', #170 ) ;
#1686 = CARTESIAN_POINT ( 'NONE',  ( -154.3890177114645326, 415.6205538247298819, -273.7046611887717518 ) ) ;
#1687 = CARTESIAN_POINT ( 'NONE',  ( -47.73173699379037060, 322.6230246956243946, -250.8910780444906266 ) ) ;
#1688 = EDGE_CURVE ( 'NONE', #1978, #2275, #242, .T. ) ;
#1689 = VERTEX_POINT ( 'NONE', #193 ) ;
#1690 = CIRCLE ( 'NONE', #3614, 5.999999999999998224 ) ;
#1691 = CARTESIAN_POINT ( 'NONE',  ( -41.73173699379034929, 334.5486459842567228, -121.4044781320663162 ) ) ;
#1692 = CARTESIAN_POINT ( 'NONE',  ( -99.87793797271632457, 345.7286456154734537, -149.9890182062368922 ) ) ;
#1693 = AXIS2_PLACEMENT_3D ( 'NONE', #2325, #2942, #425 ) ;
#1694 = EDGE_CURVE ( 'NONE', #2408, #887, #1016, .T. ) ;
#1695 = ADVANCED_FACE ( 'NONE', ( #1895 ), #1557, .F. ) ;
#1696 = CIRCLE ( 'NONE', #520, 2.500000000000089706 ) ;
#1697 = DIRECTION ( 'NONE',  ( 1.000000000000000000, 6.793446168915043188E-15, -7.841097872747283183E-16 ) ) ;
#1698 = CARTESIAN_POINT ( 'NONE',  ( -35.73173699379101720, 425.9328245851451129, -184.3602129659794002 ) ) ;
#1699 = UNCERTAINTY_MEASURE_WITH_UNIT (LENGTH_MEASURE( 1.000000000000000082E-05 ), #898, 'distance_accuracy_value', 'NONE');
#1700 = AXIS2_PLACEMENT_3D ( 'NONE', #613, #3428, #2351 ) ;
#1701 = ORIENTED_EDGE ( 'NONE', *, *, #46, .T. ) ;
#1702 = EDGE_LOOP ( 'NONE', ( #2517, #1313, #2002, #945, #3495 ) ) ;
#1703 = AXIS2_PLACEMENT_3D ( 'NONE', #2050, #2129, #48 ) ;
#1704 = CARTESIAN_POINT ( 'NONE',  ( -41.73173699378798318, 363.7383025401395003, -145.8838680925389042 ) ) ;
#1705 = EDGE_CURVE ( 'NONE', #2666, #415, #1569, .T. ) ;
#1706 = ORIENTED_EDGE ( 'NONE', *, *, #671, .T. ) ;
#1707 = ORIENTED_EDGE ( 'NONE', *, *, #556, .T. ) ;
#1708 = DIRECTION ( 'NONE',  ( -1.000000000000000000, -6.793446168915041611E-15, 7.841097872747258531E-16 ) ) ;
#1709 = CARTESIAN_POINT ( 'NONE',  ( -47.73173699379045587, 338.3544102783479275, -211.2468393655978502 ) ) ;
#1710 = ORIENTED_EDGE ( 'NONE', *, *, #1429, .F. ) ;
#1711 = DIRECTION ( 'NONE',  ( 0.000000000000000000, 0.1146602736566079278, 0.9934047622419532875 ) ) ;
#1712 = VECTOR ( 'NONE', #53, 1000.000000000000000 ) ;
#1713 = DIRECTION ( 'NONE',  ( -1.000000000000000000, -6.591949208711836193E-15, 1.040834085586079326E-15 ) ) ;
#1714 = VECTOR ( 'NONE', #1897, 1000.000000000000000 ) ;
#1715 = CARTESIAN_POINT ( 'NONE',  ( -38.23162915490312486, 419.6841025194893291, -233.7401382231259106 ) ) ;
#1716 = EDGE_CURVE ( 'NONE', #616, #1130, #834, .T. ) ;
#1717 = CYLINDRICAL_SURFACE ( 'NONE', #2945, 5.999999999999973355 ) ;
#1718 = VECTOR ( 'NONE', #1553, 1000.000000000000000 ) ;
#1719 = EDGE_LOOP ( 'NONE', ( #3122, #1148, #328, #1655 ) ) ;
#1720 = CIRCLE ( 'NONE', #2208, 10.99999999999998224 ) ;
#1721 = VERTEX_POINT ( 'NONE', #2465 ) ;
#1722 = AXIS2_PLACEMENT_3D ( 'NONE', #1579, #2217, #2722 ) ;
#1723 = CARTESIAN_POINT ( 'NONE',  ( -148.1693451256031153, 415.6205538247299387, -273.7046611887718086 ) ) ;
#1724 = ORIENTED_EDGE ( 'NONE', *, *, #3353, .F. ) ;
#1725 = ORIENTED_EDGE ( 'NONE', *, *, #2999, .F. ) ;
#1726 = EDGE_CURVE ( 'NONE', #1685, #850, #2059, .T. ) ;
#1727 = CARTESIAN_POINT ( 'NONE',  ( -213.3010767640254528, 426.6292954724378319, -178.3260611701042819 ) ) ;
#1728 = ORIENTED_EDGE ( 'NONE', *, *, #2192, .F. ) ;
#1729 = LINE ( 'NONE', #3019, #2409 ) ;
#1730 = PLANE ( 'NONE',  #2527 ) ;
#1731 = SURFACE_STYLE_USAGE ( .BOTH. , #1226 ) ;
#1732 = DIRECTION ( 'NONE',  ( 6.739838248742254964E-15, -0.9934047622419531764, 0.1146602736566088993 ) ) ;
#1733 = FACE_OUTER_BOUND ( 'NONE', #1299, .T. ) ;
#1734 = EDGE_CURVE ( 'NONE', #1517, #108, #2324, .T. ) ;
#1735 = ORIENTED_EDGE ( 'NONE', *, *, #2912, .F. ) ;
#1736 = ORIENTED_EDGE ( 'NONE', *, *, #1358, .F. ) ;
#1737 = CARTESIAN_POINT ( 'NONE',  ( -163.7317369937915714, 432.5902743259080694, -126.6807563769622789 ) ) ;
#1738 = DIRECTION ( 'NONE',  ( 6.838548019020299662E-15, -0.9934047622419531764, 0.1146602736566088299 ) ) ;
#1739 = ADVANCED_FACE ( 'NONE', ( #1037 ), #432, .F. ) ;
#1740 = ORIENTED_EDGE ( 'NONE', *, *, #1726, .F. ) ;
#1741 = ORIENTED_EDGE ( 'NONE', *, *, #1744, .T. ) ;
#1742 = CARTESIAN_POINT ( 'NONE',  ( -47.73173699379049140, 352.6164280812504899, -144.5632968068024695 ) ) ;
#1743 = CARTESIAN_POINT ( 'NONE',  ( -148.1693451256030585, 432.5902743259081262, -126.6807563769623073 ) ) ;
#1744 = EDGE_CURVE ( 'NONE', #1819, #3169, #2293, .T. ) ;
#1745 = CARTESIAN_POINT ( 'NONE',  ( -170.6190386215828028, 387.8832487116333709, -226.2110626194570955 ) ) ;
#1746 = ORIENTED_EDGE ( 'NONE', *, *, #2490, .F. ) ;
#1747 = CARTESIAN_POINT ( 'NONE',  ( -36.16239722355731345, 418.8323968637894836, -245.8775850025574243 ) ) ;
#1748 = CARTESIAN_POINT ( 'NONE',  ( -178.3399648034005054, 432.4457442779811913, -127.5331954420370124 ) ) ;
#1749 = EDGE_CURVE ( 'NONE', #2083, #1682, #3293, .T. ) ;
#1750 = DIRECTION ( 'NONE',  ( -6.793446168915041611E-15, 1.000000000000000000, 0.000000000000000000 ) ) ;
#1751 = VECTOR ( 'NONE', #253, 1000.000000000000114 ) ;
#1752 = FACE_OUTER_BOUND ( 'NONE', #1199, .T. ) ;
#1753 = AXIS2_PLACEMENT_3D ( 'NONE', #3078, #1641, #3369 ) ;
#1754 = CARTESIAN_POINT ( 'NONE',  ( -36.59512587540422146, 429.3466624513019383, -154.3833201366781225 ) ) ;
#1755 = CIRCLE ( 'NONE', #185, 5.999999999999970690 ) ;
#1756 = ORIENTED_EDGE ( 'NONE', *, *, #2402, .T. ) ;
#1757 = ORIENTED_EDGE ( 'NONE', *, *, #327, .T. ) ;
#1758 = DIRECTION ( 'NONE',  ( -6.838548019020300451E-15, 0.9934047622419531764, -0.1146602736566088576 ) ) ;
#1759 = DIRECTION ( 'NONE',  ( 0.000000000000000000, -0.1146602736566066649, -0.9934047622419535095 ) ) ;
#1760 = AXIS2_PLACEMENT_3D ( 'NONE', #788, #2729, #3577 ) ;
#1761 = VERTEX_POINT ( 'NONE', #2748 ) ;
#1762 = ORIENTED_EDGE ( 'NONE', *, *, #1398, .T. ) ;
#1763 = CIRCLE ( 'NONE', #2191, 2.499999999999951594 ) ;
#1764 = CARTESIAN_POINT ( 'NONE',  ( -82.41990302275168290, 431.8341298252180991, -128.9794577559065658 ) ) ;
#1765 = PLANE ( 'NONE',  #126 ) ;
#1766 = ADVANCED_FACE ( 'NONE', ( #796 ), #2948, .T. ) ;
#1767 = AXIS2_PLACEMENT_3D ( 'NONE', #1150, #3366, #545 ) ;
#1768 = VERTEX_POINT ( 'NONE', #1877 ) ;
#1769 = DIRECTION ( 'NONE',  ( -6.838548019020301240E-15, 0.9934047622419531764, -0.1146602736566088299 ) ) ;
#1770 = CARTESIAN_POINT ( 'NONE',  ( -84.04357092118834771, 431.8342002873142178, -128.9793104912397723 ) ) ;
#1771 = CARTESIAN_POINT ( 'NONE',  ( -41.73173699379097457, 412.1754974030439485, -251.2237751564927351 ) ) ;
#1772 = LINE ( 'NONE', #1496, #2233 ) ;
#1773 = PRESENTATION_STYLE_ASSIGNMENT (( #1731 ) ) ;
#1774 = EDGE_CURVE ( 'NONE', #2276, #3524, #2987, .T. ) ;
#1775 = CARTESIAN_POINT ( 'NONE',  ( -41.73173699378798318, 352.6164280812504899, -144.5632968068024411 ) ) ;
#1776 = CARTESIAN_POINT ( 'NONE',  ( -35.73173699379125168, 454.3871611742526397, -240.4301980002063601 ) ) ;
#1777 = ORIENTED_EDGE ( 'NONE', *, *, #2295, .T. ) ;
#1778 = VERTEX_POINT ( 'NONE', #1959 ) ;
#1779 = CARTESIAN_POINT ( 'NONE',  ( -163.8617366488237224, 415.6607980939881486, -272.8912974982297897 ) ) ;
#1780 = AXIS2_PLACEMENT_3D ( 'NONE', #2052, #1480, #1209 ) ;
#1781 = DIRECTION ( 'NONE',  ( -2.169367489357782465E-30, 0.1146602736566088299, 0.9934047622419531764 ) ) ;
#1782 = VECTOR ( 'NONE', #803, 1000.000000000000114 ) ;
#1783 = VERTEX_POINT ( 'NONE', #2224 ) ;
#1784 = ORIENTED_EDGE ( 'NONE', *, *, #3180, .T. ) ;
#1785 = CARTESIAN_POINT ( 'NONE',  ( -201.7317369937910883, 322.6230246956233145, -250.8910780444904560 ) ) ;
#1786 = CARTESIAN_POINT ( 'NONE',  ( -209.7317369937917135, 428.0038633796433487, -166.4169468666405294 ) ) ;
#1787 = EDGE_CURVE ( 'NONE', #3131, #1783, #82, .T. ) ;
#1788 = ORIENTED_EDGE ( 'NONE', *, *, #1859, .T. ) ;
#1789 = CARTESIAN_POINT ( 'NONE',  ( -41.73173699378798318, 352.6617512769311702, -238.3226587170043160 ) ) ;
#1790 = CARTESIAN_POINT ( 'NONE',  ( -41.73173699379113799, 436.0172116968507225, -253.9756217242513685 ) ) ;
#1791 = DIRECTION ( 'NONE',  ( 0.000000000000000000, 0.000000000000000000, 1.000000000000000000 ) ) ;
#1792 = CARTESIAN_POINT ( 'NONE',  ( -213.5644968883347303, 427.7172126955019280, -168.9004587722453437 ) ) ;
#1793 = CARTESIAN_POINT ( 'NONE',  ( -96.07062091946028204, 431.3416027222766616, -130.7270074912148630 ) ) ;
#1794 = FACE_OUTER_BOUND ( 'NONE', #2605, .T. ) ;
#1795 = ADVANCED_FACE ( 'NONE', ( #3101 ), #2530, .T. ) ;
#1796 = ORIENTED_EDGE ( 'NONE', *, *, #2691, .F. ) ;
#1797 = ORIENTED_EDGE ( 'NONE', *, *, #671, .F. ) ;
#1798 = CARTESIAN_POINT ( 'NONE',  ( -166.2317369937915714, 416.0791949193563255, -269.7310421398040035 ) ) ;
#1799 = LINE ( 'NONE', #2058, #3581 ) ;
#1800 = ORIENTED_EDGE ( 'NONE', *, *, #553, .F. ) ;
#1801 = VERTEX_POINT ( 'NONE', #272 ) ;
#1802 = LINE ( 'NONE', #2915, #2376 ) ;
#1803 = FACE_OUTER_BOUND ( 'NONE', #2101, .T. ) ;
#1804 = EDGE_CURVE ( 'NONE', #352, #2219, #1763, .T. ) ;
#1805 = VERTEX_POINT ( 'NONE', #537 ) ;
#1806 = DIRECTION ( 'NONE',  ( 1.000000000000000000, 0.000000000000000000, 0.000000000000000000 ) ) ;
#1807 = PLANE ( 'NONE',  #3499 ) ;
#1808 = LINE ( 'NONE', #2903, #2633 ) ;
#1809 =( BOUNDED_CURVE ( )  B_SPLINE_CURVE ( 3, ( #160, #2381, #3246, #1060 ),
 .UNSPECIFIED., .F., .T. ) 
 B_SPLINE_CURVE_WITH_KNOTS ( ( 4, 4 ),
 ( 4.712388980384691450, 6.065247966588755091 ),
 .UNSPECIFIED. ) 
 CURVE ( )  GEOMETRIC_REPRESENTATION_ITEM ( )  RATIONAL_B_SPLINE_CURVE ( ( 1.000000000000000000, 0.8532085782433714849, 0.8532085782433714849, 1.000000000000000000 ) ) 
 REPRESENTATION_ITEM ( '' )  );
#1810 = DIRECTION ( 'NONE',  ( 6.838548019020300451E-15, -0.9934047622419531764, 0.1146602736566088576 ) ) ;
#1811 = CARTESIAN_POINT ( 'NONE',  ( -154.3890177114645041, 432.5902743259080694, -126.6807563769622789 ) ) ;
#1812 = EDGE_CURVE ( 'NONE', #888, #2896, #68, .T. ) ;
#1813 = CARTESIAN_POINT ( 'NONE',  ( -167.7688989471850505, 432.0260914428192791, -128.6266744969276203 ) ) ;
#1814 = EDGE_LOOP ( 'NONE', ( #61, #1416, #173, #76, #2106, #494, #342, #1800, #1450 ) ) ;
#1815 = CARTESIAN_POINT ( 'NONE',  ( -85.73173699379121615, 432.5902743259085810, -126.6807563769623215 ) ) ;
#1816 = CARTESIAN_POINT ( 'NONE',  ( -41.73173699379108115, 426.2425630890898560, -268.8908353518862100 ) ) ;
#1817 = DIRECTION ( 'NONE',  ( 0.000000000000000000, 0.1146602736566045833, 0.9934047622419536205 ) ) ;
#1818 = VECTOR ( 'NONE', #1952, 1000.000000000000000 ) ;
#1819 = VERTEX_POINT ( 'NONE', #3322 ) ;
#1820 = VERTEX_POINT ( 'NONE', #3613 ) ;
#1821 = CIRCLE ( 'NONE', #2806, 12.50000000000003553 ) ;
#1822 = FACE_OUTER_BOUND ( 'NONE', #157, .T. ) ;
#1823 = EDGE_CURVE ( 'NONE', #615, #578, #1382, .T. ) ;
#1824 = AXIS2_PLACEMENT_3D ( 'NONE', #1836, #777, #228 ) ;
#1825 = CARTESIAN_POINT ( 'NONE',  ( -82.90234038020190610, 415.3707743674697781, -271.1755656836634785 ) ) ;
#1826 = ORIENTED_EDGE ( 'NONE', *, *, #1059, .T. ) ;
#1827 = CIRCLE ( 'NONE', #3164, 6.199999999998373923 ) ;
#1828 = DIRECTION ( 'NONE',  ( 0.000000000000000000, 0.1146602736566085246, 0.9934047622419531764 ) ) ;
#1829 = CARTESIAN_POINT ( 'NONE',  ( -83.23173699379145773, 467.0571214133076410, -130.6589717724700961 ) ) ;
#1830 = CARTESIAN_POINT ( 'NONE',  ( -101.2941288619796580, 425.9418841105170941, -131.9532233084744064 ) ) ;
#1831 = CYLINDRICAL_SURFACE ( 'NONE', #3462, 2.500000000000089706 ) ;
#1832 = LINE ( 'NONE', #148, #2640 ) ;
#1833 = VERTEX_POINT ( 'NONE', #1412 ) ;
#1834 = EDGE_CURVE ( 'NONE', #1001, #1243, #1050, .T. ) ;
#1835 = ORIENTED_EDGE ( 'NONE', *, *, #3510, .F. ) ;
#1836 = CARTESIAN_POINT ( 'NONE',  ( -65.16934512560273163, 415.6205538247305071, -273.7046611887718655 ) ) ;
#1837 = CARTESIAN_POINT ( 'NONE',  ( -153.3928530681225197, 415.3264836128731190, -269.4803444909134669 ) ) ;
#1838 = AXIS2_PLACEMENT_3D ( 'NONE', #3508, #1913, #3024 ) ;
#1839 = EDGE_LOOP ( 'NONE', ( #1756, #1746, #3263, #2423 ) ) ;
#1840 = AXIS2_PLACEMENT_3D ( 'NONE', #3198, #2905, #2328 ) ;
#1841 = EDGE_LOOP ( 'NONE', ( #2184, #1144, #1117, #874 ) ) ;
#1842 = CARTESIAN_POINT ( 'NONE',  ( -212.4344396964944792, 429.2622229968552006, -154.2768450368772051 ) ) ;
#1843 = AXIS2_PLACEMENT_3D ( 'NONE', #3068, #2256, #3097 ) ;
#1844 = DIRECTION ( 'NONE',  ( 0.000000000000000000, 0.1146602736566076641, 0.9934047622419532875 ) ) ;
#1845 = ADVANCED_FACE ( 'NONE', ( #1940 ), #2766, .F. ) ;
#1846 = ORIENTED_EDGE ( 'NONE', *, *, #1932, .T. ) ;
#1847 = AXIS2_PLACEMENT_3D ( 'NONE', #3552, #3314, #1652 ) ;
#1848 = LINE ( 'NONE', #3160, #708 ) ;
#1849 = DIRECTION ( 'NONE',  ( 0.000000000000000000, 0.1146602736566088993, 0.9934047622419531764 ) ) ;
#1850 = CARTESIAN_POINT ( 'NONE',  ( -35.73173699379125168, 462.4707104670436024, -170.3951622621484034 ) ) ;
#1851 = CARTESIAN_POINT ( 'NONE',  ( -213.0696057998686399, 428.2540931047228128, -163.9970759221483547 ) ) ;
#1852 = LINE ( 'NONE', #427, #795 ) ;
#1853 = DIRECTION ( 'NONE',  ( 0.000000000000000000, 0.1146602736566045833, 0.9934047622419536205 ) ) ;
#1854 = VERTEX_POINT ( 'NONE', #812 ) ;
#1855 = CARTESIAN_POINT ( 'NONE',  ( -99.87793797271632457, 347.4992143490205763, -187.6605603349982516 ) ) ;
#1856 = DIRECTION ( 'NONE',  ( -6.715058616684372800E-15, 1.000000000000000000, 0.000000000000000000 ) ) ;
#1857 = DIRECTION ( 'NONE',  ( 0.000000000000000000, 0.1146602736566081637, 0.9934047622419532875 ) ) ;
#1858 = DIRECTION ( 'NONE',  ( 0.000000000000000000, -0.1146602736566079278, -0.9934047622419533985 ) ) ;
#1859 = EDGE_CURVE ( 'NONE', #2276, #2359, #250, .T. ) ;
#1860 = ORIENTED_EDGE ( 'NONE', *, *, #1166, .F. ) ;
#1861 = EDGE_LOOP ( 'NONE', ( #612, #1350, #3094, #2715 ) ) ;
#1862 = DIRECTION ( 'NONE',  ( 0.000000000000000000, 0.1146602736566081637, 0.9934047622419532875 ) ) ;
#1863 = ADVANCED_FACE ( 'NONE', ( #626 ), #331, .F. ) ;
#1864 = EDGE_CURVE ( 'NONE', #1489, #1431, #1368, .T. ) ;
#1865 = CARTESIAN_POINT ( 'NONE',  ( -82.57632428640233968, 415.3923839393981439, -271.2439904441194471 ) ) ;
#1866 = ORIENTED_EDGE ( 'NONE', *, *, #2229, .T. ) ;
#1867 = CARTESIAN_POINT ( 'NONE',  ( -207.7317369937917420, 424.1144736006910989, -147.7857191253621068 ) ) ;
#1868 = DIRECTION ( 'NONE',  ( -6.838511455699440069E-15, 0.9930245052579493859, -0.1179081505121876566 ) ) ;
#1869 = CYLINDRICAL_SURFACE ( 'NONE', #1121, 12.50000000000006395 ) ;
#1870 = CARTESIAN_POINT ( 'NONE',  ( -148.1693451256030585, 410.3480868932178964, -267.0562709733804923 ) ) ;
#1871 = PLANE ( 'NONE',  #3297 ) ;
#1872 = LINE ( 'NONE', #2924, #640 ) ;
#1873 = ADVANCED_FACE ( 'NONE', ( #2031 ), #649, .T. ) ;
#1874 = ORIENTED_EDGE ( 'NONE', *, *, #1986, .T. ) ;
#1875 = DIRECTION ( 'NONE',  ( 6.739838248742254964E-15, -0.9934047622419531764, 0.1146602736566088993 ) ) ;
#1876 = CARTESIAN_POINT ( 'NONE',  ( -148.1693451256030585, 410.3480868932178964, -267.0562709733804923 ) ) ;
#1877 = CARTESIAN_POINT ( 'NONE',  ( -41.73173699378798318, 356.3640672030133487, -207.1416892519046087 ) ) ;
#1878 = CARTESIAN_POINT ( 'NONE',  ( -35.73173699379108115, 429.8543617092731211, -237.5985853412646804 ) ) ;
#1879 = EDGE_LOOP ( 'NONE', ( #2283, #1846, #670, #2096, #3364 ) ) ;
#1880 = ORIENTED_EDGE ( 'NONE', *, *, #1591, .F. ) ;
#1881 = DIRECTION ( 'NONE',  ( 6.793446168915042400E-15, -1.000000000000000000, 0.000000000000000000 ) ) ;
#1882 = B_SPLINE_CURVE_WITH_KNOTS ( 'NONE', 3,
 ( #203, #1320, #252, #3048, #3286, #3555, #2166, #2445, #785, #1045, #530, #222, #1934, #840, #1904, #1656, #3018, #2996, #3539, #2776, #2202, #268, #3268, #512, #1390, #499, #1624, #481, #2727, #1640 ),
 .UNSPECIFIED., .F., .F.,
 ( 4, 2, 2, 2, 2, 2, 2, 2, 2, 2, 2, 2, 2, 2, 4 ),
 ( 4.163336342344337027E-17, 0.0004942134665146488172, 0.0009884269330292560010, 0.001482640399543863185, 0.001976853866058470369, 0.002965280799087595398, 0.003459494265602136662, 0.003953707732116677059, 0.004447921198631217890, 0.004942134665145758721, 0.005436348131660298684, 0.005930561598174839515, 0.006424775064689380345, 0.006918988531203920309, 0.007907415464233052277 ),
 .UNSPECIFIED. ) ;
#1883 = VERTEX_POINT ( 'NONE', #3407 ) ;
#1884 = EDGE_CURVE ( 'NONE', #1389, #1221, #1827, .T. ) ;
#1885 = CARTESIAN_POINT ( 'NONE',  ( -166.2317369937915714, 432.1316332312815689, -130.6543754259301124 ) ) ;
#1886 = VECTOR ( 'NONE', #2596, 1000.000000000000000 ) ;
#1887 = FACE_OUTER_BOUND ( 'NONE', #2474, .T. ) ;
#1888 = CARTESIAN_POINT ( 'NONE',  ( -212.2032611129811812, 428.0364697447292883, -164.4225274400343437 ) ) ;
#1889 = LINE ( 'NONE', #1071, #1718 ) ;
#1890 = CARTESIAN_POINT ( 'NONE',  ( -212.4344396964944792, 418.6666233145578531, -246.0760257603284913 ) ) ;
#1891 = VERTEX_POINT ( 'NONE', #3444 ) ;
#1892 = CARTESIAN_POINT ( 'NONE',  ( -95.43605582364831719, 415.7693022878524403, -272.4159198755930902 ) ) ;
#1893 = ADVANCED_FACE ( 'NONE', ( #1752 ), #3137, .F. ) ;
#1894 = B_SPLINE_CURVE_WITH_KNOTS ( 'NONE', 3,
 ( #1240, #1471, #3110, #2320, #3417, #3150, #441, #2938, #139, #1338, #742, #1581, #1317, #2105, #1865, #1825, #2972, #496 ),
 .UNSPECIFIED., .F., .F.,
 ( 4, 2, 2, 2, 2, 2, 2, 2, 4 ),
 ( 0.003954793588177037307, 0.004448810204083139368, 0.004942826819989241428, 0.005436843435895342622, 0.005930860051801444682, 0.006424876667707546743, 0.006918893283613648804, 0.007412909899519750864, 0.007906926515425852925 ),
 .UNSPECIFIED. ) ;
#1895 = FACE_OUTER_BOUND ( 'NONE', #1419, .T. ) ;
#1896 = DIRECTION ( 'NONE',  ( -2.236243980445803034E-17, 0.1179081505121849782, 0.9930245052579497189 ) ) ;
#1897 = DIRECTION ( 'NONE',  ( -1.000000000000000000, -6.809590691606416778E-15, 6.442353110130824381E-16 ) ) ;
#1898 = EDGE_LOOP ( 'NONE', ( #2417, #1967, #2585, #1670 ) ) ;
#1899 = ORIENTED_EDGE ( 'NONE', *, *, #2577, .T. ) ;
#1900 = FACE_OUTER_BOUND ( 'NONE', #1719, .T. ) ;
#1901 = CIRCLE ( 'NONE', #309, 12.50000000000006395 ) ;
#1902 = CARTESIAN_POINT ( 'NONE',  ( -41.73173699379108115, 441.8363603063886558, -133.7877876869801810 ) ) ;
#1903 = ORIENTED_EDGE ( 'NONE', *, *, #1430, .F. ) ;
#1904 = CARTESIAN_POINT ( 'NONE',  ( -38.23162915490309643, 427.4810011281389279, -166.1886143906729671 ) ) ;
#1905 = AXIS2_PLACEMENT_3D ( 'NONE', #49, #1157, #2832 ) ;
#1906 = CARTESIAN_POINT ( 'NONE',  ( -166.2317369937915714, 432.1316332312815689, -130.6543754259301124 ) ) ;
#1907 = EDGE_CURVE ( 'NONE', #2896, #140, #2866, .T. ) ;
#1908 = AXIS2_PLACEMENT_3D ( 'NONE', #2849, #277, #614 ) ;
#1909 = PLANE ( 'NONE',  #1068 ) ;
#1910 = DIRECTION ( 'NONE',  ( -6.838548019020299662E-15, 0.9934047622419531764, -0.1146602736566088299 ) ) ;
#1911 = EDGE_CURVE ( 'NONE', #1127, #3056, #2297, .T. ) ;
#1912 = CARTESIAN_POINT ( 'NONE',  ( -168.4761388069119050, 415.6466711277655008, -272.5870068533110384 ) ) ;
#1913 = DIRECTION ( 'NONE',  ( 6.838548019020299662E-15, -0.9934047622419531764, 0.1146602736566088299 ) ) ;
#1914 = ORIENTED_EDGE ( 'NONE', *, *, #3451, .T. ) ;
#1915 = ORIENTED_EDGE ( 'NONE', *, *, #682, .T. ) ;
#1916 = CARTESIAN_POINT ( 'NONE',  ( -83.23173699379121615, 415.3339031405888591, -276.1881730943766797 ) ) ;
#1917 = ORIENTED_EDGE ( 'NONE', *, *, #1834, .F. ) ;
#1918 = ORIENTED_EDGE ( 'NONE', *, *, #543, .F. ) ;
#1919 = LINE ( 'NONE', #1375, #647 ) ;
#1920 = CARTESIAN_POINT ( 'NONE',  ( -154.1235091841826659, 415.6740165876788637, -272.8417110005239010 ) ) ;
#1921 = LINE ( 'NONE', #3033, #3280 ) ;
#1922 = DIRECTION ( 'NONE',  ( 0.000000000000000000, 0.1146602736566085523, 0.9934047622419531764 ) ) ;
#1923 = CARTESIAN_POINT ( 'NONE',  ( -37.71766507672002433, 419.6967077850595729, -235.4469072727941921 ) ) ;
#1924 = EDGE_CURVE ( 'NONE', #2469, #1193, #1848, .T. ) ;
#1925 = DIRECTION ( 'NONE',  ( 0.000000000000000000, -0.9934047622419531764, 0.1146602736566088299 ) ) ;
#1926 = B_SPLINE_CURVE_WITH_KNOTS ( 'NONE', 3,
 ( #2986, #2571, #63, #1616, #1764, #2877, #1200, #1238, #3454, #136, #2103, #3398, #1333, #2736, #1017, #755, #473, #2392 ),
 .UNSPECIFIED., .F., .F.,
 ( 4, 2, 2, 2, 2, 2, 2, 2, 4 ),
 ( 0.004651986391801568935, 0.005146265271770139073, 0.005640544151738709211, 0.006134823031707278482, 0.006629101911675848620, 0.007123380791644418758, 0.007617659671612988029, 0.008111938551581557300, 0.008606217431550128305 ),
 .UNSPECIFIED. ) ;
#1927 = ORIENTED_EDGE ( 'NONE', *, *, #3311, .T. ) ;
#1928 = VERTEX_POINT ( 'NONE', #1867 ) ;
#1929 = DIRECTION ( 'NONE',  ( 0.000000000000000000, 0.1146602736566079278, 0.9934047622419532875 ) ) ;
#1930 = VERTEX_POINT ( 'NONE', #2290 ) ;
#1931 = ORIENTED_EDGE ( 'NONE', *, *, #3367, .T. ) ;
#1932 = EDGE_CURVE ( 'NONE', #3282, #3131, #1128, .T. ) ;
#1933 = VECTOR ( 'NONE', #2046, 1000.000000000000114 ) ;
#1934 = CARTESIAN_POINT ( 'NONE',  ( -38.15032784775338826, 427.5732568295362626, -165.7089561810482508 ) ) ;
#1935 = CARTESIAN_POINT ( 'NONE',  ( -212.4344396964944792, 429.2622229968552006, -154.2768450368772051 ) ) ;
#1936 = AXIS2_PLACEMENT_3D ( 'NONE', #2979, #2745, #225 ) ;
#1937 = DIRECTION ( 'NONE',  ( 0.000000000000000000, -0.1146602736566085246, -0.9934047622419531764 ) ) ;
#1938 = DIRECTION ( 'NONE',  ( 6.739838248742254964E-15, -0.9934047622419531764, 0.1146602736566088993 ) ) ;
#1939 = VECTOR ( 'NONE', #1353, 1000.000000000000000 ) ;
#1940 = FACE_OUTER_BOUND ( 'NONE', #3360, .T. ) ;
#1941 = DIRECTION ( 'NONE',  ( 0.000000000000000000, 0.000000000000000000, -1.000000000000000000 ) ) ;
#1942 = AXIS2_PLACEMENT_3D ( 'NONE', #2759, #1950, #2234 ) ;
#1943 = MANIFOLD_SOLID_BREP ( 'Cut-Extrude8', #824 ) ;
#1944 = EDGE_CURVE ( 'NONE', #2003, #2299, #443, .T. ) ;
#1945 = VERTEX_POINT ( 'NONE', #1479 ) ;
#1946 = ORIENTED_EDGE ( 'NONE', *, *, #2415, .F. ) ;
#1947 = CARTESIAN_POINT ( 'NONE',  ( -201.7317369937918841, 449.0956367623836627, -140.6654984496846623 ) ) ;
#1948 = ORIENTED_EDGE ( 'NONE', *, *, #770, .T. ) ;
#1949 = ORIENTED_EDGE ( 'NONE', *, *, #1185, .T. ) ;
#1950 = DIRECTION ( 'NONE',  ( 6.739838248742254964E-15, -0.9934047622419531764, 0.1146602736566088993 ) ) ;
#1951 = AXIS2_PLACEMENT_3D ( 'NONE', #3294, #2412, #799 ) ;
#1952 = DIRECTION ( 'NONE',  ( -6.838548019020301240E-15, 0.9934047622419531764, -0.1146602736566088299 ) ) ;
#1953 = EDGE_LOOP ( 'NONE', ( #3235, #1435 ) ) ;
#1954 = CARTESIAN_POINT ( 'NONE',  ( -163.7317369937915714, 432.5902743259080694, -126.6807563769622789 ) ) ;
#1955 = CIRCLE ( 'NONE', #359, 6.199999999998373923 ) ;
#1956 = FACE_OUTER_BOUND ( 'NONE', #1114, .T. ) ;
#1957 = VECTOR ( 'NONE', #3328, 1000.000000000000114 ) ;
#1958 = CARTESIAN_POINT ( 'NONE',  ( -148.1693451256030869, 432.5902743259081262, -126.6807563769623073 ) ) ;
#1959 = CARTESIAN_POINT ( 'NONE',  ( -41.73173699378798318, 347.4992143490205763, -187.6605603349982516 ) ) ;
#1960 = CARTESIAN_POINT ( 'NONE',  ( -178.4360558236486440, 415.6283113682397357, -272.3996464913288378 ) ) ;
#1961 = ORIENTED_EDGE ( 'NONE', *, *, #2588, .T. ) ;
#1962 = VERTEX_POINT ( 'NONE', #180 ) ;
#1963 = DIRECTION ( 'NONE',  ( -6.838548019020299662E-15, 0.9934047622419531764, -0.1146602736566088576 ) ) ;
#1964 = EDGE_CURVE ( 'NONE', #2359, #3284, #1301, .T. ) ;
#1965 = DIRECTION ( 'NONE',  ( -1.000000000000000000, -7.022495035279573221E-15, 6.688090509790069405E-16 ) ) ;
#1966 = VERTEX_POINT ( 'NONE', #2151 ) ;
#1967 = ORIENTED_EDGE ( 'NONE', *, *, #789, .F. ) ;
#1968 = CARTESIAN_POINT ( 'NONE',  ( -207.7317369937917988, 418.8965701772861507, -218.5892626627928905 ) ) ;
#1969 = EDGE_CURVE ( 'NONE', #1098, #3282, #1184, .T. ) ;
#1970 = EDGE_CURVE ( 'NONE', #1237, #920, #1999, .T. ) ;
#1971 = DIRECTION ( 'NONE',  ( 6.739838248742254964E-15, -0.9934047622419531764, 0.1146602736566088993 ) ) ;
#1972 = VERTEX_POINT ( 'NONE', #2742 ) ;
#1973 = LINE ( 'NONE', #3384, #2865 ) ;
#1974 = DIRECTION ( 'NONE',  ( -6.838548019020300451E-15, 0.9934047622419531764, -0.1146602736566088576 ) ) ;
#1975 = CARTESIAN_POINT ( 'NONE',  ( -47.73173699379056956, 353.3927818101066123, -232.1659067844049957 ) ) ;
#1976 = ADVANCED_FACE ( 'NONE', ( #460 ), #2707, .T. ) ;
#1977 = LINE ( 'NONE', #3390, #1262 ) ;
#1978 = VERTEX_POINT ( 'NONE', #764 ) ;
#1979 = ORIENTED_EDGE ( 'NONE', *, *, #1108, .F. ) ;
#1980 = LINE ( 'NONE', #3087, #206 ) ;
#1981 = CARTESIAN_POINT ( 'NONE',  ( -211.7350108332715592, 419.6958111270844825, -235.4581746156356132 ) ) ;
#1982 = VERTEX_POINT ( 'NONE', #1064 ) ;
#1983 = ORIENTED_EDGE ( 'NONE', *, *, #3368, .T. ) ;
#1984 = FACE_OUTER_BOUND ( 'NONE', #1314, .T. ) ;
#1985 = CYLINDRICAL_SURFACE ( 'NONE', #3153, 6.200000000000010836 ) ;
#1986 = EDGE_CURVE ( 'NONE', #3327, #1833, #1882, .T. ) ;
#1987 = VERTEX_POINT ( 'NONE', #2476 ) ;
#1988 = CARTESIAN_POINT ( 'NONE',  ( -98.35926529384927619, 413.2635943383294261, -267.3927832332470302 ) ) ;
#1989 = CARTESIAN_POINT ( 'NONE',  ( -39.73173699379100299, 428.0038633796444856, -166.4169468666406715 ) ) ;
#1990 = VECTOR ( 'NONE', #2385, 1000.000000000000000 ) ;
#1991 = VECTOR ( 'NONE', #931, 1000.000000000000000 ) ;
#1992 = DIRECTION ( 'NONE',  ( -1.000000000000000000, 0.000000000000000000, 0.000000000000000000 ) ) ;
#1993 = CARTESIAN_POINT ( 'NONE',  ( -166.2317369937916283, 443.4989342744086684, -119.3834186344717381 ) ) ;
#1994 = CARTESIAN_POINT ( 'NONE',  ( -99.87793797271632457, 341.5398768180421598, -237.0020874312679382 ) ) ;
#1995 = VECTOR ( 'NONE', #2716, 1000.000000000000114 ) ;
#1996 = EDGE_CURVE ( 'NONE', #1689, #1329, #3446, .T. ) ;
#1997 = ORIENTED_EDGE ( 'NONE', *, *, #1907, .F. ) ;
#1998 = ORIENTED_EDGE ( 'NONE', *, *, #1970, .F. ) ;
#1999 = CIRCLE ( 'NONE', #1942, 5.999999999999998224 ) ;
#2000 = FACE_BOUND ( 'NONE', #7, .T. ) ;
#2001 = CARTESIAN_POINT ( 'NONE',  ( -212.9183301810020623, 419.8821919523781503, -236.3163525992414975 ) ) ;
#2002 = ORIENTED_EDGE ( 'NONE', *, *, #2247, .T. ) ;
#2003 = VERTEX_POINT ( 'NONE', #236 ) ;
#2004 = PLANE ( 'NONE',  #2063 ) ;
#2005 = DIRECTION ( 'NONE',  ( -0.000000000000000000, 0.1179081505121840207, 0.9930245052579498299 ) ) ;
#2006 = ORIENTED_EDGE ( 'NONE', *, *, #3077, .T. ) ;
#2007 = LINE ( 'NONE', #3095, #2925 ) ;
#2008 = CIRCLE ( 'NONE', #2305, 5.999999999999998224 ) ;
#2009 = DIRECTION ( 'NONE',  ( -6.838548019020300451E-15, 0.9934047622419531764, -0.1146602736566088437 ) ) ;
#2010 = EDGE_CURVE ( 'NONE', #1768, #1005, #3388, .T. ) ;
#2011 = DIRECTION ( 'NONE',  ( 0.000000000000000000, 0.1146602736566088299, 0.9934047622419531764 ) ) ;
#2012 = AXIS2_PLACEMENT_3D ( 'NONE', #2532, #17, #917 ) ;
#2013 = FILL_AREA_STYLE ('',( #69 ) ) ;
#2014 = FACE_OUTER_BOUND ( 'NONE', #1841, .T. ) ;
#2015 = EDGE_CURVE ( 'NONE', #3085, #3205, #1341, .T. ) ;
#2016 = VECTOR ( 'NONE', #1453, 1000.000000000000000 ) ;
#2017 = ORIENTED_EDGE ( 'NONE', *, *, #1774, .F. ) ;
#2018 = ORIENTED_EDGE ( 'NONE', *, *, #620, .F. ) ;
#2019 = CARTESIAN_POINT ( 'NONE',  ( -163.7317369937914862, 415.6205538247298250, -273.7046611887717518 ) ) ;
#2020 = DIRECTION ( 'NONE',  ( 1.000000000000000000, 6.793446168915043188E-15, -7.841097872747283183E-16 ) ) ;
#2021 = EDGE_CURVE ( 'NONE', #375, #1491, #1919, .T. ) ;
#2022 = ORIENTED_EDGE ( 'NONE', *, *, #3308, .F. ) ;
#2023 = ORIENTED_EDGE ( 'NONE', *, *, #1108, .T. ) ;
#2024 = DIRECTION ( 'NONE',  ( 6.838548019020299662E-15, -0.9934047622419531764, 0.1146602736566088299 ) ) ;
#2025 = DIRECTION ( 'NONE',  ( -6.838548019020300451E-15, 0.9934047622419531764, -0.1146602736566088576 ) ) ;
#2026 = EDGE_LOOP ( 'NONE', ( #3104, #1983 ) ) ;
#2027 = DIRECTION ( 'NONE',  ( 4.625929269271481378E-15, -1.000000000000000000, 0.000000000000000000 ) ) ;
#2028 = LINE ( 'NONE', #645, #2406 ) ;
#2029 = CARTESIAN_POINT ( 'NONE',  ( -84.49091250395044028, 415.4678487786370056, -271.5068751294356844 ) ) ;
#2030 = CARTESIAN_POINT ( 'NONE',  ( -178.4360558236486440, 415.6283113682397357, -272.3996464913288378 ) ) ;
#2031 = FACE_OUTER_BOUND ( 'NONE', #3475, .T. ) ;
#2032 = CARTESIAN_POINT ( 'NONE',  ( -170.6190386215828028, 394.7628651310299119, -166.6067768849399044 ) ) ;
#2033 = CARTESIAN_POINT ( 'NONE',  ( -65.16934512560284531, 434.1898011870252390, -269.8081175411391541 ) ) ;
#2034 = EDGE_LOOP ( 'NONE', ( #2075, #839, #2784, #1500 ) ) ;
#2035 = EDGE_CURVE ( 'NONE', #2266, #656, #2505, .T. ) ;
#2036 = ORIENTED_EDGE ( 'NONE', *, *, #3261, .T. ) ;
#2037 = CARTESIAN_POINT ( 'NONE',  ( -163.9869988338222413, 432.3613115611862554, -127.7742253347901880 ) ) ;
#2038 = FACE_OUTER_BOUND ( 'NONE', #3199, .T. ) ;
#2039 = ORIENTED_EDGE ( 'NONE', *, *, #29, .T. ) ;
#2040 = ORIENTED_EDGE ( 'NONE', *, *, #15, .T. ) ;
#2041 = CARTESIAN_POINT ( 'NONE',  ( -213.7317369937919693, 454.3871611742514460, -240.4301980002060759 ) ) ;
#2042 = CARTESIAN_POINT ( 'NONE',  ( -154.0274181639344988, 415.6283113682399062, -272.3996464913288378 ) ) ;
#2043 = EDGE_CURVE ( 'NONE', #2163, #1972, #2220, .T. ) ;
#2044 = ORIENTED_EDGE ( 'NONE', *, *, #2431, .T. ) ;
#2045 = DIRECTION ( 'NONE',  ( 6.739838248742254964E-15, -0.9934047622419531764, 0.1146602736566088993 ) ) ;
#2046 = DIRECTION ( 'NONE',  ( 6.838548019020301240E-15, -0.9934047622419531764, 0.1146602736566088299 ) ) ;
#2047 = CARTESIAN_POINT ( 'NONE',  ( -83.23173699379128720, 442.0656808537016218, -131.8009781624962500 ) ) ;
#2048 = VECTOR ( 'NONE', #330, 1000.000000000000114 ) ;
#2049 = CARTESIAN_POINT ( 'NONE',  ( -213.0781698384523395, 427.6932501096117676, -168.8158006980789594 ) ) ;
#2050 = CARTESIAN_POINT ( 'NONE',  ( -39.73173699379100299, 420.2069647709950573, -233.9684706990936434 ) ) ;
#2051 = AXIS2_PLACEMENT_3D ( 'NONE', #696, #3016, #1023 ) ;
#2052 = CARTESIAN_POINT ( 'NONE',  ( -35.73173699379101720, 422.2780035654944299, -216.0252045997548578 ) ) ;
#2053 = CYLINDRICAL_SURFACE ( 'NONE', #1467, 6.199999999999983302 ) ;
#2054 = AXIS2_PLACEMENT_3D ( 'NONE', #3578, #1085, #464 ) ;
#2055 = ORIENTED_EDGE ( 'NONE', *, *, #916, .T. ) ;
#2056 = ORIENTED_EDGE ( 'NONE', *, *, #1812, .T. ) ;
#2057 = CARTESIAN_POINT ( 'NONE',  ( -71.02741816393412932, 432.3005349431744548, -127.9532243058769438 ) ) ;
#2058 = CARTESIAN_POINT ( 'NONE',  ( -41.73173699379097457, 424.1144736006921789, -147.7857191253622489 ) ) ;
#2059 = CIRCLE ( 'NONE', #3159, 6.199999999999983302 ) ;
#2060 = EDGE_CURVE ( 'NONE', #2266, #1928, #1328, .T. ) ;
#2061 = VERTEX_POINT ( 'NONE', #2587 ) ;
#2062 = ORIENTED_EDGE ( 'NONE', *, *, #227, .T. ) ;
#2063 = AXIS2_PLACEMENT_3D ( 'NONE', #3092, #1708, #2822 ) ;
#2064 = LINE ( 'NONE', #2604, #910 ) ;
#2065 = ORIENTED_EDGE ( 'NONE', *, *, #2850, .T. ) ;
#2066 = DIRECTION ( 'NONE',  ( 0.000000000000000000, 0.1146602736566045833, 0.9934047622419536205 ) ) ;
#2067 = EDGE_CURVE ( 'NONE', #717, #1761, #536, .T. ) ;
#2068 = CARTESIAN_POINT ( 'NONE',  ( -37.02903429108830835, 429.2622229968562806, -154.2768450368773472 ) ) ;
#2069 = CARTESIAN_POINT ( 'NONE',  ( -84.34591847564524869, 415.4457188940985475, -271.4256058539249921 ) ) ;
#2070 =( BOUNDED_CURVE ( )  B_SPLINE_CURVE ( 3, ( #2057, #2893, #689, #2928 ),
 .UNSPECIFIED., .F., .T. ) 
 B_SPLINE_CURVE_WITH_KNOTS ( ( 4, 4 ),
 ( 0.2179373405908269778, 1.570796326794894560 ),
 .UNSPECIFIED. ) 
 CURVE ( )  GEOMETRIC_REPRESENTATION_ITEM ( )  RATIONAL_B_SPLINE_CURVE ( ( 1.000000000000000000, 0.8532085782433705967, 0.8532085782433705967, 1.000000000000000000 ) ) 
 REPRESENTATION_ITEM ( '' )  );
#2071 = CARTESIAN_POINT ( 'NONE',  ( -211.3131461398293993, 427.4232931497837740, -167.0082260055268648 ) ) ;
#2072 = CARTESIAN_POINT ( 'NONE',  ( -83.23173699379145773, 450.3740515962709878, -275.1993646786747831 ) ) ;
#2073 = CARTESIAN_POINT ( 'NONE',  ( -168.3972497745353678, 432.3146034920164311, -127.9170512598992957 ) ) ;
#2074 = AXIS2_PLACEMENT_3D ( 'NONE', #2911, #2375, #1817 ) ;
#2075 = ORIENTED_EDGE ( 'NONE', *, *, #1550, .F. ) ;
#2076 = EDGE_LOOP ( 'NONE', ( #2825, #3029, #1273, #2621 ) ) ;
#2077 = CARTESIAN_POINT ( 'NONE',  ( -41.73173699379034929, 318.9548487669579231, -256.5075257969724021 ) ) ;
#2078 = AXIS2_PLACEMENT_3D ( 'NONE', #34, #862, #2797 ) ;
#2079 = CARTESIAN_POINT ( 'NONE',  ( -37.02903429108830835, 421.4653243882069091, -221.8283688693302906 ) ) ;
#2080 = AXIS2_PLACEMENT_3D ( 'NONE', #2572, #2306, #362 ) ;
#2081 = CIRCLE ( 'NONE', #1722, 6.200000000000871481 ) ;
#2082 = EDGE_LOOP ( 'NONE', ( #595, #2581 ) ) ;
#2083 = VERTEX_POINT ( 'NONE', #26 ) ;
#2084 = EDGE_CURVE ( 'NONE', #602, #1445, #2357, .T. ) ;
#2085 = DIRECTION ( 'NONE',  ( 6.838548019020299662E-15, -0.9934047622419531764, 0.1146602736566088299 ) ) ;
#2086 = VERTEX_POINT ( 'NONE', #1742 ) ;
#2087 = EDGE_CURVE ( 'NONE', #3184, #591, #1469, .T. ) ;
#2088 = EDGE_CURVE ( 'NONE', #2741, #1891, #552, .T. ) ;
#2089 = CARTESIAN_POINT ( 'NONE',  ( -99.87793797271632457, 359.3521193410709316, -182.8243796881334049 ) ) ;
#2090 = CARTESIAN_POINT ( 'NONE',  ( -201.7317369937910883, 322.6230246956233145, -250.8910780444904560 ) ) ;
#2091 = DIRECTION ( 'NONE',  ( 6.838548019020299662E-15, -0.9934047622419531764, 0.1146602736566088299 ) ) ;
#2092 = CARTESIAN_POINT ( 'NONE',  ( -212.6162411421457250, 427.6447006132449928, -168.6337025007696298 ) ) ;
#2093 = CARTESIAN_POINT ( 'NONE',  ( -213.7317369937917988, 437.9379110020628900, -167.5635496032065817 ) ) ;
#2094 = CARTESIAN_POINT ( 'NONE',  ( -41.73173699379097457, 424.1144736006921789, -147.7857191253622489 ) ) ;
#2095 = ORIENTED_EDGE ( 'NONE', *, *, #1143, .T. ) ;
#2096 = ORIENTED_EDGE ( 'NONE', *, *, #1304, .T. ) ;
#2097 = DIRECTION ( 'NONE',  ( 1.000000000000000000, 6.809590691606416778E-15, -6.442353110130824381E-16 ) ) ;
#2098 = CARTESIAN_POINT ( 'NONE',  ( -164.9750462005833072, 415.4674495416026616, -271.5053180099504289 ) ) ;
#2099 = LINE ( 'NONE', #1538, #771 ) ;
#2100 = CARTESIAN_POINT ( 'NONE',  ( -166.2317369937915714, 415.3651592177224074, -271.1585855993797622 ) ) ;
#2101 = EDGE_LOOP ( 'NONE', ( #3055, #202, #2095, #1373, #2654, #3061 ) ) ;
#2102 = ORIENTED_EDGE ( 'NONE', *, *, #94, .F. ) ;
#2103 = CARTESIAN_POINT ( 'NONE',  ( -81.24629870704417556, 432.2202458613866725, -128.1760516184616847 ) ) ;
#2104 = DIRECTION ( 'NONE',  ( 1.000000000000000000, 0.000000000000000000, 0.000000000000000000 ) ) ;
#2105 = CARTESIAN_POINT ( 'NONE',  ( -82.42016488752940973, 415.4079606266096789, -271.2942099756310199 ) ) ;
#2106 = ORIENTED_EDGE ( 'NONE', *, *, #1749, .F. ) ;
#2107 = B_SPLINE_CURVE_WITH_KNOTS ( 'NONE', 3,
 ( #456, #1042, #761, #1547 ),
 .UNSPECIFIED., .F., .F.,
 ( 4, 4 ),
 ( 0.000000000000000000, 0.001354207433444797265 ),
 .UNSPECIFIED. ) ;
#2108 = DIRECTION ( 'NONE',  ( -6.838548019020300451E-15, 0.9934047622419531764, -0.1146602736566088576 ) ) ;
#2109 = ADVANCED_FACE ( 'NONE', ( #2267 ), #1201, .F. ) ;
#2110 = CARTESIAN_POINT ( 'NONE',  ( -85.71500254370216965, 415.6516932242613507, -273.3735879670322788 ) ) ;
#2111 = CARTESIAN_POINT ( 'NONE',  ( -212.4344396964945361, 439.3372615388867644, -155.4397211577074245 ) ) ;
#2112 = DIRECTION ( 'NONE',  ( 6.838548019020301240E-15, -0.9934047622419531764, 0.1146602736566088299 ) ) ;
#2113 = CARTESIAN_POINT ( 'NONE',  ( -41.73173699379034929, 334.5486459842567228, -121.4044781320663162 ) ) ;
#2114 = ORIENTED_EDGE ( 'NONE', *, *, #2860, .F. ) ;
#2115 = LINE ( 'NONE', #1290, #1232 ) ;
#2116 = CARTESIAN_POINT ( 'NONE',  ( -167.4909125039508524, 415.4678487786363235, -271.5068751294354570 ) ) ;
#2117 = CARTESIAN_POINT ( 'NONE',  ( -207.7317369937918272, 441.8363603063875757, -133.7877876869800389 ) ) ;
#2118 = CARTESIAN_POINT ( 'NONE',  ( -166.2317369937915714, 432.5902743259080125, -126.6807563769622789 ) ) ;
#2119 = EDGE_CURVE ( 'NONE', #1329, #3327, #2281, .T. ) ;
#2120 = AXIS2_PLACEMENT_3D ( 'NONE', #3064, #2204, #11 ) ;
#2121 = EDGE_LOOP ( 'NONE', ( #3365, #378, #266, #3200 ) ) ;
#2122 = EDGE_LOOP ( 'NONE', ( #8, #2939 ) ) ;
#2123 = AXIS2_PLACEMENT_3D ( 'NONE', #2132, #727, #501 ) ;
#2124 = CARTESIAN_POINT ( 'NONE',  ( -213.7317369937919693, 462.7573611511838862, -167.9116503565433334 ) ) ;
#2125 = APPLICATION_CONTEXT ( 'automotive_design' ) ;
#2126 = AXIS2_PLACEMENT_3D ( 'NONE', #2410, #3507, #754 ) ;
#2127 = CARTESIAN_POINT ( 'NONE',  ( -39.89447514769593539, 420.9077038076133590, -221.1252294736594024 ) ) ;
#2128 = ORIENTED_EDGE ( 'NONE', *, *, #2441, .T. ) ;
#2129 = DIRECTION ( 'NONE',  ( -6.838548019020300451E-15, 0.9934047622419531764, -0.1146602736566088437 ) ) ;
#2130 = COLOUR_RGB ( '',0.7921568627450980005, 0.8196078431372548767, 0.9333333333333333481 ) ;
#2131 = FACE_OUTER_BOUND ( 'NONE', #722, .T. ) ;
#2132 = CARTESIAN_POINT ( 'NONE',  ( -101.2941288619797575, 442.5243219483279518, -127.8273591135283880 ) ) ;
#2133 = DIRECTION ( 'NONE',  ( 6.838548019020300451E-15, -0.9934047622419531764, 0.1146602736566088299 ) ) ;
#2134 = EDGE_CURVE ( 'NONE', #1761, #652, #909, .T. ) ;
#2135 = DIRECTION ( 'NONE',  ( 0.000000000000000000, -0.1146602736566090658, -0.9934047622419530654 ) ) ;
#2136 = CARTESIAN_POINT ( 'NONE',  ( -167.0435709211887456, 431.8342002873137062, -128.9793104912397439 ) ) ;
#2137 = ORIENTED_EDGE ( 'NONE', *, *, #2473, .T. ) ;
#2138 = DIRECTION ( 'NONE',  ( -1.387778780781452460E-14, 0.1146602736566051106, 0.9934047622419536205 ) ) ;
#2139 = CARTESIAN_POINT ( 'NONE',  ( -166.5632924000770174, 415.3708945164357829, -271.1759414217106610 ) ) ;
#2140 = ADVANCED_FACE ( 'NONE', ( #2301 ), #339, .T. ) ;
#2141 = CARTESIAN_POINT ( 'NONE',  ( -95.21991618933566315, 432.5408947061104641, -127.1085763001204043 ) ) ;
#2142 = CYLINDRICAL_SURFACE ( 'NONE', #1838, 2.500000000000007105 ) ;
#2143 = EDGE_LOOP ( 'NONE', ( #3394, #2642, #561, #1180, #1095, #276, #1131, #3254, #1584 ) ) ;
#2144 = AXIS2_PLACEMENT_3D ( 'NONE', #3120, #1732, #650 ) ;
#2145 = ORIENTED_EDGE ( 'NONE', *, *, #3600, .F. ) ;
#2146 = CARTESIAN_POINT ( 'NONE',  ( -65.16934512560266057, 410.3480868932184649, -267.0562709733805491 ) ) ;
#2147 = AXIS2_PLACEMENT_3D ( 'NONE', #1492, #680, #1187 ) ;
#2148 = VECTOR ( 'NONE', #659, 1000.000000000000000 ) ;
#2149 = ORIENTED_EDGE ( 'NONE', *, *, #3040, .F. ) ;
#2150 = ADVANCED_FACE ( 'NONE', ( #2840 ), #1164, .F. ) ;
#2151 = CARTESIAN_POINT ( 'NONE',  ( -178.0744562761185819, 415.6205538247297682, -273.7046611887717518 ) ) ;
#2152 = CARTESIAN_POINT ( 'NONE',  ( -2.402735114761113072E-12, 346.9590196544630771, -40.04653254472734858 ) ) ;
#2153 = FACE_OUTER_BOUND ( 'NONE', #3086, .T. ) ;
#2154 = CARTESIAN_POINT ( 'NONE',  ( -207.7317369937887577, 394.7628651310299119, -166.6067768849399044 ) ) ;
#2155 = DIRECTION ( 'NONE',  ( 6.838548019020299662E-15, -0.9934047622419531764, 0.1146602736566088299 ) ) ;
#2156 = VERTEX_POINT ( 'NONE', #1686 ) ;
#2157 = ORIENTED_EDGE ( 'NONE', *, *, #860, .F. ) ;
#2158 = DIRECTION ( 'NONE',  ( 6.739838248742254964E-15, -0.9934047622419531764, 0.1146602736566088993 ) ) ;
#2159 = DIRECTION ( 'NONE',  ( 6.838548019020299662E-15, -0.9934047622419531764, 0.1146602736566088576 ) ) ;
#2160 = DIRECTION ( 'NONE',  ( 0.000000000000000000, 0.9934047622419531764, -0.1146602736566088299 ) ) ;
#2161 = EDGE_CURVE ( 'NONE', #2355, #1438, #2704, .T. ) ;
#2162 = EDGE_LOOP ( 'NONE', ( #1077, #2726 ) ) ;
#2163 = VERTEX_POINT ( 'NONE', #1673 ) ;
#2164 = LINE ( 'NONE', #1021, #2830 ) ;
#2165 = EDGE_LOOP ( 'NONE', ( #2065, #2040 ) ) ;
#2166 = CARTESIAN_POINT ( 'NONE',  ( -36.99017937402317102, 428.1213098687172760, -164.2498241192583919 ) ) ;
#2167 = DIRECTION ( 'NONE',  ( 1.000000000000000000, 6.793446168915043188E-15, -7.841097872747283183E-16 ) ) ;
#2168 = ADVANCED_FACE ( 'NONE', ( #617 ), #2789, .F. ) ;
#2169 = CARTESIAN_POINT ( 'NONE',  ( -41.73173699379108115, 432.2120511879139713, -217.1718073363209385 ) ) ;
#2170 = CARTESIAN_POINT ( 'NONE',  ( -213.7317369937918556, 432.2120511879128344, -217.1718073363208532 ) ) ;
#2171 = CARTESIAN_POINT ( 'NONE',  ( -207.7317369937887577, 387.8832487116333709, -237.2110626194572944 ) ) ;
#2172 = CARTESIAN_POINT ( 'NONE',  ( -166.8851098192463098, 431.8072617249600853, -129.0252250547294466 ) ) ;
#2173 = ORIENTED_EDGE ( 'NONE', *, *, #72, .F. ) ;
#2174 = CARTESIAN_POINT ( 'NONE',  ( -168.7317369937916851, 415.6394531521851832, -273.5409193687102061 ) ) ;
#2175 = LINE ( 'NONE', #3278, #118 ) ;
#2176 = CARTESIAN_POINT ( 'NONE',  ( -37.02903429108837940, 439.3372615388879012, -155.4397211577075950 ) ) ;
#2177 = AXIS2_PLACEMENT_3D ( 'NONE', #1597, #431, #2138 ) ;
#2178 = ORIENTED_EDGE ( 'NONE', *, *, #2762, .T. ) ;
#2179 = ORIENTED_EDGE ( 'NONE', *, *, #1542, .T. ) ;
#2180 = DIRECTION ( 'NONE',  ( -6.838548019020300451E-15, 0.9934047622419531764, -0.1146602736566088576 ) ) ;
#2181 = ADVANCED_FACE ( 'NONE', ( #298, #870, #1984 ), #2004, .F. ) ;
#2182 = AXIS2_PLACEMENT_3D ( 'NONE', #3251, #2730, #2403 ) ;
#2183 = CARTESIAN_POINT ( 'NONE',  ( -207.7317369937918272, 435.8668722075634037, -185.5068157025453388 ) ) ;
#2184 = ORIENTED_EDGE ( 'NONE', *, *, #1964, .F. ) ;
#2185 = CIRCLE ( 'NONE', #577, 12.50000000000000888 ) ;
#2186 = CARTESIAN_POINT ( 'NONE',  ( -99.87793797271632457, 363.7383025401395003, -145.8838680925389042 ) ) ;
#2187 = VECTOR ( 'NONE', #2982, 1000.000000000000000 ) ;
#2188 = CARTESIAN_POINT ( 'NONE',  ( -47.73173699379056956, 359.3521193410709316, -182.8243796881334049 ) ) ;
#2189 = FACE_OUTER_BOUND ( 'NONE', #2800, .T. ) ;
#2190 = CARTESIAN_POINT ( 'NONE',  ( -212.4734840876766384, 428.1213598624833025, -164.2497276363491210 ) ) ;
#2191 = AXIS2_PLACEMENT_3D ( 'NONE', #588, #1664, #1426 ) ;
#2192 = EDGE_CURVE ( 'NONE', #1193, #2003, #314, .T. ) ;
#2193 = DIRECTION ( 'NONE',  ( 2.958228394578794270E-31, 0.1146602736566088299, 0.9934047622419531764 ) ) ;
#2194 = DIRECTION ( 'NONE',  ( 0.000000000000000000, 0.1146602736566041392, 0.9934047622419538426 ) ) ;
#2195 = FACE_OUTER_BOUND ( 'NONE', #1814, .T. ) ;
#2196 = ORIENTED_EDGE ( 'NONE', *, *, #3077, .F. ) ;
#2197 = ORIENTED_EDGE ( 'NONE', *, *, #1614, .T. ) ;
#2198 = PLANE ( 'NONE',  #2258 ) ;
#2199 = VECTOR ( 'NONE', #2315, 1000.000000000000114 ) ;
#2200 = ORIENTED_EDGE ( 'NONE', *, *, #3266, .T. ) ;
#2201 = ORIENTED_EDGE ( 'NONE', *, *, #2060, .F. ) ;
#2202 = CARTESIAN_POINT ( 'NONE',  ( -37.89809817675786974, 427.4583412703928502, -167.6205503695121024 ) ) ;
#2203 = VECTOR ( 'NONE', #186, 1000.000000000000114 ) ;
#2204 = DIRECTION ( 'NONE',  ( 0.000000000000000000, -0.1179081505121723494, -0.9930245052579513843 ) ) ;
#2205 = DIRECTION ( 'NONE',  ( 0.000000000000000000, 0.1146602736566051106, 0.9934047622419536205 ) ) ;
#2206 = ADVANCED_FACE ( 'NONE', ( #2622 ), #1765, .T. ) ;
#2207 = ADVANCED_FACE ( 'NONE', ( #377 ), #986, .F. ) ;
#2208 = AXIS2_PLACEMENT_3D ( 'NONE', #2625, #1806, #1245 ) ;
#2209 = VECTOR ( 'NONE', #2085, 1000.000000000000000 ) ;
#2210 = LINE ( 'NONE', #1611, #293 ) ;
#2211 = CARTESIAN_POINT ( 'NONE',  ( -184.2941288619800559, 432.5902743259078989, -126.6807563769622504 ) ) ;
#2212 = CARTESIAN_POINT ( 'NONE',  ( -35.73173699379108115, 440.0089497965633996, -149.6202835038679950 ) ) ;
#2213 = CARTESIAN_POINT ( 'NONE',  ( -154.0274181639344704, 432.3005349431738864, -127.9532243058768870 ) ) ;
#2214 = CARTESIAN_POINT ( 'NONE',  ( -83.23173699379121615, 433.5648866519896956, -118.2368158979057142 ) ) ;
#2215 = VERTEX_POINT ( 'NONE', #2358 ) ;
#2216 = ORIENTED_EDGE ( 'NONE', *, *, #800, .F. ) ;
#2217 = DIRECTION ( 'NONE',  ( 1.000000000000000000, 6.793446168915043188E-15, -7.841097872747283183E-16 ) ) ;
#2218 = CARTESIAN_POINT ( 'NONE',  ( -212.6162411421456966, 419.8478020045955645, -236.1852263332225448 ) ) ;
#2219 = VERTEX_POINT ( 'NONE', #158 ) ;
#2220 = LINE ( 'NONE', #821, #2872 ) ;
#2221 = CARTESIAN_POINT ( 'NONE',  ( -212.8683481121785803, 429.3466624513008014, -154.3833201366779804 ) ) ;
#2222 = CARTESIAN_POINT ( 'NONE',  ( -35.73173699379108115, 435.8668722075646542, -185.5068157025454809 ) ) ;
#2223 = EDGE_CURVE ( 'NONE', #1987, #1604, #113, .T. ) ;
#2224 = CARTESIAN_POINT ( 'NONE',  ( -154.0274181639344704, 432.3005349431738864, -127.9532243058768870 ) ) ;
#2225 = DIRECTION ( 'NONE',  ( -6.838548019020300451E-15, 0.9934047622419531764, -0.1146602736566088576 ) ) ;
#2226 = VERTEX_POINT ( 'NONE', #1003 ) ;
#2227 = ORIENTED_EDGE ( 'NONE', *, *, #177, .T. ) ;
#2228 = CARTESIAN_POINT ( 'NONE',  ( -148.1693451256032290, 434.1898011870246705, -269.8081175411390973 ) ) ;
#2229 = EDGE_CURVE ( 'NONE', #1636, #3346, #3514, .T. ) ;
#2230 = AXIS2_PLACEMENT_3D ( 'NONE', #1906, #3540, #1046 ) ;
#2231 = CARTESIAN_POINT ( 'NONE',  ( -211.7458089108628201, 420.0469243221414786, -232.4126673860482981 ) ) ;
#2232 = ORIENTED_EDGE ( 'NONE', *, *, #1058, .T. ) ;
#2233 = VECTOR ( 'NONE', #2920, 1000.000000000000000 ) ;
#2234 = DIRECTION ( 'NONE',  ( 0.000000000000000000, 0.1146602736566045833, 0.9934047622419536205 ) ) ;
#2235 = CARTESIAN_POINT ( 'NONE',  ( -41.73173699379108115, 441.8363603063886558, -133.7877876869801810 ) ) ;
#2236 = ORIENTED_EDGE ( 'NONE', *, *, #2286, .F. ) ;
#2237 = LINE ( 'NONE', #1169, #3381 ) ;
#2238 = CIRCLE ( 'NONE', #3568, 5.999999999999998224 ) ;
#2239 = CARTESIAN_POINT ( 'NONE',  ( -83.23173699379128720, 425.8412521312914123, -272.3677520197331319 ) ) ;
#2240 = VECTOR ( 'NONE', #1758, 1000.000000000000000 ) ;
#2241 = CYLINDRICAL_SURFACE ( 'NONE', #1642, 5.999999999999998224 ) ;
#2242 = EDGE_CURVE ( 'NONE', #352, #924, #965, .T. ) ;
#2243 = CARTESIAN_POINT ( 'NONE',  ( -37.38687905269638634, 420.1925394617053939, -232.0737702586152977 ) ) ;
#2244 = FACE_OUTER_BOUND ( 'NONE', #2143, .T. ) ;
#2245 = AXIS2_PLACEMENT_3D ( 'NONE', #1975, #1697, #2813 ) ;
#2246 = ORIENTED_EDGE ( 'NONE', *, *, #3435, .T. ) ;
#2247 = EDGE_CURVE ( 'NONE', #1819, #43, #97, .T. ) ;
#2248 = EDGE_CURVE ( 'NONE', #2456, #3127, #306, .T. ) ;
#2249 = ORIENTED_EDGE ( 'NONE', *, *, #159, .F. ) ;
#2250 = DIRECTION ( 'NONE',  ( -6.838548019020300451E-15, 0.9934047622419531764, -0.1146602736566088576 ) ) ;
#2251 = ORIENTED_EDGE ( 'NONE', *, *, #2811, .T. ) ;
#2252 = DIRECTION ( 'NONE',  ( 0.000000000000000000, 0.000000000000000000, 1.000000000000000000 ) ) ;
#2253 = CARTESIAN_POINT ( 'NONE',  ( -83.23173699379128720, 442.5243219483280654, -127.8273591135284164 ) ) ;
#2254 = EDGE_LOOP ( 'NONE', ( #245, #71, #3606, #984, #2232 ) ) ;
#2255 = CIRCLE ( 'NONE', #311, 10.99999999999998224 ) ;
#2256 = DIRECTION ( 'NONE',  ( -1.000000000000000000, -6.793446168915042400E-15, 7.841097872747287127E-16 ) ) ;
#2257 = AXIS2_PLACEMENT_3D ( 'NONE', #3340, #3052, #535 ) ;
#2258 = AXIS2_PLACEMENT_3D ( 'NONE', #525, #2470, #1881 ) ;
#2259 = CARTESIAN_POINT ( 'NONE',  ( -36.39386818771414767, 419.8993487068590298, -236.3817180259121926 ) ) ;
#2260 = CYLINDRICAL_SURFACE ( 'NONE', #1142, 6.200000000000010836 ) ;
#2261 = VERTEX_POINT ( 'NONE', #2680 ) ;
#2262 = ORIENTED_EDGE ( 'NONE', *, *, #209, .T. ) ;
#2263 = DIRECTION ( 'NONE',  ( 0.000000000000000000, 0.1146602736566088993, 0.9934047622419531764 ) ) ;
#2264 = EDGE_CURVE ( 'NONE', #2226, #1544, #1265, .T. ) ;
#2265 = EDGE_LOOP ( 'NONE', ( #477, #3573, #907, #2847 ) ) ;
#2266 = VERTEX_POINT ( 'NONE', #1842 ) ;
#2267 = FACE_OUTER_BOUND ( 'NONE', #2738, .T. ) ;
#2268 = CARTESIAN_POINT ( 'NONE',  ( -213.7317369937917704, 429.3617528133933661, -154.6523331336822480 ) ) ;
#2269 = ORIENTED_EDGE ( 'NONE', *, *, #1591, .T. ) ;
#2270 = CARTESIAN_POINT ( 'NONE',  ( -95.43605582364831719, 415.6283113682403041, -272.3996464913288946 ) ) ;
#2271 = CARTESIAN_POINT ( 'NONE',  ( -99.87793797271632457, 345.2421927441243383, -205.8211179661682877 ) ) ;
#2272 = EDGE_CURVE ( 'NONE', #2086, #3127, #3149, .T. ) ;
#2273 = CARTESIAN_POINT ( 'NONE',  ( -36.06121057204649816, 419.9203140868537503, -236.4519826046985997 ) ) ;
#2274 = CARTESIAN_POINT ( 'NONE',  ( -83.23173699379121615, 415.6205538247303934, -273.7046611887718655 ) ) ;
#2275 = VERTEX_POINT ( 'NONE', #137 ) ;
#2276 = VERTEX_POINT ( 'NONE', #2954 ) ;
#2277 = CARTESIAN_POINT ( 'NONE',  ( -71.02741816393411511, 415.6283113682404746, -272.3996464913288946 ) ) ;
#2278 = ORIENTED_EDGE ( 'NONE', *, *, #2588, .F. ) ;
#2279 = ORIENTED_EDGE ( 'NONE', *, *, #996, .F. ) ;
#2280 = EDGE_CURVE ( 'NONE', #1604, #1982, #2661, .T. ) ;
#2281 = LINE ( 'NONE', #2319, #2425 ) ;
#2282 = DIRECTION ( 'NONE',  ( 1.000000000000000000, 6.793446168915043188E-15, -7.841097872747283183E-16 ) ) ;
#2283 = ORIENTED_EDGE ( 'NONE', *, *, #1165, .F. ) ;
#2284 = VECTOR ( 'NONE', #3155, 1000.000000000000000 ) ;
#2285 = CARTESIAN_POINT ( 'NONE',  ( -71.12350918418229639, 432.4457442779818734, -127.5331954420370550 ) ) ;
#2286 = EDGE_CURVE ( 'NONE', #1685, #3073, #1279, .T. ) ;
#2287 = CARTESIAN_POINT ( 'NONE',  ( -209.7317369937917135, 428.0038633796433487, -166.4169468666405294 ) ) ;
#2288 = ADVANCED_FACE ( 'NONE', ( #1562 ), #1490, .F. ) ;
#2289 = AXIS2_PLACEMENT_3D ( 'NONE', #1347, #413, #714 ) ;
#2290 = CARTESIAN_POINT ( 'NONE',  ( -184.2941288619799707, 410.3480868932176691, -267.0562709733804354 ) ) ;
#2291 = DIRECTION ( 'NONE',  ( 6.838548019020300451E-15, -0.9934047622419531764, 0.1146602736566088437 ) ) ;
#2292 = DIRECTION ( 'NONE',  ( 1.000000000000000000, 0.000000000000000000, 0.000000000000000000 ) ) ;
#2293 = CIRCLE ( 'NONE', #704, 2.500000000000089706 ) ;
#2294 = EDGE_LOOP ( 'NONE', ( #2875, #2300, #679, #1979 ) ) ;
#2295 = EDGE_CURVE ( 'NONE', #2296, #591, #2064, .T. ) ;
#2296 = VERTEX_POINT ( 'NONE', #3171 ) ;
#2297 = CIRCLE ( 'NONE', #3100, 6.200000000000010836 ) ;
#2298 = CARTESIAN_POINT ( 'NONE',  ( -35.73173699379101720, 430.0749021741438582, -148.4736807673019143 ) ) ;
#2299 = VERTEX_POINT ( 'NONE', #1785 ) ;
#2300 = ORIENTED_EDGE ( 'NONE', *, *, #2380, .F. ) ;
#2301 = FACE_OUTER_BOUND ( 'NONE', #2121, .T. ) ;
#2302 = FACE_OUTER_BOUND ( 'NONE', #3396, .T. ) ;
#2303 = ORIENTED_EDGE ( 'NONE', *, *, #1964, .T. ) ;
#2304 =( BOUNDED_CURVE ( )  B_SPLINE_CURVE ( 3, ( #2030, #1208, #3422, #2629 ),
 .UNSPECIFIED., .F., .T. ) 
 B_SPLINE_CURVE_WITH_KNOTS ( ( 4, 4 ),
 ( 0.2179373405908304751, 1.570796326794898334 ),
 .UNSPECIFIED. ) 
 CURVE ( )  GEOMETRIC_REPRESENTATION_ITEM ( )  RATIONAL_B_SPLINE_CURVE ( ( 1.000000000000000000, 0.8532085782433705967, 0.8532085782433705967, 1.000000000000000000 ) ) 
 REPRESENTATION_ITEM ( '' )  );
#2305 = AXIS2_PLACEMENT_3D ( 'NONE', #2988, #452, #2436 ) ;
#2306 = DIRECTION ( 'NONE',  ( -1.000000000000000000, 0.000000000000000000, 0.000000000000000000 ) ) ;
#2307 = DIRECTION ( 'NONE',  ( 1.000000000000000000, 0.000000000000000000, 0.000000000000000000 ) ) ;
#2308 = EDGE_CURVE ( 'NONE', #3378, #1385, #3116, .T. ) ;
#2309 = DIRECTION ( 'NONE',  ( -6.838548019020300451E-15, 0.9934047622419531764, -0.1146602736566088437 ) ) ;
#2310 = CARTESIAN_POINT ( 'NONE',  ( -83.23173699379145773, 449.8007502279879191, -280.1663884898844117 ) ) ;
#2311 = CIRCLE ( 'NONE', #2492, 6.199999999999983302 ) ;
#2312 = ORIENTED_EDGE ( 'NONE', *, *, #3285, .T. ) ;
#2313 = ORIENTED_EDGE ( 'NONE', *, *, #470, .F. ) ;
#2314 = CARTESIAN_POINT ( 'NONE',  ( -47.73173699379114510, 434.8777628289649897, -263.8476889676874180 ) ) ;
#2315 = DIRECTION ( 'NONE',  ( -0.000000000000000000, 0.9930245052579511622, -0.1179081505121723217 ) ) ;
#2316 = EDGE_CURVE ( 'NONE', #887, #2869, #1802, .T. ) ;
#2317 = ORIENTED_EDGE ( 'NONE', *, *, #2010, .F. ) ;
#2318 = VERTEX_POINT ( 'NONE', #2644 ) ;
#2319 = CARTESIAN_POINT ( 'NONE',  ( -35.73173699379125168, 462.7573611511850800, -167.9116503565434755 ) ) ;
#2320 = CARTESIAN_POINT ( 'NONE',  ( -80.81354318634686251, 415.6622135865181917, -273.0498478103501157 ) ) ;
#2321 = ORIENTED_EDGE ( 'NONE', *, *, #380, .T. ) ;
#2322 = CARTESIAN_POINT ( 'NONE',  ( -85.39724977453498411, 432.3146034920169427, -127.9170512598993241 ) ) ;
#2323 = LINE ( 'NONE', #1284, #1644 ) ;
#2324 =( BOUNDED_CURVE ( )  B_SPLINE_CURVE ( 3, ( #2435, #3277, #999, #3023 ),
 .UNSPECIFIED., .F., .T. ) 
 B_SPLINE_CURVE_WITH_KNOTS ( ( 4, 4 ),
 ( 4.712388980384688786, 6.065247966588763084 ),
 .UNSPECIFIED. ) 
 CURVE ( )  GEOMETRIC_REPRESENTATION_ITEM ( )  RATIONAL_B_SPLINE_CURVE ( ( 1.000000000000000000, 0.8532085782433692644, 0.8532085782433692644, 1.000000000000000000 ) ) 
 REPRESENTATION_ITEM ( '' )  );
#2325 = CARTESIAN_POINT ( 'NONE',  ( -41.73173699378798318, 344.5111622109487257, -211.9778698987684606 ) ) ;
#2326 =( NAMED_UNIT ( * ) PLANE_ANGLE_UNIT ( ) SI_UNIT ( $, .RADIAN. ) );
#2327 = ADVANCED_FACE ( 'NONE', ( #1822 ), #2937, .T. ) ;
#2328 = DIRECTION ( 'NONE',  ( 0.000000000000000000, 0.1146602736566088299, 0.9934047622419531764 ) ) ;
#2329 = LINE ( 'NONE', #1776, #2932 ) ;
#2330 = EDGE_LOOP ( 'NONE', ( #1415, #2602, #2952, #1159 ) ) ;
#2331 = ORIENTED_EDGE ( 'NONE', *, *, #1212, .T. ) ;
#2332 = CARTESIAN_POINT ( 'NONE',  ( -163.8616263968692124, 432.4443096686870263, -127.4811510986934024 ) ) ;
#2333 = CYLINDRICAL_SURFACE ( 'NONE', #3174, 2.500000000000034639 ) ;
#2334 = ORIENTED_EDGE ( 'NONE', *, *, #2546, .F. ) ;
#2335 = ORIENTED_EDGE ( 'NONE', *, *, #988, .F. ) ;
#2336 = EDGE_CURVE ( 'NONE', #442, #1099, #264, .T. ) ;
#2337 = CARTESIAN_POINT ( 'NONE',  ( -99.87793797271632457, 359.3521193410709316, -182.8243796881334049 ) ) ;
#2338 = DIRECTION ( 'NONE',  ( 0.000000000000000000, 0.1146602736566066649, 0.9934047622419535095 ) ) ;
#2339 = VERTEX_POINT ( 'NONE', #3042 ) ;
#2340 = FACE_OUTER_BOUND ( 'NONE', #923, .T. ) ;
#2341 = CARTESIAN_POINT ( 'NONE',  ( -83.88510981924592613, 431.8072617249607106, -129.0252250547294750 ) ) ;
#2342 = DIRECTION ( 'NONE',  ( 0.000000000000000000, 0.1146602736566081637, 0.9934047622419532875 ) ) ;
#2343 = CARTESIAN_POINT ( 'NONE',  ( -211.3621544003288761, 427.4265051902368668, -167.1690293458851215 ) ) ;
#2344 = CIRCLE ( 'NONE', #1360, 5.999999999999998224 ) ;
#2345 = CARTESIAN_POINT ( 'NONE',  ( -41.73173699378798318, 359.3521193410709316, -189.0243796881333935 ) ) ;
#2346 = CARTESIAN_POINT ( 'NONE',  ( -204.7317369937918272, 426.5865439100585945, -265.9106210651602282 ) ) ;
#2347 = ADVANCED_FACE ( 'NONE', ( #3588 ), #1057, .T. ) ;
#2348 = AXIS2_PLACEMENT_3D ( 'NONE', #585, #534, #1711 ) ;
#2349 = ORIENTED_EDGE ( 'NONE', *, *, #3570, .F. ) ;
#2350 = ORIENTED_EDGE ( 'NONE', *, *, #3128, .F. ) ;
#2351 = DIRECTION ( 'NONE',  ( 0.000000000000000000, 0.1146602736566045833, 0.9934047622419536205 ) ) ;
#2352 = CARTESIAN_POINT ( 'NONE',  ( -80.73173699379121615, 432.5902743259085810, -126.6807563769623215 ) ) ;
#2353 = AXIS2_PLACEMENT_3D ( 'NONE', #1798, #3201, #2638 ) ;
#2354 = EDGE_CURVE ( 'NONE', #1544, #2226, #600, .T. ) ;
#2355 = VERTEX_POINT ( 'NONE', #1916 ) ;
#2356 = ORIENTED_EDGE ( 'NONE', *, *, #1072, .T. ) ;
#2357 = CIRCLE ( 'NONE', #1470, 6.199999999999928235 ) ;
#2358 = CARTESIAN_POINT ( 'NONE',  ( -37.02903429108829414, 418.6666233145590468, -246.0760257603286902 ) ) ;
#2359 = VERTEX_POINT ( 'NONE', #2486 ) ;
#2360 = LINE ( 'NONE', #329, #2723 ) ;
#2361 = B_SPLINE_CURVE_WITH_KNOTS ( 'NONE', 3,
 ( #1665, #1680, #3358, #1124 ),
 .UNSPECIFIED., .F., .F.,
 ( 4, 4 ),
 ( 6.938893903907228378E-18, 0.001354207433444842585 ),
 .UNSPECIFIED. ) ;
#2362 = CARTESIAN_POINT ( 'NONE',  ( -85.11134277639030188, 432.1700133970850857, -128.2994676652728288 ) ) ;
#2363 = EDGE_CURVE ( 'NONE', #1445, #3242, #3535, .T. ) ;
#2364 = CARTESIAN_POINT ( 'NONE',  ( -84.75935791943830111, 415.5131925633075980, -271.6935119628308257 ) ) ;
#2365 = CARTESIAN_POINT ( 'NONE',  ( -212.2029079859552212, 427.5812072081379824, -168.3660817064543949 ) ) ;
#2366 = CIRCLE ( 'NONE', #786, 6.199999999999928235 ) ;
#2367 = B_SPLINE_CURVE_WITH_KNOTS ( 'NONE', 3,
 ( #123, #1151, #871, #1316, #721, #3245, #2885, #365, #2747, #2618, #3449, #3167, #2037, #2332, #939, #1233, #1501, #1737 ),
 .UNSPECIFIED., .F., .F.,
 ( 4, 2, 2, 2, 2, 2, 2, 2, 4 ),
 ( 0.004651986391801666947, 0.005146265271770245758, 0.005640544151738823703, 0.006134823031707402514, 0.006629101911675981326, 0.007123380791644559271, 0.007617659671613138082, 0.008111938551581716894, 0.008606217431550294839 ),
 .UNSPECIFIED. ) ;
#2368 = LINE ( 'NONE', #2072, #967 ) ;
#2369 = CARTESIAN_POINT ( 'NONE',  ( -209.7317369937917135, 428.0038633796433487, -166.4169468666405294 ) ) ;
#2370 = AXIS2_PLACEMENT_3D ( 'NONE', #2393, #2931, #1000 ) ;
#2371 = ORIENTED_EDGE ( 'NONE', *, *, #2615, .T. ) ;
#2372 = CARTESIAN_POINT ( 'NONE',  ( -213.7317369937918556, 440.0089497965622627, -149.6202835038678529 ) ) ;
#2373 = CARTESIAN_POINT ( 'NONE',  ( -165.1202470997174885, 415.4453574138560725, -271.4243206189771058 ) ) ;
#2374 = VECTOR ( 'NONE', #2193, 1000.000000000000000 ) ;
#2375 = DIRECTION ( 'NONE',  ( -6.838548019020300451E-15, 0.9934047622419531764, -0.1146602736566088576 ) ) ;
#2376 = VECTOR ( 'NONE', #395, 1000.000000000000000 ) ;
#2377 = ORIENTED_EDGE ( 'NONE', *, *, #3000, .T. ) ;
#2378 = ORIENTED_EDGE ( 'NONE', *, *, #2613, .T. ) ;
#2379 = DIRECTION ( 'NONE',  ( 0.000000000000000000, -0.1179081505121849782, -0.9930245052579497189 ) ) ;
#2380 = EDGE_CURVE ( 'NONE', #1221, #1127, #2164, .T. ) ;
#2381 = CARTESIAN_POINT ( 'NONE',  ( -207.7317369937917704, 415.4275171080205951, -248.6447799712480560 ) ) ;
#2382 = ORIENTED_EDGE ( 'NONE', *, *, #1590, .T. ) ;
#2383 = DIRECTION ( 'NONE',  ( 2.958228394578794270E-31, 0.1146602736566088299, 0.9934047622419531764 ) ) ;
#2384 = CARTESIAN_POINT ( 'NONE',  ( -85.64990626407421814, 415.6622222288901867, -273.0496842507235442 ) ) ;
#2385 = DIRECTION ( 'NONE',  ( 2.267975102510408941E-30, -0.1146602736566088299, -0.9934047622419531764 ) ) ;
#2386 = EDGE_CURVE ( 'NONE', #2788, #2721, #3015, .T. ) ;
#2387 = PLANE ( 'NONE',  #1840 ) ;
#2388 = CARTESIAN_POINT ( 'NONE',  ( -41.73173699379097457, 412.1754974030439485, -251.2237751564927351 ) ) ;
#2389 = ORIENTED_EDGE ( 'NONE', *, *, #1242, .T. ) ;
#2390 = VERTEX_POINT ( 'NONE', #3569 ) ;
#2391 = PLANE ( 'NONE',  #2353 ) ;
#2392 = CARTESIAN_POINT ( 'NONE',  ( -80.73173699379121615, 432.5902743259085810, -126.6807563769623215 ) ) ;
#2393 = CARTESIAN_POINT ( 'NONE',  ( -99.87793797271632457, 344.5111622109487257, -211.9778698987684606 ) ) ;
#2394 = ORIENTED_EDGE ( 'NONE', *, *, #458, .T. ) ;
#2395 = ORIENTED_EDGE ( 'NONE', *, *, #3600, .T. ) ;
#2396 = CARTESIAN_POINT ( 'NONE',  ( -166.2317369937915714, 432.1316332312815689, -130.6543754259301124 ) ) ;
#2397 = CARTESIAN_POINT ( 'NONE',  ( -41.73173699378798318, 341.5398768180421598, -237.0020874312679382 ) ) ;
#2398 = ADVANCED_FACE ( 'NONE', ( #2501, #234, #759 ), #2198, .F. ) ;
#2399 = ORIENTED_EDGE ( 'NONE', *, *, #2316, .F. ) ;
#2400 = CYLINDRICAL_SURFACE ( 'NONE', #2854, 6.199999999998373923 ) ;
#2401 = CARTESIAN_POINT ( 'NONE',  ( -204.7317369937918272, 426.5865439100585945, -265.9106210651602282 ) ) ;
#2402 = EDGE_CURVE ( 'NONE', #3359, #1389, #1387, .T. ) ;
#2403 = DIRECTION ( 'NONE',  ( 0.000000000000000000, 0.1146602736566079278, 0.9934047622419533985 ) ) ;
#2404 = CARTESIAN_POINT ( 'NONE',  ( -166.2317369937916567, 425.8412521312908439, -272.3677520197329045 ) ) ;
#2405 = DIRECTION ( 'NONE',  ( 1.000000000000000000, 0.000000000000000000, 0.000000000000000000 ) ) ;
#2406 = VECTOR ( 'NONE', #1223, 1000.000000000000000 ) ;
#2407 = EDGE_LOOP ( 'NONE', ( #2534, #2548, #25, #3189 ) ) ;
#2408 = VERTEX_POINT ( 'NONE', #1078 ) ;
#2409 = VECTOR ( 'NONE', #237, 1000.000000000000000 ) ;
#2410 = CARTESIAN_POINT ( 'NONE',  ( -99.87793797271632457, 344.0720893064499251, -237.3027532150740058 ) ) ;
#2411 = CARTESIAN_POINT ( 'NONE',  ( -95.33996480340015012, 432.4457442779817029, -127.5331954420370550 ) ) ;
#2412 = DIRECTION ( 'NONE',  ( 1.000000000000000000, 6.786149265664089312E-15, -8.473294029964203208E-16 ) ) ;
#2413 = DIRECTION ( 'NONE',  ( 6.838548019020300451E-15, -0.9934047622419531764, 0.1146602736566088437 ) ) ;
#2414 = AXIS2_PLACEMENT_3D ( 'NONE', #1116, #3304, #1421 ) ;
#2415 = EDGE_CURVE ( 'NONE', #1820, #442, #2081, .T. ) ;
#2416 = ORIENTED_EDGE ( 'NONE', *, *, #197, .T. ) ;
#2417 = ORIENTED_EDGE ( 'NONE', *, *, #2223, .F. ) ;
#2418 = B_SPLINE_CURVE_WITH_KNOTS ( 'NONE', 3,
 ( #646, #382, #1495, #973, #624, #2069, #2029, #2364, #144, #1207, #424, #2648, #3461, #1268, #2384, #2110, #2592, #3157 ),
 .UNSPECIFIED., .F., .F.,
 ( 4, 2, 2, 2, 2, 2, 2, 2, 4 ),
 ( 0.007906926515425852925, 0.008400759902253203404, 0.008894593289080553883, 0.009388426675907906097, 0.009882260062735256576, 0.01037609344956260705, 0.01086992683638995927, 0.01136376022321730975, 0.01185759361004466023 ),
 .UNSPECIFIED. ) ;
#2419 = CIRCLE ( 'NONE', #1760, 5.999999999999970690 ) ;
#2420 = CARTESIAN_POINT ( 'NONE',  ( -41.73173699379108115, 426.2425630890898560, -268.8908353518862100 ) ) ;
#2421 = AXIS2_PLACEMENT_3D ( 'NONE', #2961, #3544, #1308 ) ;
#2422 = CARTESIAN_POINT ( 'NONE',  ( -201.7317369937915146, 387.8832487116333709, -215.2110626194568965 ) ) ;
#2423 = ORIENTED_EDGE ( 'NONE', *, *, #1012, .F. ) ;
#2424 = CARTESIAN_POINT ( 'NONE',  ( -99.87793797271632457, 353.3927818101066123, -238.3659067844050128 ) ) ;
#2425 = VECTOR ( 'NONE', #3399, 1000.000000000000000 ) ;
#2426 = LINE ( 'NONE', #1283, #1063 ) ;
#2427 = CARTESIAN_POINT ( 'NONE',  ( -168.7317369937915998, 432.5902743259080125, -126.6807563769622789 ) ) ;
#2428 = CARTESIAN_POINT ( 'NONE',  ( -71.02741816393418617, 425.7033499102720953, -273.5625226121591709 ) ) ;
#2429 = LINE ( 'NONE', #3502, #145 ) ;
#2430 = CARTESIAN_POINT ( 'NONE',  ( -166.2317369937916567, 442.8109726324690314, -125.3438472079234316 ) ) ;
#2431 = EDGE_CURVE ( 'NONE', #1805, #1294, #2771, .T. ) ;
#2432 = ORIENTED_EDGE ( 'NONE', *, *, #2264, .F. ) ;
#2433 = DIRECTION ( 'NONE',  ( 0.000000000000000000, 0.1146602736566045833, 0.9934047622419536205 ) ) ;
#2434 = CARTESIAN_POINT ( 'NONE',  ( -47.73173699379056956, 363.7383025401398413, -145.8838680925389610 ) ) ;
#2435 = CARTESIAN_POINT ( 'NONE',  ( -41.73173699379097457, 424.1144736006921789, -147.7857191253622489 ) ) ;
#2436 = DIRECTION ( 'NONE',  ( 0.000000000000000000, 0.1146602736566045833, 0.9934047622419536205 ) ) ;
#2437 = ORIENTED_EDGE ( 'NONE', *, *, #143, .F. ) ;
#2438 = VECTOR ( 'NONE', #2112, 1000.000000000000114 ) ;
#2439 = ORIENTED_EDGE ( 'NONE', *, *, #3409, .T. ) ;
#2440 = CARTESIAN_POINT ( 'NONE',  ( -47.73173699379044166, 338.3544102783478706, -211.2468393655978502 ) ) ;
#2441 = EDGE_CURVE ( 'NONE', #415, #43, #2724, .T. ) ;
#2442 =( GEOMETRIC_REPRESENTATION_CONTEXT ( 3 ) GLOBAL_UNCERTAINTY_ASSIGNED_CONTEXT ( ( #274 ) ) GLOBAL_UNIT_ASSIGNED_CONTEXT ( ( #3114, #765, #1065 ) ) REPRESENTATION_CONTEXT ( 'NONE', 'WORKASPACE' ) );
#2443 = CARTESIAN_POINT ( 'NONE',  ( -213.4022634155362539, 420.4936154551353411, -231.4849587934885449 ) ) ;
#2444 = ORIENTED_EDGE ( 'NONE', *, *, #2308, .T. ) ;
#2445 = CARTESIAN_POINT ( 'NONE',  ( -37.26056600162753085, 428.0363492620697912, -164.4227779844916881 ) ) ;
#2446 = FACE_OUTER_BOUND ( 'NONE', #1879, .T. ) ;
#2447 = DIRECTION ( 'NONE',  ( 6.838548019020299662E-15, -0.9934047622419531764, 0.1146602736566088299 ) ) ;
#2448 = FACE_OUTER_BOUND ( 'NONE', #635, .T. ) ;
#2449 = CARTESIAN_POINT ( 'NONE',  ( -37.02903429108837230, 436.5385604652400957, -179.6873780487059094 ) ) ;
#2450 = DIRECTION ( 'NONE',  ( -6.838548019020300451E-15, 0.9934047622419531764, -0.1146602736566088576 ) ) ;
#2451 = ORIENTED_EDGE ( 'NONE', *, *, #1678, .T. ) ;
#2452 = ADVANCED_FACE ( 'NONE', ( #816 ), #510, .T. ) ;
#2453 = CARTESIAN_POINT ( 'NONE',  ( -167.3459184756456466, 415.4457188940978085, -271.4256058539248784 ) ) ;
#2454 = DIRECTION ( 'NONE',  ( 0.000000000000000000, 0.1146602736566041392, 0.9934047622419538426 ) ) ;
#2455 = ORIENTED_EDGE ( 'NONE', *, *, #3172, .F. ) ;
#2456 = VERTEX_POINT ( 'NONE', #455 ) ;
#2457 = DIRECTION ( 'NONE',  ( 1.000000000000000000, 6.809590691606416778E-15, -6.442353110130824381E-16 ) ) ;
#2458 = EDGE_CURVE ( 'NONE', #1099, #1214, #2366, .T. ) ;
#2459 = ORIENTED_EDGE ( 'NONE', *, *, #1430, .T. ) ;
#2460 = DIRECTION ( 'NONE',  ( 6.739838248742254964E-15, -0.9934047622419531764, 0.1146602736566088993 ) ) ;
#2461 = DIRECTION ( 'NONE',  ( 0.000000000000000000, 0.1146602736566045833, 0.9934047622419536205 ) ) ;
#2462 = LINE ( 'NONE', #462, #949 ) ;
#2463 = LINE ( 'NONE', #1344, #3562 ) ;
#2464 = CYLINDRICAL_SURFACE ( 'NONE', #3401, 6.200000000000899014 ) ;
#2465 = CARTESIAN_POINT ( 'NONE',  ( -83.23173699379121615, 431.7615783506181515, -129.1017045987802021 ) ) ;
#2466 = PLANE ( 'NONE',  #793 ) ;
#2467 = VECTOR ( 'NONE', #1530, 1000.000000000000000 ) ;
#2468 = ORIENTED_EDGE ( 'NONE', *, *, #2242, .F. ) ;
#2469 = VERTEX_POINT ( 'NONE', #3283 ) ;
#2470 = DIRECTION ( 'NONE',  ( -1.000000000000000000, -6.793446168915042400E-15, 7.841097872747287127E-16 ) ) ;
#2471 = CIRCLE ( 'NONE', #1753, 10.99999999999995381 ) ;
#2472 = EDGE_CURVE ( 'NONE', #676, #1805, #201, .T. ) ;
#2473 = EDGE_CURVE ( 'NONE', #333, #3005, #1137, .T. ) ;
#2474 = EDGE_LOOP ( 'NONE', ( #218, #757, #2488, #3165 ) ) ;
#2475 = CIRCLE ( 'NONE', #1464, 12.50000000000003553 ) ;
#2476 = CARTESIAN_POINT ( 'NONE',  ( -213.7317369937917988, 438.2245616862043676, -165.0800376976016821 ) ) ;
#2477 = DIRECTION ( 'NONE',  ( 0.000000000000000000, 0.1146602736566066649, 0.9934047622419535095 ) ) ;
#2478 = CARTESIAN_POINT ( 'NONE',  ( -213.7317369937917704, 430.0749021741427214, -148.4736807673017722 ) ) ;
#2479 = AXIS2_PLACEMENT_3D ( 'NONE', #3303, #2460, #1115 ) ;
#2480 = CARTESIAN_POINT ( 'NONE',  ( -47.73173699379061219, 365.5088712736704792, -183.5554102213067722 ) ) ;
#2481 = ADVANCED_FACE ( 'NONE', ( #1900 ), #1417, .F. ) ;
#2482 = CARTESIAN_POINT ( 'NONE',  ( -36.54514380658064709, 420.4255980853445180, -231.6083380175244599 ) ) ;
#2483 = CARTESIAN_POINT ( 'NONE',  ( -39.73173699379100299, 428.0038633796444856, -166.4169468666406715 ) ) ;
#2484 = ORIENTED_EDGE ( 'NONE', *, *, #2659, .F. ) ;
#2485 = ORIENTED_EDGE ( 'NONE', *, *, #1266, .T. ) ;
#2486 = CARTESIAN_POINT ( 'NONE',  ( -47.73173699379057666, 353.3927818101066123, -238.3659067844050128 ) ) ;
#2487 = CIRCLE ( 'NONE', #2144, 2.499999999999951594 ) ;
#2488 = ORIENTED_EDGE ( 'NONE', *, *, #2192, .T. ) ;
#2489 = ORIENTED_EDGE ( 'NONE', *, *, #897, .T. ) ;
#2490 = EDGE_CURVE ( 'NONE', #3127, #1389, #2535, .T. ) ;
#2491 = DIRECTION ( 'NONE',  ( 0.000000000000000000, -0.1179081505121826051, -0.9930245052579501630 ) ) ;
#2492 = AXIS2_PLACEMENT_3D ( 'NONE', #3133, #3154, #622 ) ;
#2493 = CARTESIAN_POINT ( 'NONE',  ( -213.7317369937918556, 435.8668722075634037, -185.5068157025453388 ) ) ;
#2494 = AXIS2_PLACEMENT_3D ( 'NONE', #3227, #175, #719 ) ;
#2495 = CARTESIAN_POINT ( 'NONE',  ( -166.2317369937918272, 467.0571214133070725, -130.6589717724700392 ) ) ;
#2496 = EDGE_CURVE ( 'NONE', #1294, #333, #392, .T. ) ;
#2497 = CARTESIAN_POINT ( 'NONE',  ( -36.06306565890752580, 420.4847826869409460, -231.5006590209463582 ) ) ;
#2498 = DIRECTION ( 'NONE',  ( 0.000000000000000000, 0.1146602736566045833, 0.9934047622419536205 ) ) ;
#2499 = EDGE_LOOP ( 'NONE', ( #883, #2056, #211, #1948, #3065, #2775, #2378, #2039, #3046, #1826, #1914, #2565, #610, #2451, #837, #2389, #2055, #2682, #3551, #2331, #2553, #3173, #3447, #2841, #282, #3602, #2356, #2251, #3170, #1866, #752, #3554, #2485, #2200, #372, #522, #420, #111 ) ) ;
#2500 = ORIENTED_EDGE ( 'NONE', *, *, #29, .F. ) ;
#2501 = FACE_BOUND ( 'NONE', #2026, .T. ) ;
#2502 = CARTESIAN_POINT ( 'NONE',  ( -211.3621544003287340, 419.6296065815871543, -234.7205531783380366 ) ) ;
#2503 = ORIENTED_EDGE ( 'NONE', *, *, #713, .F. ) ;
#2504 = ORIENTED_EDGE ( 'NONE', *, *, #3520, .T. ) ;
#2505 = LINE ( 'NONE', #3593, #299 ) ;
#2506 = LINE ( 'NONE', #3576, #517 ) ;
#2507 = EDGE_CURVE ( 'NONE', #1517, #3312, #3376, .T. ) ;
#2508 = ORIENTED_EDGE ( 'NONE', *, *, #2490, .T. ) ;
#2509 = DIRECTION ( 'NONE',  ( -6.838511455699440858E-15, 0.9930245052579509402, -0.1179081505121743895 ) ) ;
#2510 = CARTESIAN_POINT ( 'NONE',  ( -35.73173699379101720, 428.2905140637859631, -163.9334349610357151 ) ) ;
#2511 = ADVANCED_FACE ( 'NONE', ( #2785 ), #852, .F. ) ;
#2512 = ADVANCED_FACE ( 'NONE', ( #2549, #23, #2000, #593, #3106, #3074, #1683, #1669, #542, #2817 ), #1463, .T. ) ;
#2513 = DIRECTION ( 'NONE',  ( 0.000000000000000000, 0.9934047622419531764, -0.1146602736566088299 ) ) ;
#2514 = CARTESIAN_POINT ( 'NONE',  ( -99.87793797271632457, 353.3927818101066123, -232.1659067844049957 ) ) ;
#2515 = ADVANCED_FACE ( 'NONE', ( #1432 ), #1161, .F. ) ;
#2516 = PRODUCT_DEFINITION_CONTEXT ( 'detailed design', #873, 'design' ) ;
#2517 = ORIENTED_EDGE ( 'NONE', *, *, #842, .F. ) ;
#2518 = EDGE_LOOP ( 'NONE', ( #1835, #2926, #2838, #868 ) ) ;
#2519 = CARTESIAN_POINT ( 'NONE',  ( -184.2941288619800275, 415.6205538247297113, -273.7046611887718086 ) ) ;
#2520 = EDGE_CURVE ( 'NONE', #2552, #409, #323, .T. ) ;
#2521 = VERTEX_POINT ( 'NONE', #1147 ) ;
#2522 = DIRECTION ( 'NONE',  ( 6.838548019020299662E-15, -0.9934047622419531764, 0.1146602736566088299 ) ) ;
#2523 = PLANE ( 'NONE',  #2120 ) ;
#2524 = VECTOR ( 'NONE', #316, 1000.000000000000000 ) ;
#2525 = ORIENTED_EDGE ( 'NONE', *, *, #3022, .T. ) ;
#2526 = CARTESIAN_POINT ( 'NONE',  ( -71.24355779824676915, 432.5408947061106346, -127.1085763001204043 ) ) ;
#2527 = AXIS2_PLACEMENT_3D ( 'NONE', #1189, #67, #1444 ) ;
#2528 = CYLINDRICAL_SURFACE ( 'NONE', #2660, 5.999999999999998224 ) ;
#2529 = AXIS2_PLACEMENT_3D ( 'NONE', #1403, #2522, #3349 ) ;
#2530 = PLANE ( 'NONE',  #2868 ) ;
#2531 = ADVANCED_FACE ( 'NONE', ( #835 ), #1178, .F. ) ;
#2532 = CARTESIAN_POINT ( 'NONE',  ( -213.7317369937917988, 425.9328245851439760, -184.3602129659792581 ) ) ;
#2533 = ORIENTED_EDGE ( 'NONE', *, *, #3575, .F. ) ;
#2534 = ORIENTED_EDGE ( 'NONE', *, *, #633, .F. ) ;
#2535 = LINE ( 'NONE', #1704, #138 ) ;
#2536 = VERTEX_POINT ( 'NONE', #905 ) ;
#2537 = EDGE_CURVE ( 'NONE', #2359, #2895, #1029, .T. ) ;
#2538 = DIRECTION ( 'NONE',  ( 0.000000000000000000, -0.1146602736566066649, -0.9934047622419535095 ) ) ;
#2539 = FACE_OUTER_BOUND ( 'NONE', #1638, .T. ) ;
#2540 = EDGE_LOOP ( 'NONE', ( #540, #1040, #95, #2674, #2508, #1374, #2714, #964, #2547 ) ) ;
#2541 = VECTOR ( 'NONE', #1599, 1000.000000000000000 ) ;
#2542 = CARTESIAN_POINT ( 'NONE',  ( -47.73173699379057666, 363.7383025401395003, -145.8838680925389042 ) ) ;
#2543 = AXIS2_PLACEMENT_3D ( 'NONE', #2337, #417, #677 ) ;
#2544 = CARTESIAN_POINT ( 'NONE',  ( -37.89809817675790526, 419.6614426617434788, -235.1720742019651595 ) ) ;
#2545 = DIRECTION ( 'NONE',  ( -1.000000000000000000, 0.000000000000000000, 0.000000000000000000 ) ) ;
#2546 = EDGE_CURVE ( 'NONE', #596, #2521, #292, .T. ) ;
#2547 = ORIENTED_EDGE ( 'NONE', *, *, #2921, .T. ) ;
#2548 = ORIENTED_EDGE ( 'NONE', *, *, #860, .T. ) ;
#2549 = FACE_BOUND ( 'NONE', #1218, .T. ) ;
#2550 = EDGE_CURVE ( 'NONE', #802, #1024, #1129, .T. ) ;
#2551 = LINE ( 'NONE', #1097, #1125 ) ;
#2552 = VERTEX_POINT ( 'NONE', #1947 ) ;
#2553 = ORIENTED_EDGE ( 'NONE', *, *, #4, .T. ) ;
#2554 = CARTESIAN_POINT ( 'NONE',  ( -47.73173699379037060, 336.8408986290439202, -127.7088875264879562 ) ) ;
#2555 = CARTESIAN_POINT ( 'NONE',  ( -209.7317369937917135, 420.2069647709939204, -233.9684706990935297 ) ) ;
#2556 = EDGE_CURVE ( 'NONE', #18, #54, #2823, .T. ) ;
#2557 = ORIENTED_EDGE ( 'NONE', *, *, #1944, .F. ) ;
#2558 = DIRECTION ( 'NONE',  ( -2.236243980435419653E-17, 0.1179081505121698931, 0.9930245052579514953 ) ) ;
#2559 = DIRECTION ( 'NONE',  ( 0.000000000000000000, 0.000000000000000000, -1.000000000000000000 ) ) ;
#2560 = DIRECTION ( 'NONE',  ( 0.000000000000000000, -0.1146602736566117164, -0.9934047622419528434 ) ) ;
#2561 = CARTESIAN_POINT ( 'NONE',  ( -41.73173699378798318, 353.3927818101066123, -232.1659067844049957 ) ) ;
#2562 = ORIENTED_EDGE ( 'NONE', *, *, #1425, .T. ) ;
#2563 = EDGE_LOOP ( 'NONE', ( #2022, #3605, #1997, #2984 ) ) ;
#2564 = CARTESIAN_POINT ( 'NONE',  ( -65.16934512560268900, 410.3480868932184649, -267.0562709733805491 ) ) ;
#2565 = ORIENTED_EDGE ( 'NONE', *, *, #988, .T. ) ;
#2566 = ORIENTED_EDGE ( 'NONE', *, *, #1372, .T. ) ;
#2567 = CARTESIAN_POINT ( 'NONE',  ( -212.8683481121785803, 426.5699970230081135, -178.4400624734298901 ) ) ;
#2568 = EDGE_CURVE ( 'NONE', #3524, #602, #1980, .T. ) ;
#2569 = DIRECTION ( 'NONE',  ( -1.000000000000000000, -6.809590691606416778E-15, 6.442353110130824381E-16 ) ) ;
#2570 = EDGE_LOOP ( 'NONE', ( #1725, #1465, #3075, #387, #231, #1482 ) ) ;
#2571 = CARTESIAN_POINT ( 'NONE',  ( -83.06687649884426605, 431.7615783506180946, -129.1017045987802021 ) ) ;
#2572 = CARTESIAN_POINT ( 'NONE',  ( -170.6190386215828028, 394.7628651310299119, -166.6067768849399044 ) ) ;
#2573 = AXIS2_PLACEMENT_3D ( 'NONE', #684, #366, #2610 ) ;
#2574 = LINE ( 'NONE', #100, #240 ) ;
#2575 = CIRCLE ( 'NONE', #2289, 12.50000000000006395 ) ;
#2576 = DIRECTION ( 'NONE',  ( 1.000000000000000000, 6.848778398661648095E-15, -7.209240419643840048E-16 ) ) ;
#2577 = EDGE_CURVE ( 'NONE', #802, #523, #2701, .T. ) ;
#2578 = DIRECTION ( 'NONE',  ( 2.169367489357782465E-30, -0.1146602736566088437, -0.9934047622419531764 ) ) ;
#2579 = CIRCLE ( 'NONE', #122, 2.499999999999951594 ) ;
#2580 = ORIENTED_EDGE ( 'NONE', *, *, #853, .T. ) ;
#2581 = ORIENTED_EDGE ( 'NONE', *, *, #3128, .T. ) ;
#2582 = CARTESIAN_POINT ( 'NONE',  ( -184.2941288619799991, 425.9418841105165825, -131.9532233084743496 ) ) ;
#2583 =( GEOMETRIC_REPRESENTATION_CONTEXT ( 3 ) GLOBAL_UNCERTAINTY_ASSIGNED_CONTEXT ( ( #1699 ) ) GLOBAL_UNIT_ASSIGNED_CONTEXT ( ( #898, #2326, #1497 ) ) REPRESENTATION_CONTEXT ( 'NONE', 'WORKASPACE' ) );
#2584 = DIRECTION ( 'NONE',  ( 0.000000000000000000, 0.1146602736566079278, 0.9934047622419532875 ) ) ;
#2585 = ORIENTED_EDGE ( 'NONE', *, *, #1289, .T. ) ;
#2586 = ORIENTED_EDGE ( 'NONE', *, *, #177, .F. ) ;
#2587 = CARTESIAN_POINT ( 'NONE',  ( -83.23173699379121615, 415.3651592177230327, -271.1585855993799896 ) ) ;
#2588 = EDGE_CURVE ( 'NONE', #1, #1820, #1276, .T. ) ;
#2589 = ORIENTED_EDGE ( 'NONE', *, *, #1734, .T. ) ;
#2590 = CARTESIAN_POINT ( 'NONE',  ( -36.59512587540418593, 418.7730984143598789, -245.9915863058830894 ) ) ;
#2591 = DIRECTION ( 'NONE',  ( -1.000000000000000000, -6.848778398661648095E-15, 1.081386062946576057E-15 ) ) ;
#2592 = CARTESIAN_POINT ( 'NONE',  ( -85.73173699379115931, 415.6394531521858653, -273.5409193687102061 ) ) ;
#2593 = AXIS2_PLACEMENT_3D ( 'NONE', #2093, #1458, #2888 ) ;
#2594 = CYLINDRICAL_SURFACE ( 'NONE', #2573, 12.50000000000006395 ) ;
#2595 = FACE_OUTER_BOUND ( 'NONE', #307, .T. ) ;
#2596 = DIRECTION ( 'NONE',  ( 6.838548019020299662E-15, -0.9934047622419531764, 0.1146602736566088299 ) ) ;
#2597 = CIRCLE ( 'NONE', #1028, 12.50000000000000888 ) ;
#2598 = VERTEX_POINT ( 'NONE', #1254 ) ;
#2599 = VERTEX_POINT ( 'NONE', #3168 ) ;
#2600 = CARTESIAN_POINT ( 'NONE',  ( -148.1693451256031437, 442.5243219483276107, -127.8273591135283880 ) ) ;
#2601 = CARTESIAN_POINT ( 'NONE',  ( -207.7317369937917420, 419.9723960116922967, -183.6722513240396211 ) ) ;
#2602 = ORIENTED_EDGE ( 'NONE', *, *, #1716, .F. ) ;
#2603 = VERTEX_POINT ( 'NONE', #3473 ) ;
#2604 = CARTESIAN_POINT ( 'NONE',  ( -207.7317369937919125, 443.8141103054990140, -186.4240978917981977 ) ) ;
#2605 = EDGE_LOOP ( 'NONE', ( #324, #928, #1927, #2489 ) ) ;
#2606 = CARTESIAN_POINT ( 'NONE',  ( -207.7317369937917420, 409.6601252512778615, -273.0166995468321147 ) ) ;
#2607 = EDGE_CURVE ( 'NONE', #3414, #1489, #1478, .T. ) ;
#2608 = CARTESIAN_POINT ( 'NONE',  ( -212.4344396964944792, 418.6666233145578531, -246.0760257603284913 ) ) ;
#2609 = CARTESIAN_POINT ( 'NONE',  ( -83.23173699379128720, 443.4989342744092369, -119.3834186344717949 ) ) ;
#2610 = DIRECTION ( 'NONE',  ( 0.000000000000000000, 0.1146602736566076641, 0.9934047622419532875 ) ) ;
#2611 = CARTESIAN_POINT ( 'NONE',  ( -47.73173699379037060, 322.6230246956243946, -250.8910780444906266 ) ) ;
#2612 = CYLINDRICAL_SURFACE ( 'NONE', #904, 5.999999999999973355 ) ;
#2613 = EDGE_CURVE ( 'NONE', #2318, #656, #3009, .T. ) ;
#2614 = CARTESIAN_POINT ( 'NONE',  ( -168.7317369937916567, 432.5521423671096954, -127.0111277275257322 ) ) ;
#2615 = EDGE_CURVE ( 'NONE', #442, #3242, #2639, .T. ) ;
#2616 = ORIENTED_EDGE ( 'NONE', *, *, #2088, .F. ) ;
#2617 = ORIENTED_EDGE ( 'NONE', *, *, #3382, .F. ) ;
#2618 = CARTESIAN_POINT ( 'NONE',  ( -164.3486050034749439, 432.1716065109331453, -128.2956697586456016 ) ) ;
#2619 = CYLINDRICAL_SURFACE ( 'NONE', #1603, 2.500000000000007105 ) ;
#2620 = EDGE_LOOP ( 'NONE', ( #178, #2145, #3374, #3141 ) ) ;
#2621 = ORIENTED_EDGE ( 'NONE', *, *, #1331, .T. ) ;
#2622 = FACE_OUTER_BOUND ( 'NONE', #2294, .T. ) ;
#2623 = EDGE_CURVE ( 'NONE', #2296, #2741, #3536, .T. ) ;
#2624 = ORIENTED_EDGE ( 'NONE', *, *, #84, .T. ) ;
#2625 = CARTESIAN_POINT ( 'NONE',  ( -207.7317369937887577, 394.7628651310299119, -166.6067768849399044 ) ) ;
#2626 = CARTESIAN_POINT ( 'NONE',  ( -37.02903429108830835, 421.6063153078189885, -221.8446422535944578 ) ) ;
#2627 = LINE ( 'NONE', #2941, #3216 ) ;
#2628 = AXIS2_PLACEMENT_3D ( 'NONE', #2956, #181, #726 ) ;
#2629 = CARTESIAN_POINT ( 'NONE',  ( -184.2941288619799707, 410.3480868932176691, -267.0562709733804354 ) ) ;
#2630 = AXIS2_PLACEMENT_3D ( 'NONE', #2170, #3290, #1568 ) ;
#2631 = CARTESIAN_POINT ( 'NONE',  ( -98.35926529384929040, 428.8573915556281690, -132.2897355683410296 ) ) ;
#2632 = PLANE ( 'NONE',  #3222 ) ;
#2633 = VECTOR ( 'NONE', #991, 1000.000000000000000 ) ;
#2634 = ORIENTED_EDGE ( 'NONE', *, *, #2537, .F. ) ;
#2635 = EDGE_CURVE ( 'NONE', #3005, #2751, #1901, .T. ) ;
#2636 = EDGE_LOOP ( 'NONE', ( #127, #3192, #2616, #1055, #919, #2201, #3534, #454 ) ) ;
#2637 = LINE ( 'NONE', #2434, #3329 ) ;
#2638 = DIRECTION ( 'NONE',  ( 0.000000000000000000, 0.1146602736566088299, 0.9934047622419531764 ) ) ;
#2639 = LINE ( 'NONE', #1486, #257 ) ;
#2640 = VECTOR ( 'NONE', #3003, 1000.000000000000000 ) ;
#2641 = VERTEX_POINT ( 'NONE', #2352 ) ;
#2642 = ORIENTED_EDGE ( 'NONE', *, *, #386, .F. ) ;
#2643 = AXIS2_PLACEMENT_3D ( 'NONE', #258, #3070, #3036 ) ;
#2644 = CARTESIAN_POINT ( 'NONE',  ( -212.4344396964945361, 436.5385604652389020, -179.6873780487057672 ) ) ;
#2645 = ADVANCED_FACE ( 'NONE', ( #1197 ), #2333, .F. ) ;
#2646 = EDGE_LOOP ( 'NONE', ( #2807, #393, #1874, #1162 ) ) ;
#2647 = CARTESIAN_POINT ( 'NONE',  ( -85.73173699379123036, 432.5521423671101502, -127.0111277275257606 ) ) ;
#2648 = CARTESIAN_POINT ( 'NONE',  ( -85.39755415014100492, 415.6338163094659990, -272.4387102096846434 ) ) ;
#2649 = CARTESIAN_POINT ( 'NONE',  ( -212.4344396964944792, 421.4653243882056586, -221.8283688693301769 ) ) ;
#2650 = CIRCLE ( 'NONE', #3295, 12.50000000000000888 ) ;
#2651 = DIRECTION ( 'NONE',  ( 1.000000000000000000, 6.793446168915043188E-15, -7.841097872747283183E-16 ) ) ;
#2652 = CARTESIAN_POINT ( 'NONE',  ( -212.8683481121785803, 418.7730984143586852, -245.9915863058828904 ) ) ;
#2653 = CIRCLE ( 'NONE', #1905, 11.00000000000023093 ) ;
#2654 = ORIENTED_EDGE ( 'NONE', *, *, #1054, .T. ) ;
#2655 = CARTESIAN_POINT ( 'NONE',  ( -41.73173699379108115, 441.8363603063886558, -133.7877876869801810 ) ) ;
#2656 = CARTESIAN_POINT ( 'NONE',  ( -83.23173699379121615, 433.5648866519896956, -118.2368158979057142 ) ) ;
#2657 = AXIS2_PLACEMENT_3D ( 'NONE', #2561, #1384, #571 ) ;
#2658 = CARTESIAN_POINT ( 'NONE',  ( -154.0274181639344988, 415.6283113682399062, -272.3996464913288378 ) ) ;
#2659 = EDGE_CURVE ( 'NONE', #3410, #1517, #1799, .T. ) ;
#2660 = AXIS2_PLACEMENT_3D ( 'NONE', #2211, #1974, #3371 ) ;
#2661 = CIRCLE ( 'NONE', #1092, 2.500000000000007105 ) ;
#2662 = VERTEX_POINT ( 'NONE', #155 ) ;
#2663 = ORIENTED_EDGE ( 'NONE', *, *, #2665, .T. ) ;
#2664 = CARTESIAN_POINT ( 'NONE',  ( -207.7317369937917420, 409.6601252512778615, -273.0166995468321147 ) ) ;
#2665 = EDGE_CURVE ( 'NONE', #566, #2751, #1539, .T. ) ;
#2666 = VERTEX_POINT ( 'NONE', #2100 ) ;
#2667 = ADVANCED_FACE ( 'NONE', ( #3450 ), #3203, .F. ) ;
#2668 = LINE ( 'NONE', #2685, #1406 ) ;
#2669 = DIRECTION ( 'NONE',  ( 1.000000000000000000, 6.688090509790069208E-15, -8.360113137237586510E-16 ) ) ;
#2670 = CARTESIAN_POINT ( 'NONE',  ( -201.7317369937918841, 434.8777628289639665, -263.8476889676872474 ) ) ;
#2671 = FACE_OUTER_BOUND ( 'NONE', #2570, .T. ) ;
#2672 = CARTESIAN_POINT ( 'NONE',  ( -37.02903429108829414, 418.6666233145590468, -246.0760257603286902 ) ) ;
#2673 = ADVANCED_FACE ( 'NONE', ( #2894 ), #2619, .F. ) ;
#2674 = ORIENTED_EDGE ( 'NONE', *, *, #2248, .T. ) ;
#2675 = DIRECTION ( 'NONE',  ( 0.000000000000000000, -0.1146602736566085246, -0.9934047622419531764 ) ) ;
#2676 = CARTESIAN_POINT ( 'NONE',  ( -168.3975541501415307, 415.6338163094654874, -272.4387102096845297 ) ) ;
#2677 = CYLINDRICAL_SURFACE ( 'NONE', #24, 2.500000000000007105 ) ;
#2678 = ORIENTED_EDGE ( 'NONE', *, *, #747, .F. ) ;
#2679 = ORIENTED_EDGE ( 'NONE', *, *, #598, .F. ) ;
#2680 = CARTESIAN_POINT ( 'NONE',  ( -184.2941288619801128, 441.8363603063877463, -133.7877876869800673 ) ) ;
#2681 = CYLINDRICAL_SURFACE ( 'NONE', #2051, 5.999999999999973355 ) ;
#2682 = ORIENTED_EDGE ( 'NONE', *, *, #1192, .T. ) ;
#2683 = ADVANCED_FACE ( 'NONE', ( #2038 ), #3144, .F. ) ;
#2684 = SURFACE_STYLE_FILL_AREA ( #2013 ) ;
#2685 = CARTESIAN_POINT ( 'NONE',  ( -207.7317369937918272, 426.2425630890887192, -268.8908353518861531 ) ) ;
#2686 = CARTESIAN_POINT ( 'NONE',  ( -212.0788279872654698, 427.9903118013520498, -164.5203356560663508 ) ) ;
#2687 = CARTESIAN_POINT ( 'NONE',  ( -41.73173699378798318, 353.3927818101066123, -238.3659067844050128 ) ) ;
#2688 = DIRECTION ( 'NONE',  ( -6.838548019020300451E-15, 0.9934047622419531764, -0.1146602736566088299 ) ) ;
#2689 = VECTOR ( 'NONE', #2675, 1000.000000000000227 ) ;
#2690 = EDGE_LOOP ( 'NONE', ( #544, #2803 ) ) ;
#2691 = EDGE_CURVE ( 'NONE', #1962, #1768, #962, .T. ) ;
#2692 = DIRECTION ( 'NONE',  ( 0.000000000000000000, -0.1146602736566085246, -0.9934047622419531764 ) ) ;
#2693 = CIRCLE ( 'NONE', #1300, 5.999999999999998224 ) ;
#2694 = CARTESIAN_POINT ( 'NONE',  ( -35.73173699379101720, 420.4936154551365917, -231.4849587934886586 ) ) ;
#2695 = CARTESIAN_POINT ( 'NONE',  ( -47.73173699379049140, 348.2302448821961889, -181.5038084023989597 ) ) ;
#2696 = CARTESIAN_POINT ( 'NONE',  ( -47.73173699379044166, 336.1141554186175995, -230.1143049654918968 ) ) ;
#2697 = DIRECTION ( 'NONE',  ( 1.000000000000000000, 0.000000000000000000, 0.000000000000000000 ) ) ;
#2698 = VECTOR ( 'NONE', #1343, 1000.000000000000000 ) ;
#2699 = ORIENTED_EDGE ( 'NONE', *, *, #1864, .T. ) ;
#2700 = ORIENTED_EDGE ( 'NONE', *, *, #3392, .F. ) ;
#2701 =( BOUNDED_CURVE ( )  B_SPLINE_CURVE ( 3, ( #3221, #1216, #1837, #2658 ),
 .UNSPECIFIED., .F., .T. ) 
 B_SPLINE_CURVE_WITH_KNOTS ( ( 4, 4 ),
 ( 4.712388980384684345, 6.065247966588757755 ),
 .UNSPECIFIED. ) 
 CURVE ( )  GEOMETRIC_REPRESENTATION_ITEM ( )  RATIONAL_B_SPLINE_CURVE ( ( 1.000000000000000000, 0.8532085782433693755, 0.8532085782433693755, 1.000000000000000000 ) ) 
 REPRESENTATION_ITEM ( '' )  );
#2702 = DIRECTION ( 'NONE',  ( -6.715058616684491918E-15, 1.000000000000000000, 0.000000000000000000 ) ) ;
#2703 = ADVANCED_BREP_SHAPE_REPRESENTATION ( 'VC Base', ( #1943, #2890 ), #2442 ) ;
#2704 = CIRCLE ( 'NONE', #1767, 2.499999999999924505 ) ;
#2705 = CARTESIAN_POINT ( 'NONE',  ( -212.2032611129812381, 420.2395711360799169, -231.9740512724874009 ) ) ;
#2706 = EDGE_LOOP ( 'NONE', ( #357, #3511, #1757, #2023, #584, #3345, #2382, #559, #1336 ) ) ;
#2707 = PLANE ( 'NONE',  #1649 ) ;
#2708 = SHAPE_DEFINITION_REPRESENTATION ( #2964, #2703 ) ;
#2709 = CARTESIAN_POINT ( 'NONE',  ( -181.3592652938496315, 428.8573915556277143, -132.2897355683409728 ) ) ;
#2710 = EDGE_CURVE ( 'NONE', #453, #1221, #3413, .T. ) ;
#2711 = CARTESIAN_POINT ( 'NONE',  ( -83.23173699379145773, 450.0874009121294534, -277.6828765842795974 ) ) ;
#2712 = LINE ( 'NONE', #1031, #2886 ) ;
#2713 = CARTESIAN_POINT ( 'NONE',  ( -201.7317369937910883, 336.8408986290428970, -127.7088875264878425 ) ) ;
#2714 = ORIENTED_EDGE ( 'NONE', *, *, #2380, .T. ) ;
#2715 = ORIENTED_EDGE ( 'NONE', *, *, #1823, .F. ) ;
#2716 = DIRECTION ( 'NONE',  ( 0.000000000000000000, -0.1146602736566090658, -0.9934047622419530654 ) ) ;
#2717 = CARTESIAN_POINT ( 'NONE',  ( -166.2317369937915714, 416.0791949193563255, -269.7310421398040035 ) ) ;
#2718 = CARTESIAN_POINT ( 'NONE',  ( -35.73173699379108115, 430.1410123934145986, -235.1150734356597241 ) ) ;
#2719 = ADVANCED_FACE ( 'NONE', ( #756 ), #230, .F. ) ;
#2720 = VERTEX_POINT ( 'NONE', #2967 ) ;
#2721 = VERTEX_POINT ( 'NONE', #2214 ) ;
#2722 = DIRECTION ( 'NONE',  ( -6.715058616683470343E-15, 1.000000000000000000, 0.000000000000000000 ) ) ;
#2723 = VECTOR ( 'NONE', #1222, 1000.000000000000000 ) ;
#2724 = CIRCLE ( 'NONE', #1847, 2.500000000000089706 ) ;
#2725 = CARTESIAN_POINT ( 'NONE',  ( -85.73173699379115931, 415.6205538247304503, -273.7046611887718086 ) ) ;
#2726 = ORIENTED_EDGE ( 'NONE', *, *, #3098, .T. ) ;
#2727 = CARTESIAN_POINT ( 'NONE',  ( -36.06121057204647684, 427.7172126955031217, -168.9004587722455710 ) ) ;
#2728 = DIRECTION ( 'NONE',  ( 1.000000000000000000, 0.000000000000000000, 0.000000000000000000 ) ) ;
#2729 = DIRECTION ( 'NONE',  ( 6.739838248742254964E-15, -0.9934047622419531764, 0.1146602736566088993 ) ) ;
#2730 = DIRECTION ( 'NONE',  ( 6.739838248742254964E-15, -0.9934047622419531764, 0.1146602736566088993 ) ) ;
#2731 = ADVANCED_FACE ( 'NONE', ( #3564 ), #2466, .F. ) ;
#2732 = CARTESIAN_POINT ( 'NONE',  ( -41.73173699379108115, 435.8668722075645974, -185.5068157025454809 ) ) ;
#2733 = ORIENTED_EDGE ( 'NONE', *, *, #1590, .F. ) ;
#2734 = ADVANCED_FACE ( 'NONE', ( #1576 ), #3241, .F. ) ;
#2735 = CARTESIAN_POINT ( 'NONE',  ( -168.7150025437026670, 415.6516932242608391, -273.3735879670321083 ) ) ;
#2736 = CARTESIAN_POINT ( 'NONE',  ( -80.86162639686888554, 432.4443096686875947, -127.4811510986934877 ) ) ;
#2737 = DIRECTION ( 'NONE',  ( -1.408031062242660735E-16, 0.1146602736566088299, 0.9934047622419531764 ) ) ;
#2738 = EDGE_LOOP ( 'NONE', ( #1671, #190, #2566, #212, #134 ) ) ;
#2739 = ORIENTED_EDGE ( 'NONE', *, *, #2929, .F. ) ;
#2740 = DIRECTION ( 'NONE',  ( 6.838548019020302028E-15, -0.9934047622419531764, 0.1146602736566088299 ) ) ;
#2741 = VERTEX_POINT ( 'NONE', #2749 ) ;
#2742 = CARTESIAN_POINT ( 'NONE',  ( -101.2941288619797575, 441.8363603063883147, -133.7877876869801241 ) ) ;
#2743 = FACE_OUTER_BOUND ( 'NONE', #3108, .T. ) ;
#2744 = LINE ( 'NONE', #2763, #2698 ) ;
#2745 = DIRECTION ( 'NONE',  ( 0.000000000000000000, 0.9930245052579522724, -0.1179081505121642309 ) ) ;
#2746 = DIRECTION ( 'NONE',  ( 1.000000000000000000, 0.000000000000000000, 0.000000000000000000 ) ) ;
#2747 = CARTESIAN_POINT ( 'NONE',  ( -164.5772634659456912, 432.0752871157348523, -128.5149989372463608 ) ) ;
#2748 = CARTESIAN_POINT ( 'NONE',  ( -207.7317369937917420, 416.3175749920416138, -215.3372429578151070 ) ) ;
#2749 = CARTESIAN_POINT ( 'NONE',  ( -212.4344396964944792, 426.4635219232072814, -178.5245019278755194 ) ) ;
#2750 = EDGE_CURVE ( 'NONE', #1076, #217, #2650, .T. ) ;
#2751 = VERTEX_POINT ( 'NONE', #3279 ) ;
#2752 = ORIENTED_EDGE ( 'NONE', *, *, #943, .T. ) ;
#2753 = CARTESIAN_POINT ( 'NONE',  ( -71.12350918418226797, 415.6740165876794322, -272.8417110005239579 ) ) ;
#2754 = VECTOR ( 'NONE', #1552, 1000.000000000000114 ) ;
#2755 = VERTEX_POINT ( 'NONE', #1878 ) ;
#2756 = B_SPLINE_CURVE_WITH_KNOTS ( 'NONE', 3,
 ( #2268, #1674, #2221, #1935 ),
 .UNSPECIFIED., .F., .F.,
 ( 4, 4 ),
 ( 0.000000000000000000, 0.001354207433444844753 ),
 .UNSPECIFIED. ) ;
#2757 = ORIENTED_EDGE ( 'NONE', *, *, #3196, .F. ) ;
#2758 = CIRCLE ( 'NONE', #1070, 5.999999999999970690 ) ;
#2759 = CARTESIAN_POINT ( 'NONE',  ( -35.73173699379108115, 432.2120511879140281, -217.1718073363209385 ) ) ;
#2760 = VECTOR ( 'NONE', #505, 1000.000000000000000 ) ;
#2761 = CARTESIAN_POINT ( 'NONE',  ( -47.73173699379114510, 449.0956367623845722, -140.6654984496847476 ) ) ;
#2762 = EDGE_CURVE ( 'NONE', #2156, #1601, #195, .T. ) ;
#2763 = CARTESIAN_POINT ( 'NONE',  ( -170.6190386215828028, 394.7628651310299119, -155.6067768849399329 ) ) ;
#2764 = AXIS2_PLACEMENT_3D ( 'NONE', #349, #956, #2976 ) ;
#2765 = CARTESIAN_POINT ( 'NONE',  ( -44.73173699379109536, 426.5865439100596177, -265.9106210651604556 ) ) ;
#2766 = PLANE ( 'NONE',  #891 ) ;
#2767 = DIRECTION ( 'NONE',  ( -1.000000000000000000, 0.000000000000000000, 0.000000000000000000 ) ) ;
#2768 = EDGE_LOOP ( 'NONE', ( #2880, #911, #833, #2128, #937 ) ) ;
#2769 = EDGE_LOOP ( 'NONE', ( #3425, #2589, #3225, #2018 ) ) ;
#2770 = VECTOR ( 'NONE', #1520, 1000.000000000000114 ) ;
#2771 = LINE ( 'NONE', #2146, #3405 ) ;
#2772 = EDGE_CURVE ( 'NONE', #2662, #2390, #736, .T. ) ;
#2773 = CIRCLE ( 'NONE', #539, 2.500000000000089706 ) ;
#2774 = CARTESIAN_POINT ( 'NONE',  ( -211.2316302091530815, 419.6836325030053558, -233.7433524497583619 ) ) ;
#2775 = ORIENTED_EDGE ( 'NONE', *, *, #396, .T. ) ;
#2776 = CARTESIAN_POINT ( 'NONE',  ( -37.97523017756370933, 427.4440513786500446, -167.4750442893613922 ) ) ;
#2777 = VECTOR ( 'NONE', #1087, 1000.000000000000000 ) ;
#2778 = LINE ( 'NONE', #2761, #1751 ) ;
#2779 = DIRECTION ( 'NONE',  ( -1.000000000000000000, -6.591949208711836193E-15, 1.040834085586079326E-15 ) ) ;
#2780 = CARTESIAN_POINT ( 'NONE',  ( -207.7317369937887577, 387.8832487116333709, -226.2110626194570955 ) ) ;
#2781 = CARTESIAN_POINT ( 'NONE',  ( -37.91344533576606324, 419.9454429075424287, -232.6666455609687887 ) ) ;
#2782 = FACE_OUTER_BOUND ( 'NONE', #79, .T. ) ;
#2783 = ORIENTED_EDGE ( 'NONE', *, *, #2084, .T. ) ;
#2784 = ORIENTED_EDGE ( 'NONE', *, *, #1448, .T. ) ;
#2785 = FACE_OUTER_BOUND ( 'NONE', #2034, .T. ) ;
#2786 = CARTESIAN_POINT ( 'NONE',  ( -211.8502872137192696, 420.0972541069610884, -232.2906658687779782 ) ) ;
#2787 = ORIENTED_EDGE ( 'NONE', *, *, #267, .F. ) ;
#2788 = VERTEX_POINT ( 'NONE', #491 ) ;
#2789 = CYLINDRICAL_SURFACE ( 'NONE', #2529, 2.500000000000089706 ) ;
#2790 = CARTESIAN_POINT ( 'NONE',  ( -37.02903429108829414, 418.8076142341711829, -246.0922991445928574 ) ) ;
#2791 = ADVANCED_FACE ( 'NONE', ( #2195 ), #1618, .F. ) ;
#2792 = ORIENTED_EDGE ( 'NONE', *, *, #1668, .F. ) ;
#2793 = CARTESIAN_POINT ( 'NONE',  ( -71.38901771146416309, 432.5902743259086378, -126.6807563769623215 ) ) ;
#2794 = DIRECTION ( 'NONE',  ( 6.838548019020299662E-15, -0.9934047622419531764, 0.1146602736566088299 ) ) ;
#2795 = DIRECTION ( 'NONE',  ( -6.838548019020300451E-15, 0.9934047622419531764, -0.1146602736566088576 ) ) ;
#2796 = CARTESIAN_POINT ( 'NONE',  ( -37.26021287460166320, 419.7843688381217362, -235.9178769424886184 ) ) ;
#2797 = DIRECTION ( 'NONE',  ( -4.625929269271481378E-15, 1.000000000000000000, 0.000000000000000000 ) ) ;
#2798 = ADVANCED_FACE ( 'NONE', ( #1312 ), #2142, .F. ) ;
#2799 = ORIENTED_EDGE ( 'NONE', *, *, #2010, .T. ) ;
#2800 = EDGE_LOOP ( 'NONE', ( #41, #3545, #2933, #630 ) ) ;
#2801 = DIRECTION ( 'NONE',  ( 0.000000000000000000, -0.1146602736566041392, -0.9934047622419538426 ) ) ;
#2802 = VECTOR ( 'NONE', #152, 1000.000000000000000 ) ;
#2803 = ORIENTED_EDGE ( 'NONE', *, *, #3344, .T. ) ;
#2804 = CIRCLE ( 'NONE', #2414, 11.00000000000020428 ) ;
#2805 = CARTESIAN_POINT ( 'NONE',  ( -41.73173699378798318, 342.2709073512168061, -230.8453354986673389 ) ) ;
#2806 = AXIS2_PLACEMENT_3D ( 'NONE', #3610, #1118, #3338 ) ;
#2807 = ORIENTED_EDGE ( 'NONE', *, *, #360, .F. ) ;
#2808 = CARTESIAN_POINT ( 'NONE',  ( -83.23173699379121615, 432.8769250100501154, -124.1972444713574504 ) ) ;
#2809 = VECTOR ( 'NONE', #1271, 1000.000000000000000 ) ;
#2810 = CYLINDRICAL_SURFACE ( 'NONE', #149, 2.500000000000034639 ) ;
#2811 = EDGE_CURVE ( 'NONE', #312, #3025, #2008, .T. ) ;
#2812 = VECTOR ( 'NONE', #3109, 1000.000000000000114 ) ;
#2813 = DIRECTION ( 'NONE',  ( -6.715058616684372800E-15, 1.000000000000000000, 0.000000000000000000 ) ) ;
#2814 = DIRECTION ( 'NONE',  ( 6.838548019020299662E-15, -0.9934047622419531764, 0.1146602736566088576 ) ) ;
#2815 = ORIENTED_EDGE ( 'NONE', *, *, #2161, .T. ) ;
#2816 = ORIENTED_EDGE ( 'NONE', *, *, #598, .T. ) ;
#2817 = FACE_OUTER_BOUND ( 'NONE', #2499, .T. ) ;
#2818 = EDGE_CURVE ( 'NONE', #1098, #1259, #474, .T. ) ;
#2819 = CARTESIAN_POINT ( 'NONE',  ( -211.2483413799815821, 419.7105562830535632, -233.5776294235218131 ) ) ;
#2820 = VECTOR ( 'NONE', #1963, 1000.000000000000000 ) ;
#2821 = ORIENTED_EDGE ( 'NONE', *, *, #663, .T. ) ;
#2822 = DIRECTION ( 'NONE',  ( 6.793446168915041611E-15, -1.000000000000000000, 0.000000000000000000 ) ) ;
#2823 = CIRCLE ( 'NONE', #141, 2.500000000000007105 ) ;
#2824 = DIRECTION ( 'NONE',  ( 6.739838248742254964E-15, -0.9934047622419531764, 0.1146602736566088993 ) ) ;
#2825 = ORIENTED_EDGE ( 'NONE', *, *, #876, .F. ) ;
#2826 = CARTESIAN_POINT ( 'NONE',  ( -37.02903429108837940, 431.5403629302385298, -222.9912449901605385 ) ) ;
#2827 = VECTOR ( 'NONE', #3233, 1000.000000000000114 ) ;
#2828 = DIRECTION ( 'NONE',  ( 0.000000000000000000, 0.1146602736566088299, 0.9934047622419531764 ) ) ;
#2829 = CIRCLE ( 'NONE', #2257, 12.50000000000000888 ) ;
#2830 = VECTOR ( 'NONE', #741, 1000.000000000000114 ) ;
#2831 = CARTESIAN_POINT ( 'NONE',  ( -47.73173699379037060, 322.6230246956243946, -250.8910780444906266 ) ) ;
#2832 = DIRECTION ( 'NONE',  ( 7.569702440625908545E-15, -1.000000000000000000, 0.000000000000000000 ) ) ;
#2833 = ORIENTED_EDGE ( 'NONE', *, *, #2496, .T. ) ;
#2834 = ADVANCED_FACE ( 'NONE', ( #507 ), #2677, .F. ) ;
#2835 = EDGE_CURVE ( 'NONE', #2641, #3267, #1018, .T. ) ;
#2836 = VERTEX_POINT ( 'NONE', #1038 ) ;
#2837 = DIRECTION ( 'NONE',  ( 0.000000000000000000, 0.1146602736566051106, 0.9934047622419536205 ) ) ;
#2838 = ORIENTED_EDGE ( 'NONE', *, *, #1688, .F. ) ;
#2839 = ORIENTED_EDGE ( 'NONE', *, *, #2691, .T. ) ;
#2840 = FACE_OUTER_BOUND ( 'NONE', #3400, .T. ) ;
#2841 = ORIENTED_EDGE ( 'NONE', *, *, #3353, .T. ) ;
#2842 = CARTESIAN_POINT ( 'NONE',  ( -37.02903429108830125, 426.4635219232084751, -178.5245019278756615 ) ) ;
#2843 = CARTESIAN_POINT ( 'NONE',  ( -41.73173699378798318, 359.3521193410709316, -182.8243796881334049 ) ) ;
#2844 = DIRECTION ( 'NONE',  ( 6.838548019020299662E-15, -0.9934047622419531764, 0.1146602736566088299 ) ) ;
#2845 = CARTESIAN_POINT ( 'NONE',  ( -35.73173699379101720, 418.8490753372450399, -245.7330844320520100 ) ) ;
#2846 = ORIENTED_EDGE ( 'NONE', *, *, #20, .F. ) ;
#2847 = ORIENTED_EDGE ( 'NONE', *, *, #1678, .F. ) ;
#2848 = CARTESIAN_POINT ( 'NONE',  ( -201.7317369937915146, 394.7628651310299119, -155.6067768849399329 ) ) ;
#2849 = CARTESIAN_POINT ( 'NONE',  ( -3.070078687066907770E-12, 451.2665196898681188, -52.08586127867123849 ) ) ;
#2850 = EDGE_CURVE ( 'NONE', #2755, #1402, #2773, .T. ) ;
#2851 = ORIENTED_EDGE ( 'NONE', *, *, #942, .F. ) ;
#2852 = ORIENTED_EDGE ( 'NONE', *, *, #3315, .T. ) ;
#2853 = CARTESIAN_POINT ( 'NONE',  ( -207.7317369937917420, 412.1754974030428116, -251.2237751564926214 ) ) ;
#2854 = AXIS2_PLACEMENT_3D ( 'NONE', #461, #766, #1303 ) ;
#2855 = DIRECTION ( 'NONE',  ( 1.000000000000000000, 6.786149265664089312E-15, -8.473294029964203208E-16 ) ) ;
#2856 = DIRECTION ( 'NONE',  ( -1.000000000000000000, 0.000000000000000000, 0.000000000000000000 ) ) ;
#2857 = VERTEX_POINT ( 'NONE', #2176 ) ;
#2858 = VECTOR ( 'NONE', #3049, 1000.000000000000000 ) ;
#2859 = CARTESIAN_POINT ( 'NONE',  ( -37.02903429108829414, 418.6666233145590468, -246.0760257603286902 ) ) ;
#2860 = EDGE_CURVE ( 'NONE', #1945, #1005, #1367, .T. ) ;
#2861 = AXIS2_PLACEMENT_3D ( 'NONE', #1167, #2282, #892 ) ;
#2862 = DIRECTION ( 'NONE',  ( -6.838548019020300451E-15, 0.9934047622419531764, -0.1146602736566088437 ) ) ;
#2863 = CARTESIAN_POINT ( 'NONE',  ( -41.73173699378798318, 369.1640239395618437, -152.7716505583119329 ) ) ;
#2864 = LINE ( 'NONE', #3136, #3043 ) ;
#2865 = VECTOR ( 'NONE', #2779, 1000.000000000000000 ) ;
#2866 = LINE ( 'NONE', #1456, #582 ) ;
#2867 = CARTESIAN_POINT ( 'NONE',  ( -41.73173699379108115, 428.0699735989151691, -253.0583395349985096 ) ) ;
#2868 = AXIS2_PLACEMENT_3D ( 'NONE', #33, #1396, #2513 ) ;
#2869 = VERTEX_POINT ( 'NONE', #813 ) ;
#2870 = ORIENTED_EDGE ( 'NONE', *, *, #2021, .T. ) ;
#2871 = CARTESIAN_POINT ( 'NONE',  ( -165.5763242864026665, 415.3923839393974617, -271.2439904441191629 ) ) ;
#2872 = VECTOR ( 'NONE', #3607, 1000.000000000000000 ) ;
#2873 = CARTESIAN_POINT ( 'NONE',  ( -212.4344396964944792, 426.4635219232072814, -178.5245019278755194 ) ) ;
#2874 = ORIENTED_EDGE ( 'NONE', *, *, #2520, .F. ) ;
#2875 = ORIENTED_EDGE ( 'NONE', *, *, #232, .T. ) ;
#2876 = ADVANCED_FACE ( 'NONE', ( #3084 ), #1717, .F. ) ;
#2877 = CARTESIAN_POINT ( 'NONE',  ( -82.11602614568445802, 431.9012137263524664, -128.8593969735795497 ) ) ;
#2878 = CARTESIAN_POINT ( 'NONE',  ( -213.7317369937917135, 428.0038633796433487, -166.4169468666405010 ) ) ;
#2879 = B_SPLINE_CURVE_WITH_KNOTS ( 'NONE', 3,
 ( #369, #2614, #1228, #958, #2073, #125, #167, #1813, #486, #2136, #2172, #1613, #447, #3253 ),
 .UNSPECIFIED., .F., .F.,
 ( 4, 2, 2, 2, 2, 2, 4 ),
 ( 0.0006957012687055235019, 0.001684772549479508948, 0.002179308189866522270, 0.002673843830253536027, 0.003662915111027563106, 0.004157450751414614593, 0.004651986391801666079 ),
 .UNSPECIFIED. ) ;
#2880 = ORIENTED_EDGE ( 'NONE', *, *, #1672, .F. ) ;
#2881 = EDGE_CURVE ( 'NONE', #615, #3085, #2653, .T. ) ;
#2882 = ADVANCED_FACE ( 'NONE', ( #2014 ), #2260, .F. ) ;
#2883 = CARTESIAN_POINT ( 'NONE',  ( -83.39668312794181304, 431.7615783506181515, -129.1017045987801737 ) ) ;
#2884 = CARTESIAN_POINT ( 'NONE',  ( -65.16934512560280268, 425.5546014471500484, -274.8512639253379461 ) ) ;
#2885 = CARTESIAN_POINT ( 'NONE',  ( -164.9725208185995484, 431.9409210397553807, -128.7859489642979725 ) ) ;
#2886 = VECTOR ( 'NONE', #1010, 1000.000000000000114 ) ;
#2887 = CARTESIAN_POINT ( 'NONE',  ( -178.4360558236486725, 432.4415258627858520, -127.9694976901410115 ) ) ;
#2888 = DIRECTION ( 'NONE',  ( 0.000000000000000000, 0.1146602736566079278, 0.9934047622419533985 ) ) ;
#2889 = DIRECTION ( 'NONE',  ( 6.838548019020299662E-15, -0.9934047622419531764, 0.1146602736566088299 ) ) ;
#2890 = AXIS2_PLACEMENT_3D ( 'NONE', #1587, #3269, #422 ) ;
#2891 = ORIENTED_EDGE ( 'NONE', *, *, #869, .T. ) ;
#2892 = ORIENTED_EDGE ( 'NONE', *, *, #197, .F. ) ;
#2893 = CARTESIAN_POINT ( 'NONE',  ( -70.39285306812215026, 431.3416027222768889, -130.7270074912148914 ) ) ;
#2894 = FACE_OUTER_BOUND ( 'NONE', #1898, .T. ) ;
#2895 = VERTEX_POINT ( 'NONE', #1443 ) ;
#2896 = VERTEX_POINT ( 'NONE', #519 ) ;
#2897 = DIRECTION ( 'NONE',  ( 6.739838248742254964E-15, -0.9934047622419531764, 0.1146602736566088993 ) ) ;
#2898 = CYLINDRICAL_SURFACE ( 'NONE', #881, 12.50000000000003553 ) ;
#2899 = ORIENTED_EDGE ( 'NONE', *, *, #1081, .T. ) ;
#2900 = FACE_OUTER_BOUND ( 'NONE', #2076, .T. ) ;
#2901 = LINE ( 'NONE', #681, #570 ) ;
#2902 = EDGE_CURVE ( 'NONE', #3302, #3410, #1977, .T. ) ;
#2903 = CARTESIAN_POINT ( 'NONE',  ( -166.2317369937915714, 433.5648866519891840, -118.2368158979056574 ) ) ;
#2904 = LINE ( 'NONE', #2887, #768 ) ;
#2905 = DIRECTION ( 'NONE',  ( -6.838548019020299662E-15, 0.9934047622419531764, -0.1146602736566088299 ) ) ;
#2906 = DIRECTION ( 'NONE',  ( 0.000000000000000000, 0.000000000000000000, -1.000000000000000000 ) ) ;
#2907 =( BOUNDED_CURVE ( )  B_SPLINE_CURVE ( 3, ( #2672, #1287, #3465, #2388 ),
 .UNSPECIFIED., .F., .T. ) 
 B_SPLINE_CURVE_WITH_KNOTS ( ( 4, 4 ),
 ( 0.2179373405908211769, 1.570796326794898334 ),
 .UNSPECIFIED. ) 
 CURVE ( )  GEOMETRIC_REPRESENTATION_ITEM ( )  RATIONAL_B_SPLINE_CURVE ( ( 1.000000000000000000, 0.8532085782433687093, 0.8532085782433687093, 1.000000000000000000 ) ) 
 REPRESENTATION_ITEM ( '' )  );
#2908 = EDGE_LOOP ( 'NONE', ( #270, #3281, #1163, #2178, #2851 ) ) ;
#2909 = EDGE_LOOP ( 'NONE', ( #3207, #3418 ) ) ;
#2910 = CARTESIAN_POINT ( 'NONE',  ( -163.7317369937914862, 415.6395073311774127, -273.5404499675200896 ) ) ;
#2911 = CARTESIAN_POINT ( 'NONE',  ( -35.73173699379101720, 425.9328245851451129, -184.3602129659794002 ) ) ;
#2912 = EDGE_CURVE ( 'NONE', #217, #2598, #2361, .T. ) ;
#2913 = ORIENTED_EDGE ( 'NONE', *, *, #2308, .F. ) ;
#2914 = EDGE_LOOP ( 'NONE', ( #2969, #1295, #1543, #1176 ) ) ;
#2915 = CARTESIAN_POINT ( 'NONE',  ( -44.73173699379109536, 426.5865439100596177, -265.9106210651604556 ) ) ;
#2916 = ORIENTED_EDGE ( 'NONE', *, *, #2929, .T. ) ;
#2917 = CYLINDRICAL_SURFACE ( 'NONE', #3466, 6.200000000000010836 ) ;
#2918 = DIRECTION ( 'NONE',  ( -6.838548019020299662E-15, 0.9934047622419531764, -0.1146602736566088299 ) ) ;
#2919 = CARTESIAN_POINT ( 'NONE',  ( -47.73173699379057666, 359.3521193410709316, -189.0243796881333935 ) ) ;
#2920 = DIRECTION ( 'NONE',  ( 1.000000000000000000, 6.688090509790069208E-15, -8.360113137237586510E-16 ) ) ;
#2921 = EDGE_CURVE ( 'NONE', #3056, #1883, #3347, .T. ) ;
#2922 = AXIS2_PLACEMENT_3D ( 'NONE', #987, #3229, #1844 ) ;
#2923 = CARTESIAN_POINT ( 'NONE',  ( -35.73173699379097457, 425.9418841105175488, -131.9532233084744348 ) ) ;
#2924 = CARTESIAN_POINT ( 'NONE',  ( -44.73173699379109536, 441.4923794854188372, -136.7680019737059922 ) ) ;
#2925 = VECTOR ( 'NONE', #3112, 1000.000000000000000 ) ;
#2926 = ORIENTED_EDGE ( 'NONE', *, *, #3119, .T. ) ;
#2927 = CARTESIAN_POINT ( 'NONE',  ( -83.23173699379128720, 442.8109726324695998, -125.3438472079235169 ) ) ;
#2928 = CARTESIAN_POINT ( 'NONE',  ( -65.16934512560268900, 425.9418841105173215, -131.9532233084744348 ) ) ;
#2929 = EDGE_CURVE ( 'NONE', #762, #3284, #3523, .T. ) ;
#2930 = CARTESIAN_POINT ( 'NONE',  ( -35.73173699379101720, 429.3617528133945029, -154.6523331336823617 ) ) ;
#2931 = DIRECTION ( 'NONE',  ( 1.000000000000000000, 0.000000000000000000, 0.000000000000000000 ) ) ;
#2932 = VECTOR ( 'NONE', #2889, 1000.000000000000000 ) ;
#2933 = ORIENTED_EDGE ( 'NONE', *, *, #1541, .T. ) ;
#2934 = ORIENTED_EDGE ( 'NONE', *, *, #2607, .F. ) ;
#2935 = AXIS2_PLACEMENT_3D ( 'NONE', #915, #3118, #1171 ) ;
#2936 = ADVANCED_FACE ( 'NONE', ( #2244 ), #259, .F. ) ;
#2937 = CYLINDRICAL_SURFACE ( 'NONE', #1383, 12.50000000000003553 ) ;
#2938 = CARTESIAN_POINT ( 'NONE',  ( -81.24730606622186713, 415.6007007116081127, -272.1630691121265500 ) ) ;
#2939 = ORIENTED_EDGE ( 'NONE', *, *, #2354, .T. ) ;
#2940 = APPLICATION_PROTOCOL_DEFINITION ( 'draft international standard', 'automotive_design', 1998, #873 ) ;
#2941 = CARTESIAN_POINT ( 'NONE',  ( -207.7317369937918272, 441.8363603063875757, -133.7877876869800389 ) ) ;
#2942 = DIRECTION ( 'NONE',  ( -1.000000000000000000, 0.000000000000000000, 0.000000000000000000 ) ) ;
#2943 = CARTESIAN_POINT ( 'NONE',  ( -207.7317369937918272, 432.2120511879128344, -217.1718073363208532 ) ) ;
#2944 = CARTESIAN_POINT ( 'NONE',  ( -213.7317369937917704, 418.8490753372438462, -245.7330844320517826 ) ) ;
#2945 = AXIS2_PLACEMENT_3D ( 'NONE', #3071, #557, #899 ) ;
#2946 = EDGE_LOOP ( 'NONE', ( #394, #1796, #1080, #2278 ) ) ;
#2947 = FACE_OUTER_BOUND ( 'NONE', #2563, .T. ) ;
#2948 = PLANE ( 'NONE',  #2126 ) ;
#2949 = DIRECTION ( 'NONE',  ( 0.000000000000000000, -0.9930245052579493859, 0.1179081505121876705 ) ) ;
#2950 = EDGE_CURVE ( 'NONE', #566, #2355, #1088, .T. ) ;
#2951 = AXIS2_PLACEMENT_3D ( 'NONE', #1545, #2897, #1506 ) ;
#2952 = ORIENTED_EDGE ( 'NONE', *, *, #3040, .T. ) ;
#2953 = ORIENTED_EDGE ( 'NONE', *, *, #3082, .T. ) ;
#2954 = CARTESIAN_POINT ( 'NONE',  ( -47.73173699379054113, 352.6617512769311702, -238.3226587170043160 ) ) ;
#2955 = ORIENTED_EDGE ( 'NONE', *, *, #3180, .F. ) ;
#2956 = CARTESIAN_POINT ( 'NONE',  ( -99.87793797271632457, 359.5495337427059894, -232.8969373175804378 ) ) ;
#2957 = EDGE_CURVE ( 'NONE', #3284, #3524, #848, .T. ) ;
#2958 = DIRECTION ( 'NONE',  ( 0.000000000000000000, -0.1146602736566066649, -0.9934047622419535095 ) ) ;
#2959 = CARTESIAN_POINT ( 'NONE',  ( -41.73173699378798318, 359.5495337427059894, -232.8969373175804378 ) ) ;
#2960 = CARTESIAN_POINT ( 'NONE',  ( -166.2317369937915714, 433.5648866519891840, -118.2368158979056574 ) ) ;
#2961 = CARTESIAN_POINT ( 'NONE',  ( -83.23173699379121615, 432.1316332312821373, -130.6543754259301693 ) ) ;
#2962 = VERTEX_POINT ( 'NONE', #1960 ) ;
#2963 = DIRECTION ( 'NONE',  ( -6.739838248742254175E-15, 0.9934047622419532875, -0.1146602736566085384 ) ) ;
#2964 = PRODUCT_DEFINITION_SHAPE ( 'NONE', 'NONE',  #343 ) ;
#2965 = CARTESIAN_POINT ( 'NONE',  ( -166.2317369937915714, 415.3651592177224074, -271.1585855993797622 ) ) ;
#2966 = LINE ( 'NONE', #3472, #3440 ) ;
#2967 = CARTESIAN_POINT ( 'NONE',  ( -207.7317369937887577, 394.7628651310299119, -155.6067768849399329 ) ) ;
#2968 = ORIENTED_EDGE ( 'NONE', *, *, #2134, .F. ) ;
#2969 = ORIENTED_EDGE ( 'NONE', *, *, #327, .F. ) ;
#2970 = DIRECTION ( 'NONE',  ( 1.000000000000000000, 6.793446168915043188E-15, -7.841097872747283183E-16 ) ) ;
#2971 = ADVANCED_FACE ( 'NONE', ( #3343 ), #847, .F. ) ;
#2972 = CARTESIAN_POINT ( 'NONE',  ( -83.06712711013052797, 415.3651592177230896, -271.1585855993799896 ) ) ;
#2973 = CARTESIAN_POINT ( 'NONE',  ( -212.0788279872654982, 420.1934131927025646, -232.0718594885193227 ) ) ;
#2974 = B_SPLINE_CURVE_WITH_KNOTS ( 'NONE', 3,
 ( #383, #1792, #404, #2049, #121, #2092, #3158, #2365, #648, #3484, #1225, #2343, #2071, #3179, #668, #3463, #974, #1532, #146, #993, #3211, #809, #729, #2686, #1888, #2190, #1592, #1851, #238, #3519 ),
 .UNSPECIFIED., .F., .F.,
 ( 4, 2, 2, 2, 2, 2, 2, 2, 2, 2, 2, 2, 2, 2, 4 ),
 ( 5.551115123125782702E-17, 0.0004942134665145930892, 0.0009884269330291306672, 0.001482640399543668245, 0.001976853866058205823, 0.002965280799087375956, 0.003459494265601940205, 0.003953707732116505322, 0.004447921198631069571, 0.004942134665145634688, 0.005436348131660199805, 0.005930561598174764922, 0.006424775064689329171, 0.006918988531203893420, 0.007907415464232948193 ),
 .UNSPECIFIED. ) ;
#2975 = ORIENTED_EDGE ( 'NONE', *, *, #658, .F. ) ;
#2976 = DIRECTION ( 'NONE',  ( 0.000000000000000000, 0.1146602736566079278, 0.9934047622419532875 ) ) ;
#2977 = DIRECTION ( 'NONE',  ( 0.000000000000000000, 0.1146602736566089270, 0.9934047622419531764 ) ) ;
#2978 = DIRECTION ( 'NONE',  ( -6.838548019020300451E-15, 0.9934047622419531764, -0.1146602736566088576 ) ) ;
#2979 = CARTESIAN_POINT ( 'NONE',  ( -99.87793797271632457, 338.3544102783478706, -211.2468393655978502 ) ) ;
#2980 = EDGE_CURVE ( 'NONE', #1833, #217, #3325, .T. ) ;
#2981 = LINE ( 'NONE', #466, #487 ) ;
#2982 = DIRECTION ( 'NONE',  ( -6.838548019020301240E-15, 0.9934047622419531764, -0.1146602736566088299 ) ) ;
#2983 = VECTOR ( 'NONE', #2728, 1000.000000000000000 ) ;
#2984 = ORIENTED_EDGE ( 'NONE', *, *, #1812, .F. ) ;
#2985 = DIRECTION ( 'NONE',  ( 0.000000000000000000, 0.1146602736566041392, 0.9934047622419538426 ) ) ;
#2986 = CARTESIAN_POINT ( 'NONE',  ( -83.23173699379121615, 431.7615783506181515, -129.1017045987802021 ) ) ;
#2987 = LINE ( 'NONE', #472, #524 ) ;
#2988 = CARTESIAN_POINT ( 'NONE',  ( -35.73173699379108115, 428.0699735989151691, -253.0583395349985096 ) ) ;
#2989 = VECTOR ( 'NONE', #2097, 1000.000000000000000 ) ;
#2990 = ORIENTED_EDGE ( 'NONE', *, *, #46, .F. ) ;
#2991 = VERTEX_POINT ( 'NONE', #1993 ) ;
#2992 = AXIS2_PLACEMENT_3D ( 'NONE', #3223, #3481, #700 ) ;
#2993 = DIRECTION ( 'NONE',  ( -0.000000000000000000, 0.1179081505121642309, 0.9930245052579523835 ) ) ;
#2994 = EDGE_CURVE ( 'NONE', #3609, #717, #3130, .T. ) ;
#2995 = ORIENTED_EDGE ( 'NONE', *, *, #3479, .T. ) ;
#2996 = CARTESIAN_POINT ( 'NONE',  ( -38.15033043860520223, 427.4233088325900098, -167.0080749455044611 ) ) ;
#2997 = APPLICATION_PROTOCOL_DEFINITION ( 'draft international standard', 'automotive_design', 1998, #2125 ) ;
#2998 = DIRECTION ( 'NONE',  ( -6.715058616684372800E-15, 1.000000000000000000, 0.000000000000000000 ) ) ;
#2999 = EDGE_CURVE ( 'NONE', #863, #3383, #725, .T. ) ;
#3000 = EDGE_CURVE ( 'NONE', #1243, #1431, #828, .T. ) ;
#3001 = PLANE ( 'NONE',  #3047 ) ;
#3002 = LINE ( 'NONE', #794, #2203 ) ;
#3003 = DIRECTION ( 'NONE',  ( 6.838548019020299662E-15, -0.9934047622419531764, 0.1146602736566088299 ) ) ;
#3004 = PRODUCT_RELATED_PRODUCT_CATEGORY ( 'part', '', ( #954 ) ) ;
#3005 = VERTEX_POINT ( 'NONE', #538 ) ;
#3006 = DIRECTION ( 'NONE',  ( 6.838548019020300451E-15, -0.9934047622419531764, 0.1146602736566088576 ) ) ;
#3007 = FACE_OUTER_BOUND ( 'NONE', #135, .T. ) ;
#3008 = CARTESIAN_POINT ( 'NONE',  ( -204.7317369937918841, 434.5337820079941480, -266.8279032544130587 ) ) ;
#3009 = CIRCLE ( 'NONE', #3457, 12.50000000000003553 ) ;
#3010 = ADVANCED_FACE ( 'NONE', ( #2782 ), #1397, .F. ) ;
#3011 = EDGE_LOOP ( 'NONE', ( #978, #2533, #2990, #1740 ) ) ;
#3012 = ORIENTED_EDGE ( 'NONE', *, *, #2710, .T. ) ;
#3013 = CARTESIAN_POINT ( 'NONE',  ( -41.73173699378798318, 338.3544102783478706, -211.2468393655978502 ) ) ;
#3014 = AXIS2_PLACEMENT_3D ( 'NONE', #586, #2045, #2066 ) ;
#3015 = CIRCLE ( 'NONE', #215, 12.50000000000003553 ) ;
#3016 = DIRECTION ( 'NONE',  ( 3.944304526105059027E-31, 0.1146602736566088437, 0.9934047622419531764 ) ) ;
#3017 = ORIENTED_EDGE ( 'NONE', *, *, #1059, .F. ) ;
#3018 = CARTESIAN_POINT ( 'NONE',  ( -38.21513260760126229, 427.4314706173121863, -166.6844254923652784 ) ) ;
#3019 = CARTESIAN_POINT ( 'NONE',  ( -71.02741816393412932, 432.4415258627865342, -127.9694976901410968 ) ) ;
#3020 = LINE ( 'NONE', #2478, #1521 ) ;
#3021 = FACE_OUTER_BOUND ( 'NONE', #2768, .T. ) ;
#3022 = EDGE_CURVE ( 'NONE', #108, #1076, #638, .T. ) ;
#3023 = CARTESIAN_POINT ( 'NONE',  ( -37.02903429108830835, 429.2622229968562806, -154.2768450368773472 ) ) ;
#3024 = DIRECTION ( 'NONE',  ( 0.000000000000000000, -0.1146602736566079278, -0.9934047622419533985 ) ) ;
#3025 = VERTEX_POINT ( 'NONE', #2867 ) ;
#3026 = EDGE_LOOP ( 'NONE', ( #968, #2313, #2006, #2815, #1707 ) ) ;
#3027 = DIRECTION ( 'NONE',  ( 1.000000000000000000, 0.000000000000000000, 0.000000000000000000 ) ) ;
#3028 = ADVANCED_FACE ( 'NONE', ( #3138 ), #384, .T. ) ;
#3029 = ORIENTED_EDGE ( 'NONE', *, *, #1804, .F. ) ;
#3030 = ORIENTED_EDGE ( 'NONE', *, *, #2402, .F. ) ;
#3031 = CARTESIAN_POINT ( 'NONE',  ( -41.73173699378798318, 355.6330366698379066, -213.2984411845039006 ) ) ;
#3032 = CARTESIAN_POINT ( 'NONE',  ( -168.7317369937916851, 415.6205538247298250, -273.7046611887717518 ) ) ;
#3033 = CARTESIAN_POINT ( 'NONE',  ( -166.2317369937918272, 450.3740515962704194, -275.1993646786745558 ) ) ;
#3034 = FACE_OUTER_BOUND ( 'NONE', #2518, .T. ) ;
#3035 = ADVANCED_FACE ( 'NONE', ( #1270 ), #2387, .F. ) ;
#3036 = DIRECTION ( 'NONE',  ( 4.625929269271486900E-15, 0.1146602736566045833, 0.9934047622419536205 ) ) ;
#3037 = CARTESIAN_POINT ( 'NONE',  ( -83.23173699379121615, 416.0791949193568371, -269.7310421398041171 ) ) ;
#3038 = AXIS2_PLACEMENT_3D ( 'NONE', #872, #3352, #1357 ) ;
#3039 = ORIENTED_EDGE ( 'NONE', *, *, #876, .T. ) ;
#3040 = EDGE_CURVE ( 'NONE', #616, #1883, #351, .T. ) ;
#3041 = ORIENTED_EDGE ( 'NONE', *, *, #3459, .F. ) ;
#3042 = CARTESIAN_POINT ( 'NONE',  ( -207.7317369937887577, 394.7628651310299119, -177.6067768849399044 ) ) ;
#3043 = VECTOR ( 'NONE', #932, 1000.000000000000114 ) ;
#3044 = CARTESIAN_POINT ( 'NONE',  ( -211.5500286518168025, 419.6557530098905318, -235.1764888983515789 ) ) ;
#3045 = EDGE_LOOP ( 'NONE', ( #3072, #2663, #575, #3448, #3247 ) ) ;
#3046 = ORIENTED_EDGE ( 'NONE', *, *, #2546, .T. ) ;
#3047 = AXIS2_PLACEMENT_3D ( 'NONE', #769, #484, #1643 ) ;
#3048 = CARTESIAN_POINT ( 'NONE',  ( -36.38530414913038413, 428.2478957520534664, -164.0104081677322654 ) ) ;
#3049 = DIRECTION ( 'NONE',  ( -6.838548019020300451E-15, 0.9934047622419531764, -0.1146602736566088576 ) ) ;
#3050 = LINE ( 'NONE', #1439, #699 ) ;
#3051 = VECTOR ( 'NONE', #806, 1000.000000000000000 ) ;
#3052 = DIRECTION ( 'NONE',  ( -6.838548019020300451E-15, 0.9934047622419531764, -0.1146602736566088437 ) ) ;
#3053 = CARTESIAN_POINT ( 'NONE',  ( -154.3890177114645041, 432.5902743259080694, -126.6807563769622789 ) ) ;
#3054 = DIRECTION ( 'NONE',  ( 0.000000000000000000, 0.000000000000000000, 1.000000000000000000 ) ) ;
#3055 = ORIENTED_EDGE ( 'NONE', *, *, #1907, .T. ) ;
#3056 = VERTEX_POINT ( 'NONE', #2345 ) ;
#3057 = CARTESIAN_POINT ( 'NONE',  ( -83.23173699379128720, 442.5243219483280654, -127.8273591135284164 ) ) ;
#3058 = ADVANCED_FACE ( 'NONE', ( #2595 ), #1515, .F. ) ;
#3059 = AXIS2_PLACEMENT_3D ( 'NONE', #1648, #2767, #305 ) ;
#3060 = ORIENTED_EDGE ( 'NONE', *, *, #2762, .F. ) ;
#3061 = ORIENTED_EDGE ( 'NONE', *, *, #132, .F. ) ;
#3062 = DIRECTION ( 'NONE',  ( 6.838548019020299662E-15, -0.9934047622419531764, 0.1146602736566088299 ) ) ;
#3063 = AXIS2_PLACEMENT_3D ( 'NONE', #2298, #3603, #3395 ) ;
#3064 = CARTESIAN_POINT ( 'NONE',  ( -99.87793797271632457, 356.3640672030133487, -207.1416892519046087 ) ) ;
#3065 = ORIENTED_EDGE ( 'NONE', *, *, #2087, .T. ) ;
#3066 = CARTESIAN_POINT ( 'NONE',  ( -207.7317369937918272, 428.0699735989140322, -253.0583395349983391 ) ) ;
#3067 =( BOUNDED_CURVE ( )  B_SPLINE_CURVE ( 3, ( #2270, #567, #1988, #1423 ),
 .UNSPECIFIED., .F., .T. ) 
 B_SPLINE_CURVE_WITH_KNOTS ( ( 4, 4 ),
 ( 0.2179373405908207884, 1.570796326794900111 ),
 .UNSPECIFIED. ) 
 CURVE ( )  GEOMETRIC_REPRESENTATION_ITEM ( )  RATIONAL_B_SPLINE_CURVE ( ( 1.000000000000000000, 0.8532085782433682652, 0.8532085782433682652, 1.000000000000000000 ) ) 
 REPRESENTATION_ITEM ( '' )  );
#3068 = CARTESIAN_POINT ( 'NONE',  ( -201.7317369937915146, 394.7628651310299119, -166.6067768849399044 ) ) ;
#3069 = ADVANCED_FACE ( 'NONE', ( #3445 ), #3464, .F. ) ;
#3070 = DIRECTION ( 'NONE',  ( 6.739838248742254964E-15, -0.9934047622419531764, 0.1146602736566088993 ) ) ;
#3071 = CARTESIAN_POINT ( 'NONE',  ( -35.73173699379097457, 425.9418841105175488, -131.9532233084744348 ) ) ;
#3072 = ORIENTED_EDGE ( 'NONE', *, *, #2950, .F. ) ;
#3073 = VERTEX_POINT ( 'NONE', #608 ) ;
#3074 = FACE_BOUND ( 'NONE', #2162, .T. ) ;
#3075 = ORIENTED_EDGE ( 'NONE', *, *, #1932, .F. ) ;
#3076 = ORIENTED_EDGE ( 'NONE', *, *, #2084, .F. ) ;
#3077 = EDGE_CURVE ( 'NONE', #1385, #2355, #685, .T. ) ;
#3078 = CARTESIAN_POINT ( 'NONE',  ( -201.7317369937915146, 394.7628651310299119, -166.6067768849399044 ) ) ;
#3079 = EDGE_LOOP ( 'NONE', ( #815, #775 ) ) ;
#3080 = CARTESIAN_POINT ( 'NONE',  ( -166.2317369937916283, 426.0132425417758100, -270.8776448763700841 ) ) ;
#3081 = DIRECTION ( 'NONE',  ( 1.000000000000000000, 0.000000000000000000, 0.000000000000000000 ) ) ;
#3082 = EDGE_CURVE ( 'NONE', #156, #2408, #957, .T. ) ;
#3083 = CARTESIAN_POINT ( 'NONE',  ( -38.23184377842981263, 419.6461092129960662, -234.0684503568416517 ) ) ;
#3084 = FACE_OUTER_BOUND ( 'NONE', #1236, .T. ) ;
#3085 = VERTEX_POINT ( 'NONE', #3408 ) ;
#3086 = EDGE_LOOP ( 'NONE', ( #2371, #1177, #2955, #275 ) ) ;
#3087 = CARTESIAN_POINT ( 'NONE',  ( -41.73173699378798318, 344.0720893064499251, -237.3027532150740058 ) ) ;
#3088 = AXIS2_PLACEMENT_3D ( 'NONE', #1475, #2862, #1455 ) ;
#3089 = CARTESIAN_POINT ( 'NONE',  ( -211.2318448326797409, 419.6458346439461025, -234.0716871423111911 ) ) ;
#3090 = ORIENTED_EDGE ( 'NONE', *, *, #3151, .F. ) ;
#3091 = CIRCLE ( 'NONE', #2861, 6.199999999999983302 ) ;
#3092 = CARTESIAN_POINT ( 'NONE',  ( -41.73173699379113799, 449.7835984043242661, -134.7050698762330398 ) ) ;
#3093 = CARTESIAN_POINT ( 'NONE',  ( -99.87793797271632457, 353.3927818101066123, -232.1659067844049957 ) ) ;
#3094 = ORIENTED_EDGE ( 'NONE', *, *, #3323, .F. ) ;
#3095 = CARTESIAN_POINT ( 'NONE',  ( -213.7317369937919693, 454.9604625425344580, -235.4631741889963905 ) ) ;
#3096 = CIRCLE ( 'NONE', #2992, 2.500000000000089706 ) ;
#3097 = DIRECTION ( 'NONE',  ( 7.569702440626099449E-15, -1.000000000000000000, 0.000000000000000000 ) ) ;
#3098 = EDGE_CURVE ( 'NONE', #2219, #352, #2487, .T. ) ;
#3099 = EDGE_CURVE ( 'NONE', #3378, #2061, #2368, .T. ) ;
#3100 = AXIS2_PLACEMENT_3D ( 'NONE', #2843, #933, #744 ) ;
#3101 = FACE_OUTER_BOUND ( 'NONE', #290, .T. ) ;
#3102 = CARTESIAN_POINT ( 'NONE',  ( -213.7317369937917704, 421.5648542047439378, -222.2038569661352483 ) ) ;
#3103 = DIRECTION ( 'NONE',  ( -6.838548019020302028E-15, 0.9934047622419531764, -0.1146602736566088299 ) ) ;
#3104 = ORIENTED_EDGE ( 'NONE', *, *, #410, .T. ) ;
#3105 = ORIENTED_EDGE ( 'NONE', *, *, #1524, .F. ) ;
#3106 = FACE_BOUND ( 'NONE', #2165, .T. ) ;
#3107 = ORIENTED_EDGE ( 'NONE', *, *, #72, .T. ) ;
#3108 = EDGE_LOOP ( 'NONE', ( #2179, #1559, #2114, #1309 ) ) ;
#3109 = DIRECTION ( 'NONE',  ( 0.000000000000000000, -0.1146602736566088715, -0.9934047622419531764 ) ) ;
#3110 = CARTESIAN_POINT ( 'NONE',  ( -80.74854550082645233, 415.6517098726566246, -273.3731780402347908 ) ) ;
#3111 = ORIENTED_EDGE ( 'NONE', *, *, #2980, .F. ) ;
#3112 = DIRECTION ( 'NONE',  ( 6.838548019020299662E-15, -0.9934047622419531764, 0.1146602736566088299 ) ) ;
#3113 = CIRCLE ( 'NONE', #1546, 12.50000000000003553 ) ;
#3114 =( LENGTH_UNIT ( ) NAMED_UNIT ( * ) SI_UNIT ( .MILLI., .METRE. ) );
#3115 = VECTOR ( 'NONE', #568, 1000.000000000000000 ) ;
#3116 = CIRCLE ( 'NONE', #2951, 2.499999999999924505 ) ;
#3117 = FACE_OUTER_BOUND ( 'NONE', #1094, .T. ) ;
#3118 = DIRECTION ( 'NONE',  ( 3.944304526105059027E-31, 0.1146602736566088437, 0.9934047622419531764 ) ) ;
#3119 = EDGE_CURVE ( 'NONE', #1386, #2275, #3429, .T. ) ;
#3120 = CARTESIAN_POINT ( 'NONE',  ( -213.7317369937917988, 430.1410123934134049, -235.1150734356595819 ) ) ;
#3121 = DIRECTION ( 'NONE',  ( 6.838548019020300451E-15, -0.9934047622419531764, 0.1146602736566088437 ) ) ;
#3122 = ORIENTED_EDGE ( 'NONE', *, *, #1081, .F. ) ;
#3123 = ORIENTED_EDGE ( 'NONE', *, *, #853, .F. ) ;
#3124 = DIRECTION ( 'NONE',  ( 0.000000000000000000, 0.1146602736566041392, 0.9934047622419538426 ) ) ;
#3125 = DIRECTION ( 'NONE',  ( -6.715058616684372800E-15, 1.000000000000000000, 0.000000000000000000 ) ) ;
#3126 = EDGE_LOOP ( 'NONE', ( #2504, #2525, #1110, #448, #91, #2617 ) ) ;
#3127 = VERTEX_POINT ( 'NONE', #1775 ) ;
#3128 = EDGE_CURVE ( 'NONE', #1987, #2599, #1196, .T. ) ;
#3129 = CARTESIAN_POINT ( 'NONE',  ( -213.7317369937917704, 426.6459739458933313, -178.1815605995988108 ) ) ;
#3130 = B_SPLINE_CURVE_WITH_KNOTS ( 'NONE', 3,
 ( #3102, #589, #319, #273 ),
 .UNSPECIFIED., .F., .F.,
 ( 4, 4 ),
 ( 0.000000000000000000, 0.001354207433444856680 ),
 .UNSPECIFIED. ) ;
#3131 = VERTEX_POINT ( 'NONE', #1811 ) ;
#3132 = B_SPLINE_CURVE_WITH_KNOTS ( 'NONE', 3,
 ( #1890, #2652, #686, #2944 ),
 .UNSPECIFIED., .F., .F.,
 ( 4, 4 ),
 ( 0.000000000000000000, 0.001354207433444856246 ),
 .UNSPECIFIED. ) ;
#3133 = CARTESIAN_POINT ( 'NONE',  ( -41.73173699378798318, 348.2302448821961889, -181.5038084023989597 ) ) ;
#3134 = CARTESIAN_POINT ( 'NONE',  ( -83.23173699379145773, 466.7704707291661066, -133.1424836780749956 ) ) ;
#3135 = CARTESIAN_POINT ( 'NONE',  ( -47.73173699379049140, 341.5398768180423303, -237.0020874312666876 ) ) ;
#3136 = CARTESIAN_POINT ( 'NONE',  ( -184.2941288619801412, 434.1898011870244432, -269.8081175411390404 ) ) ;
#3137 = CYLINDRICAL_SURFACE ( 'NONE', #2935, 5.999999999999973355 ) ;
#3138 = FACE_OUTER_BOUND ( 'NONE', #1548, .T. ) ;
#3139 = DIRECTION ( 'NONE',  ( 6.838548019020300451E-15, -0.9934047622419531764, 0.1146602736566088437 ) ) ;
#3140 = ADVANCED_FACE ( 'NONE', ( #1498 ), #2612, .F. ) ;
#3141 = ORIENTED_EDGE ( 'NONE', *, *, #1514, .T. ) ;
#3142 = ORIENTED_EDGE ( 'NONE', *, *, #419, .F. ) ;
#3143 = DIRECTION ( 'NONE',  ( 0.000000000000000000, 0.1146602736566051106, 0.9934047622419536205 ) ) ;
#3144 = CYLINDRICAL_SURFACE ( 'NONE', #2370, 6.200000000000899014 ) ;
#3145 = EDGE_CURVE ( 'NONE', #3005, #1438, #105, .T. ) ;
#3146 = EDGE_CURVE ( 'NONE', #453, #3359, #1955, .T. ) ;
#3147 = VERTEX_POINT ( 'NONE', #2449 ) ;
#3148 = ORIENTED_EDGE ( 'NONE', *, *, #104, .T. ) ;
#3149 = LINE ( 'NONE', #3190, #798 ) ;
#3150 = CARTESIAN_POINT ( 'NONE',  ( -80.98914231423621857, 415.6464245662625103, -272.5830859510383561 ) ) ;
#3151 = EDGE_CURVE ( 'NONE', #1489, #1001, #2981, .T. ) ;
#3152 = ORIENTED_EDGE ( 'NONE', *, *, #2881, .F. ) ;
#3153 = AXIS2_PLACEMENT_3D ( 'NONE', #3093, #583, #678 ) ;
#3154 = DIRECTION ( 'NONE',  ( -1.000000000000000000, 0.000000000000000000, 0.000000000000000000 ) ) ;
#3155 = DIRECTION ( 'NONE',  ( -6.838548019020301240E-15, 0.9934047622419531764, -0.1146602736566088299 ) ) ;
#3156 = ADVANCED_FACE ( 'NONE', ( #3021 ), #1831, .F. ) ;
#3157 = CARTESIAN_POINT ( 'NONE',  ( -85.73173699379115931, 415.6205538247304503, -273.7046611887718086 ) ) ;
#3158 = CARTESIAN_POINT ( 'NONE',  ( -212.4732946135595455, 427.6245335687327156, -168.5538426466380315 ) ) ;
#3159 = AXIS2_PLACEMENT_3D ( 'NONE', #2695, #3528, #1052 ) ;
#3160 = CARTESIAN_POINT ( 'NONE',  ( -201.7317369937910883, 336.8408986290428970, -127.7088875264878425 ) ) ;
#3161 = DIRECTION ( 'NONE',  ( 6.838548019020299662E-15, -0.9934047622419531764, 0.1146602736566088299 ) ) ;
#3162 = CARTESIAN_POINT ( 'NONE',  ( -99.87793797271632457, 355.6330366698379066, -213.2984411845039006 ) ) ;
#3163 =( BOUNDED_CURVE ( )  B_SPLINE_CURVE ( 3, ( #280, #1404, #807, #548 ),
 .UNSPECIFIED., .F., .T. ) 
 B_SPLINE_CURVE_WITH_KNOTS ( ( 4, 4 ),
 ( 0.2179373405908274774, 1.570796326794894782 ),
 .UNSPECIFIED. ) 
 CURVE ( )  GEOMETRIC_REPRESENTATION_ITEM ( )  RATIONAL_B_SPLINE_CURVE ( ( 1.000000000000000000, 0.8532085782433707077, 0.8532085782433707077, 1.000000000000000000 ) ) 
 REPRESENTATION_ITEM ( '' )  );
#3164 = AXIS2_PLACEMENT_3D ( 'NONE', #724, #607, #3517 ) ;
#3165 = ORIENTED_EDGE ( 'NONE', *, *, #1944, .T. ) ;
#3166 = ORIENTED_EDGE ( 'NONE', *, *, #723, .T. ) ;
#3167 = CARTESIAN_POINT ( 'NONE',  ( -164.0654715453068206, 432.3150355082977967, -127.9157615670513337 ) ) ;
#3168 = CARTESIAN_POINT ( 'NONE',  ( -213.7317369937917988, 437.6512603179213556, -170.0470615088114528 ) ) ;
#3169 = VERTEX_POINT ( 'NONE', #2404 ) ;
#3170 = ORIENTED_EDGE ( 'NONE', *, *, #20, .T. ) ;
#3171 = CARTESIAN_POINT ( 'NONE',  ( -207.7317369937917420, 419.9723960116922967, -183.6722513240396211 ) ) ;
#3172 = EDGE_CURVE ( 'NONE', #1484, #1801, #1307, .T. ) ;
#3173 = ORIENTED_EDGE ( 'NONE', *, *, #620, .T. ) ;
#3174 = AXIS2_PLACEMENT_3D ( 'NONE', #3430, #940, #1759 ) ;
#3175 = CARTESIAN_POINT ( 'NONE',  ( -201.7317369937918841, 434.8777628289639665, -263.8476889676872474 ) ) ;
#3176 = LINE ( 'NONE', #2626, #695 ) ;
#3177 = CYLINDRICAL_SURFACE ( 'NONE', #401, 2.500000000000007105 ) ;
#3178 = AXIS2_PLACEMENT_3D ( 'NONE', #2274, #3373, #879 ) ;
#3179 = CARTESIAN_POINT ( 'NONE',  ( -211.2481751844771622, 427.4315069447015958, -166.6834569733806859 ) ) ;
#3180 = EDGE_CURVE ( 'NONE', #1099, #1445, #2429, .T. ) ;
#3181 = CARTESIAN_POINT ( 'NONE',  ( -101.2941288619796580, 425.9418841105170941, -131.9532233084744064 ) ) ;
#3182 = VECTOR ( 'NONE', #1713, 1000.000000000000000 ) ;
#3183 = VECTOR ( 'NONE', #2740, 1000.000000000000114 ) ;
#3184 = VERTEX_POINT ( 'NONE', #2943 ) ;
#3185 = EDGE_LOOP ( 'NONE', ( #960, #3152, #574, #1062 ) ) ;
#3186 = CARTESIAN_POINT ( 'NONE',  ( -164.2473060662221087, 415.6007007116075442, -272.1630691121263794 ) ) ;
#3187 = CARTESIAN_POINT ( 'NONE',  ( -41.73173699378798318, 356.3640672030133487, -207.1416892519046087 ) ) ;
#3188 = ORIENTED_EDGE ( 'NONE', *, *, #1550, .T. ) ;
#3189 = ORIENTED_EDGE ( 'NONE', *, *, #1266, .F. ) ;
#3190 = CARTESIAN_POINT ( 'NONE',  ( -99.87793797271632457, 352.6164280812504899, -144.5632968068024411 ) ) ;
#3191 = CARTESIAN_POINT ( 'NONE',  ( -35.73173699379101720, 428.0038633796445424, -166.4169468666406431 ) ) ;
#3192 = ORIENTED_EDGE ( 'NONE', *, *, #3228, .F. ) ;
#3193 = DIRECTION ( 'NONE',  ( 0.000000000000000000, 0.000000000000000000, -1.000000000000000000 ) ) ;
#3194 = DIRECTION ( 'NONE',  ( 6.838548019020300451E-15, -0.9934047622419531764, 0.1146602736566088576 ) ) ;
#3195 = DIRECTION ( 'NONE',  ( 0.000000000000000000, 0.1146602736566051106, 0.9934047622419536205 ) ) ;
#3196 = EDGE_CURVE ( 'NONE', #1682, #2261, #2712, .T. ) ;
#3197 = DIRECTION ( 'NONE',  ( -2.169367489357782465E-30, 0.1146602736566088299, 0.9934047622419531764 ) ) ;
#3198 = CARTESIAN_POINT ( 'NONE',  ( -83.23173699379121615, 432.1316332312821373, -130.6543754259301693 ) ) ;
#3199 = EDGE_LOOP ( 'NONE', ( #2439, #2678, #780, #1946 ) ) ;
#3200 = ORIENTED_EDGE ( 'NONE', *, *, #2316, .T. ) ;
#3201 = DIRECTION ( 'NONE',  ( -6.838548019020299662E-15, 0.9934047622419531764, -0.1146602736566088299 ) ) ;
#3202 = DIRECTION ( 'NONE',  ( -6.838548019020300451E-15, 0.9934047622419531764, -0.1146602736566088576 ) ) ;
#3203 = CYLINDRICAL_SURFACE ( 'NONE', #2074, 5.999999999999998224 ) ;
#3204 = ORIENTED_EDGE ( 'NONE', *, *, #209, .F. ) ;
#3205 = VERTEX_POINT ( 'NONE', #2171 ) ;
#3206 = DIRECTION ( 'NONE',  ( 6.838548019020300451E-15, -0.9934047622419531764, 0.1146602736566088437 ) ) ;
#3207 = ORIENTED_EDGE ( 'NONE', *, *, #3323, .T. ) ;
#3208 = CARTESIAN_POINT ( 'NONE',  ( -39.89447514769594960, 425.7603825275375584, -179.0821225084690695 ) ) ;
#3209 = CARTESIAN_POINT ( 'NONE',  ( -71.02741816393412932, 432.3005349431744548, -127.9532243058769438 ) ) ;
#3210 = AXIS2_PLACEMENT_3D ( 'NONE', #2188, #2167, #2998 ) ;
#3211 = CARTESIAN_POINT ( 'NONE',  ( -211.5653758108249747, 427.7468758608819712, -165.1207164939798986 ) ) ;
#3212 = CIRCLE ( 'NONE', #2922, 12.50000000000006395 ) ;
#3213 = DIRECTION ( 'NONE',  ( 6.838548019020299662E-15, -0.9934047622419531764, 0.1146602736566088299 ) ) ;
#3214 = CARTESIAN_POINT ( 'NONE',  ( -35.73173699379125168, 462.1840597829020680, -172.8786741677533314 ) ) ;
#3215 = EDGE_CURVE ( 'NONE', #2720, #2339, #2255, .T. ) ;
#3216 = VECTOR ( 'NONE', #2669, 1000.000000000000000 ) ;
#3217 = ORIENTED_EDGE ( 'NONE', *, *, #3099, .T. ) ;
#3218 = DIRECTION ( 'NONE',  ( 6.838548019020300451E-15, -0.9934047622419531764, 0.1146602736566088576 ) ) ;
#3219 = CARTESIAN_POINT ( 'NONE',  ( -184.2941288619799991, 425.9418841105165825, -131.9532233084743496 ) ) ;
#3220 = DIRECTION ( 'NONE',  ( 1.000000000000000000, 6.688090509790069208E-15, -8.360113137237586510E-16 ) ) ;
#3221 = CARTESIAN_POINT ( 'NONE',  ( -148.1693451256030585, 410.3480868932178964, -267.0562709733804923 ) ) ;
#3222 = AXIS2_PLACEMENT_3D ( 'NONE', #2346, #1158, #3391 ) ;
#3223 = CARTESIAN_POINT ( 'NONE',  ( -35.73173699379101720, 420.2069647709951141, -233.9684706990936149 ) ) ;
#3224 = VERTEX_POINT ( 'NONE', #446 ) ;
#3225 = ORIENTED_EDGE ( 'NONE', *, *, #3520, .F. ) ;
#3226 = AXIS2_PLACEMENT_3D ( 'NONE', #103, #367, #3231 ) ;
#3227 = CARTESIAN_POINT ( 'NONE',  ( -41.73173699378798318, 351.8853975480748204, -150.7200487394026140 ) ) ;
#3228 = EDGE_CURVE ( 'NONE', #1891, #1982, #3252, .T. ) ;
#3229 = DIRECTION ( 'NONE',  ( -6.838548019020300451E-15, 0.9934047622419531764, -0.1146602736566088437 ) ) ;
#3230 = ORIENTED_EDGE ( 'NONE', *, *, #56, .T. ) ;
#3231 = DIRECTION ( 'NONE',  ( 0.000000000000000000, 0.1146602736566079278, 0.9934047622419532875 ) ) ;
#3232 = CARTESIAN_POINT ( 'NONE',  ( -99.87793797271632457, 356.3640672030133487, -207.1416892519046087 ) ) ;
#3233 = DIRECTION ( 'NONE',  ( -0.000000000000000000, -0.1179081505121699069, -0.9930245052579514953 ) ) ;
#3234 = DIRECTION ( 'NONE',  ( -1.000000000000000000, 0.000000000000000000, 0.000000000000000000 ) ) ;
#3235 = ORIENTED_EDGE ( 'NONE', *, *, #3215, .T. ) ;
#3236 = EDGE_CURVE ( 'NONE', #1405, #2869, #1852, .T. ) ;
#3237 = B_SPLINE_CURVE_WITH_KNOTS ( 'NONE', 3,
 ( #1815, #2647, #623, #1206, #2322, #3420, #2362, #142, #930, #1770, #2341, #1510, #2883, #952 ),
 .UNSPECIFIED., .F., .F.,
 ( 4, 2, 2, 2, 2, 2, 4 ),
 ( 0.0006957012687054943368, 0.001684772549479583541, 0.002179308189866599466, 0.002673843830253615390, 0.003662915111027592596, 0.004157450751414580765, 0.004651986391801568935 ),
 .UNSPECIFIED. ) ;
#3238 = EDGE_LOOP ( 'NONE', ( #1706, #950, #3142, #1257 ) ) ;
#3239 = DIRECTION ( 'NONE',  ( -6.838548019020300451E-15, 0.9934047622419531764, -0.1146602736566088576 ) ) ;
#3240 = CYLINDRICAL_SURFACE ( 'NONE', #885, 12.50000000000000888 ) ;
#3241 = PLANE ( 'NONE',  #1258 ) ;
#3242 = VERTEX_POINT ( 'NONE', #750 ) ;
#3243 = ORIENTED_EDGE ( 'NONE', *, *, #2750, .F. ) ;
#3244 = CARTESIAN_POINT ( 'NONE',  ( -47.73173699379049140, 342.2709073512168061, -230.8453354986673389 ) ) ;
#3245 = CARTESIAN_POINT ( 'NONE',  ( -165.1160261456847991, 431.9012137263518980, -128.8593969735796065 ) ) ;
#3246 = CARTESIAN_POINT ( 'NONE',  ( -209.5689988398868309, 417.9634839188869933, -246.6336463409218993 ) ) ;
#3247 = ORIENTED_EDGE ( 'NONE', *, *, #2161, .F. ) ;
#3248 = DIRECTION ( 'NONE',  ( 6.838548019020300451E-15, -0.9934047622419531764, 0.1146602736566088576 ) ) ;
#3249 = PLANE ( 'NONE',  #2628 ) ;
#3250 = CARTESIAN_POINT ( 'NONE',  ( -101.2941288619797717, 425.5546014471498211, -274.8512639253379461 ) ) ;
#3251 = CARTESIAN_POINT ( 'NONE',  ( -213.7317369937917988, 437.9379110020628900, -167.5635496032065817 ) ) ;
#3252 = LINE ( 'NONE', #207, #2374 ) ;
#3253 = CARTESIAN_POINT ( 'NONE',  ( -166.2317369937915714, 431.7615783506175831, -129.1017045987801737 ) ) ;
#3254 = ORIENTED_EDGE ( 'NONE', *, *, #2835, .F. ) ;
#3255 = DIRECTION ( 'NONE',  ( 0.000000000000000000, 0.1146602736566045833, 0.9934047622419536205 ) ) ;
#3256 = VERTEX_POINT ( 'NONE', #2480 ) ;
#3257 = LINE ( 'NONE', #1876, #2989 ) ;
#3258 = CARTESIAN_POINT ( 'NONE',  ( -166.8871572689071456, 415.3924075389347763, -271.2440699042709866 ) ) ;
#3259 = DIRECTION ( 'NONE',  ( -6.838548019020300451E-15, 0.9934047622419531764, -0.1146602736566088576 ) ) ;
#3260 = DIRECTION ( 'NONE',  ( 0.000000000000000000, 0.1146602736566086772, 0.9934047622419531764 ) ) ;
#3261 = EDGE_CURVE ( 'NONE', #1005, #762, #3272, .T. ) ;
#3262 = VERTEX_POINT ( 'NONE', #503 ) ;
#3263 = ORIENTED_EDGE ( 'NONE', *, *, #2272, .F. ) ;
#3264 = DIRECTION ( 'NONE',  ( 0.000000000000000000, 0.1146602736566079278, 0.9934047622419532875 ) ) ;
#3265 = ADVANCED_FACE ( 'NONE', ( #772 ), #1871, .T. ) ;
#3266 = EDGE_CURVE ( 'NONE', #676, #1024, #1889, .T. ) ;
#3267 = VERTEX_POINT ( 'NONE', #1345 ) ;
#3268 = CARTESIAN_POINT ( 'NONE',  ( -37.61318677386352505, 427.5148198725977977, -168.0256425888479157 ) ) ;
#3269 = DIRECTION ( 'NONE',  ( 0.000000000000000000, 0.000000000000000000, 1.000000000000000000 ) ) ;
#3270 = CARTESIAN_POINT ( 'NONE',  ( -41.73173699379097457, 419.9723960116933199, -183.6722513240397632 ) ) ;
#3271 = DIRECTION ( 'NONE',  ( 2.958228394578794270E-31, 0.1146602736566088299, 0.9934047622419531764 ) ) ;
#3272 = LINE ( 'NONE', #1570, #2827 ) ;
#3273 = PLANE ( 'NONE',  #9 ) ;
#3274 = AXIS2_PLACEMENT_3D ( 'NONE', #606, #2307, #666 ) ;
#3275 = ORIENTED_EDGE ( 'NONE', *, *, #3146, .F. ) ;
#3276 = CIRCLE ( 'NONE', #1693, 6.200000000000899014 ) ;
#3277 = CARTESIAN_POINT ( 'NONE',  ( -41.73173699379099588, 426.6934687859366591, -151.0377388303400608 ) ) ;
#3278 = CARTESIAN_POINT ( 'NONE',  ( -47.73173699379061219, 365.5088712736840648, -183.5554102213083922 ) ) ;
#3279 = CARTESIAN_POINT ( 'NONE',  ( -95.07445627611829764, 415.6205538247303934, -273.7046611887718086 ) ) ;
#3280 = VECTOR ( 'NONE', #164, 1000.000000000000000 ) ;
#3281 = ORIENTED_EDGE ( 'NONE', *, *, #506, .T. ) ;
#3282 = VERTEX_POINT ( 'NONE', #2960 ) ;
#3283 = CARTESIAN_POINT ( 'NONE',  ( -201.7317369937910883, 336.8408986290428970, -127.7088875264878425 ) ) ;
#3284 = VERTEX_POINT ( 'NONE', #2687 ) ;
#3285 = EDGE_CURVE ( 'NONE', #161, #2836, #3002, .T. ) ;
#3286 = CARTESIAN_POINT ( 'NONE',  ( -36.54514380658061867, 428.2224966939938895, -164.0568141850714312 ) ) ;
#3287 = CARTESIAN_POINT ( 'NONE',  ( -83.23173699379128720, 425.2679507630084004, -277.3347758309427604 ) ) ;
#3288 = DIRECTION ( 'NONE',  ( 1.000000000000000000, 0.000000000000000000, 0.000000000000000000 ) ) ;
#3289 = CARTESIAN_POINT ( 'NONE',  ( -83.23173699379121615, 416.0791949193568371, -269.7310421398041171 ) ) ;
#3290 = DIRECTION ( 'NONE',  ( 6.739838248742254964E-15, -0.9934047622419531764, 0.1146602736566088993 ) ) ;
#3291 = DIRECTION ( 'NONE',  ( -6.715058616686175347E-15, 1.000000000000000000, 0.000000000000000000 ) ) ;
#3292 = ADVANCED_FACE ( 'NONE', ( #2671 ), #1612, .F. ) ;
#3293 = LINE ( 'NONE', #3219, #2760 ) ;
#3294 = CARTESIAN_POINT ( 'NONE',  ( -207.7317369937917420, 426.6298457524560490, -125.9927947350225850 ) ) ;
#3295 = AXIS2_PLACEMENT_3D ( 'NONE', #2483, #1334, #1348 ) ;
#3296 = ORIENTED_EDGE ( 'NONE', *, *, #350, .F. ) ;
#3297 = AXIS2_PLACEMENT_3D ( 'NONE', #730, #1594, #3560 ) ;
#3298 = ORIENTED_EDGE ( 'NONE', *, *, #1072, .F. ) ;
#3299 = DIRECTION ( 'NONE',  ( 0.000000000000000000, 0.1146602736566079278, 0.9934047622419532875 ) ) ;
#3300 = VECTOR ( 'NONE', #1380, 1000.000000000000000 ) ;
#3301 = ORIENTED_EDGE ( 'NONE', *, *, #2607, .T. ) ;
#3302 = VERTEX_POINT ( 'NONE', #2732 ) ;
#3303 = CARTESIAN_POINT ( 'NONE',  ( -35.73173699379108115, 437.9379110020640269, -167.5635496032067238 ) ) ;
#3304 = DIRECTION ( 'NONE',  ( 1.000000000000000000, 0.000000000000000000, 0.000000000000000000 ) ) ;
#3305 = ADVANCED_FACE ( 'NONE', ( #226 ), #2464, .F. ) ;
#3306 = DIRECTION ( 'NONE',  ( 0.000000000000000000, 0.1146602736566088299, 0.9934047622419531764 ) ) ;
#3307 = LINE ( 'NONE', #1660, #2777 ) ;
#3308 = EDGE_CURVE ( 'NONE', #652, #888, #1286, .T. ) ;
#3309 = CARTESIAN_POINT ( 'NONE',  ( -36.84452647799346181, 419.8481420604982191, -236.1865486862949126 ) ) ;
#3310 = DIRECTION ( 'NONE',  ( 1.000000000000000000, 0.000000000000000000, 0.000000000000000000 ) ) ;
#3311 = EDGE_CURVE ( 'NONE', #1213, #156, #3307, .T. ) ;
#3312 = VERTEX_POINT ( 'NONE', #3321 ) ;
#3313 = EDGE_LOOP ( 'NONE', ( #411, #168, #437, #1217, #1149, #2157, #1681, #997, #1044 ) ) ;
#3314 = DIRECTION ( 'NONE',  ( 6.838548019020300451E-15, -0.9934047622419531764, 0.1146602736566088437 ) ) ;
#3315 = EDGE_CURVE ( 'NONE', #887, #1213, #3597, .T. ) ;
#3316 = CARTESIAN_POINT ( 'NONE',  ( -213.5644968883347588, 419.9203140868524429, -236.4519826046983155 ) ) ;
#3317 = EDGE_LOOP ( 'NONE', ( #1508, #893, #1931, #2, #2586 ) ) ;
#3318 = DIRECTION ( 'NONE',  ( 6.838548019020300451E-15, -0.9934047622419531764, 0.1146602736566088299 ) ) ;
#3319 = CARTESIAN_POINT ( 'NONE',  ( -47.73173699379114510, 449.0956367623845722, -140.6654984496847476 ) ) ;
#3320 = CARTESIAN_POINT ( 'NONE',  ( -44.73173699379109536, 426.5865439100596177, -265.9106210651604556 ) ) ;
#3321 = CARTESIAN_POINT ( 'NONE',  ( -41.73173699379108115, 440.0089497965633427, -149.6202835038679950 ) ) ;
#3322 = CARTESIAN_POINT ( 'NONE',  ( -166.2317369937916567, 425.2679507630078319, -277.3347758309428741 ) ) ;
#3323 = EDGE_CURVE ( 'NONE', #578, #3205, #3586, .T. ) ;
#3324 = AXIS2_PLACEMENT_3D ( 'NONE', #482, #701, #1828 ) ;
#3325 = LINE ( 'NONE', #1698, #1606 ) ;
#3326 = EDGE_LOOP ( 'NONE', ( #1797, #2437, #3296, #2874 ) ) ;
#3327 = VERTEX_POINT ( 'NONE', #2510 ) ;
#3328 = DIRECTION ( 'NONE',  ( -6.838548019020302028E-15, 0.9934047622419531764, -0.1146602736566088299 ) ) ;
#3329 = VECTOR ( 'NONE', #129, 1000.000000000000000 ) ;
#3330 = CARTESIAN_POINT ( 'NONE',  ( -211.3131461398294277, 419.6263945411343457, -234.5597498379798651 ) ) ;
#3331 = ORIENTED_EDGE ( 'NONE', *, *, #1398, .F. ) ;
#3332 = ORIENTED_EDGE ( 'NONE', *, *, #1437, .T. ) ;
#3333 = VECTOR ( 'NONE', #2133, 1000.000000000000114 ) ;
#3334 = ADVANCED_FACE ( 'NONE', ( #271 ), #1395, .F. ) ;
#3335 = DIRECTION ( 'NONE',  ( 0.000000000000000000, 0.1146602736566079278, 0.9934047622419532875 ) ) ;
#3336 = CARTESIAN_POINT ( 'NONE',  ( -83.23173699379128720, 425.5546014471498779, -274.8512639253379461 ) ) ;
#3337 = ORIENTED_EDGE ( 'NONE', *, *, #1969, .T. ) ;
#3338 = DIRECTION ( 'NONE',  ( 0.000000000000000000, 0.1146602736566079278, 0.9934047622419532875 ) ) ;
#3339 = AXIS2_PLACEMENT_3D ( 'NONE', #926, #1436, #597 ) ;
#3340 = CARTESIAN_POINT ( 'NONE',  ( -39.73173699379107404, 437.9379110020639700, -167.5635496032067522 ) ) ;
#3341 = CARTESIAN_POINT ( 'NONE',  ( -41.73173699378798318, 363.7383025401395003, -145.8838680925389042 ) ) ;
#3342 = CARTESIAN_POINT ( 'NONE',  ( -37.72846315431131359, 420.0486180330873367, -232.4014920402609334 ) ) ;
#3343 = FACE_OUTER_BOUND ( 'NONE', #107, .T. ) ;
#3344 = EDGE_CURVE ( 'NONE', #3085, #615, #797, .T. ) ;
#3345 = ORIENTED_EDGE ( 'NONE', *, *, #1012, .T. ) ;
#3346 = VERTEX_POINT ( 'NONE', #1119 ) ;
#3347 = CIRCLE ( 'NONE', #3059, 6.200000000000010836 ) ;
#3348 = EDGE_LOOP ( 'NONE', ( #1651, #528, #1002, #1033 ) ) ;
#3349 = DIRECTION ( 'NONE',  ( 0.000000000000000000, -0.1146602736566041392, -0.9934047622419538426 ) ) ;
#3350 = PRODUCT_DEFINITION_FORMATION_WITH_SPECIFIED_SOURCE ( 'ANY', '', #954, .NOT_KNOWN. ) ;
#3351 = VECTOR ( 'NONE', #694, 1000.000000000000000 ) ;
#3352 = DIRECTION ( 'NONE',  ( -6.911342890187917001E-17, 0.1146602736566088299, 0.9934047622419531764 ) ) ;
#3353 = EDGE_CURVE ( 'NONE', #3147, #3302, #3529, .T. ) ;
#3354 = EDGE_LOOP ( 'NONE', ( #697, #2416, #3538, #1724 ) ) ;
#3355 = CARTESIAN_POINT ( 'NONE',  ( -71.02741816393412932, 432.3005349431744548, -127.9532243058769438 ) ) ;
#3356 = DIRECTION ( 'NONE',  ( -6.838548019020300451E-15, 0.9934047622419531764, -0.1146602736566088576 ) ) ;
#3357 = DIRECTION ( 'NONE',  ( -2.889712593491891712E-16, -0.1146602736566088299, -0.9934047622419531764 ) ) ;
#3358 = CARTESIAN_POINT ( 'NONE',  ( -36.59512587540421436, 426.5699970230093072, -178.4400624734300322 ) ) ;
#3359 = VERTEX_POINT ( 'NONE', #2542 ) ;
#3360 = EDGE_LOOP ( 'NONE', ( #1330, #2249, #2557, #1555 ) ) ;
#3361 = DIRECTION ( 'NONE',  ( 6.739838248742254964E-15, -0.9934047622419531764, 0.1146602736566088993 ) ) ;
#3362 = ADVANCED_FACE ( 'NONE', ( #317 ), #2528, .F. ) ;
#3363 = CARTESIAN_POINT ( 'NONE',  ( -212.2029079859551643, 419.7843085994883268, -235.9176055389073383 ) ) ;
#3364 = ORIENTED_EDGE ( 'NONE', *, *, #691, .F. ) ;
#3365 = ORIENTED_EDGE ( 'NONE', *, *, #3236, .F. ) ;
#3366 = DIRECTION ( 'NONE',  ( 6.838548019020300451E-15, -0.9934047622419531764, 0.1146602736566088437 ) ) ;
#3367 = EDGE_CURVE ( 'NONE', #882, #1854, #1091, .T. ) ;
#3368 = EDGE_CURVE ( 'NONE', #3224, #1675, #1264, .T. ) ;
#3369 = DIRECTION ( 'NONE',  ( 7.569702440626099449E-15, -1.000000000000000000, 0.000000000000000000 ) ) ;
#3370 = ORIENTED_EDGE ( 'NONE', *, *, #2999, .T. ) ;
#3371 = DIRECTION ( 'NONE',  ( 0.000000000000000000, 0.1146602736566045833, 0.9934047622419536205 ) ) ;
#3372 = CARTESIAN_POINT ( 'NONE',  ( -170.6190386215828028, 387.8832487116333709, -215.2110626194568965 ) ) ;
#3373 = DIRECTION ( 'NONE',  ( 6.838548019020300451E-15, -0.9934047622419531764, 0.1146602736566088437 ) ) ;
#3374 = ORIENTED_EDGE ( 'NONE', *, *, #1924, .F. ) ;
#3375 = ORIENTED_EDGE ( 'NONE', *, *, #2860, .T. ) ;
#3376 = LINE ( 'NONE', #884, #2820 ) ;
#3377 = ORIENTED_EDGE ( 'NONE', *, *, #1192, .F. ) ;
#3378 = VERTEX_POINT ( 'NONE', #2239 ) ;
#3379 = AXIS2_PLACEMENT_3D ( 'NONE', #3336, #564, #822 ) ;
#3380 = DIRECTION ( 'NONE',  ( 0.000000000000000000, -0.1146602736566041392, -0.9934047622419538426 ) ) ;
#3381 = VECTOR ( 'NONE', #2509, 1000.000000000000227 ) ;
#3382 = EDGE_CURVE ( 'NONE', #2857, #3147, #2829, .T. ) ;
#3383 = VERTEX_POINT ( 'NONE', #845 ) ;
#3384 = CARTESIAN_POINT ( 'NONE',  ( -44.73173699379114510, 434.5337820079951712, -266.8279032544132860 ) ) ;
#3385 = VECTOR ( 'NONE', #3006, 1000.000000000000000 ) ;
#3386 = DIRECTION ( 'NONE',  ( -6.838548019020301240E-15, 0.9934047622419531764, -0.1146602736566088299 ) ) ;
#3387 = FACE_OUTER_BOUND ( 'NONE', #21, .T. ) ;
#3388 = CIRCLE ( 'NONE', #408, 6.199999999999983302 ) ;
#3389 = FACE_OUTER_BOUND ( 'NONE', #2265, .T. ) ;
#3390 = CARTESIAN_POINT ( 'NONE',  ( -41.73173699379113799, 443.8141103055000940, -186.4240978917983682 ) ) ;
#3391 = DIRECTION ( 'NONE',  ( 6.793446168915042400E-15, -1.000000000000000000, 0.000000000000000000 ) ) ;
#3392 = EDGE_CURVE ( 'NONE', #1400, #1237, #256, .T. ) ;
#3393 = ORIENTED_EDGE ( 'NONE', *, *, #2088, .T. ) ;
#3394 = ORIENTED_EDGE ( 'NONE', *, *, #182, .F. ) ;
#3395 = DIRECTION ( 'NONE',  ( 0.000000000000000000, 0.1146602736566045833, 0.9934047622419536205 ) ) ;
#3396 = EDGE_LOOP ( 'NONE', ( #2816, #3393, #51, #2394, #562, #115 ) ) ;
#3397 = ORIENTED_EDGE ( 'NONE', *, *, #925, .T. ) ;
#3398 = CARTESIAN_POINT ( 'NONE',  ( -81.06547154530645116, 432.3150355082982514, -127.9157615670513337 ) ) ;
#3399 = DIRECTION ( 'NONE',  ( 6.838548019020299662E-15, -0.9934047622419531764, 0.1146602736566088299 ) ) ;
#3400 = EDGE_LOOP ( 'NONE', ( #436, #3188, #867, #1229 ) ) ;
#3401 = AXIS2_PLACEMENT_3D ( 'NONE', #1628, #2746, #706 ) ;
#3402 = LINE ( 'NONE', #951, #599 ) ;
#3403 = ADVANCED_FACE ( 'NONE', ( #1956 ), #2810, .F. ) ;
#3404 = LINE ( 'NONE', #119, #1933 ) ;
#3405 = VECTOR ( 'NONE', #2457, 1000.000000000000000 ) ;
#3406 = LINE ( 'NONE', #625, #1990 ) ;
#3407 = CARTESIAN_POINT ( 'NONE',  ( -41.73173699378798318, 358.6210888079097003, -188.9811316207344021 ) ) ;
#3408 = CARTESIAN_POINT ( 'NONE',  ( -201.7317369937915146, 387.8832487116333709, -237.2110626194572944 ) ) ;
#3409 = EDGE_CURVE ( 'NONE', #1820, #1962, #1155, .T. ) ;
#3410 = VERTEX_POINT ( 'NONE', #875 ) ;
#3411 = ORIENTED_EDGE ( 'NONE', *, *, #935, .T. ) ;
#3412 = CARTESIAN_POINT ( 'NONE',  ( -165.4201648875297224, 415.4079606266089399, -271.2942099756308494 ) ) ;
#3413 = LINE ( 'NONE', #922, #590 ) ;
#3414 = VERTEX_POINT ( 'NONE', #810 ) ;
#3415 = ORIENTED_EDGE ( 'NONE', *, *, #3285, .F. ) ;
#3416 = DIRECTION ( 'NONE',  ( 0.000000000000000000, 0.1146602736566088993, 0.9934047622419531764 ) ) ;
#3417 = CARTESIAN_POINT ( 'NONE',  ( -80.86173664882348078, 415.6607980939887170, -272.8912974982299033 ) ) ;
#3418 = ORIENTED_EDGE ( 'NONE', *, *, #440, .T. ) ;
#3419 = DIRECTION ( 'NONE',  ( 1.000000000000000000, 0.000000000000000000, 0.000000000000000000 ) ) ;
#3420 = CARTESIAN_POINT ( 'NONE',  ( -85.21591709048648511, 432.2196242034187321, -128.1776541355749259 ) ) ;
#3421 = CARTESIAN_POINT ( 'NONE',  ( -37.02903429108830125, 426.6045128428205544, -178.5407753121398287 ) ) ;
#3422 = CARTESIAN_POINT ( 'NONE',  ( -181.3592652938496599, 413.2635943383288009, -267.3927832332470871 ) ) ;
#3423 = CARTESIAN_POINT ( 'NONE',  ( -204.7317369937918272, 441.4923794854177572, -136.7680019737058785 ) ) ;
#3424 = DIRECTION ( 'NONE',  ( 0.000000000000000000, 0.1146602736566085523, 0.9934047622419531764 ) ) ;
#3425 = ORIENTED_EDGE ( 'NONE', *, *, #2507, .F. ) ;
#3426 = ADVANCED_FACE ( 'NONE', ( #3034 ), #1677, .F. ) ;
#3427 = ORIENTED_EDGE ( 'NONE', *, *, #1325, .F. ) ;
#3428 = DIRECTION ( 'NONE',  ( 6.739838248742254964E-15, -0.9934047622419531764, 0.1146602736566088993 ) ) ;
#3429 =( BOUNDED_CURVE ( )  B_SPLINE_CURVE ( 3, ( #3181, #2631, #1793, #976 ),
 .UNSPECIFIED., .F., .T. ) 
 B_SPLINE_CURVE_WITH_KNOTS ( ( 4, 4 ),
 ( 4.712388980384693227, 6.065247966588762196 ),
 .UNSPECIFIED. ) 
 CURVE ( )  GEOMETRIC_REPRESENTATION_ITEM ( )  RATIONAL_B_SPLINE_CURVE ( ( 1.000000000000000000, 0.8532085782433702636, 0.8532085782433702636, 1.000000000000000000 ) ) 
 REPRESENTATION_ITEM ( '' )  );
#3430 = CARTESIAN_POINT ( 'NONE',  ( -35.73173699379125168, 462.4707104670436024, -170.3951622621484034 ) ) ;
#3431 = ORIENTED_EDGE ( 'NONE', *, *, #483, .T. ) ;
#3432 = CARTESIAN_POINT ( 'NONE',  ( -47.73173699379054824, 358.6210888079097003, -188.9811316207344021 ) ) ;
#3433 = ORIENTED_EDGE ( 'NONE', *, *, #435, .F. ) ;
#3434 = DIRECTION ( 'NONE',  ( -1.000000000000000000, -6.809590691606416778E-15, 6.442353110130824381E-16 ) ) ;
#3435 = EDGE_CURVE ( 'NONE', #1460, #2456, #859, .T. ) ;
#3436 = EDGE_LOOP ( 'NONE', ( #3397, #1777, #1109, #2995, #843, #353, #739, #2312, #1466, #2173, #2334, #263 ) ) ;
#3437 = VECTOR ( 'NONE', #1134, 1000.000000000000114 ) ;
#3438 = DIRECTION ( 'NONE',  ( -6.838548019020300451E-15, 0.9934047622419531764, -0.1146602736566088437 ) ) ;
#3439 = B_SPLINE_CURVE_WITH_KNOTS ( 'NONE', 3,
 ( #513, #1920, #1657, #28 ),
 .UNSPECIFIED., .F., .F.,
 ( 4, 4 ),
 ( 0.000000000000000000, 0.001354207433444793579 ),
 .UNSPECIFIED. ) ;
#3440 = VECTOR ( 'NONE', #3202, 1000.000000000000000 ) ;
#3441 = CARTESIAN_POINT ( 'NONE',  ( -207.7317369937919125, 449.7835984043231292, -134.7050698762328977 ) ) ;
#3442 = FACE_BOUND ( 'NONE', #2909, .T. ) ;
#3443 = CARTESIAN_POINT ( 'NONE',  ( -101.2941288619797717, 426.2425630890894013, -268.8908353518861531 ) ) ;
#3444 = CARTESIAN_POINT ( 'NONE',  ( -213.7317369937917704, 426.6459739458933313, -178.1815605995988108 ) ) ;
#3445 = FACE_OUTER_BOUND ( 'NONE', #1654, .T. ) ;
#3446 = CIRCLE ( 'NONE', #2479, 2.500000000000034639 ) ;
#3447 = ORIENTED_EDGE ( 'NONE', *, *, #3382, .T. ) ;
#3448 = ORIENTED_EDGE ( 'NONE', *, *, #3145, .T. ) ;
#3449 = CARTESIAN_POINT ( 'NONE',  ( -164.2462987070445308, 432.2202458613861040, -128.1760516184616847 ) ) ;
#3450 = FACE_OUTER_BOUND ( 'NONE', #3354, .T. ) ;
#3451 = EDGE_CURVE ( 'NONE', #2261, #784, #728, .T. ) ;
#3452 = EDGE_LOOP ( 'NONE', ( #493, #2833, #1880, #1505 ) ) ;
#3453 = ORIENTED_EDGE ( 'NONE', *, *, #183, .T. ) ;
#3454 = CARTESIAN_POINT ( 'NONE',  ( -81.57726346594537858, 432.0752871157354207, -128.5149989372463892 ) ) ;
#3455 = DIRECTION ( 'NONE',  ( 6.838548019020299662E-15, -0.9934047622419531764, 0.1146602736566088299 ) ) ;
#3456 = ORIENTED_EDGE ( 'NONE', *, *, #386, .T. ) ;
#3457 = AXIS2_PLACEMENT_3D ( 'NONE', #715, #983, #2584 ) ;
#3458 = CARTESIAN_POINT ( 'NONE',  ( -37.02903429108830835, 429.4032139164684168, -154.2931184211415143 ) ) ;
#3459 = EDGE_CURVE ( 'NONE', #2339, #2720, #1720, .T. ) ;
#3460 = DIRECTION ( 'NONE',  ( 2.958228394578794270E-31, 0.1146602736566088299, 0.9934047622419531764 ) ) ;
#3461 = CARTESIAN_POINT ( 'NONE',  ( -85.47613880691137922, 415.6466711277660693, -272.5870068533112089 ) ) ;
#3462 = AXIS2_PLACEMENT_3D ( 'NONE', #3580, #3213, #1363 ) ;
#3463 = CARTESIAN_POINT ( 'NONE',  ( -211.2316302091530531, 427.4805311116549547, -166.1918286173053616 ) ) ;
#3464 = CYLINDRICAL_SURFACE ( 'NONE', #1780, 5.999999999999998224 ) ;
#3465 = CARTESIAN_POINT ( 'NONE',  ( -41.73173699379099588, 415.4275171080216751, -248.6447799712482549 ) ) ;
#3466 = AXIS2_PLACEMENT_3D ( 'NONE', #2089, #3419, #3193 ) ;
#3467 = VECTOR ( 'NONE', #2104, 1000.000000000000000 ) ;
#3468 = ORIENTED_EDGE ( 'NONE', *, *, #1734, .F. ) ;
#3469 = DIRECTION ( 'NONE',  ( 6.739838248742254964E-15, -0.9934047622419531764, 0.1146602736566088993 ) ) ;
#3470 = CARTESIAN_POINT ( 'NONE',  ( -207.7317369937911167, 334.5486459842555860, -121.4044781320661741 ) ) ;
#3471 = CARTESIAN_POINT ( 'NONE',  ( -165.9023403802022472, 415.3707743674692097, -271.1755656836632511 ) ) ;
#3472 = CARTESIAN_POINT ( 'NONE',  ( -178.4360558236486440, 415.7693022878518718, -272.4159198755930333 ) ) ;
#3473 = CARTESIAN_POINT ( 'NONE',  ( -184.2941288619800559, 426.2425630890888897, -268.8908353518861531 ) ) ;
#3474 = ORIENTED_EDGE ( 'NONE', *, *, #350, .T. ) ;
#3475 = EDGE_LOOP ( 'NONE', ( #2792, #1446, #35, #2262, #3377 ) ) ;
#3476 = CARTESIAN_POINT ( 'NONE',  ( -166.2317369937918272, 449.8007502279873506, -280.1663884898845254 ) ) ;
#3477 = CARTESIAN_POINT ( 'NONE',  ( -212.4344396964944792, 426.6045128428194175, -178.5407753121396865 ) ) ;
#3478 = ORIENTED_EDGE ( 'NONE', *, *, #1986, .F. ) ;
#3479 = EDGE_CURVE ( 'NONE', #3184, #1761, #2360, .T. ) ;
#3480 = ADVANCED_FACE ( 'NONE', ( #2340 ), #1474, .F. ) ;
#3481 = DIRECTION ( 'NONE',  ( 6.838548019020300451E-15, -0.9934047622419531764, 0.1146602736566088437 ) ) ;
#3482 = CYLINDRICAL_SURFACE ( 'NONE', #938, 5.999999999999998224 ) ;
#3483 = CARTESIAN_POINT ( 'NONE',  ( -209.7317369937917135, 420.2069647709939204, -233.9684706990935297 ) ) ;
#3484 = CARTESIAN_POINT ( 'NONE',  ( -211.7350108332715024, 427.4927097357339676, -167.9066507831826129 ) ) ;
#3485 = CARTESIAN_POINT ( 'NONE',  ( -37.02903429108830835, 429.2622229968562806, -154.2768450368773472 ) ) ;
#3486 = LINE ( 'NONE', #995, #1073 ) ;
#3487 = ORIENTED_EDGE ( 'NONE', *, *, #1429, .T. ) ;
#3488 = CARTESIAN_POINT ( 'NONE',  ( -3.127024736380007191E-12, 459.2137577878037860, -53.00314346792398368 ) ) ;
#3489 = CARTESIAN_POINT ( 'NONE',  ( -167.8851055754933270, 415.5367528250108649, -271.8002583307323903 ) ) ;
#3490 = CARTESIAN_POINT ( 'NONE',  ( -95.43605582364830298, 432.3005349431742843, -127.9532243058769154 ) ) ;
#3491 = DIRECTION ( 'NONE',  ( -1.000000000000000000, -6.809590691606416778E-15, 6.442353110130824381E-16 ) ) ;
#3492 = VERTEX_POINT ( 'NONE', #3175 ) ;
#3493 = EDGE_LOOP ( 'NONE', ( #325, #2783, #509, #39, #2839, #2799, #2036, #2916, #805 ) ) ;
#3494 = DIRECTION ( 'NONE',  ( 4.625929269271481378E-15, -1.000000000000000000, 0.000000000000000000 ) ) ;
#3495 = ORIENTED_EDGE ( 'NONE', *, *, #1622, .T. ) ;
#3496 = PLANE ( 'NONE',  #3324 ) ;
#3497 = EDGE_CURVE ( 'NONE', #1891, #2536, #3113, .T. ) ;
#3498 = DIRECTION ( 'NONE',  ( 0.000000000000000000, 0.1146602736566079278, 0.9934047622419532875 ) ) ;
#3499 = AXIS2_PLACEMENT_3D ( 'NONE', #896, #2918, #2011 ) ;
#3500 = LINE ( 'NONE', #1008, #3333 ) ;
#3501 = AXIS2_PLACEMENT_3D ( 'NONE', #2711, #445, #1361 ) ;
#3502 = CARTESIAN_POINT ( 'NONE',  ( -99.87793797271632457, 336.1141554186175426, -230.1143049654918968 ) ) ;
#3503 = LINE ( 'NONE', #1011, #1365 ) ;
#3504 = AXIS2_PLACEMENT_3D ( 'NONE', #1850, #1084, #2958 ) ;
#3505 = ORIENTED_EDGE ( 'NONE', *, *, #2067, .T. ) ;
#3506 = CARTESIAN_POINT ( 'NONE',  ( -83.23173699379128720, 442.2376712641865879, -130.3108710191332875 ) ) ;
#3507 = DIRECTION ( 'NONE',  ( -0.000000000000000000, 0.1179081505121876705, 0.9930245052579494969 ) ) ;
#3508 = CARTESIAN_POINT ( 'NONE',  ( -213.7317369937919693, 462.4707104670423519, -170.3951622621482329 ) ) ;
#3509 = AXIS2_PLACEMENT_3D ( 'NONE', #1250, #2450, #1853 ) ;
#3510 = EDGE_CURVE ( 'NONE', #1386, #1972, #3402, .T. ) ;
#3511 = ORIENTED_EDGE ( 'NONE', *, *, #1716, .T. ) ;
#3512 = VERTEX_POINT ( 'NONE', #65 ) ;
#3513 = VECTOR ( 'NONE', #1992, 1000.000000000000000 ) ;
#3514 = LINE ( 'NONE', #2420, #3351 ) ;
#3515 = CARTESIAN_POINT ( 'NONE',  ( -207.7317369937887577, 387.8832487116333709, -215.2110626194568965 ) ) ;
#3516 = VERTEX_POINT ( 'NONE', #929 ) ;
#3517 = DIRECTION ( 'NONE',  ( 0.000000000000000000, 0.000000000000000000, 1.000000000000000000 ) ) ;
#3518 = CARTESIAN_POINT ( 'NONE',  ( -37.02903429108836519, 428.7416618565906674, -247.2389018811589381 ) ) ;
#3519 = CARTESIAN_POINT ( 'NONE',  ( -213.7317369937917704, 428.2905140637848831, -163.9334349610356014 ) ) ;
#3520 = EDGE_CURVE ( 'NONE', #2857, #108, #665, .T. ) ;
#3521 = DIRECTION ( 'NONE',  ( 2.267975102510408941E-30, -0.1146602736566088299, -0.9934047622419531764 ) ) ;
#3522 = CARTESIAN_POINT ( 'NONE',  ( -170.6190386215828028, 387.8832487116333709, -226.2110626194570955 ) ) ;
#3523 = CIRCLE ( 'NONE', #1086, 6.200000000000010836 ) ;
#3524 = VERTEX_POINT ( 'NONE', #1789 ) ;
#3525 = ORIENTED_EDGE ( 'NONE', *, *, #1582, .F. ) ;
#3526 = LINE ( 'NONE', #3470, #946 ) ;
#3527 = ADVANCED_FACE ( 'NONE', ( #2900 ), #912, .F. ) ;
#3528 = DIRECTION ( 'NONE',  ( 1.000000000000000000, 6.793446168915043188E-15, -7.841097872747283183E-16 ) ) ;
#3529 = CIRCLE ( 'NONE', #1609, 5.999999999999998224 ) ;
#3530 = CARTESIAN_POINT ( 'NONE',  ( -170.6190386215828028, 394.7628651310299119, -177.6067768849399044 ) ) ;
#3531 = VECTOR ( 'NONE', #2263, 1000.000000000000000 ) ;
#3532 = DIRECTION ( 'NONE',  ( 1.000000000000000000, 6.786149265664089312E-15, -8.473294029964203208E-16 ) ) ;
#3533 = ORIENTED_EDGE ( 'NONE', *, *, #1034, .F. ) ;
#3534 = ORIENTED_EDGE ( 'NONE', *, *, #458, .F. ) ;
#3535 = LINE ( 'NONE', #3013, #3589 ) ;
#3536 =( BOUNDED_CURVE ( )  B_SPLINE_CURVE ( 3, ( #2601, #75, #690, #2873 ),
 .UNSPECIFIED., .F., .T. ) 
 B_SPLINE_CURVE_WITH_KNOTS ( ( 4, 4 ),
 ( 4.712388980384691450, 6.065247966588755091 ),
 .UNSPECIFIED. ) 
 CURVE ( )  GEOMETRIC_REPRESENTATION_ITEM ( )  RATIONAL_B_SPLINE_CURVE ( ( 1.000000000000000000, 0.8532085782433714849, 0.8532085782433714849, 1.000000000000000000 ) ) 
 REPRESENTATION_ITEM ( '' )  );
#3537 = FACE_OUTER_BOUND ( 'NONE', #2636, .T. ) ;
#3538 = ORIENTED_EDGE ( 'NONE', *, *, #2902, .F. ) ;
#3539 = CARTESIAN_POINT ( 'NONE',  ( -38.10224759401214101, 427.4263776945830386, -167.1667577380215448 ) ) ;
#3540 = DIRECTION ( 'NONE',  ( -6.838548019020300451E-15, 0.9934047622419531764, -0.1146602736566088576 ) ) ;
#3541 = CARTESIAN_POINT ( 'NONE',  ( -35.73173699379101720, 419.9203140868535797, -236.4519826046985997 ) ) ;
#3542 = FACE_OUTER_BOUND ( 'NONE', #469, .T. ) ;
#3543 = DIRECTION ( 'NONE',  ( 1.000000000000000000, 0.000000000000000000, 0.000000000000000000 ) ) ;
#3544 = DIRECTION ( 'NONE',  ( -6.838548019020300451E-15, 0.9934047622419531764, -0.1146602736566088437 ) ) ;
#3545 = ORIENTED_EDGE ( 'NONE', *, *, #1996, .F. ) ;
#3546 = CARTESIAN_POINT ( 'NONE',  ( -47.73173699379056956, 359.3521193410709316, -182.8243796881334049 ) ) ;
#3547 = DIRECTION ( 'NONE',  ( -1.000000000000000000, 0.000000000000000000, 0.000000000000000000 ) ) ;
#3548 = DIRECTION ( 'NONE',  ( -6.838548019020299662E-15, 0.9934047622419531764, -0.1146602736566088299 ) ) ;
#3549 = ADVANCED_FACE ( 'NONE', ( #99 ), #1509, .F. ) ;
#3550 = ORIENTED_EDGE ( 'NONE', *, *, #1672, .T. ) ;
#3551 = ORIENTED_EDGE ( 'NONE', *, *, #1653, .T. ) ;
#3552 = CARTESIAN_POINT ( 'NONE',  ( -166.2317369937915714, 415.6205538247298250, -273.7046611887718086 ) ) ;
#3553 = LINE ( 'NONE', #1902, #1009 ) ;
#3554 = ORIENTED_EDGE ( 'NONE', *, *, #611, .T. ) ;
#3555 = CARTESIAN_POINT ( 'NONE',  ( -36.84723284543702704, 428.1591393653692990, -164.1766583132468611 ) ) ;
#3556 = CARTESIAN_POINT ( 'NONE',  ( -47.73173699379050561, 344.0720893064502661, -237.3027532150740626 ) ) ;
#3557 = ADVANCED_FACE ( 'NONE', ( #971 ), #2917, .F. ) ;
#3558 = DIRECTION ( 'NONE',  ( 6.838548019020299662E-15, -0.9934047622419531764, 0.1146602736566088299 ) ) ;
#3559 = PLANE ( 'NONE',  #1936 ) ;
#3560 = DIRECTION ( 'NONE',  ( 0.000000000000000000, -0.9934047622419531764, 0.1146602736566088299 ) ) ;
#3561 = AXIS2_PLACEMENT_3D ( 'NONE', #1556, #169, #449 ) ;
#3562 = VECTOR ( 'NONE', #749, 1000.000000000000227 ) ;
#3563 = CARTESIAN_POINT ( 'NONE',  ( -168.7317369937916851, 415.6205538247298250, -273.7046611887717518 ) ) ;
#3564 = FACE_OUTER_BOUND ( 'NONE', #315, .T. ) ;
#3565 = CIRCLE ( 'NONE', #2123, 5.999999999999998224 ) ;
#3566 = EDGE_LOOP ( 'NONE', ( #291, #3505, #732, #1472 ) ) ;
#3567 = VERTEX_POINT ( 'NONE', #400 ) ;
#3568 = AXIS2_PLACEMENT_3D ( 'NONE', #2600, #335, #1462 ) ;
#3569 = CARTESIAN_POINT ( 'NONE',  ( -204.7317369937918841, 449.4396175833533107, -137.6852841629587374 ) ) ;
#3570 = EDGE_CURVE ( 'NONE', #2603, #161, #1529, .T. ) ;
#3571 = AXIS2_PLACEMENT_3D ( 'NONE', #1885, #3574, #3335 ) ;
#3572 = ORIENTED_EDGE ( 'NONE', *, *, #285, .T. ) ;
#3573 = ORIENTED_EDGE ( 'NONE', *, *, #385, .T. ) ;
#3574 = DIRECTION ( 'NONE',  ( -6.838548019020300451E-15, 0.9934047622419531764, -0.1146602736566088437 ) ) ;
#3575 = EDGE_CURVE ( 'NONE', #1778, #3073, #2311, .T. ) ;
#3576 = CARTESIAN_POINT ( 'NONE',  ( -65.16934512560276005, 432.5902743259086947, -126.6807563769623499 ) ) ;
#3577 = DIRECTION ( 'NONE',  ( 0.000000000000000000, 0.1146602736566051106, 0.9934047622419536205 ) ) ;
#3578 = CARTESIAN_POINT ( 'NONE',  ( -99.87793797271632457, 342.2709073512168061, -230.8453354986673389 ) ) ;
#3579 = CARTESIAN_POINT ( 'NONE',  ( -71.02741816393411511, 415.7693022878526108, -272.4159198755930902 ) ) ;
#3580 = CARTESIAN_POINT ( 'NONE',  ( -166.2317369937918272, 450.0874009121288850, -277.6828765842795406 ) ) ;
#3581 = VECTOR ( 'NONE', #1781, 1000.000000000000000 ) ;
#3582 = CARTESIAN_POINT ( 'NONE',  ( -36.84723284543704125, 420.3622407567199275, -231.7281821456997761 ) ) ;
#3583 = DIRECTION ( 'NONE',  ( 0.000000000000000000, 0.1146602736566088299, 0.9934047622419531764 ) ) ;
#3584 = VECTOR ( 'NONE', #1413, 1000.000000000000000 ) ;
#3585 = ORIENTED_EDGE ( 'NONE', *, *, #3022, .F. ) ;
#3586 = CIRCLE ( 'NONE', #1145, 11.00000000000020428 ) ;
#3587 = ORIENTED_EDGE ( 'NONE', *, *, #2458, .T. ) ;
#3588 = FACE_OUTER_BOUND ( 'NONE', #3126, .T. ) ;
#3589 = VECTOR ( 'NONE', #2993, 999.9999999999998863 ) ;
#3590 = CARTESIAN_POINT ( 'NONE',  ( -35.73173699379108115, 438.2245616862055613, -165.0800376976017958 ) ) ;
#3591 = ORIENTED_EDGE ( 'NONE', *, *, #1503, .F. ) ;
#3592 = ORIENTED_EDGE ( 'NONE', *, *, #1212, .F. ) ;
#3593 = CARTESIAN_POINT ( 'NONE',  ( -212.4344396964944792, 429.4032139164672230, -154.2931184211413438 ) ) ;
#3594 = DIRECTION ( 'NONE',  ( 0.000000000000000000, 0.1146602736566079278, 0.9934047622419533985 ) ) ;
#3595 = EDGE_CURVE ( 'NONE', #1431, #2215, #737, .T. ) ;
#3596 = CARTESIAN_POINT ( 'NONE',  ( -204.7317369937918272, 441.4923794854177572, -136.7680019737058785 ) ) ;
#3597 = LINE ( 'NONE', #2765, #3182 ) ;
#3598 = CARTESIAN_POINT ( 'NONE',  ( -154.2435577982471386, 432.5408947061100662, -127.1085763001203475 ) ) ;
#3599 = CARTESIAN_POINT ( 'NONE',  ( -166.2317369937915714, 432.5902743259080125, -126.6807563769622789 ) ) ;
#3600 = EDGE_CURVE ( 'NONE', #1193, #409, #1170, .T. ) ;
#3601 = ORIENTED_EDGE ( 'NONE', *, *, #3236, .T. ) ;
#3602 = ORIENTED_EDGE ( 'NONE', *, *, #1970, .T. ) ;
#3603 = DIRECTION ( 'NONE',  ( -6.838548019020300451E-15, 0.9934047622419531764, -0.1146602736566088576 ) ) ;
#3604 = CARTESIAN_POINT ( 'NONE',  ( -211.4882438100190711, 419.9029156311667066, -232.8106651225842256 ) ) ;
#3605 = ORIENTED_EDGE ( 'NONE', *, *, #587, .T. ) ;
#3606 = ORIENTED_EDGE ( 'NONE', *, *, #916, .F. ) ;
#3607 = DIRECTION ( 'NONE',  ( 1.000000000000000000, 6.688090509790069208E-15, -8.360113137237586510E-16 ) ) ;
#3608 = DIRECTION ( 'NONE',  ( 6.739838248742254964E-15, -0.9934047622419531764, 0.1146602736566088993 ) ) ;
#3609 = VERTEX_POINT ( 'NONE', #81 ) ;
#3610 = CARTESIAN_POINT ( 'NONE',  ( -166.2317369937916283, 442.0656808537010534, -131.8009781624961931 ) ) ;
#3611 = CARTESIAN_POINT ( 'NONE',  ( -201.7317369937915146, 387.8832487116333709, -226.2110626194570955 ) ) ;
#3612 = EDGE_CURVE ( 'NONE', #2156, #1966, #2597, .T. ) ;
#3613 = CARTESIAN_POINT ( 'NONE',  ( -47.73173699379049140, 345.2421927441243383, -205.8211179661682877 ) ) ;
#3614 = AXIS2_PLACEMENT_3D ( 'NONE', #2372, #3469, #2433 ) ;
#3615 = CARTESIAN_POINT ( 'NONE',  ( -35.73173699379101720, 418.1359259764956846, -251.9117367984324289 ) ) ;
ENDSEC;
END-ISO-10303-21;
