ISO-10303-21;
HEADER;
FILE_DESCRIPTION((''),'2;1');
FILE_NAME('C-776200-1','2021-12-10T15:58:38',('workeradm'),(
'TE Connectivity Ltd.'),'CREO PARAMETRIC BY PTC INC, 2021072',
'CREO PARAMETRIC BY PTC INC, 2021072','');
FILE_SCHEMA(('AUTOMOTIVE_DESIGN { 1 0 10303 214 1 1 1 1 }'));
ENDSEC;
DATA;
#134=DIRECTION('',(0.E0,0.E0,1.E0));
#135=VECTOR('',#134,4.000000064E-1);
#136=CARTESIAN_POINT('',(-1.68625E1,-5.375E0,-2.020000000640E1));
#137=LINE('',#136,#135);
#138=DIRECTION('',(0.E0,0.E0,1.E0));
#139=VECTOR('',#138,4.000000064E-1);
#140=CARTESIAN_POINT('',(-1.675833335817E1,-5.375E0,-2.020000000640E1));
#141=LINE('',#140,#139);
#142=DIRECTION('',(0.E0,0.E0,1.E0));
#143=VECTOR('',#142,4.000000064E-1);
#144=CARTESIAN_POINT('',(-1.6628125E1,-5.401595741510E0,-2.020000000640E1));
#145=LINE('',#144,#143);
#146=DIRECTION('',(0.E0,0.E0,1.E0));
#147=VECTOR('',#146,4.000000064E-1);
#148=CARTESIAN_POINT('',(-1.649791671634E1,-5.481382966042E0,
-2.020000000640E1));
#149=LINE('',#148,#147);
#150=DIRECTION('',(0.E0,0.E0,1.E0));
#151=VECTOR('',#150,4.000000064E-1);
#152=CARTESIAN_POINT('',(-1.641979171634E1,-5.587765932083E0,
-2.020000000640E1));
#153=LINE('',#152,#151);
#154=DIRECTION('',(0.E0,0.E0,1.E0));
#155=VECTOR('',#154,4.000000064E-1);
#156=CARTESIAN_POINT('',(-1.639375E1,-5.667553156614E0,-2.020000000640E1));
#157=LINE('',#156,#155);
#158=DIRECTION('',(0.E0,0.E0,1.E0));
#159=VECTOR('',#158,4.000000064E-1);
#160=CARTESIAN_POINT('',(-1.652395828366E1,-5.667553156614E0,
-2.020000000640E1));
#161=LINE('',#160,#159);
#162=DIRECTION('',(0.E0,0.E0,1.E0));
#163=VECTOR('',#162,4.000000064E-1);
#164=CARTESIAN_POINT('',(-1.657604164183E1,-5.587765932083E0,
-2.020000000640E1));
#165=LINE('',#164,#163);
#166=DIRECTION('',(0.E0,0.E0,1.E0));
#167=VECTOR('',#166,4.000000064E-1);
#168=CARTESIAN_POINT('',(-1.665416664183E1,-5.534574449062E0,
-2.020000000640E1));
#169=LINE('',#168,#167);
#170=DIRECTION('',(0.E0,0.E0,1.E0));
#171=VECTOR('',#170,4.000000064E-1);
#172=CARTESIAN_POINT('',(-1.673229164183E1,-5.507978707552E0,
-2.020000000640E1));
#173=LINE('',#172,#171);
#174=DIRECTION('',(0.E0,0.E0,1.E0));
#175=VECTOR('',#174,4.000000064E-1);
#176=CARTESIAN_POINT('',(-1.688854164183E1,-5.507978707552E0,
-2.020000000640E1));
#177=LINE('',#176,#175);
#178=DIRECTION('',(0.E0,0.E0,1.E0));
#179=VECTOR('',#178,4.000000064E-1);
#180=CARTESIAN_POINT('',(-1.696666664183E1,-5.534574449062E0,
-2.020000000640E1));
#181=LINE('',#180,#179);
#182=DIRECTION('',(0.E0,0.E0,1.E0));
#183=VECTOR('',#182,4.000000064E-1);
#184=CARTESIAN_POINT('',(-1.704479164183E1,-5.587765932083E0,
-2.020000000640E1));
#185=LINE('',#184,#183);
#186=DIRECTION('',(0.E0,0.E0,1.E0));
#187=VECTOR('',#186,4.000000064E-1);
#188=CARTESIAN_POINT('',(-1.7096875E1,-5.667553156614E0,-2.020000000640E1));
#189=LINE('',#188,#187);
#190=DIRECTION('',(0.E0,0.E0,1.E0));
#191=VECTOR('',#190,4.000000064E-1);
#192=CARTESIAN_POINT('',(-1.712291664183E1,-5.747340455651E0,
-2.020000000640E1));
#193=LINE('',#192,#191);
#194=DIRECTION('',(0.E0,0.E0,1.E0));
#195=VECTOR('',#194,4.000000064E-1);
#196=CARTESIAN_POINT('',(-1.714895835817E1,-5.906914904714E0,
-2.020000000640E1));
#197=LINE('',#196,#195);
#198=DIRECTION('',(0.E0,0.E0,1.E0));
#199=VECTOR('',#198,4.000000064E-1);
#200=CARTESIAN_POINT('',(-1.714895835817E1,-5.960106387734E0,
-2.020000000640E1));
#201=LINE('',#200,#199);
#202=DIRECTION('',(0.E0,0.E0,1.E0));
#203=VECTOR('',#202,4.000000064E-1);
#204=CARTESIAN_POINT('',(-1.699270835817E1,-5.853723421693E0,
-2.020000000640E1));
#205=LINE('',#204,#203);
#206=DIRECTION('',(0.E0,0.E0,1.E0));
#207=VECTOR('',#206,4.000000064E-1);
#208=CARTESIAN_POINT('',(-1.68625E1,-5.827127680182E0,-2.020000000640E1));
#209=LINE('',#208,#207);
#210=DIRECTION('',(0.E0,0.E0,1.E0));
#211=VECTOR('',#210,4.000000064E-1);
#212=CARTESIAN_POINT('',(-1.673229164183E1,-5.827127680182E0,
-2.020000000640E1));
#213=LINE('',#212,#211);
#214=DIRECTION('',(-1.776356810979E-14,0.E0,1.E0));
#215=VECTOR('',#214,4.000000064E-1);
#216=CARTESIAN_POINT('',(-1.660208335817E1,-5.853723421693E0,
-2.020000000640E1));
#217=LINE('',#216,#215);
#218=DIRECTION('',(0.E0,0.E0,1.E0));
#219=VECTOR('',#218,4.000000064E-1);
#220=CARTESIAN_POINT('',(-1.6471875E1,-5.933510646224E0,-2.020000000640E1));
#221=LINE('',#220,#219);
#222=DIRECTION('',(0.E0,0.E0,1.E0));
#223=VECTOR('',#222,4.000000064E-1);
#224=CARTESIAN_POINT('',(-1.634166671634E1,-6.146276578307E0,
-2.020000000640E1));
#225=LINE('',#224,#223);
#226=DIRECTION('',(0.E0,0.E0,-1.E0));
#227=VECTOR('',#226,4.000000064E-1);
#228=CARTESIAN_POINT('',(-1.639375E1,-6.013297870755E0,-1.98E1));
#229=LINE('',#228,#227);
#230=DIRECTION('',(0.E0,0.E0,1.E0));
#231=VECTOR('',#230,4.000000064E-1);
#232=CARTESIAN_POINT('',(-1.634166671634E1,-6.279255323112E0,
-2.020000000640E1));
#233=LINE('',#232,#231);
#234=DIRECTION('',(0.E0,0.E0,1.E0));
#235=VECTOR('',#234,4.000000064E-1);
#236=CARTESIAN_POINT('',(-1.639375E1,-6.412234049290E0,-2.020000000640E1));
#237=LINE('',#236,#235);
#238=DIRECTION('',(0.E0,0.E0,1.E0));
#239=VECTOR('',#238,4.000000064E-1);
#240=CARTESIAN_POINT('',(-1.6471875E1,-6.518617024645E0,-2.020000000640E1));
#241=LINE('',#240,#239);
#242=DIRECTION('',(-1.776356810979E-14,0.E0,1.E0));
#243=VECTOR('',#242,4.000000064E-1);
#244=CARTESIAN_POINT('',(-1.660208335817E1,-6.598404256161E0,
-2.020000000640E1));
#245=LINE('',#244,#243);
#246=DIRECTION('',(0.E0,0.E0,1.E0));
#247=VECTOR('',#246,4.000000064E-1);
#248=CARTESIAN_POINT('',(-1.673229164183E1,-6.625E0,-2.020000000640E1));
#249=LINE('',#248,#247);
#250=DIRECTION('',(0.E0,0.E0,1.E0));
#251=VECTOR('',#250,4.000000064E-1);
#252=CARTESIAN_POINT('',(-1.68625E1,-6.625E0,-2.020000000640E1));
#253=LINE('',#252,#251);
#254=DIRECTION('',(0.E0,0.E0,1.E0));
#255=VECTOR('',#254,4.000000064E-1);
#256=CARTESIAN_POINT('',(-1.699270835817E1,-6.598404256161E0,
-2.020000000640E1));
#257=LINE('',#256,#255);
#258=DIRECTION('',(0.E0,0.E0,1.E0));
#259=VECTOR('',#258,4.000000064E-1);
#260=CARTESIAN_POINT('',(-1.712291664183E1,-6.518617024645E0,
-2.020000000640E1));
#261=LINE('',#260,#259);
#262=DIRECTION('',(0.E0,0.E0,1.E0));
#263=VECTOR('',#262,4.000000064E-1);
#264=CARTESIAN_POINT('',(-1.720104167908E1,-6.412234049290E0,
-2.020000000640E1));
#265=LINE('',#264,#263);
#266=DIRECTION('',(0.E0,0.E0,1.E0));
#267=VECTOR('',#266,4.000000064E-1);
#268=CARTESIAN_POINT('',(-1.7253125E1,-6.279255323112E0,-2.020000000640E1));
#269=LINE('',#268,#267);
#270=DIRECTION('',(0.E0,0.E0,1.E0));
#271=VECTOR('',#270,4.000000064E-1);
#272=CARTESIAN_POINT('',(-1.727916667908E1,-6.093085095286E0,
-2.020000000640E1));
#273=LINE('',#272,#271);
#274=DIRECTION('',(0.E0,0.E0,1.E0));
#275=VECTOR('',#274,4.000000064E-1);
#276=CARTESIAN_POINT('',(-1.727916667908E1,-5.906914904714E0,
-2.020000000640E1));
#277=LINE('',#276,#275);
#278=DIRECTION('',(0.E0,0.E0,1.E0));
#279=VECTOR('',#278,4.000000064E-1);
#280=CARTESIAN_POINT('',(-1.7253125E1,-5.720744714141E0,-2.020000000640E1));
#281=LINE('',#280,#279);
#282=DIRECTION('',(0.E0,0.E0,1.E0));
#283=VECTOR('',#282,4.000000064E-1);
#284=CARTESIAN_POINT('',(-1.720104167908E1,-5.587765932083E0,
-2.020000000640E1));
#285=LINE('',#284,#283);
#286=DIRECTION('',(0.E0,0.E0,1.E0));
#287=VECTOR('',#286,4.000000064E-1);
#288=CARTESIAN_POINT('',(-1.712291664183E1,-5.481382966042E0,
-2.020000000640E1));
#289=LINE('',#288,#287);
#290=DIRECTION('',(0.E0,0.E0,1.E0));
#291=VECTOR('',#290,4.000000064E-1);
#292=CARTESIAN_POINT('',(-1.699270835817E1,-5.401595741510E0,
-2.020000000640E1));
#293=LINE('',#292,#291);
#294=DIRECTION('',(0.E0,1.E0,0.E0));
#295=VECTOR('',#294,1.25E0);
#296=CARTESIAN_POINT('',(-1.70575E1,5.375E0,-1.98E1));
#297=LINE('',#296,#295);
#298=DIRECTION('',(1.E0,0.E0,0.E0));
#299=VECTOR('',#298,1.5625E-1);
#300=CARTESIAN_POINT('',(-1.721375E1,5.375E0,-1.98E1));
#301=LINE('',#300,#299);
#302=DIRECTION('',(0.E0,-1.E0,0.E0));
#303=VECTOR('',#302,1.037234067917E0);
#304=CARTESIAN_POINT('',(-1.721375E1,6.412234067917E0,-1.98E1));
#305=LINE('',#304,#303);
#306=DIRECTION('',(6.428711427642E-1,7.659743427825E-1,0.E0));
#307=VECTOR('',#306,2.430502624961E-1);
#308=CARTESIAN_POINT('',(-1.737E1,6.226063802838E0,-1.98E1));
#309=LINE('',#308,#307);
#310=DIRECTION('',(0.E0,-1.E0,0.E0));
#311=VECTOR('',#310,2.127660065889E-1);
#312=CARTESIAN_POINT('',(-1.737E1,6.438829809427E0,-1.98E1));
#313=LINE('',#312,#311);
#314=DIRECTION('',(-6.428712937139E-1,-7.659742160926E-1,0.E0));
#315=VECTOR('',#314,2.430502054266E-1);
#316=CARTESIAN_POINT('',(-1.721375E1,6.625E0,-1.98E1));
#317=LINE('',#316,#315);
#318=DIRECTION('',(-1.E0,0.E0,0.E0));
#319=VECTOR('',#318,1.5625E-1);
#320=CARTESIAN_POINT('',(-1.70575E1,6.625E0,-1.98E1));
#321=LINE('',#320,#319);
#322=DIRECTION('',(3.102799827934E-1,-9.506452189317E-1,0.E0));
#323=VECTOR('',#322,8.392956864317E-2);
#324=CARTESIAN_POINT('',(-1.744791666511E1,-3.324468061328E-1,-1.98E1));
#325=LINE('',#324,#323);
#326=DIRECTION('',(-1.E0,0.E0,0.E0));
#327=VECTOR('',#326,1.302083255723E-1);
#328=CARTESIAN_POINT('',(-1.731770833954E1,-3.324468061328E-1,-1.98E1));
#329=LINE('',#328,#327);
#330=DIRECTION('',(-5.466225028388E-1,8.373791491256E-1,0.E0));
#331=VECTOR('',#330,9.528209920314E-2);
#332=CARTESIAN_POINT('',(-1.7265625E1,-4.122340492904E-1,-1.98E1));
#333=LINE('',#332,#331);
#334=DIRECTION('',(-8.265992787996E-1,5.627909312417E-1,0.E0));
#335=VECTOR('',#334,9.451375291962E-2);
#336=CARTESIAN_POINT('',(-1.71875E1,-4.654255323112E-1,-1.98E1));
#337=LINE('',#336,#335);
#338=DIRECTION('',(-9.466499177700E-1,3.222637633772E-1,0.E0));
#339=VECTOR('',#338,8.252786857473E-2);
#340=CARTESIAN_POINT('',(-1.7109375E1,-4.920212738216E-1,-1.98E1));
#341=LINE('',#340,#339);
#342=DIRECTION('',(-1.E0,0.E0,0.E0));
#343=VECTOR('',#342,1.5625E-1);
#344=CARTESIAN_POINT('',(-1.6953125E1,-4.920212738216E-1,-1.98E1));
#345=LINE('',#344,#343);
#346=DIRECTION('',(-9.466499177700E-1,-3.222637633772E-1,0.E0));
#347=VECTOR('',#346,8.252786857473E-2);
#348=CARTESIAN_POINT('',(-1.6875E1,-4.654255323112E-1,-1.98E1));
#349=LINE('',#348,#347);
#350=DIRECTION('',(-8.265992787996E-1,-5.627909312417E-1,0.E0));
#351=VECTOR('',#350,9.451375291962E-2);
#352=CARTESIAN_POINT('',(-1.6796875E1,-4.122340492904E-1,-1.98E1));
#353=LINE('',#352,#351);
#354=DIRECTION('',(-5.466226399152E-1,-8.373790596451E-1,0.E0));
#355=VECTOR('',#354,9.528210938478E-2);
#356=CARTESIAN_POINT('',(-1.674479164183E1,-3.324468061328E-1,-1.98E1));
#357=LINE('',#356,#355);
#358=DIRECTION('',(-3.102797975506E-1,-9.506452793929E-1,0.E0));
#359=VECTOR('',#358,8.392954371175E-2);
#360=CARTESIAN_POINT('',(-1.671875E1,-2.526595816016E-1,-1.98E1));
#361=LINE('',#360,#359);
#362=DIRECTION('',(-1.610636102655E-1,-9.869440275154E-1,0.E0));
#363=VECTOR('',#362,1.616854470633E-1);
#364=CARTESIAN_POINT('',(-1.669270835817E1,-9.308509528637E-2,-1.98E1));
#365=LINE('',#364,#363);
#366=DIRECTION('',(0.E0,-1.E0,0.E0));
#367=VECTOR('',#366,5.319148302078E-2);
#368=CARTESIAN_POINT('',(-1.669270835817E1,-3.989361226559E-2,-1.98E1));
#369=LINE('',#368,#367);
#370=DIRECTION('',(8.265992787996E-1,5.627909312417E-1,0.E0));
#371=VECTOR('',#370,1.890275058392E-1);
#372=CARTESIAN_POINT('',(-1.684895835817E1,-1.462765783072E-1,-1.98E1));
#373=LINE('',#372,#371);
#374=DIRECTION('',(9.797706505734E-1,2.001236424690E-1,0.E0));
#375=VECTOR('',#374,1.328967354140E-1);
#376=CARTESIAN_POINT('',(-1.697916667908E1,-1.728723570704E-1,-1.98E1));
#377=LINE('',#376,#375);
#378=DIRECTION('',(1.E0,0.E0,0.E0));
#379=VECTOR('',#378,1.302083209157E-1);
#380=CARTESIAN_POINT('',(-1.7109375E1,-1.728723570704E-1,-1.98E1));
#381=LINE('',#380,#379);
#382=DIRECTION('',(9.797706561866E-1,-2.001236149876E-1,0.E0));
#383=VECTOR('',#382,1.328967536637E-1);
#384=CARTESIAN_POINT('',(-1.723958333954E1,-1.462765783072E-1,-1.98E1));
#385=LINE('',#384,#383);
#386=DIRECTION('',(8.526534170609E-1,-5.224769376483E-1,0.E0));
#387=VECTOR('',#386,1.527095624360E-1);
#388=CARTESIAN_POINT('',(-1.736979166977E1,-6.648935377598E-2,-1.98E1));
#389=LINE('',#388,#387);
#390=DIRECTION('',(5.919095258298E-1,-8.060044126628E-1,0.E0));
#391=VECTOR('',#390,1.319880690108E-1);
#392=CARTESIAN_POINT('',(-1.744791666511E1,3.989361226559E-2,-1.98E1));
#393=LINE('',#392,#391);
#394=DIRECTION('',(3.646919453324E-1,-9.311282323126E-1,0.E0));
#395=VECTOR('',#394,1.428146016169E-1);
#396=CARTESIAN_POINT('',(-1.75E1,1.728723198175E-1,-1.98E1));
#397=LINE('',#396,#395);
#398=DIRECTION('',(0.E0,-1.E0,0.E0));
#399=VECTOR('',#398,1.063829660416E-1);
#400=CARTESIAN_POINT('',(-1.75E1,2.792552858591E-1,-1.98E1));
#401=LINE('',#400,#399);
#402=DIRECTION('',(-3.646917681776E-1,-9.311283016983E-1,0.E0));
#403=VECTOR('',#402,1.428146709913E-1);
#404=CARTESIAN_POINT('',(-1.744791666511E1,4.122340679169E-1,-1.98E1));
#405=LINE('',#404,#403);
#406=DIRECTION('',(-5.919095258298E-1,-8.060044126628E-1,0.E0));
#407=VECTOR('',#406,1.319880690108E-1);
#408=CARTESIAN_POINT('',(-1.736979166977E1,5.186170339584E-1,-1.98E1));
#409=LINE('',#408,#407);
#410=DIRECTION('',(-8.526534170609E-1,-5.224769376483E-1,0.E0));
#411=VECTOR('',#410,1.527095624360E-1);
#412=CARTESIAN_POINT('',(-1.723958333954E1,5.984042584896E-1,-1.98E1));
#413=LINE('',#412,#411);
#414=DIRECTION('',(-9.797707111493E-1,-2.001233458994E-1,0.E0));
#415=VECTOR('',#414,1.328967462085E-1);
#416=CARTESIAN_POINT('',(-1.7109375E1,6.25E-1,-1.98E1));
#417=LINE('',#416,#415);
#418=DIRECTION('',(-1.E0,0.E0,0.E0));
#419=VECTOR('',#418,1.302083209157E-1);
#420=CARTESIAN_POINT('',(-1.697916667908E1,6.25E-1,-1.98E1));
#421=LINE('',#420,#419);
#422=DIRECTION('',(-9.797707055361E-1,2.001233733807E-1,0.E0));
#423=VECTOR('',#422,1.328967279589E-1);
#424=CARTESIAN_POINT('',(-1.684895835817E1,5.984042584896E-1,-1.98E1));
#425=LINE('',#424,#423);
#426=DIRECTION('',(-8.526534670056E-1,5.224768561414E-1,0.E0));
#427=VECTOR('',#426,1.527095862589E-1);
#428=CARTESIAN_POINT('',(-1.671875E1,5.186170339584E-1,-1.98E1));
#429=LINE('',#428,#427);
#430=DIRECTION('',(-5.919095487496E-1,8.060043958311E-1,0.E0));
#431=VECTOR('',#430,1.319880717671E-1);
#432=CARTESIAN_POINT('',(-1.6640625E1,4.122340679169E-1,-1.98E1));
#433=LINE('',#432,#431);
#434=DIRECTION('',(-3.646919095245E-1,9.311282463374E-1,0.E0));
#435=VECTOR('',#434,1.428146794825E-1);
#436=CARTESIAN_POINT('',(-1.658854164183E1,2.792552858591E-1,-1.98E1));
#437=LINE('',#436,#435);
#438=DIRECTION('',(-1.385320968676E-1,9.903579444511E-1,0.E0));
#439=VECTOR('',#438,1.879827305025E-1);
#440=CARTESIAN_POINT('',(-1.65625E1,9.308509528637E-2,-1.98E1));
#441=LINE('',#440,#439);
#442=DIRECTION('',(0.E0,1.E0,0.E0));
#443=VECTOR('',#442,1.861701905727E-1);
#444=CARTESIAN_POINT('',(-1.65625E1,-9.308509528637E-2,-1.98E1));
#445=LINE('',#444,#443);
#446=DIRECTION('',(1.385320696791E-1,9.903579482543E-1,0.E0));
#447=VECTOR('',#446,1.879827673962E-1);
#448=CARTESIAN_POINT('',(-1.658854164183E1,-2.792553231120E-1,-1.98E1));
#449=LINE('',#448,#447);
#450=DIRECTION('',(3.646920423907E-1,9.311281942981E-1,0.E0));
#451=VECTOR('',#450,1.428146274516E-1);
#452=CARTESIAN_POINT('',(-1.6640625E1,-4.122340492904E-1,-1.98E1));
#453=LINE('',#452,#451);
#454=DIRECTION('',(5.919095150862E-1,8.060044205527E-1,0.E0));
#455=VECTOR('',#454,1.319880792736E-1);
#456=CARTESIAN_POINT('',(-1.671875E1,-5.186170246452E-1,-1.98E1));
#457=LINE('',#456,#455);
#458=DIRECTION('',(8.526534466289E-1,5.224768893951E-1,0.E0));
#459=VECTOR('',#458,1.527095899083E-1);
#460=CARTESIAN_POINT('',(-1.684895835817E1,-5.984042561613E-1,-1.98E1));
#461=LINE('',#460,#459);
#462=DIRECTION('',(9.797707021009E-1,2.001233901988E-1,0.E0));
#463=VECTOR('',#462,1.328967284248E-1);
#464=CARTESIAN_POINT('',(-1.697916667908E1,-6.25E-1,-1.98E1));
#465=LINE('',#464,#463);
#466=DIRECTION('',(1.E0,0.E0,0.E0));
#467=VECTOR('',#466,1.041666418314E-1);
#468=CARTESIAN_POINT('',(-1.708333332092E1,-6.25E-1,-1.98E1));
#469=LINE('',#468,#467);
#470=DIRECTION('',(9.797707077141E-1,-2.001233627174E-1,0.E0));
#471=VECTOR('',#470,1.328967466745E-1);
#472=CARTESIAN_POINT('',(-1.721354166046E1,-5.984042561613E-1,-1.98E1));
#473=LINE('',#472,#471);
#474=DIRECTION('',(8.526534133324E-1,-5.224769437330E-1,0.E0));
#475=VECTOR('',#474,1.527095740264E-1);
#476=CARTESIAN_POINT('',(-1.734375E1,-5.186170246452E-1,-1.98E1));
#477=LINE('',#476,#475);
#478=DIRECTION('',(5.919095150862E-1,-8.060044205527E-1,0.E0));
#479=VECTOR('',#478,1.319880792736E-1);
#480=CARTESIAN_POINT('',(-1.7421875E1,-4.122340492904E-1,-1.98E1));
#481=LINE('',#480,#479);
#482=DIRECTION('',(3.102804688813E-1,-9.506450602779E-1,0.E0));
#483=VECTOR('',#482,8.392960224372E-2);
#484=CARTESIAN_POINT('',(-1.649791671634E1,-6.093085095286E0,-1.98E1));
#485=LINE('',#484,#483);
#486=DIRECTION('',(6.996244945571E-1,-7.145107183351E-1,0.E0));
#487=VECTOR('',#486,7.444462574995E-2);
#488=CARTESIAN_POINT('',(-1.655E1,-6.039893612266E0,-1.98E1));
#489=LINE('',#488,#487);
#490=DIRECTION('',(8.265992787996E-1,-5.627909312418E-1,0.E0));
#491=VECTOR('',#490,9.451375291961E-2);
#492=CARTESIAN_POINT('',(-1.6628125E1,-5.986702129245E0,-1.98E1));
#493=LINE('',#492,#491);
#494=DIRECTION('',(9.466499177700E-1,-3.222637633772E-1,0.E0));
#495=VECTOR('',#494,8.252786857473E-2);
#496=CARTESIAN_POINT('',(-1.670625E1,-5.960106387734E0,-1.98E1));
#497=LINE('',#496,#495);
#498=DIRECTION('',(1.E0,0.E0,0.E0));
#499=VECTOR('',#498,1.822916418314E-1);
#500=CARTESIAN_POINT('',(-1.688854164183E1,-5.960106387734E0,-1.98E1));
#501=LINE('',#500,#499);
#502=DIRECTION('',(9.466499177700E-1,3.222637633772E-1,0.E0));
#503=VECTOR('',#502,8.252786857473E-2);
#504=CARTESIAN_POINT('',(-1.696666664183E1,-5.986702129245E0,-1.98E1));
#505=LINE('',#504,#503);
#506=DIRECTION('',(8.265992787996E-1,5.627909312417E-1,0.E0));
#507=VECTOR('',#506,9.451375291962E-2);
#508=CARTESIAN_POINT('',(-1.704479164183E1,-6.039893612266E0,-1.98E1));
#509=LINE('',#508,#507);
#510=DIRECTION('',(6.996250055016E-1,7.145102180353E-1,0.E0));
#511=VECTOR('',#510,7.444467787605E-2);
#512=CARTESIAN_POINT('',(-1.7096875E1,-6.093085095286E0,-1.98E1));
#513=LINE('',#512,#511);
#514=DIRECTION('',(3.102796666272E-1,9.506453221248E-1,0.E0));
#515=VECTOR('',#514,8.392957912605E-2);
#516=CARTESIAN_POINT('',(-1.712291664183E1,-6.172872357070E0,-1.98E1));
#517=LINE('',#516,#515);
#518=DIRECTION('',(0.E0,1.E0,0.E0));
#519=VECTOR('',#518,7.978722453118E-2);
#520=CARTESIAN_POINT('',(-1.712291664183E1,-6.252659581602E0,-1.98E1));
#521=LINE('',#520,#519);
#522=DIRECTION('',(-3.102797975506E-1,9.506452793929E-1,0.E0));
#523=VECTOR('',#522,8.392954371175E-2);
#524=CARTESIAN_POINT('',(-1.7096875E1,-6.332446806133E0,-1.98E1));
#525=LINE('',#524,#523);
#526=DIRECTION('',(-5.466226399152E-1,8.373790596451E-1,0.E0));
#527=VECTOR('',#526,9.528210938478E-2);
#528=CARTESIAN_POINT('',(-1.704479164183E1,-6.412234049290E0,-1.98E1));
#529=LINE('',#528,#527);
#530=DIRECTION('',(-8.265992787996E-1,5.627909312418E-1,0.E0));
#531=VECTOR('',#530,9.451375291962E-2);
#532=CARTESIAN_POINT('',(-1.696666664183E1,-6.465425532311E0,-1.98E1));
#533=LINE('',#532,#531);
#534=DIRECTION('',(-9.466499177700E-1,3.222637633772E-1,0.E0));
#535=VECTOR('',#534,8.252786857473E-2);
#536=CARTESIAN_POINT('',(-1.688854164183E1,-6.492021273822E0,-1.98E1));
#537=LINE('',#536,#535);
#538=DIRECTION('',(-1.E0,0.E0,0.E0));
#539=VECTOR('',#538,1.822916418314E-1);
#540=CARTESIAN_POINT('',(-1.670625E1,-6.492021273822E0,-1.98E1));
#541=LINE('',#540,#539);
#542=DIRECTION('',(-9.466499177700E-1,-3.222637633772E-1,0.E0));
#543=VECTOR('',#542,8.252786857473E-2);
#544=CARTESIAN_POINT('',(-1.6628125E1,-6.465425532311E0,-1.98E1));
#545=LINE('',#544,#543);
#546=DIRECTION('',(-8.265992787996E-1,-5.627909312418E-1,0.E0));
#547=VECTOR('',#546,9.451375291962E-2);
#548=CARTESIAN_POINT('',(-1.655E1,-6.412234049290E0,-1.98E1));
#549=LINE('',#548,#547);
#550=DIRECTION('',(-5.466220916090E-1,-8.373794175671E-1,0.E0));
#551=VECTOR('',#550,9.528206865824E-2);
#552=CARTESIAN_POINT('',(-1.649791671634E1,-6.332446806133E0,-1.98E1));
#553=LINE('',#552,#551);
#554=DIRECTION('',(-3.102805998049E-1,-9.506450175458E-1,0.E0));
#555=VECTOR('',#554,8.392956682943E-2);
#556=CARTESIAN_POINT('',(-1.6471875E1,-6.252659581602E0,-1.98E1));
#557=LINE('',#556,#555);
#558=DIRECTION('',(0.E0,-1.E0,0.E0));
#559=VECTOR('',#558,7.978722453118E-2);
#560=CARTESIAN_POINT('',(-1.6471875E1,-6.172872357070E0,-1.98E1));
#561=LINE('',#560,#559);
#562=DIRECTION('',(0.E0,1.E0,0.E0));
#563=VECTOR('',#562,1.25E0);
#564=CARTESIAN_POINT('',(-1.74875E1,-6.625E0,-1.98E1));
#565=LINE('',#564,#563);
#566=DIRECTION('',(1.E0,0.E0,0.E0));
#567=VECTOR('',#566,1.5625E-1);
#568=CARTESIAN_POINT('',(-1.764375E1,-6.625E0,-1.98E1));
#569=LINE('',#568,#567);
#570=DIRECTION('',(0.E0,-1.E0,0.E0));
#571=VECTOR('',#570,1.037234067917E0);
#572=CARTESIAN_POINT('',(-1.764375E1,-5.587765932083E0,-1.98E1));
#573=LINE('',#572,#571);
#574=DIRECTION('',(6.428711427642E-1,7.659743427825E-1,0.E0));
#575=VECTOR('',#574,2.430502624961E-1);
#576=CARTESIAN_POINT('',(-1.78E1,-5.773936197162E0,-1.98E1));
#577=LINE('',#576,#575);
#578=DIRECTION('',(0.E0,-1.E0,0.E0));
#579=VECTOR('',#578,2.127660065889E-1);
#580=CARTESIAN_POINT('',(-1.78E1,-5.561170190573E0,-1.98E1));
#581=LINE('',#580,#579);
#582=DIRECTION('',(-6.428712937139E-1,-7.659742160926E-1,0.E0));
#583=VECTOR('',#582,2.430502054266E-1);
#584=CARTESIAN_POINT('',(-1.764375E1,-5.375E0,-1.98E1));
#585=LINE('',#584,#583);
#586=DIRECTION('',(-1.E0,0.E0,0.E0));
#587=VECTOR('',#586,1.5625E-1);
#588=CARTESIAN_POINT('',(-1.74875E1,-5.375E0,-1.98E1));
#589=LINE('',#588,#587);
#590=DIRECTION('',(-6.996248351869E-1,7.145103848018E-1,0.E0));
#591=VECTOR('',#590,1.116669907510E-1);
#592=CARTESIAN_POINT('',(-1.639375E1,-6.013297870755E0,-1.98E1));
#593=LINE('',#592,#591);
#594=DIRECTION('',(-3.646916343690E-1,9.311283541066E-1,0.E0));
#595=VECTOR('',#594,1.428145829364E-1);
#596=CARTESIAN_POINT('',(-1.634166671634E1,-6.146276578307E0,-1.98E1));
#597=LINE('',#596,#595);
#598=DIRECTION('',(0.E0,1.E0,0.E0));
#599=VECTOR('',#598,1.329787448049E-1);
#600=CARTESIAN_POINT('',(-1.634166671634E1,-6.279255323112E0,-1.98E1));
#601=LINE('',#600,#599);
#602=DIRECTION('',(3.646915900803E-1,9.311283714530E-1,0.E0));
#603=VECTOR('',#602,1.428146002800E-1);
#604=CARTESIAN_POINT('',(-1.639375E1,-6.412234049290E0,-1.98E1));
#605=LINE('',#604,#603);
#606=DIRECTION('',(5.919095150862E-1,8.060044205527E-1,0.E0));
#607=VECTOR('',#606,1.319880792736E-1);
#608=CARTESIAN_POINT('',(-1.6471875E1,-6.518617024645E0,-1.98E1));
#609=LINE('',#608,#607);
#610=DIRECTION('',(8.526534466289E-1,5.224768893951E-1,0.E0));
#611=VECTOR('',#610,1.527095899083E-1);
#612=CARTESIAN_POINT('',(-1.660208335817E1,-6.598404256161E0,-1.98E1));
#613=LINE('',#612,#611);
#614=DIRECTION('',(9.797706908745E-1,2.001234451615E-1,0.E0));
#615=VECTOR('',#614,1.328966919255E-1);
#616=CARTESIAN_POINT('',(-1.673229164183E1,-6.625E0,-1.98E1));
#617=LINE('',#616,#615);
#618=DIRECTION('',(1.E0,0.E0,0.E0));
#619=VECTOR('',#618,1.302083581686E-1);
#620=CARTESIAN_POINT('',(-1.68625E1,-6.625E0,-1.98E1));
#621=LINE('',#620,#619);
#622=DIRECTION('',(9.797707133274E-1,-2.001233352361E-1,0.E0));
#623=VECTOR('',#622,1.328967649241E-1);
#624=CARTESIAN_POINT('',(-1.699270835817E1,-6.598404256161E0,-1.98E1));
#625=LINE('',#624,#623);
#626=DIRECTION('',(8.526533134430E-1,-5.224771067470E-1,0.E0));
#627=VECTOR('',#626,1.527095263807E-1);
#628=CARTESIAN_POINT('',(-1.712291664183E1,-6.518617024645E0,-1.98E1));
#629=LINE('',#628,#627);
#630=DIRECTION('',(5.919096984443E-1,-8.060042858990E-1,0.E0));
#631=VECTOR('',#630,1.319881013240E-1);
#632=CARTESIAN_POINT('',(-1.720104167908E1,-6.412234049290E0,-1.98E1));
#633=LINE('',#632,#631);
#634=DIRECTION('',(3.646918162355E-1,-9.311282828756E-1,0.E0));
#635=VECTOR('',#634,1.428146138658E-1);
#636=CARTESIAN_POINT('',(-1.7253125E1,-6.279255323112E0,-1.98E1));
#637=LINE('',#636,#635);
#638=DIRECTION('',(1.385322640479E-1,-9.903579210658E-1,0.E0));
#639=VECTOR('',#638,1.879827725569E-1);
#640=CARTESIAN_POINT('',(-1.727916667908E1,-6.093085095286E0,-1.98E1));
#641=LINE('',#640,#639);
#642=DIRECTION('',(0.E0,-1.E0,0.E0));
#643=VECTOR('',#642,1.861701905727E-1);
#644=CARTESIAN_POINT('',(-1.727916667908E1,-5.906914904714E0,-1.98E1));
#645=LINE('',#644,#643);
#646=DIRECTION('',(-1.385322912364E-1,-9.903579172626E-1,0.E0));
#647=VECTOR('',#646,1.879827356632E-1);
#648=CARTESIAN_POINT('',(-1.7253125E1,-5.720744714141E0,-1.98E1));
#649=LINE('',#648,#647);
#650=DIRECTION('',(-3.646916833695E-1,-9.311283349148E-1,0.E0));
#651=VECTOR('',#650,1.428146658967E-1);
#652=CARTESIAN_POINT('',(-1.720104167908E1,-5.587765932083E0,-1.98E1));
#653=LINE('',#652,#651);
#654=DIRECTION('',(-5.919097321077E-1,-8.060042611774E-1,0.E0));
#655=VECTOR('',#654,1.319880938175E-1);
#656=CARTESIAN_POINT('',(-1.712291664183E1,-5.481382966042E0,-1.98E1));
#657=LINE('',#656,#655);
#658=DIRECTION('',(-8.526533338197E-1,-5.224770734933E-1,0.E0));
#659=VECTOR('',#658,1.527095227312E-1);
#660=CARTESIAN_POINT('',(-1.699270835817E1,-5.401595741510E0,-1.98E1));
#661=LINE('',#660,#659);
#662=DIRECTION('',(-9.797707167625E-1,-2.001233184180E-1,0.E0));
#663=VECTOR('',#662,1.328967644582E-1);
#664=CARTESIAN_POINT('',(-1.68625E1,-5.375E0,-1.98E1));
#665=LINE('',#664,#663);
#666=DIRECTION('',(-1.E0,0.E0,0.E0));
#667=VECTOR('',#666,1.041666418314E-1);
#668=CARTESIAN_POINT('',(-1.675833335817E1,-5.375E0,-1.98E1));
#669=LINE('',#668,#667);
#670=DIRECTION('',(-9.797707167625E-1,2.001233184181E-1,0.E0));
#671=VECTOR('',#670,1.328967644582E-1);
#672=CARTESIAN_POINT('',(-1.6628125E1,-5.401595741510E0,-1.98E1));
#673=LINE('',#672,#671);
#674=DIRECTION('',(-8.526533338197E-1,5.224770734933E-1,0.E0));
#675=VECTOR('',#674,1.527095227312E-1);
#676=CARTESIAN_POINT('',(-1.649791671634E1,-5.481382966042E0,-1.98E1));
#677=LINE('',#676,#675);
#678=DIRECTION('',(-5.919095487496E-1,8.060043958311E-1,0.E0));
#679=VECTOR('',#678,1.319880717671E-1);
#680=CARTESIAN_POINT('',(-1.641979171634E1,-5.587765932083E0,-1.98E1));
#681=LINE('',#680,#679);
#682=DIRECTION('',(-3.102805998049E-1,9.506450175458E-1,0.E0));
#683=VECTOR('',#682,8.392956682943E-2);
#684=CARTESIAN_POINT('',(-1.639375E1,-5.667553156614E0,-1.98E1));
#685=LINE('',#684,#683);
#686=DIRECTION('',(1.E0,0.E0,0.E0));
#687=VECTOR('',#686,1.302082836628E-1);
#688=CARTESIAN_POINT('',(-1.652395828366E1,-5.667553156614E0,-1.98E1));
#689=LINE('',#688,#687);
#690=DIRECTION('',(5.466227293958E-1,-8.373790012341E-1,0.E0));
#691=VECTOR('',#690,9.528209378738E-2);
#692=CARTESIAN_POINT('',(-1.657604164183E1,-5.587765932083E0,-1.98E1));
#693=LINE('',#692,#691);
#694=DIRECTION('',(8.265992787996E-1,-5.627909312417E-1,0.E0));
#695=VECTOR('',#694,9.451375291962E-2);
#696=CARTESIAN_POINT('',(-1.665416664183E1,-5.534574449062E0,-1.98E1));
#697=LINE('',#696,#695);
#698=DIRECTION('',(9.466499177700E-1,-3.222637633772E-1,0.E0));
#699=VECTOR('',#698,8.252786857473E-2);
#700=CARTESIAN_POINT('',(-1.673229164183E1,-5.507978707552E0,-1.98E1));
#701=LINE('',#700,#699);
#702=DIRECTION('',(1.E0,0.E0,0.E0));
#703=VECTOR('',#702,1.5625E-1);
#704=CARTESIAN_POINT('',(-1.688854164183E1,-5.507978707552E0,-1.98E1));
#705=LINE('',#704,#703);
#706=DIRECTION('',(9.466499177700E-1,3.222637633772E-1,0.E0));
#707=VECTOR('',#706,8.252786857473E-2);
#708=CARTESIAN_POINT('',(-1.696666664183E1,-5.534574449062E0,-1.98E1));
#709=LINE('',#708,#707);
#710=DIRECTION('',(8.265992787996E-1,5.627909312418E-1,0.E0));
#711=VECTOR('',#710,9.451375291961E-2);
#712=CARTESIAN_POINT('',(-1.704479164183E1,-5.587765932083E0,-1.98E1));
#713=LINE('',#712,#711);
#714=DIRECTION('',(5.466227293958E-1,8.373790012342E-1,0.E0));
#715=VECTOR('',#714,9.528209378738E-2);
#716=CARTESIAN_POINT('',(-1.7096875E1,-5.667553156614E0,-1.98E1));
#717=LINE('',#716,#715);
#718=DIRECTION('',(3.102795357040E-1,9.506453648566E-1,0.E0));
#719=VECTOR('',#718,8.392961454035E-2);
#720=CARTESIAN_POINT('',(-1.712291664183E1,-5.747340455651E0,-1.98E1));
#721=LINE('',#720,#719);
#722=DIRECTION('',(1.610640957438E-1,9.869439482880E-1,0.E0));
#723=VECTOR('',#722,1.616854222969E-1);
#724=CARTESIAN_POINT('',(-1.714895835817E1,-5.906914904714E0,-1.98E1));
#725=LINE('',#724,#723);
#726=DIRECTION('',(0.E0,1.E0,0.E0));
#727=VECTOR('',#726,5.319148302078E-2);
#728=CARTESIAN_POINT('',(-1.714895835817E1,-5.960106387734E0,-1.98E1));
#729=LINE('',#728,#727);
#730=DIRECTION('',(-8.265992787996E-1,-5.627909312417E-1,0.E0));
#731=VECTOR('',#730,1.890275058392E-1);
#732=CARTESIAN_POINT('',(-1.699270835817E1,-5.853723421693E0,-1.98E1));
#733=LINE('',#732,#731);
#734=DIRECTION('',(-9.797707167625E-1,-2.001233184181E-1,0.E0));
#735=VECTOR('',#734,1.328967644582E-1);
#736=CARTESIAN_POINT('',(-1.68625E1,-5.827127680182E0,-1.98E1));
#737=LINE('',#736,#735);
#738=DIRECTION('',(-1.E0,0.E0,0.E0));
#739=VECTOR('',#738,1.302083581686E-1);
#740=CARTESIAN_POINT('',(-1.673229164183E1,-5.827127680182E0,-1.98E1));
#741=LINE('',#740,#739);
#742=DIRECTION('',(-9.797706943097E-1,2.001234283435E-1,0.E0));
#743=VECTOR('',#742,1.328966914596E-1);
#744=CARTESIAN_POINT('',(-1.660208335817E1,-5.853723421693E0,-1.98E1));
#745=LINE('',#744,#743);
#746=DIRECTION('',(-8.526534670056E-1,5.224768561413E-1,0.E0));
#747=VECTOR('',#746,1.527095862589E-1);
#748=CARTESIAN_POINT('',(-1.6471875E1,-5.933510646224E0,-1.98E1));
#749=LINE('',#748,#747);
#750=DIRECTION('',(0.E0,0.E0,1.E0));
#751=VECTOR('',#750,4.000000064E-1);
#752=CARTESIAN_POINT('',(-1.721375E1,5.375E0,-2.020000000640E1));
#753=LINE('',#752,#751);
#754=DIRECTION('',(0.E0,0.E0,-1.E0));
#755=VECTOR('',#754,4.000000064E-1);
#756=CARTESIAN_POINT('',(-1.70575E1,5.375E0,-1.98E1));
#757=LINE('',#756,#755);
#758=DIRECTION('',(0.E0,0.E0,1.E0));
#759=VECTOR('',#758,4.000000064E-1);
#760=CARTESIAN_POINT('',(-1.721375E1,6.412234067917E0,-2.020000000640E1));
#761=LINE('',#760,#759);
#762=DIRECTION('',(0.E0,0.E0,1.E0));
#763=VECTOR('',#762,4.000000064E-1);
#764=CARTESIAN_POINT('',(-1.737E1,6.226063802838E0,-2.020000000640E1));
#765=LINE('',#764,#763);
#766=DIRECTION('',(0.E0,0.E0,1.E0));
#767=VECTOR('',#766,4.000000064E-1);
#768=CARTESIAN_POINT('',(-1.737E1,6.438829809427E0,-2.020000000640E1));
#769=LINE('',#768,#767);
#770=DIRECTION('',(0.E0,0.E0,1.E0));
#771=VECTOR('',#770,4.000000064E-1);
#772=CARTESIAN_POINT('',(-1.721375E1,6.625E0,-2.020000000640E1));
#773=LINE('',#772,#771);
#774=DIRECTION('',(0.E0,0.E0,1.E0));
#775=VECTOR('',#774,4.000000064E-1);
#776=CARTESIAN_POINT('',(-1.70575E1,6.625E0,-2.020000000640E1));
#777=LINE('',#776,#775);
#778=CARTESIAN_POINT('',(-1.7E1,6.E0,-2.020000000640E1));
#779=DIRECTION('',(0.E0,0.E0,1.E0));
#780=DIRECTION('',(1.E0,0.E0,0.E0));
#781=AXIS2_PLACEMENT_3D('',#778,#779,#780);
#783=CARTESIAN_POINT('',(-1.7E1,6.E0,-2.020000000640E1));
#784=DIRECTION('',(0.E0,0.E0,1.E0));
#785=DIRECTION('',(-1.E0,0.E0,0.E0));
#786=AXIS2_PLACEMENT_3D('',#783,#784,#785);
#788=CARTESIAN_POINT('',(-1.7E1,0.E0,-2.020000000640E1));
#789=DIRECTION('',(0.E0,0.E0,1.E0));
#790=DIRECTION('',(1.E0,0.E0,0.E0));
#791=AXIS2_PLACEMENT_3D('',#788,#789,#790);
#793=CARTESIAN_POINT('',(-1.7E1,0.E0,-2.020000000640E1));
#794=DIRECTION('',(0.E0,0.E0,1.E0));
#795=DIRECTION('',(-1.E0,0.E0,0.E0));
#796=AXIS2_PLACEMENT_3D('',#793,#794,#795);
#798=CARTESIAN_POINT('',(-1.7E1,-6.E0,-2.020000000640E1));
#799=DIRECTION('',(0.E0,0.E0,1.E0));
#800=DIRECTION('',(1.E0,0.E0,0.E0));
#801=AXIS2_PLACEMENT_3D('',#798,#799,#800);
#803=CARTESIAN_POINT('',(-1.7E1,-6.E0,-2.020000000640E1));
#804=DIRECTION('',(0.E0,0.E0,1.E0));
#805=DIRECTION('',(-1.E0,0.E0,0.E0));
#806=AXIS2_PLACEMENT_3D('',#803,#804,#805);
#808=DIRECTION('',(-1.E0,0.E0,0.E0));
#809=VECTOR('',#808,1.5625E-1);
#810=CARTESIAN_POINT('',(-1.70575E1,5.375E0,-2.020000000640E1));
#811=LINE('',#810,#809);
#812=DIRECTION('',(0.E0,-1.E0,0.E0));
#813=VECTOR('',#812,1.25E0);
#814=CARTESIAN_POINT('',(-1.70575E1,6.625E0,-2.020000000640E1));
#815=LINE('',#814,#813);
#816=DIRECTION('',(1.E0,0.E0,0.E0));
#817=VECTOR('',#816,1.5625E-1);
#818=CARTESIAN_POINT('',(-1.721375E1,6.625E0,-2.020000000640E1));
#819=LINE('',#818,#817);
#820=DIRECTION('',(6.428712937139E-1,7.659742160926E-1,0.E0));
#821=VECTOR('',#820,2.430502054266E-1);
#822=CARTESIAN_POINT('',(-1.737E1,6.438829809427E0,-2.020000000640E1));
#823=LINE('',#822,#821);
#824=DIRECTION('',(0.E0,1.E0,0.E0));
#825=VECTOR('',#824,2.127660065889E-1);
#826=CARTESIAN_POINT('',(-1.737E1,6.226063802838E0,-2.020000000640E1));
#827=LINE('',#826,#825);
#828=DIRECTION('',(-6.428711427642E-1,-7.659743427825E-1,0.E0));
#829=VECTOR('',#828,2.430502624961E-1);
#830=CARTESIAN_POINT('',(-1.721375E1,6.412234067917E0,-2.020000000640E1));
#831=LINE('',#830,#829);
#832=DIRECTION('',(0.E0,1.E0,0.E0));
#833=VECTOR('',#832,1.037234067917E0);
#834=CARTESIAN_POINT('',(-1.721375E1,5.375E0,-2.020000000640E1));
#835=LINE('',#834,#833);
#836=DIRECTION('',(1.E0,0.E0,0.E0));
#837=VECTOR('',#836,1.302083255723E-1);
#838=CARTESIAN_POINT('',(-1.744791666511E1,-3.324468061328E-1,
-2.020000000640E1));
#839=LINE('',#838,#837);
#840=DIRECTION('',(-3.102799827934E-1,9.506452189317E-1,0.E0));
#841=VECTOR('',#840,8.392956864317E-2);
#842=CARTESIAN_POINT('',(-1.7421875E1,-4.122340492904E-1,-2.020000000640E1));
#843=LINE('',#842,#841);
#844=DIRECTION('',(-5.919095150862E-1,8.060044205527E-1,0.E0));
#845=VECTOR('',#844,1.319880792736E-1);
#846=CARTESIAN_POINT('',(-1.734375E1,-5.186170246452E-1,-2.020000000640E1));
#847=LINE('',#846,#845);
#848=DIRECTION('',(-8.526534133324E-1,5.224769437331E-1,0.E0));
#849=VECTOR('',#848,1.527095740264E-1);
#850=CARTESIAN_POINT('',(-1.721354166046E1,-5.984042561613E-1,
-2.020000000640E1));
#851=LINE('',#850,#849);
#852=DIRECTION('',(-9.797707077141E-1,2.001233627174E-1,0.E0));
#853=VECTOR('',#852,1.328967466745E-1);
#854=CARTESIAN_POINT('',(-1.708333332092E1,-6.25E-1,-2.020000000640E1));
#855=LINE('',#854,#853);
#856=DIRECTION('',(-1.E0,0.E0,0.E0));
#857=VECTOR('',#856,1.041666418314E-1);
#858=CARTESIAN_POINT('',(-1.697916667908E1,-6.25E-1,-2.020000000640E1));
#859=LINE('',#858,#857);
#860=DIRECTION('',(-9.797707021009E-1,-2.001233901988E-1,0.E0));
#861=VECTOR('',#860,1.328967284248E-1);
#862=CARTESIAN_POINT('',(-1.684895835817E1,-5.984042561613E-1,
-2.020000000640E1));
#863=LINE('',#862,#861);
#864=DIRECTION('',(-8.526534466288E-1,-5.224768893951E-1,0.E0));
#865=VECTOR('',#864,1.527095899083E-1);
#866=CARTESIAN_POINT('',(-1.671875E1,-5.186170246452E-1,-2.020000000640E1));
#867=LINE('',#866,#865);
#868=DIRECTION('',(-5.919095150862E-1,-8.060044205527E-1,0.E0));
#869=VECTOR('',#868,1.319880792736E-1);
#870=CARTESIAN_POINT('',(-1.6640625E1,-4.122340492904E-1,-2.020000000640E1));
#871=LINE('',#870,#869);
#872=DIRECTION('',(-3.646920423907E-1,-9.311281942981E-1,0.E0));
#873=VECTOR('',#872,1.428146274516E-1);
#874=CARTESIAN_POINT('',(-1.658854164183E1,-2.792553231120E-1,
-2.020000000640E1));
#875=LINE('',#874,#873);
#876=DIRECTION('',(-1.385320696791E-1,-9.903579482543E-1,0.E0));
#877=VECTOR('',#876,1.879827673962E-1);
#878=CARTESIAN_POINT('',(-1.65625E1,-9.308509528637E-2,-2.020000000640E1));
#879=LINE('',#878,#877);
#880=DIRECTION('',(0.E0,-1.E0,0.E0));
#881=VECTOR('',#880,1.861701905727E-1);
#882=CARTESIAN_POINT('',(-1.65625E1,9.308509528637E-2,-2.020000000640E1));
#883=LINE('',#882,#881);
#884=DIRECTION('',(1.385320968676E-1,-9.903579444511E-1,0.E0));
#885=VECTOR('',#884,1.879827305025E-1);
#886=CARTESIAN_POINT('',(-1.658854164183E1,2.792552858591E-1,
-2.020000000640E1));
#887=LINE('',#886,#885);
#888=DIRECTION('',(3.646919095245E-1,-9.311282463374E-1,0.E0));
#889=VECTOR('',#888,1.428146794825E-1);
#890=CARTESIAN_POINT('',(-1.6640625E1,4.122340679169E-1,-2.020000000640E1));
#891=LINE('',#890,#889);
#892=DIRECTION('',(5.919095487496E-1,-8.060043958311E-1,0.E0));
#893=VECTOR('',#892,1.319880717671E-1);
#894=CARTESIAN_POINT('',(-1.671875E1,5.186170339584E-1,-2.020000000640E1));
#895=LINE('',#894,#893);
#896=DIRECTION('',(8.526534670056E-1,-5.224768561414E-1,0.E0));
#897=VECTOR('',#896,1.527095862589E-1);
#898=CARTESIAN_POINT('',(-1.684895835817E1,5.984042584896E-1,
-2.020000000640E1));
#899=LINE('',#898,#897);
#900=DIRECTION('',(9.797707055361E-1,-2.001233733807E-1,0.E0));
#901=VECTOR('',#900,1.328967279589E-1);
#902=CARTESIAN_POINT('',(-1.697916667908E1,6.25E-1,-2.020000000640E1));
#903=LINE('',#902,#901);
#904=DIRECTION('',(1.E0,0.E0,0.E0));
#905=VECTOR('',#904,1.302083209157E-1);
#906=CARTESIAN_POINT('',(-1.7109375E1,6.25E-1,-2.020000000640E1));
#907=LINE('',#906,#905);
#908=DIRECTION('',(9.797707111493E-1,2.001233458994E-1,0.E0));
#909=VECTOR('',#908,1.328967462085E-1);
#910=CARTESIAN_POINT('',(-1.723958333954E1,5.984042584896E-1,
-2.020000000640E1));
#911=LINE('',#910,#909);
#912=DIRECTION('',(8.526534170609E-1,5.224769376483E-1,0.E0));
#913=VECTOR('',#912,1.527095624360E-1);
#914=CARTESIAN_POINT('',(-1.736979166977E1,5.186170339584E-1,
-2.020000000640E1));
#915=LINE('',#914,#913);
#916=DIRECTION('',(5.919095258298E-1,8.060044126628E-1,0.E0));
#917=VECTOR('',#916,1.319880690108E-1);
#918=CARTESIAN_POINT('',(-1.744791666511E1,4.122340679169E-1,
-2.020000000640E1));
#919=LINE('',#918,#917);
#920=DIRECTION('',(3.646917681776E-1,9.311283016983E-1,0.E0));
#921=VECTOR('',#920,1.428146709913E-1);
#922=CARTESIAN_POINT('',(-1.75E1,2.792552858591E-1,-2.020000000640E1));
#923=LINE('',#922,#921);
#924=DIRECTION('',(0.E0,1.E0,0.E0));
#925=VECTOR('',#924,1.063829660416E-1);
#926=CARTESIAN_POINT('',(-1.75E1,1.728723198175E-1,-2.020000000640E1));
#927=LINE('',#926,#925);
#928=DIRECTION('',(-3.646919453324E-1,9.311282323126E-1,0.E0));
#929=VECTOR('',#928,1.428146016169E-1);
#930=CARTESIAN_POINT('',(-1.744791666511E1,3.989361226559E-2,
-2.020000000640E1));
#931=LINE('',#930,#929);
#932=DIRECTION('',(-5.919095258298E-1,8.060044126628E-1,0.E0));
#933=VECTOR('',#932,1.319880690108E-1);
#934=CARTESIAN_POINT('',(-1.736979166977E1,-6.648935377598E-2,
-2.020000000640E1));
#935=LINE('',#934,#933);
#936=DIRECTION('',(-8.526534170609E-1,5.224769376483E-1,0.E0));
#937=VECTOR('',#936,1.527095624360E-1);
#938=CARTESIAN_POINT('',(-1.723958333954E1,-1.462765783072E-1,
-2.020000000640E1));
#939=LINE('',#938,#937);
#940=DIRECTION('',(-9.797706561866E-1,2.001236149876E-1,0.E0));
#941=VECTOR('',#940,1.328967536637E-1);
#942=CARTESIAN_POINT('',(-1.7109375E1,-1.728723570704E-1,-2.020000000640E1));
#943=LINE('',#942,#941);
#944=DIRECTION('',(-1.E0,0.E0,0.E0));
#945=VECTOR('',#944,1.302083209157E-1);
#946=CARTESIAN_POINT('',(-1.697916667908E1,-1.728723570704E-1,
-2.020000000640E1));
#947=LINE('',#946,#945);
#948=DIRECTION('',(-9.797706505734E-1,-2.001236424690E-1,0.E0));
#949=VECTOR('',#948,1.328967354140E-1);
#950=CARTESIAN_POINT('',(-1.684895835817E1,-1.462765783072E-1,
-2.020000000640E1));
#951=LINE('',#950,#949);
#952=DIRECTION('',(-8.265992787996E-1,-5.627909312417E-1,0.E0));
#953=VECTOR('',#952,1.890275058392E-1);
#954=CARTESIAN_POINT('',(-1.669270835817E1,-3.989361226559E-2,
-2.020000000640E1));
#955=LINE('',#954,#953);
#956=DIRECTION('',(0.E0,1.E0,0.E0));
#957=VECTOR('',#956,5.319148302078E-2);
#958=CARTESIAN_POINT('',(-1.669270835817E1,-9.308509528637E-2,
-2.020000000640E1));
#959=LINE('',#958,#957);
#960=DIRECTION('',(1.610636102655E-1,9.869440275154E-1,0.E0));
#961=VECTOR('',#960,1.616854470633E-1);
#962=CARTESIAN_POINT('',(-1.671875E1,-2.526595816016E-1,-2.020000000640E1));
#963=LINE('',#962,#961);
#964=DIRECTION('',(3.102797975506E-1,9.506452793929E-1,0.E0));
#965=VECTOR('',#964,8.392954371175E-2);
#966=CARTESIAN_POINT('',(-1.674479164183E1,-3.324468061328E-1,
-2.020000000640E1));
#967=LINE('',#966,#965);
#968=DIRECTION('',(5.466226399153E-1,8.373790596451E-1,0.E0));
#969=VECTOR('',#968,9.528210938478E-2);
#970=CARTESIAN_POINT('',(-1.6796875E1,-4.122340492904E-1,-2.020000000640E1));
#971=LINE('',#970,#969);
#972=DIRECTION('',(8.265992787996E-1,5.627909312417E-1,0.E0));
#973=VECTOR('',#972,9.451375291962E-2);
#974=CARTESIAN_POINT('',(-1.6875E1,-4.654255323112E-1,-2.020000000640E1));
#975=LINE('',#974,#973);
#976=DIRECTION('',(9.466499177700E-1,3.222637633772E-1,0.E0));
#977=VECTOR('',#976,8.252786857473E-2);
#978=CARTESIAN_POINT('',(-1.6953125E1,-4.920212738216E-1,-2.020000000640E1));
#979=LINE('',#978,#977);
#980=DIRECTION('',(1.E0,0.E0,0.E0));
#981=VECTOR('',#980,1.5625E-1);
#982=CARTESIAN_POINT('',(-1.7109375E1,-4.920212738216E-1,-2.020000000640E1));
#983=LINE('',#982,#981);
#984=DIRECTION('',(9.466499177700E-1,-3.222637633772E-1,0.E0));
#985=VECTOR('',#984,8.252786857473E-2);
#986=CARTESIAN_POINT('',(-1.71875E1,-4.654255323112E-1,-2.020000000640E1));
#987=LINE('',#986,#985);
#988=DIRECTION('',(8.265992787996E-1,-5.627909312417E-1,0.E0));
#989=VECTOR('',#988,9.451375291962E-2);
#990=CARTESIAN_POINT('',(-1.7265625E1,-4.122340492904E-1,-2.020000000640E1));
#991=LINE('',#990,#989);
#992=DIRECTION('',(5.466225028388E-1,-8.373791491256E-1,0.E0));
#993=VECTOR('',#992,9.528209920314E-2);
#994=CARTESIAN_POINT('',(-1.731770833954E1,-3.324468061328E-1,
-2.020000000640E1));
#995=LINE('',#994,#993);
#996=DIRECTION('',(-1.E0,0.E0,0.E0));
#997=VECTOR('',#996,1.5625E-1);
#998=CARTESIAN_POINT('',(-1.74875E1,-6.625E0,-2.020000000640E1));
#999=LINE('',#998,#997);
#1000=DIRECTION('',(0.E0,-1.E0,0.E0));
#1001=VECTOR('',#1000,1.25E0);
#1002=CARTESIAN_POINT('',(-1.74875E1,-5.375E0,-2.020000000640E1));
#1003=LINE('',#1002,#1001);
#1004=DIRECTION('',(1.E0,0.E0,0.E0));
#1005=VECTOR('',#1004,1.5625E-1);
#1006=CARTESIAN_POINT('',(-1.764375E1,-5.375E0,-2.020000000640E1));
#1007=LINE('',#1006,#1005);
#1008=DIRECTION('',(6.428712937139E-1,7.659742160926E-1,0.E0));
#1009=VECTOR('',#1008,2.430502054266E-1);
#1010=CARTESIAN_POINT('',(-1.78E1,-5.561170190573E0,-2.020000000640E1));
#1011=LINE('',#1010,#1009);
#1012=DIRECTION('',(0.E0,1.E0,0.E0));
#1013=VECTOR('',#1012,2.127660065889E-1);
#1014=CARTESIAN_POINT('',(-1.78E1,-5.773936197162E0,-2.020000000640E1));
#1015=LINE('',#1014,#1013);
#1016=DIRECTION('',(-6.428711427642E-1,-7.659743427825E-1,0.E0));
#1017=VECTOR('',#1016,2.430502624961E-1);
#1018=CARTESIAN_POINT('',(-1.764375E1,-5.587765932083E0,-2.020000000640E1));
#1019=LINE('',#1018,#1017);
#1020=DIRECTION('',(0.E0,1.E0,0.E0));
#1021=VECTOR('',#1020,1.037234067917E0);
#1022=CARTESIAN_POINT('',(-1.764375E1,-6.625E0,-2.020000000640E1));
#1023=LINE('',#1022,#1021);
#1024=DIRECTION('',(3.646916343690E-1,-9.311283541066E-1,0.E0));
#1025=VECTOR('',#1024,1.428145829364E-1);
#1026=CARTESIAN_POINT('',(-1.639375E1,-6.013297870755E0,-2.020000000640E1));
#1027=LINE('',#1026,#1025);
#1028=DIRECTION('',(6.996248351869E-1,-7.145103848018E-1,0.E0));
#1029=VECTOR('',#1028,1.116669907510E-1);
#1030=CARTESIAN_POINT('',(-1.6471875E1,-5.933510646224E0,-2.020000000640E1));
#1031=LINE('',#1030,#1029);
#1032=DIRECTION('',(8.526534670056E-1,-5.224768561414E-1,0.E0));
#1033=VECTOR('',#1032,1.527095862589E-1);
#1034=CARTESIAN_POINT('',(-1.660208335817E1,-5.853723421693E0,
-2.020000000640E1));
#1035=LINE('',#1034,#1033);
#1036=DIRECTION('',(9.797706943097E-1,-2.001234283435E-1,0.E0));
#1037=VECTOR('',#1036,1.328966914596E-1);
#1038=CARTESIAN_POINT('',(-1.673229164183E1,-5.827127680182E0,
-2.020000000640E1));
#1039=LINE('',#1038,#1037);
#1040=DIRECTION('',(1.E0,0.E0,0.E0));
#1041=VECTOR('',#1040,1.302083581686E-1);
#1042=CARTESIAN_POINT('',(-1.68625E1,-5.827127680182E0,-2.020000000640E1));
#1043=LINE('',#1042,#1041);
#1044=DIRECTION('',(9.797707167625E-1,2.001233184181E-1,0.E0));
#1045=VECTOR('',#1044,1.328967644582E-1);
#1046=CARTESIAN_POINT('',(-1.699270835817E1,-5.853723421693E0,
-2.020000000640E1));
#1047=LINE('',#1046,#1045);
#1048=DIRECTION('',(8.265992787996E-1,5.627909312417E-1,0.E0));
#1049=VECTOR('',#1048,1.890275058392E-1);
#1050=CARTESIAN_POINT('',(-1.714895835817E1,-5.960106387734E0,
-2.020000000640E1));
#1051=LINE('',#1050,#1049);
#1052=DIRECTION('',(0.E0,-1.E0,0.E0));
#1053=VECTOR('',#1052,5.319148302078E-2);
#1054=CARTESIAN_POINT('',(-1.714895835817E1,-5.906914904714E0,
-2.020000000640E1));
#1055=LINE('',#1054,#1053);
#1056=DIRECTION('',(-1.610640957438E-1,-9.869439482880E-1,0.E0));
#1057=VECTOR('',#1056,1.616854222969E-1);
#1058=CARTESIAN_POINT('',(-1.712291664183E1,-5.747340455651E0,
-2.020000000640E1));
#1059=LINE('',#1058,#1057);
#1060=DIRECTION('',(-3.102795357040E-1,-9.506453648566E-1,0.E0));
#1061=VECTOR('',#1060,8.392961454035E-2);
#1062=CARTESIAN_POINT('',(-1.7096875E1,-5.667553156614E0,-2.020000000640E1));
#1063=LINE('',#1062,#1061);
#1064=DIRECTION('',(-5.466227293958E-1,-8.373790012342E-1,0.E0));
#1065=VECTOR('',#1064,9.528209378738E-2);
#1066=CARTESIAN_POINT('',(-1.704479164183E1,-5.587765932083E0,
-2.020000000640E1));
#1067=LINE('',#1066,#1065);
#1068=DIRECTION('',(-8.265992787996E-1,-5.627909312417E-1,0.E0));
#1069=VECTOR('',#1068,9.451375291962E-2);
#1070=CARTESIAN_POINT('',(-1.696666664183E1,-5.534574449062E0,
-2.020000000640E1));
#1071=LINE('',#1070,#1069);
#1072=DIRECTION('',(-9.466499177700E-1,-3.222637633772E-1,0.E0));
#1073=VECTOR('',#1072,8.252786857473E-2);
#1074=CARTESIAN_POINT('',(-1.688854164183E1,-5.507978707552E0,
-2.020000000640E1));
#1075=LINE('',#1074,#1073);
#1076=DIRECTION('',(-1.E0,0.E0,0.E0));
#1077=VECTOR('',#1076,1.5625E-1);
#1078=CARTESIAN_POINT('',(-1.673229164183E1,-5.507978707552E0,
-2.020000000640E1));
#1079=LINE('',#1078,#1077);
#1080=DIRECTION('',(-9.466499177700E-1,3.222637633772E-1,0.E0));
#1081=VECTOR('',#1080,8.252786857473E-2);
#1082=CARTESIAN_POINT('',(-1.665416664183E1,-5.534574449062E0,
-2.020000000640E1));
#1083=LINE('',#1082,#1081);
#1084=DIRECTION('',(-8.265992787996E-1,5.627909312417E-1,0.E0));
#1085=VECTOR('',#1084,9.451375291962E-2);
#1086=CARTESIAN_POINT('',(-1.657604164183E1,-5.587765932083E0,
-2.020000000640E1));
#1087=LINE('',#1086,#1085);
#1088=DIRECTION('',(-5.466227293958E-1,8.373790012342E-1,0.E0));
#1089=VECTOR('',#1088,9.528209378738E-2);
#1090=CARTESIAN_POINT('',(-1.652395828366E1,-5.667553156614E0,
-2.020000000640E1));
#1091=LINE('',#1090,#1089);
#1092=DIRECTION('',(-1.E0,0.E0,0.E0));
#1093=VECTOR('',#1092,1.302082836628E-1);
#1094=CARTESIAN_POINT('',(-1.639375E1,-5.667553156614E0,-2.020000000640E1));
#1095=LINE('',#1094,#1093);
#1096=DIRECTION('',(3.102805998049E-1,-9.506450175458E-1,0.E0));
#1097=VECTOR('',#1096,8.392956682943E-2);
#1098=CARTESIAN_POINT('',(-1.641979171634E1,-5.587765932083E0,
-2.020000000640E1));
#1099=LINE('',#1098,#1097);
#1100=DIRECTION('',(5.919095487496E-1,-8.060043958311E-1,0.E0));
#1101=VECTOR('',#1100,1.319880717671E-1);
#1102=CARTESIAN_POINT('',(-1.649791671634E1,-5.481382966042E0,
-2.020000000640E1));
#1103=LINE('',#1102,#1101);
#1104=DIRECTION('',(8.526533338197E-1,-5.224770734933E-1,0.E0));
#1105=VECTOR('',#1104,1.527095227312E-1);
#1106=CARTESIAN_POINT('',(-1.6628125E1,-5.401595741510E0,-2.020000000640E1));
#1107=LINE('',#1106,#1105);
#1108=DIRECTION('',(9.797707167625E-1,-2.001233184181E-1,0.E0));
#1109=VECTOR('',#1108,1.328967644582E-1);
#1110=CARTESIAN_POINT('',(-1.675833335817E1,-5.375E0,-2.020000000640E1));
#1111=LINE('',#1110,#1109);
#1112=DIRECTION('',(1.E0,0.E0,0.E0));
#1113=VECTOR('',#1112,1.041666418314E-1);
#1114=CARTESIAN_POINT('',(-1.68625E1,-5.375E0,-2.020000000640E1));
#1115=LINE('',#1114,#1113);
#1116=DIRECTION('',(9.797707167625E-1,2.001233184181E-1,0.E0));
#1117=VECTOR('',#1116,1.328967644582E-1);
#1118=CARTESIAN_POINT('',(-1.699270835817E1,-5.401595741510E0,
-2.020000000640E1));
#1119=LINE('',#1118,#1117);
#1120=DIRECTION('',(8.526533338197E-1,5.224770734933E-1,0.E0));
#1121=VECTOR('',#1120,1.527095227312E-1);
#1122=CARTESIAN_POINT('',(-1.712291664183E1,-5.481382966042E0,
-2.020000000640E1));
#1123=LINE('',#1122,#1121);
#1124=DIRECTION('',(5.919097321077E-1,8.060042611774E-1,0.E0));
#1125=VECTOR('',#1124,1.319880938175E-1);
#1126=CARTESIAN_POINT('',(-1.720104167908E1,-5.587765932083E0,
-2.020000000640E1));
#1127=LINE('',#1126,#1125);
#1128=DIRECTION('',(3.646916833695E-1,9.311283349148E-1,0.E0));
#1129=VECTOR('',#1128,1.428146658967E-1);
#1130=CARTESIAN_POINT('',(-1.7253125E1,-5.720744714141E0,-2.020000000640E1));
#1131=LINE('',#1130,#1129);
#1132=DIRECTION('',(1.385322912364E-1,9.903579172626E-1,0.E0));
#1133=VECTOR('',#1132,1.879827356632E-1);
#1134=CARTESIAN_POINT('',(-1.727916667908E1,-5.906914904714E0,
-2.020000000640E1));
#1135=LINE('',#1134,#1133);
#1136=DIRECTION('',(0.E0,1.E0,0.E0));
#1137=VECTOR('',#1136,1.861701905727E-1);
#1138=CARTESIAN_POINT('',(-1.727916667908E1,-6.093085095286E0,
-2.020000000640E1));
#1139=LINE('',#1138,#1137);
#1140=DIRECTION('',(-1.385322640479E-1,9.903579210658E-1,0.E0));
#1141=VECTOR('',#1140,1.879827725569E-1);
#1142=CARTESIAN_POINT('',(-1.7253125E1,-6.279255323112E0,-2.020000000640E1));
#1143=LINE('',#1142,#1141);
#1144=DIRECTION('',(-3.646918162355E-1,9.311282828756E-1,0.E0));
#1145=VECTOR('',#1144,1.428146138658E-1);
#1146=CARTESIAN_POINT('',(-1.720104167908E1,-6.412234049290E0,
-2.020000000640E1));
#1147=LINE('',#1146,#1145);
#1148=DIRECTION('',(-5.919096984443E-1,8.060042858990E-1,0.E0));
#1149=VECTOR('',#1148,1.319881013240E-1);
#1150=CARTESIAN_POINT('',(-1.712291664183E1,-6.518617024645E0,
-2.020000000640E1));
#1151=LINE('',#1150,#1149);
#1152=DIRECTION('',(-8.526533134429E-1,5.224771067470E-1,0.E0));
#1153=VECTOR('',#1152,1.527095263807E-1);
#1154=CARTESIAN_POINT('',(-1.699270835817E1,-6.598404256161E0,
-2.020000000640E1));
#1155=LINE('',#1154,#1153);
#1156=DIRECTION('',(-9.797707133274E-1,2.001233352361E-1,0.E0));
#1157=VECTOR('',#1156,1.328967649241E-1);
#1158=CARTESIAN_POINT('',(-1.68625E1,-6.625E0,-2.020000000640E1));
#1159=LINE('',#1158,#1157);
#1160=DIRECTION('',(-1.E0,0.E0,0.E0));
#1161=VECTOR('',#1160,1.302083581686E-1);
#1162=CARTESIAN_POINT('',(-1.673229164183E1,-6.625E0,-2.020000000640E1));
#1163=LINE('',#1162,#1161);
#1164=DIRECTION('',(-9.797706908745E-1,-2.001234451615E-1,0.E0));
#1165=VECTOR('',#1164,1.328966919255E-1);
#1166=CARTESIAN_POINT('',(-1.660208335817E1,-6.598404256161E0,
-2.020000000640E1));
#1167=LINE('',#1166,#1165);
#1168=DIRECTION('',(-8.526534466288E-1,-5.224768893951E-1,0.E0));
#1169=VECTOR('',#1168,1.527095899083E-1);
#1170=CARTESIAN_POINT('',(-1.6471875E1,-6.518617024645E0,-2.020000000640E1));
#1171=LINE('',#1170,#1169);
#1172=DIRECTION('',(-5.919095150862E-1,-8.060044205527E-1,0.E0));
#1173=VECTOR('',#1172,1.319880792736E-1);
#1174=CARTESIAN_POINT('',(-1.639375E1,-6.412234049290E0,-2.020000000640E1));
#1175=LINE('',#1174,#1173);
#1176=DIRECTION('',(-3.646915900803E-1,-9.311283714530E-1,0.E0));
#1177=VECTOR('',#1176,1.428146002800E-1);
#1178=CARTESIAN_POINT('',(-1.634166671634E1,-6.279255323112E0,
-2.020000000640E1));
#1179=LINE('',#1178,#1177);
#1180=DIRECTION('',(0.E0,-1.E0,0.E0));
#1181=VECTOR('',#1180,1.329787448049E-1);
#1182=CARTESIAN_POINT('',(-1.634166671634E1,-6.146276578307E0,
-2.020000000640E1));
#1183=LINE('',#1182,#1181);
#1184=DIRECTION('',(-6.996244945571E-1,7.145107183351E-1,0.E0));
#1185=VECTOR('',#1184,7.444462574995E-2);
#1186=CARTESIAN_POINT('',(-1.649791671634E1,-6.093085095286E0,
-2.020000000640E1));
#1187=LINE('',#1186,#1185);
#1188=DIRECTION('',(-3.102804688813E-1,9.506450602779E-1,0.E0));
#1189=VECTOR('',#1188,8.392960224371E-2);
#1190=CARTESIAN_POINT('',(-1.6471875E1,-6.172872357070E0,-2.020000000640E1));
#1191=LINE('',#1190,#1189);
#1192=DIRECTION('',(0.E0,1.E0,0.E0));
#1193=VECTOR('',#1192,7.978722453117E-2);
#1194=CARTESIAN_POINT('',(-1.6471875E1,-6.252659581602E0,-2.020000000640E1));
#1195=LINE('',#1194,#1193);
#1196=DIRECTION('',(3.102805998049E-1,9.506450175458E-1,0.E0));
#1197=VECTOR('',#1196,8.392956682943E-2);
#1198=CARTESIAN_POINT('',(-1.649791671634E1,-6.332446806133E0,
-2.020000000640E1));
#1199=LINE('',#1198,#1197);
#1200=DIRECTION('',(5.466220916090E-1,8.373794175671E-1,0.E0));
#1201=VECTOR('',#1200,9.528206865824E-2);
#1202=CARTESIAN_POINT('',(-1.655E1,-6.412234049290E0,-2.020000000640E1));
#1203=LINE('',#1202,#1201);
#1204=DIRECTION('',(8.265992787996E-1,5.627909312417E-1,0.E0));
#1205=VECTOR('',#1204,9.451375291962E-2);
#1206=CARTESIAN_POINT('',(-1.6628125E1,-6.465425532311E0,-2.020000000640E1));
#1207=LINE('',#1206,#1205);
#1208=DIRECTION('',(9.466499177700E-1,3.222637633772E-1,0.E0));
#1209=VECTOR('',#1208,8.252786857473E-2);
#1210=CARTESIAN_POINT('',(-1.670625E1,-6.492021273822E0,-2.020000000640E1));
#1211=LINE('',#1210,#1209);
#1212=DIRECTION('',(1.E0,0.E0,0.E0));
#1213=VECTOR('',#1212,1.822916418314E-1);
#1214=CARTESIAN_POINT('',(-1.688854164183E1,-6.492021273822E0,
-2.020000000640E1));
#1215=LINE('',#1214,#1213);
#1216=DIRECTION('',(9.466499177700E-1,-3.222637633772E-1,0.E0));
#1217=VECTOR('',#1216,8.252786857473E-2);
#1218=CARTESIAN_POINT('',(-1.696666664183E1,-6.465425532311E0,
-2.020000000640E1));
#1219=LINE('',#1218,#1217);
#1220=DIRECTION('',(8.265992787996E-1,-5.627909312417E-1,0.E0));
#1221=VECTOR('',#1220,9.451375291962E-2);
#1222=CARTESIAN_POINT('',(-1.704479164183E1,-6.412234049290E0,
-2.020000000640E1));
#1223=LINE('',#1222,#1221);
#1224=DIRECTION('',(5.466226399153E-1,-8.373790596451E-1,0.E0));
#1225=VECTOR('',#1224,9.528210938478E-2);
#1226=CARTESIAN_POINT('',(-1.7096875E1,-6.332446806133E0,-2.020000000640E1));
#1227=LINE('',#1226,#1225);
#1228=DIRECTION('',(3.102797975506E-1,-9.506452793929E-1,0.E0));
#1229=VECTOR('',#1228,8.392954371175E-2);
#1230=CARTESIAN_POINT('',(-1.712291664183E1,-6.252659581602E0,
-2.020000000640E1));
#1231=LINE('',#1230,#1229);
#1232=DIRECTION('',(0.E0,-1.E0,0.E0));
#1233=VECTOR('',#1232,7.978722453117E-2);
#1234=CARTESIAN_POINT('',(-1.712291664183E1,-6.172872357070E0,
-2.020000000640E1));
#1235=LINE('',#1234,#1233);
#1236=DIRECTION('',(-3.102796666273E-1,-9.506453221247E-1,0.E0));
#1237=VECTOR('',#1236,8.392957912605E-2);
#1238=CARTESIAN_POINT('',(-1.7096875E1,-6.093085095286E0,-2.020000000640E1));
#1239=LINE('',#1238,#1237);
#1240=DIRECTION('',(-6.996250055017E-1,-7.145102180353E-1,0.E0));
#1241=VECTOR('',#1240,7.444467787605E-2);
#1242=CARTESIAN_POINT('',(-1.704479164183E1,-6.039893612266E0,
-2.020000000640E1));
#1243=LINE('',#1242,#1241);
#1244=DIRECTION('',(-8.265992787996E-1,-5.627909312417E-1,0.E0));
#1245=VECTOR('',#1244,9.451375291962E-2);
#1246=CARTESIAN_POINT('',(-1.696666664183E1,-5.986702129245E0,
-2.020000000640E1));
#1247=LINE('',#1246,#1245);
#1248=DIRECTION('',(-9.466499177700E-1,-3.222637633772E-1,0.E0));
#1249=VECTOR('',#1248,8.252786857473E-2);
#1250=CARTESIAN_POINT('',(-1.688854164183E1,-5.960106387734E0,
-2.020000000640E1));
#1251=LINE('',#1250,#1249);
#1252=DIRECTION('',(-1.E0,0.E0,0.E0));
#1253=VECTOR('',#1252,1.822916418314E-1);
#1254=CARTESIAN_POINT('',(-1.670625E1,-5.960106387734E0,-2.020000000640E1));
#1255=LINE('',#1254,#1253);
#1256=DIRECTION('',(-9.466499177700E-1,3.222637633772E-1,0.E0));
#1257=VECTOR('',#1256,8.252786857473E-2);
#1258=CARTESIAN_POINT('',(-1.6628125E1,-5.986702129245E0,-2.020000000640E1));
#1259=LINE('',#1258,#1257);
#1260=DIRECTION('',(-8.265992787996E-1,5.627909312417E-1,0.E0));
#1261=VECTOR('',#1260,9.451375291962E-2);
#1262=CARTESIAN_POINT('',(-1.655E1,-6.039893612266E0,-2.020000000640E1));
#1263=LINE('',#1262,#1261);
#1264=DIRECTION('',(0.E0,0.E0,-1.E0));
#1265=VECTOR('',#1264,2.000000064E-1);
#1266=CARTESIAN_POINT('',(-1.55E1,6.E0,-2.E1));
#1267=LINE('',#1266,#1265);
#1268=CARTESIAN_POINT('',(-2.37E1,1.08E1,-2.E1));
#1269=DIRECTION('',(0.E0,0.E0,1.E0));
#1270=DIRECTION('',(-7.216024245882E-1,6.923076923077E-1,0.E0));
#1271=AXIS2_PLACEMENT_3D('',#1268,#1269,#1270);
#1273=CARTESIAN_POINT('',(-2.261696711286E1,6.690311475868E0,-2.E1));
#1274=DIRECTION('',(0.E0,0.E0,1.E0));
#1275=DIRECTION('',(6.719789686663E-1,7.405702300728E-1,0.E0));
#1276=AXIS2_PLACEMENT_3D('',#1273,#1274,#1275);
#1278=CARTESIAN_POINT('',(-1.55E1,5.6E0,-2.E1));
#1279=DIRECTION('',(0.E0,0.E0,-1.E0));
#1280=DIRECTION('',(-1.E0,0.E0,0.E0));
#1281=AXIS2_PLACEMENT_3D('',#1278,#1279,#1280);
#1283=DIRECTION('',(1.904034404393E-14,1.E0,0.E0));
#1284=VECTOR('',#1283,9.516025403784E0);
#1285=CARTESIAN_POINT('',(-2.22E1,-3.916025403784E0,-2.E1));
#1286=LINE('',#1285,#1284);
#1287=CARTESIAN_POINT('',(-2.27E1,-3.05E0,-2.E1));
#1288=DIRECTION('',(0.E0,0.E0,1.E0));
#1289=DIRECTION('',(0.E0,-1.E0,0.E0));
#1290=AXIS2_PLACEMENT_3D('',#1287,#1288,#1289);
#1292=DIRECTION('',(-1.E0,0.E0,0.E0));
#1293=VECTOR('',#1292,2.5E0);
#1294=CARTESIAN_POINT('',(-2.27E1,-4.05E0,-2.E1));
#1295=LINE('',#1294,#1293);
#1296=CARTESIAN_POINT('',(-2.52E1,-7.3E0,-2.E1));
#1297=DIRECTION('',(0.E0,0.E0,1.E0));
#1298=DIRECTION('',(0.E0,1.E0,0.E0));
#1299=AXIS2_PLACEMENT_3D('',#1296,#1297,#1298);
#1301=DIRECTION('',(0.E0,-1.E0,0.E0));
#1302=VECTOR('',#1301,4.784349485562E0);
#1303=CARTESIAN_POINT('',(-2.74E1,-4.907825257219E0,-2.E1));
#1304=LINE('',#1303,#1302);
#1305=CARTESIAN_POINT('',(-2.52E1,-7.3E0,-2.E1));
#1306=DIRECTION('',(0.E0,0.E0,1.E0));
#1307=DIRECTION('',(-6.769230769231E-1,-7.360537670096E-1,0.E0));
#1308=AXIS2_PLACEMENT_3D('',#1305,#1306,#1307);
#1310=DIRECTION('',(1.E0,0.E0,0.E0));
#1311=VECTOR('',#1310,5.184748069044E0);
#1312=CARTESIAN_POINT('',(-2.52E1,-1.055E1,-2.E1));
#1313=LINE('',#1312,#1311);
#1314=CARTESIAN_POINT('',(-1.55E1,-5.6E0,-2.E1));
#1315=DIRECTION('',(0.E0,0.E0,-1.E0));
#1316=DIRECTION('',(0.E0,-1.E0,0.E0));
#1317=AXIS2_PLACEMENT_3D('',#1314,#1315,#1316);
#1319=DIRECTION('',(-1.E0,0.E0,0.E0));
#1320=VECTOR('',#1319,3.1E1);
#1321=CARTESIAN_POINT('',(1.55E1,-1.23E1,-2.E1));
#1322=LINE('',#1321,#1320);
#1323=CARTESIAN_POINT('',(1.55E1,-5.6E0,-2.E1));
#1324=DIRECTION('',(0.E0,0.E0,-1.E0));
#1325=DIRECTION('',(6.739181986501E-1,-7.388059701493E-1,0.E0));
#1326=AXIS2_PLACEMENT_3D('',#1323,#1324,#1325);
#1328=DIRECTION('',(1.E0,0.E0,0.E0));
#1329=VECTOR('',#1328,5.184748069044E0);
#1330=CARTESIAN_POINT('',(2.001525193096E1,-1.055E1,-2.E1));
#1331=LINE('',#1330,#1329);
#1332=CARTESIAN_POINT('',(2.52E1,-7.3E0,-2.E1));
#1333=DIRECTION('',(0.E0,0.E0,1.E0));
#1334=DIRECTION('',(0.E0,-1.E0,0.E0));
#1335=AXIS2_PLACEMENT_3D('',#1332,#1333,#1334);
#1337=DIRECTION('',(0.E0,1.E0,0.E0));
#1338=VECTOR('',#1337,4.784349485562E0);
#1339=CARTESIAN_POINT('',(2.74E1,-9.692174742781E0,-2.E1));
#1340=LINE('',#1339,#1338);
#1341=CARTESIAN_POINT('',(2.52E1,-7.3E0,-2.E1));
#1342=DIRECTION('',(0.E0,0.E0,1.E0));
#1343=DIRECTION('',(6.769230769231E-1,7.360537670096E-1,0.E0));
#1344=AXIS2_PLACEMENT_3D('',#1341,#1342,#1343);
#1346=DIRECTION('',(-1.E0,0.E0,0.E0));
#1347=VECTOR('',#1346,2.5E0);
#1348=CARTESIAN_POINT('',(2.52E1,-4.05E0,-2.E1));
#1349=LINE('',#1348,#1347);
#1350=CARTESIAN_POINT('',(2.27E1,-3.05E0,-2.E1));
#1351=DIRECTION('',(0.E0,0.E0,1.E0));
#1352=DIRECTION('',(-5.E-1,-8.660254037844E-1,0.E0));
#1353=AXIS2_PLACEMENT_3D('',#1350,#1351,#1352);
#1355=DIRECTION('',(2.240040475756E-14,-1.E0,0.E0));
#1356=VECTOR('',#1355,9.516025403784E0);
#1357=CARTESIAN_POINT('',(2.22E1,5.6E0,-2.E1));
#1358=LINE('',#1357,#1356);
#1359=CARTESIAN_POINT('',(1.55E1,5.6E0,-2.E1));
#1360=DIRECTION('',(0.E0,0.E0,-1.E0));
#1361=DIRECTION('',(9.619385289848E-1,2.732659262598E-1,0.E0));
#1362=AXIS2_PLACEMENT_3D('',#1359,#1360,#1361);
#1364=CARTESIAN_POINT('',(2.261696711286E1,6.690311475868E0,-2.E1));
#1365=DIRECTION('',(0.E0,0.E0,1.E0));
#1366=DIRECTION('',(2.548312675614E-1,9.669855350899E-1,0.E0));
#1367=AXIS2_PLACEMENT_3D('',#1364,#1365,#1366);
#1369=CARTESIAN_POINT('',(2.37E1,1.08E1,-2.E1));
#1370=DIRECTION('',(0.E0,0.E0,1.E0));
#1371=DIRECTION('',(-2.548312675614E-1,-9.669855350899E-1,0.E0));
#1372=AXIS2_PLACEMENT_3D('',#1369,#1370,#1371);
#1374=DIRECTION('',(-1.E0,0.E0,0.E0));
#1375=VECTOR('',#1374,4.690415759823E0);
#1376=CARTESIAN_POINT('',(2.604520787991E1,1.305E1,-2.E1));
#1377=LINE('',#1376,#1375);
#1378=CARTESIAN_POINT('',(2.37E1,1.08E1,-2.E1));
#1379=DIRECTION('',(0.E0,0.E0,1.E0));
#1380=DIRECTION('',(-7.216024245882E-1,6.923076923077E-1,0.E0));
#1381=AXIS2_PLACEMENT_3D('',#1378,#1379,#1380);
#1383=CARTESIAN_POINT('',(1.995E1,1.28E1,-2.E1));
#1384=DIRECTION('',(0.E0,0.E0,1.E0));
#1385=DIRECTION('',(0.E0,-1.E0,0.E0));
#1386=AXIS2_PLACEMENT_3D('',#1383,#1384,#1385);
#1388=DIRECTION('',(-1.E0,0.E0,0.E0));
#1389=VECTOR('',#1388,1.910314980160E0);
#1390=CARTESIAN_POINT('',(1.995E1,1.18E1,-2.E1));
#1391=LINE('',#1390,#1389);
#1392=CARTESIAN_POINT('',(1.55E1,5.6E0,-2.E1));
#1393=DIRECTION('',(0.E0,0.E0,-1.E0));
#1394=DIRECTION('',(0.E0,1.E0,0.E0));
#1395=AXIS2_PLACEMENT_3D('',#1392,#1393,#1394);
#1397=DIRECTION('',(1.E0,0.E0,0.E0));
#1398=VECTOR('',#1397,3.1E1);
#1399=CARTESIAN_POINT('',(-1.55E1,1.23E1,-2.E1));
#1400=LINE('',#1399,#1398);
#1401=CARTESIAN_POINT('',(-1.55E1,5.6E0,-2.E1));
#1402=DIRECTION('',(0.E0,0.E0,-1.E0));
#1403=DIRECTION('',(-3.790574656478E-1,9.253731343284E-1,0.E0));
#1404=AXIS2_PLACEMENT_3D('',#1401,#1402,#1403);
#1406=DIRECTION('',(-1.E0,0.E0,0.E0));
#1407=VECTOR('',#1406,1.910314980160E0);
#1408=CARTESIAN_POINT('',(-1.803968501984E1,1.18E1,-2.E1));
#1409=LINE('',#1408,#1407);
#1410=CARTESIAN_POINT('',(-1.995E1,1.28E1,-2.E1));
#1411=DIRECTION('',(0.E0,0.E0,1.E0));
#1412=DIRECTION('',(-8.823529411765E-1,-4.705882352941E-1,0.E0));
#1413=AXIS2_PLACEMENT_3D('',#1410,#1411,#1412);
#1415=CARTESIAN_POINT('',(-2.37E1,1.08E1,-2.E1));
#1416=DIRECTION('',(0.E0,0.E0,1.E0));
#1417=DIRECTION('',(8.823529411765E-1,4.705882352941E-1,0.E0));
#1418=AXIS2_PLACEMENT_3D('',#1415,#1416,#1417);
#1420=DIRECTION('',(-1.E0,0.E0,0.E0));
#1421=VECTOR('',#1420,4.690415759823E0);
#1422=CARTESIAN_POINT('',(-2.135479212009E1,1.305E1,-2.E1));
#1423=LINE('',#1422,#1421);
#1424=CARTESIAN_POINT('',(-2.54E1,1.105E1,-2.E1));
#1425=DIRECTION('',(0.E0,0.E0,1.E0));
#1426=DIRECTION('',(0.E0,1.E0,0.E0));
#1427=AXIS2_PLACEMENT_3D('',#1424,#1425,#1426);
#1429=DIRECTION('',(-1.E0,0.E0,0.E0));
#1430=VECTOR('',#1429,5.08E1);
#1431=CARTESIAN_POINT('',(2.54E1,1.555E1,-2.E1));
#1432=LINE('',#1431,#1430);
#1433=CARTESIAN_POINT('',(2.54E1,1.105E1,-2.E1));
#1434=DIRECTION('',(0.E0,0.E0,1.E0));
#1435=DIRECTION('',(1.E0,0.E0,0.E0));
#1436=AXIS2_PLACEMENT_3D('',#1433,#1434,#1435);
#1438=DIRECTION('',(0.E0,1.E0,0.E0));
#1439=VECTOR('',#1438,2.21E1);
#1440=CARTESIAN_POINT('',(2.99E1,-1.105E1,-2.E1));
#1441=LINE('',#1440,#1439);
#1442=CARTESIAN_POINT('',(2.54E1,-1.105E1,-2.E1));
#1443=DIRECTION('',(0.E0,0.E0,1.E0));
#1444=DIRECTION('',(0.E0,-1.E0,0.E0));
#1445=AXIS2_PLACEMENT_3D('',#1442,#1443,#1444);
#1447=DIRECTION('',(1.E0,0.E0,0.E0));
#1448=VECTOR('',#1447,5.08E1);
#1449=CARTESIAN_POINT('',(-2.54E1,-1.555E1,-2.E1));
#1450=LINE('',#1449,#1448);
#1451=CARTESIAN_POINT('',(-2.54E1,-1.105E1,-2.E1));
#1452=DIRECTION('',(0.E0,0.E0,1.E0));
#1453=DIRECTION('',(-1.E0,0.E0,0.E0));
#1454=AXIS2_PLACEMENT_3D('',#1451,#1452,#1453);
#1456=DIRECTION('',(0.E0,-1.E0,0.E0));
#1457=VECTOR('',#1456,2.21E1);
#1458=CARTESIAN_POINT('',(-2.99E1,1.105E1,-2.E1));
#1459=LINE('',#1458,#1457);
#1460=CARTESIAN_POINT('',(-1.7E1,6.E0,-2.E1));
#1461=DIRECTION('',(0.E0,0.E0,1.E0));
#1462=DIRECTION('',(1.E0,0.E0,0.E0));
#1463=AXIS2_PLACEMENT_3D('',#1460,#1461,#1462);
#1465=CARTESIAN_POINT('',(-1.7E1,6.E0,-2.E1));
#1466=DIRECTION('',(0.E0,0.E0,1.E0));
#1467=DIRECTION('',(-1.E0,0.E0,0.E0));
#1468=AXIS2_PLACEMENT_3D('',#1465,#1466,#1467);
#1470=CARTESIAN_POINT('',(-1.7E1,0.E0,-2.E1));
#1471=DIRECTION('',(0.E0,0.E0,1.E0));
#1472=DIRECTION('',(1.E0,0.E0,0.E0));
#1473=AXIS2_PLACEMENT_3D('',#1470,#1471,#1472);
#1475=CARTESIAN_POINT('',(-1.7E1,0.E0,-2.E1));
#1476=DIRECTION('',(0.E0,0.E0,1.E0));
#1477=DIRECTION('',(-1.E0,0.E0,0.E0));
#1478=AXIS2_PLACEMENT_3D('',#1475,#1476,#1477);
#1480=CARTESIAN_POINT('',(-1.7E1,-6.E0,-2.E1));
#1481=DIRECTION('',(0.E0,0.E0,1.E0));
#1482=DIRECTION('',(1.E0,0.E0,0.E0));
#1483=AXIS2_PLACEMENT_3D('',#1480,#1481,#1482);
#1485=CARTESIAN_POINT('',(-1.7E1,-6.E0,-2.E1));
#1486=DIRECTION('',(0.E0,0.E0,1.E0));
#1487=DIRECTION('',(-1.E0,0.E0,0.E0));
#1488=AXIS2_PLACEMENT_3D('',#1485,#1486,#1487);
#1490=DIRECTION('',(0.E0,1.E0,0.E0));
#1491=VECTOR('',#1490,2.225E0);
#1492=CARTESIAN_POINT('',(5.925E0,-1.03E1,-2.E1));
#1493=LINE('',#1492,#1491);
#1494=CARTESIAN_POINT('',(5.25E0,-8.075E0,-2.E1));
#1495=DIRECTION('',(0.E0,0.E0,1.E0));
#1496=DIRECTION('',(1.E0,0.E0,0.E0));
#1497=AXIS2_PLACEMENT_3D('',#1494,#1495,#1496);
#1499=DIRECTION('',(0.E0,-1.E0,0.E0));
#1500=VECTOR('',#1499,2.225E0);
#1501=CARTESIAN_POINT('',(4.575E0,-8.075E0,-2.E1));
#1502=LINE('',#1501,#1500);
#1503=DIRECTION('',(0.E0,1.E0,0.E0));
#1504=VECTOR('',#1503,1.2E0);
#1505=CARTESIAN_POINT('',(2.25E0,-1.03E1,-2.E1));
#1506=LINE('',#1505,#1504);
#1507=CARTESIAN_POINT('',(1.75E0,-9.1E0,-2.E1));
#1508=DIRECTION('',(0.E0,0.E0,1.E0));
#1509=DIRECTION('',(1.E0,0.E0,0.E0));
#1510=AXIS2_PLACEMENT_3D('',#1507,#1508,#1509);
#1512=DIRECTION('',(0.E0,-1.E0,0.E0));
#1513=VECTOR('',#1512,1.2E0);
#1514=CARTESIAN_POINT('',(1.25E0,-9.1E0,-2.E1));
#1515=LINE('',#1514,#1513);
#1516=DIRECTION('',(0.E0,1.E0,0.E0));
#1517=VECTOR('',#1516,1.2E0);
#1518=CARTESIAN_POINT('',(-1.25E0,-1.03E1,-2.E1));
#1519=LINE('',#1518,#1517);
#1520=CARTESIAN_POINT('',(-1.75E0,-9.1E0,-2.E1));
#1521=DIRECTION('',(0.E0,0.E0,1.E0));
#1522=DIRECTION('',(1.E0,0.E0,0.E0));
#1523=AXIS2_PLACEMENT_3D('',#1520,#1521,#1522);
#1525=DIRECTION('',(0.E0,-1.E0,0.E0));
#1526=VECTOR('',#1525,1.2E0);
#1527=CARTESIAN_POINT('',(-2.25E0,-9.1E0,-2.E1));
#1528=LINE('',#1527,#1526);
#1529=DIRECTION('',(0.E0,1.E0,0.E0));
#1530=VECTOR('',#1529,1.2E0);
#1531=CARTESIAN_POINT('',(-4.75E0,-1.03E1,-2.E1));
#1532=LINE('',#1531,#1530);
#1533=CARTESIAN_POINT('',(-5.25E0,-9.1E0,-2.E1));
#1534=DIRECTION('',(0.E0,0.E0,1.E0));
#1535=DIRECTION('',(1.E0,0.E0,0.E0));
#1536=AXIS2_PLACEMENT_3D('',#1533,#1534,#1535);
#1538=DIRECTION('',(0.E0,-1.E0,0.E0));
#1539=VECTOR('',#1538,1.2E0);
#1540=CARTESIAN_POINT('',(-5.75E0,-9.1E0,-2.E1));
#1541=LINE('',#1540,#1539);
#1542=DIRECTION('',(0.E0,1.E0,0.E0));
#1543=VECTOR('',#1542,1.2E0);
#1544=CARTESIAN_POINT('',(-8.25E0,-1.03E1,-2.E1));
#1545=LINE('',#1544,#1543);
#1546=CARTESIAN_POINT('',(-8.75E0,-9.1E0,-2.E1));
#1547=DIRECTION('',(0.E0,0.E0,1.E0));
#1548=DIRECTION('',(1.E0,0.E0,0.E0));
#1549=AXIS2_PLACEMENT_3D('',#1546,#1547,#1548);
#1551=DIRECTION('',(0.E0,-1.E0,0.E0));
#1552=VECTOR('',#1551,1.2E0);
#1553=CARTESIAN_POINT('',(-9.25E0,-9.1E0,-2.E1));
#1554=LINE('',#1553,#1552);
#1555=DIRECTION('',(0.E0,1.E0,0.E0));
#1556=VECTOR('',#1555,1.2E0);
#1557=CARTESIAN_POINT('',(-1.175E1,-1.03E1,-2.E1));
#1558=LINE('',#1557,#1556);
#1559=CARTESIAN_POINT('',(-1.225E1,-9.1E0,-2.E1));
#1560=DIRECTION('',(0.E0,0.E0,1.E0));
#1561=DIRECTION('',(1.E0,0.E0,0.E0));
#1562=AXIS2_PLACEMENT_3D('',#1559,#1560,#1561);
#1564=DIRECTION('',(0.E0,-1.E0,0.E0));
#1565=VECTOR('',#1564,1.2E0);
#1566=CARTESIAN_POINT('',(-1.275E1,-9.1E0,-2.E1));
#1567=LINE('',#1566,#1565);
#1568=DIRECTION('',(1.E0,0.E0,0.E0));
#1569=VECTOR('',#1568,1.2E0);
#1570=CARTESIAN_POINT('',(-2.02E1,-5.2E0,-2.E1));
#1571=LINE('',#1570,#1569);
#1572=CARTESIAN_POINT('',(-1.9E1,-4.7E0,-2.E1));
#1573=DIRECTION('',(0.E0,0.E0,1.E0));
#1574=DIRECTION('',(0.E0,-1.E0,0.E0));
#1575=AXIS2_PLACEMENT_3D('',#1572,#1573,#1574);
#1577=DIRECTION('',(-1.E0,0.E0,0.E0));
#1578=VECTOR('',#1577,1.2E0);
#1579=CARTESIAN_POINT('',(-1.9E1,-4.2E0,-2.E1));
#1580=LINE('',#1579,#1578);
#1581=DIRECTION('',(1.E0,0.E0,0.E0));
#1582=VECTOR('',#1581,1.2E0);
#1583=CARTESIAN_POINT('',(-2.02E1,4.2E0,-2.E1));
#1584=LINE('',#1583,#1582);
#1585=CARTESIAN_POINT('',(-1.9E1,4.7E0,-2.E1));
#1586=DIRECTION('',(0.E0,0.E0,1.E0));
#1587=DIRECTION('',(0.E0,-1.E0,0.E0));
#1588=AXIS2_PLACEMENT_3D('',#1585,#1586,#1587);
#1590=DIRECTION('',(-1.E0,0.E0,0.E0));
#1591=VECTOR('',#1590,1.2E0);
#1592=CARTESIAN_POINT('',(-1.9E1,5.2E0,-2.E1));
#1593=LINE('',#1592,#1591);
#1594=DIRECTION('',(0.E0,-1.E0,0.E0));
#1595=VECTOR('',#1594,1.2E0);
#1596=CARTESIAN_POINT('',(-1.275E1,1.03E1,-2.E1));
#1597=LINE('',#1596,#1595);
#1598=CARTESIAN_POINT('',(-1.225E1,9.1E0,-2.E1));
#1599=DIRECTION('',(0.E0,0.E0,1.E0));
#1600=DIRECTION('',(-1.E0,0.E0,0.E0));
#1601=AXIS2_PLACEMENT_3D('',#1598,#1599,#1600);
#1603=DIRECTION('',(0.E0,1.E0,0.E0));
#1604=VECTOR('',#1603,1.2E0);
#1605=CARTESIAN_POINT('',(-1.175E1,9.1E0,-2.E1));
#1606=LINE('',#1605,#1604);
#1607=DIRECTION('',(0.E0,-1.E0,0.E0));
#1608=VECTOR('',#1607,1.2E0);
#1609=CARTESIAN_POINT('',(-9.25E0,1.03E1,-2.E1));
#1610=LINE('',#1609,#1608);
#1611=CARTESIAN_POINT('',(-8.75E0,9.1E0,-2.E1));
#1612=DIRECTION('',(0.E0,0.E0,1.E0));
#1613=DIRECTION('',(-1.E0,0.E0,0.E0));
#1614=AXIS2_PLACEMENT_3D('',#1611,#1612,#1613);
#1616=DIRECTION('',(0.E0,1.E0,0.E0));
#1617=VECTOR('',#1616,1.2E0);
#1618=CARTESIAN_POINT('',(-8.25E0,9.1E0,-2.E1));
#1619=LINE('',#1618,#1617);
#1620=DIRECTION('',(0.E0,-1.E0,0.E0));
#1621=VECTOR('',#1620,1.2E0);
#1622=CARTESIAN_POINT('',(-5.75E0,1.03E1,-2.E1));
#1623=LINE('',#1622,#1621);
#1624=CARTESIAN_POINT('',(-5.25E0,9.1E0,-2.E1));
#1625=DIRECTION('',(0.E0,0.E0,1.E0));
#1626=DIRECTION('',(-1.E0,0.E0,0.E0));
#1627=AXIS2_PLACEMENT_3D('',#1624,#1625,#1626);
#1629=DIRECTION('',(0.E0,1.E0,0.E0));
#1630=VECTOR('',#1629,1.2E0);
#1631=CARTESIAN_POINT('',(-4.75E0,9.1E0,-2.E1));
#1632=LINE('',#1631,#1630);
#1633=DIRECTION('',(0.E0,-1.E0,0.E0));
#1634=VECTOR('',#1633,2.225E0);
#1635=CARTESIAN_POINT('',(-2.425E0,1.03E1,-2.E1));
#1636=LINE('',#1635,#1634);
#1637=CARTESIAN_POINT('',(-1.75E0,8.075E0,-2.E1));
#1638=DIRECTION('',(0.E0,0.E0,1.E0));
#1639=DIRECTION('',(-1.E0,0.E0,0.E0));
#1640=AXIS2_PLACEMENT_3D('',#1637,#1638,#1639);
#1642=DIRECTION('',(0.E0,1.E0,0.E0));
#1643=VECTOR('',#1642,2.225E0);
#1644=CARTESIAN_POINT('',(-1.075E0,8.075E0,-2.E1));
#1645=LINE('',#1644,#1643);
#1646=DIRECTION('',(0.E0,-1.E0,0.E0));
#1647=VECTOR('',#1646,1.2E0);
#1648=CARTESIAN_POINT('',(1.25E0,1.03E1,-2.E1));
#1649=LINE('',#1648,#1647);
#1650=CARTESIAN_POINT('',(1.75E0,9.1E0,-2.E1));
#1651=DIRECTION('',(0.E0,0.E0,1.E0));
#1652=DIRECTION('',(-1.E0,0.E0,0.E0));
#1653=AXIS2_PLACEMENT_3D('',#1650,#1651,#1652);
#1655=DIRECTION('',(0.E0,1.E0,0.E0));
#1656=VECTOR('',#1655,1.2E0);
#1657=CARTESIAN_POINT('',(2.25E0,9.1E0,-2.E1));
#1658=LINE('',#1657,#1656);
#1659=DIRECTION('',(0.E0,-1.E0,0.E0));
#1660=VECTOR('',#1659,1.2E0);
#1661=CARTESIAN_POINT('',(4.75E0,1.03E1,-2.E1));
#1662=LINE('',#1661,#1660);
#1663=CARTESIAN_POINT('',(5.25E0,9.1E0,-2.E1));
#1664=DIRECTION('',(0.E0,0.E0,1.E0));
#1665=DIRECTION('',(-1.E0,0.E0,0.E0));
#1666=AXIS2_PLACEMENT_3D('',#1663,#1664,#1665);
#1668=DIRECTION('',(0.E0,1.E0,0.E0));
#1669=VECTOR('',#1668,1.2E0);
#1670=CARTESIAN_POINT('',(5.75E0,9.1E0,-2.E1));
#1671=LINE('',#1670,#1669);
#1672=DIRECTION('',(0.E0,-1.E0,0.E0));
#1673=VECTOR('',#1672,1.2E0);
#1674=CARTESIAN_POINT('',(8.25E0,1.03E1,-2.E1));
#1675=LINE('',#1674,#1673);
#1676=CARTESIAN_POINT('',(8.75E0,9.1E0,-2.E1));
#1677=DIRECTION('',(0.E0,0.E0,1.E0));
#1678=DIRECTION('',(-1.E0,0.E0,0.E0));
#1679=AXIS2_PLACEMENT_3D('',#1676,#1677,#1678);
#1681=DIRECTION('',(0.E0,1.E0,0.E0));
#1682=VECTOR('',#1681,1.2E0);
#1683=CARTESIAN_POINT('',(9.25E0,9.1E0,-2.E1));
#1684=LINE('',#1683,#1682);
#1685=DIRECTION('',(0.E0,-1.E0,0.E0));
#1686=VECTOR('',#1685,1.2E0);
#1687=CARTESIAN_POINT('',(1.175E1,1.03E1,-2.E1));
#1688=LINE('',#1687,#1686);
#1689=CARTESIAN_POINT('',(1.225E1,9.1E0,-2.E1));
#1690=DIRECTION('',(0.E0,0.E0,1.E0));
#1691=DIRECTION('',(-1.E0,0.E0,0.E0));
#1692=AXIS2_PLACEMENT_3D('',#1689,#1690,#1691);
#1694=DIRECTION('',(0.E0,1.E0,0.E0));
#1695=VECTOR('',#1694,1.2E0);
#1696=CARTESIAN_POINT('',(1.275E1,9.1E0,-2.E1));
#1697=LINE('',#1696,#1695);
#1698=DIRECTION('',(-1.E0,0.E0,0.E0));
#1699=VECTOR('',#1698,1.2E0);
#1700=CARTESIAN_POINT('',(2.02E1,5.2E0,-2.E1));
#1701=LINE('',#1700,#1699);
#1702=CARTESIAN_POINT('',(1.9E1,4.7E0,-2.E1));
#1703=DIRECTION('',(0.E0,0.E0,1.E0));
#1704=DIRECTION('',(0.E0,1.E0,0.E0));
#1705=AXIS2_PLACEMENT_3D('',#1702,#1703,#1704);
#1707=DIRECTION('',(1.E0,0.E0,0.E0));
#1708=VECTOR('',#1707,1.2E0);
#1709=CARTESIAN_POINT('',(1.9E1,4.2E0,-2.E1));
#1710=LINE('',#1709,#1708);
#1711=DIRECTION('',(-1.E0,0.E0,0.E0));
#1712=VECTOR('',#1711,1.2E0);
#1713=CARTESIAN_POINT('',(2.02E1,-4.2E0,-2.E1));
#1714=LINE('',#1713,#1712);
#1715=CARTESIAN_POINT('',(1.9E1,-4.7E0,-2.E1));
#1716=DIRECTION('',(0.E0,0.E0,1.E0));
#1717=DIRECTION('',(0.E0,1.E0,0.E0));
#1718=AXIS2_PLACEMENT_3D('',#1715,#1716,#1717);
#1720=DIRECTION('',(1.E0,0.E0,0.E0));
#1721=VECTOR('',#1720,1.2E0);
#1722=CARTESIAN_POINT('',(1.9E1,-5.2E0,-2.E1));
#1723=LINE('',#1722,#1721);
#1724=DIRECTION('',(0.E0,1.E0,0.E0));
#1725=VECTOR('',#1724,1.2E0);
#1726=CARTESIAN_POINT('',(1.275E1,-1.03E1,-2.E1));
#1727=LINE('',#1726,#1725);
#1728=CARTESIAN_POINT('',(1.225E1,-9.1E0,-2.E1));
#1729=DIRECTION('',(0.E0,0.E0,1.E0));
#1730=DIRECTION('',(1.E0,0.E0,0.E0));
#1731=AXIS2_PLACEMENT_3D('',#1728,#1729,#1730);
#1733=DIRECTION('',(0.E0,-1.E0,0.E0));
#1734=VECTOR('',#1733,1.2E0);
#1735=CARTESIAN_POINT('',(1.175E1,-9.1E0,-2.E1));
#1736=LINE('',#1735,#1734);
#1737=DIRECTION('',(0.E0,1.E0,0.E0));
#1738=VECTOR('',#1737,1.2E0);
#1739=CARTESIAN_POINT('',(9.25E0,-1.03E1,-2.E1));
#1740=LINE('',#1739,#1738);
#1741=CARTESIAN_POINT('',(8.75E0,-9.1E0,-2.E1));
#1742=DIRECTION('',(0.E0,0.E0,1.E0));
#1743=DIRECTION('',(1.E0,0.E0,0.E0));
#1744=AXIS2_PLACEMENT_3D('',#1741,#1742,#1743);
#1746=DIRECTION('',(0.E0,-1.E0,0.E0));
#1747=VECTOR('',#1746,1.2E0);
#1748=CARTESIAN_POINT('',(8.25E0,-9.1E0,-2.E1));
#1749=LINE('',#1748,#1747);
#1750=CARTESIAN_POINT('',(-1.4E1,4.E0,-2.E1));
#1751=DIRECTION('',(0.E0,0.E0,-1.E0));
#1752=DIRECTION('',(0.E0,1.E0,0.E0));
#1753=AXIS2_PLACEMENT_3D('',#1750,#1751,#1752);
#1755=CARTESIAN_POINT('',(-1.4E1,4.E0,-2.E1));
#1756=DIRECTION('',(0.E0,0.E0,-1.E0));
#1757=DIRECTION('',(0.E0,-1.E0,0.E0));
#1758=AXIS2_PLACEMENT_3D('',#1755,#1756,#1757);
#1760=CARTESIAN_POINT('',(-1.E1,4.E0,-2.E1));
#1761=DIRECTION('',(0.E0,0.E0,-1.E0));
#1762=DIRECTION('',(0.E0,1.E0,0.E0));
#1763=AXIS2_PLACEMENT_3D('',#1760,#1761,#1762);
#1765=CARTESIAN_POINT('',(-1.E1,4.E0,-2.E1));
#1766=DIRECTION('',(0.E0,0.E0,-1.E0));
#1767=DIRECTION('',(0.E0,-1.E0,0.E0));
#1768=AXIS2_PLACEMENT_3D('',#1765,#1766,#1767);
#1770=CARTESIAN_POINT('',(-6.E0,4.E0,-2.E1));
#1771=DIRECTION('',(0.E0,0.E0,-1.E0));
#1772=DIRECTION('',(0.E0,1.E0,0.E0));
#1773=AXIS2_PLACEMENT_3D('',#1770,#1771,#1772);
#1775=CARTESIAN_POINT('',(-6.E0,4.E0,-2.E1));
#1776=DIRECTION('',(0.E0,0.E0,-1.E0));
#1777=DIRECTION('',(0.E0,-1.E0,0.E0));
#1778=AXIS2_PLACEMENT_3D('',#1775,#1776,#1777);
#1780=CARTESIAN_POINT('',(-2.E0,4.E0,-2.E1));
#1781=DIRECTION('',(0.E0,0.E0,-1.E0));
#1782=DIRECTION('',(0.E0,1.E0,0.E0));
#1783=AXIS2_PLACEMENT_3D('',#1780,#1781,#1782);
#1785=CARTESIAN_POINT('',(-2.E0,4.E0,-2.E1));
#1786=DIRECTION('',(0.E0,0.E0,-1.E0));
#1787=DIRECTION('',(0.E0,-1.E0,0.E0));
#1788=AXIS2_PLACEMENT_3D('',#1785,#1786,#1787);
#1790=CARTESIAN_POINT('',(2.E0,4.E0,-2.E1));
#1791=DIRECTION('',(0.E0,0.E0,-1.E0));
#1792=DIRECTION('',(0.E0,1.E0,0.E0));
#1793=AXIS2_PLACEMENT_3D('',#1790,#1791,#1792);
#1795=CARTESIAN_POINT('',(2.E0,4.E0,-2.E1));
#1796=DIRECTION('',(0.E0,0.E0,-1.E0));
#1797=DIRECTION('',(0.E0,-1.E0,0.E0));
#1798=AXIS2_PLACEMENT_3D('',#1795,#1796,#1797);
#1800=CARTESIAN_POINT('',(6.E0,4.E0,-2.E1));
#1801=DIRECTION('',(0.E0,0.E0,-1.E0));
#1802=DIRECTION('',(0.E0,1.E0,0.E0));
#1803=AXIS2_PLACEMENT_3D('',#1800,#1801,#1802);
#1805=CARTESIAN_POINT('',(6.E0,4.E0,-2.E1));
#1806=DIRECTION('',(0.E0,0.E0,-1.E0));
#1807=DIRECTION('',(0.E0,-1.E0,0.E0));
#1808=AXIS2_PLACEMENT_3D('',#1805,#1806,#1807);
#1810=CARTESIAN_POINT('',(1.E1,4.E0,-2.E1));
#1811=DIRECTION('',(0.E0,0.E0,-1.E0));
#1812=DIRECTION('',(0.E0,1.E0,0.E0));
#1813=AXIS2_PLACEMENT_3D('',#1810,#1811,#1812);
#1815=CARTESIAN_POINT('',(1.E1,4.E0,-2.E1));
#1816=DIRECTION('',(0.E0,0.E0,-1.E0));
#1817=DIRECTION('',(0.E0,-1.E0,0.E0));
#1818=AXIS2_PLACEMENT_3D('',#1815,#1816,#1817);
#1820=CARTESIAN_POINT('',(1.4E1,4.E0,-2.E1));
#1821=DIRECTION('',(0.E0,0.E0,-1.E0));
#1822=DIRECTION('',(0.E0,1.E0,0.E0));
#1823=AXIS2_PLACEMENT_3D('',#1820,#1821,#1822);
#1825=CARTESIAN_POINT('',(1.4E1,4.E0,-2.E1));
#1826=DIRECTION('',(0.E0,0.E0,-1.E0));
#1827=DIRECTION('',(0.E0,-1.E0,0.E0));
#1828=AXIS2_PLACEMENT_3D('',#1825,#1826,#1827);
#1830=CARTESIAN_POINT('',(-1.4E1,-4.E0,-2.E1));
#1831=DIRECTION('',(0.E0,0.E0,-1.E0));
#1832=DIRECTION('',(0.E0,1.E0,0.E0));
#1833=AXIS2_PLACEMENT_3D('',#1830,#1831,#1832);
#1835=CARTESIAN_POINT('',(-1.4E1,-4.E0,-2.E1));
#1836=DIRECTION('',(0.E0,0.E0,-1.E0));
#1837=DIRECTION('',(0.E0,-1.E0,0.E0));
#1838=AXIS2_PLACEMENT_3D('',#1835,#1836,#1837);
#1840=CARTESIAN_POINT('',(-1.E1,-4.E0,-2.E1));
#1841=DIRECTION('',(0.E0,0.E0,-1.E0));
#1842=DIRECTION('',(0.E0,1.E0,0.E0));
#1843=AXIS2_PLACEMENT_3D('',#1840,#1841,#1842);
#1845=CARTESIAN_POINT('',(-1.E1,-4.E0,-2.E1));
#1846=DIRECTION('',(0.E0,0.E0,-1.E0));
#1847=DIRECTION('',(0.E0,-1.E0,0.E0));
#1848=AXIS2_PLACEMENT_3D('',#1845,#1846,#1847);
#1850=CARTESIAN_POINT('',(-6.E0,-4.E0,-2.E1));
#1851=DIRECTION('',(0.E0,0.E0,-1.E0));
#1852=DIRECTION('',(0.E0,1.E0,0.E0));
#1853=AXIS2_PLACEMENT_3D('',#1850,#1851,#1852);
#1855=CARTESIAN_POINT('',(-6.E0,-4.E0,-2.E1));
#1856=DIRECTION('',(0.E0,0.E0,-1.E0));
#1857=DIRECTION('',(0.E0,-1.E0,0.E0));
#1858=AXIS2_PLACEMENT_3D('',#1855,#1856,#1857);
#1860=CARTESIAN_POINT('',(-2.E0,-4.E0,-2.E1));
#1861=DIRECTION('',(0.E0,0.E0,-1.E0));
#1862=DIRECTION('',(0.E0,1.E0,0.E0));
#1863=AXIS2_PLACEMENT_3D('',#1860,#1861,#1862);
#1865=CARTESIAN_POINT('',(-2.E0,-4.E0,-2.E1));
#1866=DIRECTION('',(0.E0,0.E0,-1.E0));
#1867=DIRECTION('',(0.E0,-1.E0,0.E0));
#1868=AXIS2_PLACEMENT_3D('',#1865,#1866,#1867);
#1870=CARTESIAN_POINT('',(2.E0,-4.E0,-2.E1));
#1871=DIRECTION('',(0.E0,0.E0,-1.E0));
#1872=DIRECTION('',(0.E0,1.E0,0.E0));
#1873=AXIS2_PLACEMENT_3D('',#1870,#1871,#1872);
#1875=CARTESIAN_POINT('',(2.E0,-4.E0,-2.E1));
#1876=DIRECTION('',(0.E0,0.E0,-1.E0));
#1877=DIRECTION('',(0.E0,-1.E0,0.E0));
#1878=AXIS2_PLACEMENT_3D('',#1875,#1876,#1877);
#1880=CARTESIAN_POINT('',(6.E0,-4.E0,-2.E1));
#1881=DIRECTION('',(0.E0,0.E0,-1.E0));
#1882=DIRECTION('',(0.E0,1.E0,0.E0));
#1883=AXIS2_PLACEMENT_3D('',#1880,#1881,#1882);
#1885=CARTESIAN_POINT('',(6.E0,-4.E0,-2.E1));
#1886=DIRECTION('',(0.E0,0.E0,-1.E0));
#1887=DIRECTION('',(0.E0,-1.E0,0.E0));
#1888=AXIS2_PLACEMENT_3D('',#1885,#1886,#1887);
#1890=CARTESIAN_POINT('',(1.E1,-4.E0,-2.E1));
#1891=DIRECTION('',(0.E0,0.E0,-1.E0));
#1892=DIRECTION('',(0.E0,1.E0,0.E0));
#1893=AXIS2_PLACEMENT_3D('',#1890,#1891,#1892);
#1895=CARTESIAN_POINT('',(1.E1,-4.E0,-2.E1));
#1896=DIRECTION('',(0.E0,0.E0,-1.E0));
#1897=DIRECTION('',(0.E0,-1.E0,0.E0));
#1898=AXIS2_PLACEMENT_3D('',#1895,#1896,#1897);
#1900=CARTESIAN_POINT('',(1.4E1,-4.E0,-2.E1));
#1901=DIRECTION('',(0.E0,0.E0,-1.E0));
#1902=DIRECTION('',(0.E0,1.E0,0.E0));
#1903=AXIS2_PLACEMENT_3D('',#1900,#1901,#1902);
#1905=CARTESIAN_POINT('',(1.4E1,-4.E0,-2.E1));
#1906=DIRECTION('',(0.E0,0.E0,-1.E0));
#1907=DIRECTION('',(0.E0,-1.E0,0.E0));
#1908=AXIS2_PLACEMENT_3D('',#1905,#1906,#1907);
#1910=CARTESIAN_POINT('',(-1.2E1,0.E0,-2.E1));
#1911=DIRECTION('',(0.E0,0.E0,1.E0));
#1912=DIRECTION('',(1.E0,0.E0,0.E0));
#1913=AXIS2_PLACEMENT_3D('',#1910,#1911,#1912);
#1915=CARTESIAN_POINT('',(-1.2E1,0.E0,-2.E1));
#1916=DIRECTION('',(0.E0,0.E0,1.E0));
#1917=DIRECTION('',(-1.E0,0.E0,0.E0));
#1918=AXIS2_PLACEMENT_3D('',#1915,#1916,#1917);
#1920=CARTESIAN_POINT('',(-8.E0,0.E0,-2.E1));
#1921=DIRECTION('',(0.E0,0.E0,1.E0));
#1922=DIRECTION('',(1.E0,0.E0,0.E0));
#1923=AXIS2_PLACEMENT_3D('',#1920,#1921,#1922);
#1925=CARTESIAN_POINT('',(-8.E0,0.E0,-2.E1));
#1926=DIRECTION('',(0.E0,0.E0,1.E0));
#1927=DIRECTION('',(-1.E0,0.E0,0.E0));
#1928=AXIS2_PLACEMENT_3D('',#1925,#1926,#1927);
#1930=CARTESIAN_POINT('',(-4.E0,0.E0,-2.E1));
#1931=DIRECTION('',(0.E0,0.E0,1.E0));
#1932=DIRECTION('',(1.E0,0.E0,0.E0));
#1933=AXIS2_PLACEMENT_3D('',#1930,#1931,#1932);
#1935=CARTESIAN_POINT('',(-4.E0,0.E0,-2.E1));
#1936=DIRECTION('',(0.E0,0.E0,1.E0));
#1937=DIRECTION('',(-1.E0,0.E0,0.E0));
#1938=AXIS2_PLACEMENT_3D('',#1935,#1936,#1937);
#1940=CARTESIAN_POINT('',(0.E0,0.E0,-2.E1));
#1941=DIRECTION('',(0.E0,0.E0,1.E0));
#1942=DIRECTION('',(1.E0,0.E0,0.E0));
#1943=AXIS2_PLACEMENT_3D('',#1940,#1941,#1942);
#1945=CARTESIAN_POINT('',(0.E0,0.E0,-2.E1));
#1946=DIRECTION('',(0.E0,0.E0,1.E0));
#1947=DIRECTION('',(-1.E0,0.E0,0.E0));
#1948=AXIS2_PLACEMENT_3D('',#1945,#1946,#1947);
#1950=CARTESIAN_POINT('',(4.E0,0.E0,-2.E1));
#1951=DIRECTION('',(0.E0,0.E0,1.E0));
#1952=DIRECTION('',(1.E0,0.E0,0.E0));
#1953=AXIS2_PLACEMENT_3D('',#1950,#1951,#1952);
#1955=CARTESIAN_POINT('',(4.E0,0.E0,-2.E1));
#1956=DIRECTION('',(0.E0,0.E0,1.E0));
#1957=DIRECTION('',(-1.E0,0.E0,0.E0));
#1958=AXIS2_PLACEMENT_3D('',#1955,#1956,#1957);
#1960=CARTESIAN_POINT('',(8.E0,0.E0,-2.E1));
#1961=DIRECTION('',(0.E0,0.E0,1.E0));
#1962=DIRECTION('',(1.E0,0.E0,0.E0));
#1963=AXIS2_PLACEMENT_3D('',#1960,#1961,#1962);
#1965=CARTESIAN_POINT('',(8.E0,0.E0,-2.E1));
#1966=DIRECTION('',(0.E0,0.E0,1.E0));
#1967=DIRECTION('',(-1.E0,0.E0,0.E0));
#1968=AXIS2_PLACEMENT_3D('',#1965,#1966,#1967);
#1970=CARTESIAN_POINT('',(1.2E1,0.E0,-2.E1));
#1971=DIRECTION('',(0.E0,0.E0,1.E0));
#1972=DIRECTION('',(1.E0,0.E0,0.E0));
#1973=AXIS2_PLACEMENT_3D('',#1970,#1971,#1972);
#1975=CARTESIAN_POINT('',(1.2E1,0.E0,-2.E1));
#1976=DIRECTION('',(0.E0,0.E0,1.E0));
#1977=DIRECTION('',(-1.E0,0.E0,0.E0));
#1978=AXIS2_PLACEMENT_3D('',#1975,#1976,#1977);
#1980=DIRECTION('',(0.E0,0.E0,1.E0));
#1981=VECTOR('',#1980,7.5E-1);
#1982=CARTESIAN_POINT('',(-2.604520787991E1,1.305E1,-2.E1));
#1983=LINE('',#1982,#1981);
#1984=DIRECTION('',(0.E0,0.E0,1.E0));
#1985=VECTOR('',#1984,7.5E-1);
#1986=CARTESIAN_POINT('',(-2.135479212009E1,1.305E1,-2.E1));
#1987=LINE('',#1986,#1985);
#1988=DIRECTION('',(0.E0,0.E0,1.E0));
#1989=VECTOR('',#1988,7.5E-1);
#1990=CARTESIAN_POINT('',(-2.083235294118E1,1.232941176471E1,-2.E1));
#1991=LINE('',#1990,#1989);
#1992=DIRECTION('',(0.E0,0.E0,1.E0));
#1993=VECTOR('',#1992,7.5E-1);
#1994=CARTESIAN_POINT('',(-1.995E1,1.18E1,-2.E1));
#1995=LINE('',#1994,#1993);
#1996=DIRECTION('',(-1.E0,0.E0,0.E0));
#1997=VECTOR('',#1996,1.099999999998E1);
#1998=CARTESIAN_POINT('',(-4.5E0,1.18E1,-5.E-1));
#1999=LINE('',#1998,#1997);
#2000=DIRECTION('',(1.E0,0.E0,-7.013744423958E-14));
#2001=VECTOR('',#2000,3.099999999998E1);
#2002=CARTESIAN_POINT('',(-1.549999999998E1,1.18E1,-1.95E1));
#2003=LINE('',#2002,#2001);
#2004=DIRECTION('',(0.E0,0.E0,1.E0));
#2005=VECTOR('',#2004,7.5E-1);
#2006=CARTESIAN_POINT('',(1.995E1,1.18E1,-2.E1));
#2007=LINE('',#2006,#2005);
#2008=DIRECTION('',(1.534393353116E-12,0.E0,-1.E0));
#2009=VECTOR('',#2008,1.875E1);
#2010=CARTESIAN_POINT('',(1.549999999997E1,1.18E1,-5.E-1));
#2011=LINE('',#2010,#2009);
#2012=DIRECTION('',(-1.E0,0.E0,0.E0));
#2013=VECTOR('',#2012,1.099999999997E1);
#2014=CARTESIAN_POINT('',(1.549999999997E1,1.18E1,-5.E-1));
#2015=LINE('',#2014,#2013);
#2016=DIRECTION('',(0.E0,0.E0,-1.E0));
#2017=VECTOR('',#2016,4.9E0);
#2018=CARTESIAN_POINT('',(4.5E0,1.18E1,-5.E-1));
#2019=LINE('',#2018,#2017);
#2020=DIRECTION('',(1.E0,0.E0,0.E0));
#2021=VECTOR('',#2020,1.8E0);
#2022=CARTESIAN_POINT('',(2.7E0,1.18E1,-5.4E0));
#2023=LINE('',#2022,#2021);
#2024=DIRECTION('',(0.E0,0.E0,-1.E0));
#2025=VECTOR('',#2024,4.9E0);
#2026=CARTESIAN_POINT('',(2.7E0,1.18E1,-5.E-1));
#2027=LINE('',#2026,#2025);
#2028=DIRECTION('',(-1.E0,0.E0,0.E0));
#2029=VECTOR('',#2028,5.4E0);
#2030=CARTESIAN_POINT('',(2.7E0,1.18E1,-5.E-1));
#2031=LINE('',#2030,#2029);
#2032=DIRECTION('',(0.E0,0.E0,-1.E0));
#2033=VECTOR('',#2032,4.9E0);
#2034=CARTESIAN_POINT('',(-2.7E0,1.18E1,-5.E-1));
#2035=LINE('',#2034,#2033);
#2036=DIRECTION('',(1.E0,0.E0,0.E0));
#2037=VECTOR('',#2036,1.8E0);
#2038=CARTESIAN_POINT('',(-4.5E0,1.18E1,-5.4E0));
#2039=LINE('',#2038,#2037);
#2040=DIRECTION('',(0.E0,0.E0,-1.E0));
#2041=VECTOR('',#2040,4.9E0);
#2042=CARTESIAN_POINT('',(-4.5E0,1.18E1,-5.E-1));
#2043=LINE('',#2042,#2041);
#2044=CARTESIAN_POINT('',(1.55E1,1.13E1,-5.E-1));
#2045=DIRECTION('',(-1.E0,0.E0,0.E0));
#2046=DIRECTION('',(0.E0,0.E0,1.E0));
#2047=AXIS2_PLACEMENT_3D('',#2044,#2045,#2046);
#2049=CARTESIAN_POINT('',(-1.55E1,-5.6E0,-1.668038436975E-5));
#2050=DIRECTION('',(0.E0,0.E0,-1.E0));
#2051=DIRECTION('',(0.E0,-1.E0,0.E0));
#2052=AXIS2_PLACEMENT_3D('',#2049,#2050,#2051);
#2054=DIRECTION('',(-1.E0,3.665999424320E-12,-1.368264649074E-11));
#2055=VECTOR('',#2054,3.099999982553E1);
#2056=CARTESIAN_POINT('',(1.549999990813E1,-1.083591378966E1,
-4.128422553188E-6));
#2057=LINE('',#2056,#2055);
#2058=CARTESIAN_POINT('',(1.55E1,-5.6E0,-1.668038437330E-5));
#2059=DIRECTION('',(0.E0,0.E0,-1.E0));
#2060=DIRECTION('',(1.E0,0.E0,0.E0));
#2061=AXIS2_PLACEMENT_3D('',#2058,#2059,#2060);
#2063=DIRECTION('',(-1.014680418998E-11,-1.E0,-3.787171693497E-11));
#2064=VECTOR('',#2063,1.119999982553E1);
#2065=CARTESIAN_POINT('',(2.073591378966E1,5.599999908131E0,
-4.128422553299E-6));
#2066=LINE('',#2065,#2064);
#2067=CARTESIAN_POINT('',(1.55E1,5.6E0,-1.668038436620E-5));
#2068=DIRECTION('',(0.E0,0.E0,-1.E0));
#2069=DIRECTION('',(2.001646017721E-14,1.E0,0.E0));
#2070=AXIS2_PLACEMENT_3D('',#2067,#2068,#2069);
#2072=DIRECTION('',(1.E0,-3.665770216985E-12,-1.368272289317E-11));
#2073=VECTOR('',#2072,3.099999982553E1);
#2074=CARTESIAN_POINT('',(-1.549999990813E1,1.083591378966E1,
-4.128422554373E-6));
#2075=LINE('',#2074,#2073);
#2076=CARTESIAN_POINT('',(-1.55E1,5.6E0,-1.668038437330E-5));
#2077=DIRECTION('',(0.E0,0.E0,-1.E0));
#2078=DIRECTION('',(-1.E0,0.E0,0.E0));
#2079=AXIS2_PLACEMENT_3D('',#2076,#2077,#2078);
#2081=DIRECTION('',(1.014870742948E-11,1.E0,-3.787139311987E-11));
#2082=VECTOR('',#2081,1.119999982553E1);
#2083=CARTESIAN_POINT('',(-2.073591378966E1,-5.599999908131E0,
-4.128422556852E-6));
#2084=LINE('',#2083,#2082);
#2085=CARTESIAN_POINT('',(1.55E1,5.6E0,0.E0));
#2086=DIRECTION('',(0.E0,0.E0,1.E0));
#2087=DIRECTION('',(1.E0,0.E0,0.E0));
#2088=AXIS2_PLACEMENT_3D('',#2085,#2086,#2087);
#2090=DIRECTION('',(0.E0,1.E0,0.E0));
#2091=VECTOR('',#2090,1.12E1);
#2092=CARTESIAN_POINT('',(2.12E1,-5.6E0,0.E0));
#2093=LINE('',#2092,#2091);
#2094=CARTESIAN_POINT('',(1.55E1,-5.6E0,0.E0));
#2095=DIRECTION('',(0.E0,0.E0,1.E0));
#2096=DIRECTION('',(0.E0,-1.E0,0.E0));
#2097=AXIS2_PLACEMENT_3D('',#2094,#2095,#2096);
#2099=DIRECTION('',(1.E0,0.E0,0.E0));
#2100=VECTOR('',#2099,3.1E1);
#2101=CARTESIAN_POINT('',(-1.55E1,-1.13E1,0.E0));
#2102=LINE('',#2101,#2100);
#2103=CARTESIAN_POINT('',(-1.55E1,-5.6E0,0.E0));
#2104=DIRECTION('',(0.E0,0.E0,1.E0));
#2105=DIRECTION('',(-1.E0,0.E0,0.E0));
#2106=AXIS2_PLACEMENT_3D('',#2103,#2104,#2105);
#2108=DIRECTION('',(0.E0,-1.E0,0.E0));
#2109=VECTOR('',#2108,1.12E1);
#2110=CARTESIAN_POINT('',(-2.12E1,5.6E0,0.E0));
#2111=LINE('',#2110,#2109);
#2112=CARTESIAN_POINT('',(-1.55E1,5.6E0,0.E0));
#2113=DIRECTION('',(0.E0,0.E0,1.E0));
#2114=DIRECTION('',(0.E0,1.E0,0.E0));
#2115=AXIS2_PLACEMENT_3D('',#2112,#2113,#2114);
#2117=DIRECTION('',(-1.E0,0.E0,0.E0));
#2118=VECTOR('',#2117,3.1E1);
#2119=CARTESIAN_POINT('',(1.55E1,1.13E1,0.E0));
#2120=LINE('',#2119,#2118);
#2121=DIRECTION('',(-1.303601129174E-8,2.588214762303E-1,-9.659251748671E-1));
#2122=VECTOR('',#2121,2.070552360456E0);
#2123=CARTESIAN_POINT('',(-1.549999991740E1,-1.083591378955E1,
-4.128846715227E-6));
#2124=LINE('',#2123,#2122);
#2125=DIRECTION('',(2.588214762303E-1,-1.449828533193E-8,-9.659251748671E-1));
#2126=VECTOR('',#2125,2.070552360600E0);
#2127=CARTESIAN_POINT('',(-2.073591378966E1,-5.599999908131E0,
-4.128422556852E-6));
#2128=LINE('',#2127,#2126);
#2129=DIRECTION('',(2.588214762303E-1,1.303601214965E-8,-9.659251748671E-1));
#2130=VECTOR('',#2129,2.070552360456E0);
#2131=CARTESIAN_POINT('',(-2.073591378955E1,5.599999917397E0,
-4.128846716448E-6));
#2132=LINE('',#2131,#2130);
#2133=DIRECTION('',(-1.449828533193E-8,-2.588214762303E-1,-9.659251748671E-1));
#2134=VECTOR('',#2133,2.070552360600E0);
#2135=CARTESIAN_POINT('',(-1.549999990813E1,1.083591378966E1,
-4.128422554373E-6));
#2136=LINE('',#2135,#2134);
#2137=DIRECTION('',(1.303601300757E-8,-2.588214762303E-1,-9.659251748671E-1));
#2138=VECTOR('',#2137,2.070552360456E0);
#2139=CARTESIAN_POINT('',(1.549999991740E1,1.083591378955E1,
-4.128846718780E-6));
#2140=LINE('',#2139,#2138);
#2141=DIRECTION('',(-2.588214762303E-1,1.449828533193E-8,-9.659251748671E-1));
#2142=VECTOR('',#2141,2.070552360600E0);
#2143=CARTESIAN_POINT('',(2.073591378966E1,5.599999908131E0,
-4.128422553299E-6));
#2144=LINE('',#2143,#2142);
#2145=DIRECTION('',(-2.588214762303E-1,-1.303601515235E-8,-9.659251748671E-1));
#2146=VECTOR('',#2145,2.070552360456E0);
#2147=CARTESIAN_POINT('',(2.073591378955E1,-5.599999917397E0,
-4.128846716522E-6));
#2148=LINE('',#2147,#2146);
#2149=DIRECTION('',(1.449828533193E-8,2.588214762303E-1,-9.659251748671E-1));
#2150=VECTOR('',#2149,2.070552360600E0);
#2151=CARTESIAN_POINT('',(1.549999990813E1,-1.083591378966E1,
-4.128422553188E-6));
#2152=LINE('',#2151,#2150);
#2153=DIRECTION('',(0.E0,0.E0,1.E0));
#2154=VECTOR('',#2153,9.926794919243E0);
#2155=CARTESIAN_POINT('',(4.575E0,-1.03E1,-2.E1));
#2156=LINE('',#2155,#2154);
#2157=CARTESIAN_POINT('',(4.575E0,-1.03E1,-1.007320508076E1));
#2158=CARTESIAN_POINT('',(4.575E0,-1.03E1,-1.005288081687E1));
#2159=CARTESIAN_POINT('',(4.583728112036E0,-1.03E1,-1.001307688838E1));
#2160=CARTESIAN_POINT('',(4.621428112464E0,-1.03E1,-9.953735033662E0));
#2161=CARTESIAN_POINT('',(4.656341998512E0,-1.03E1,-9.918658001488E0));
#2162=CARTESIAN_POINT('',(4.675E0,-1.03E1,-9.9E0));
#2164=CARTESIAN_POINT('',(5.825E0,-1.03E1,-9.9E0));
#2165=CARTESIAN_POINT('',(5.843658127139E0,-1.03E1,-9.918658127139E0));
#2166=CARTESIAN_POINT('',(5.878572167245E0,-1.03E1,-9.953735333891E0));
#2167=CARTESIAN_POINT('',(5.916272040950E0,-1.03E1,-1.001307728239E1));
#2168=CARTESIAN_POINT('',(5.925E0,-1.03E1,-1.005288098758E1));
#2169=CARTESIAN_POINT('',(5.925E0,-1.03E1,-1.007320508076E1));
#2171=DIRECTION('',(0.E0,0.E0,1.E0));
#2172=VECTOR('',#2171,9.926794919243E0);
#2173=CARTESIAN_POINT('',(5.925E0,-1.03E1,-2.E1));
#2174=LINE('',#2173,#2172);
#2175=DIRECTION('',(-1.E0,0.E0,0.E0));
#2176=VECTOR('',#2175,2.325E0);
#2177=CARTESIAN_POINT('',(8.25E0,-1.03E1,-2.E1));
#2178=LINE('',#2177,#2176);
#2179=DIRECTION('',(0.E0,0.E0,1.E0));
#2180=VECTOR('',#2179,9.926794919243E0);
#2181=CARTESIAN_POINT('',(8.25E0,-1.03E1,-2.E1));
#2182=LINE('',#2181,#2180);
#2183=CARTESIAN_POINT('',(8.25E0,-1.03E1,-1.007320508076E1));
#2184=CARTESIAN_POINT('',(8.25E0,-1.03E1,-1.005288938286E1));
#2185=CARTESIAN_POINT('',(8.258720470764E0,-1.03E1,-1.001309666198E1));
#2186=CARTESIAN_POINT('',(8.296413820765E0,-1.03E1,-9.953750416177E0));
#2187=CARTESIAN_POINT('',(8.331335570289E0,-1.03E1,-9.918664429711E0));
#2188=CARTESIAN_POINT('',(8.35E0,-1.03E1,-9.9E0));
#2190=DIRECTION('',(1.E0,0.E0,0.E0));
#2191=VECTOR('',#2190,8.E-1);
#2192=CARTESIAN_POINT('',(8.35E0,-1.03E1,-9.9E0));
#2193=LINE('',#2192,#2191);
#2194=CARTESIAN_POINT('',(9.15E0,-1.03E1,-9.9E0));
#2195=CARTESIAN_POINT('',(9.168664548372E0,-1.03E1,-9.918664548372E0));
#2196=CARTESIAN_POINT('',(9.203586443377E0,-1.03E1,-9.953750699707E0));
#2197=CARTESIAN_POINT('',(9.241279673720E0,-1.03E1,-1.001309703420E1));
#2198=CARTESIAN_POINT('',(9.25E0,-1.03E1,-1.005288954412E1));
#2199=CARTESIAN_POINT('',(9.25E0,-1.03E1,-1.007320508076E1));
#2201=DIRECTION('',(0.E0,0.E0,1.E0));
#2202=VECTOR('',#2201,9.926794919243E0);
#2203=CARTESIAN_POINT('',(9.25E0,-1.03E1,-2.E1));
#2204=LINE('',#2203,#2202);
#2205=DIRECTION('',(-1.E0,0.E0,0.E0));
#2206=VECTOR('',#2205,2.5E0);
#2207=CARTESIAN_POINT('',(1.175E1,-1.03E1,-2.E1));
#2208=LINE('',#2207,#2206);
#2209=DIRECTION('',(0.E0,0.E0,1.E0));
#2210=VECTOR('',#2209,9.926794919243E0);
#2211=CARTESIAN_POINT('',(1.175E1,-1.03E1,-2.E1));
#2212=LINE('',#2211,#2210);
#2213=CARTESIAN_POINT('',(1.175E1,-1.03E1,-1.007320508076E1));
#2214=CARTESIAN_POINT('',(1.175E1,-1.03E1,-1.005288938286E1));
#2215=CARTESIAN_POINT('',(1.175872047076E1,-1.03E1,-1.001309666198E1));
#2216=CARTESIAN_POINT('',(1.179641382076E1,-1.03E1,-9.953750416177E0));
#2217=CARTESIAN_POINT('',(1.183133557029E1,-1.03E1,-9.918664429711E0));
#2218=CARTESIAN_POINT('',(1.185E1,-1.03E1,-9.9E0));
#2220=DIRECTION('',(1.E0,0.E0,0.E0));
#2221=VECTOR('',#2220,8.E-1);
#2222=CARTESIAN_POINT('',(1.185E1,-1.03E1,-9.9E0));
#2223=LINE('',#2222,#2221);
#2224=CARTESIAN_POINT('',(1.265E1,-1.03E1,-9.9E0));
#2225=CARTESIAN_POINT('',(1.266866454837E1,-1.03E1,-9.918664548372E0));
#2226=CARTESIAN_POINT('',(1.270358644338E1,-1.03E1,-9.953750699707E0));
#2227=CARTESIAN_POINT('',(1.274127967372E1,-1.03E1,-1.001309703420E1));
#2228=CARTESIAN_POINT('',(1.275E1,-1.03E1,-1.005288954412E1));
#2229=CARTESIAN_POINT('',(1.275E1,-1.03E1,-1.007320508076E1));
#2231=DIRECTION('',(0.E0,0.E0,1.E0));
#2232=VECTOR('',#2231,9.926794919243E0);
#2233=CARTESIAN_POINT('',(1.275E1,-1.03E1,-2.E1));
#2234=LINE('',#2233,#2232);
#2235=DIRECTION('',(-1.E0,0.E0,0.E0));
#2236=VECTOR('',#2235,2.75E0);
#2237=CARTESIAN_POINT('',(1.55E1,-1.03E1,-2.E1));
#2238=LINE('',#2237,#2236);
#2239=DIRECTION('',(3.436095396001E-9,5.761712088686E-7,-9.999999999998E-1));
#2240=VECTOR('',#2239,1.799999722060E1);
#2241=CARTESIAN_POINT('',(1.549999993815E1,-1.030001037108E1,
-2.000002779406E0));
#2242=LINE('',#2241,#2240);
#2243=DIRECTION('',(-1.E0,2.468104583115E-12,-9.211699538449E-12));
#2244=VECTOR('',#2243,3.099999988254E1);
#2245=CARTESIAN_POINT('',(1.549999993815E1,-1.030001037108E1,
-2.000002779406E0));
#2246=LINE('',#2245,#2244);
#2247=DIRECTION('',(-1.E0,0.E0,0.E0));
#2248=VECTOR('',#2247,2.75E0);
#2249=CARTESIAN_POINT('',(-1.275E1,-1.03E1,-2.E1));
#2250=LINE('',#2249,#2248);
#2251=DIRECTION('',(0.E0,0.E0,1.E0));
#2252=VECTOR('',#2251,9.926794919243E0);
#2253=CARTESIAN_POINT('',(-1.275E1,-1.03E1,-2.E1));
#2254=LINE('',#2253,#2252);
#2255=CARTESIAN_POINT('',(-1.275E1,-1.03E1,-1.007320508076E1));
#2256=CARTESIAN_POINT('',(-1.275E1,-1.03E1,-1.005288938286E1));
#2257=CARTESIAN_POINT('',(-1.274127952924E1,-1.03E1,-1.001309666198E1));
#2258=CARTESIAN_POINT('',(-1.270358617924E1,-1.03E1,-9.953750416177E0));
#2259=CARTESIAN_POINT('',(-1.266866442971E1,-1.03E1,-9.918664429711E0));
#2260=CARTESIAN_POINT('',(-1.265E1,-1.03E1,-9.9E0));
#2262=DIRECTION('',(1.E0,0.E0,0.E0));
#2263=VECTOR('',#2262,8.E-1);
#2264=CARTESIAN_POINT('',(-1.265E1,-1.03E1,-9.9E0));
#2265=LINE('',#2264,#2263);
#2266=CARTESIAN_POINT('',(-1.185E1,-1.03E1,-9.9E0));
#2267=CARTESIAN_POINT('',(-1.183133545163E1,-1.03E1,-9.918664548372E0));
#2268=CARTESIAN_POINT('',(-1.179641355662E1,-1.03E1,-9.953750699707E0));
#2269=CARTESIAN_POINT('',(-1.175872032628E1,-1.03E1,-1.001309703420E1));
#2270=CARTESIAN_POINT('',(-1.175E1,-1.03E1,-1.005288954412E1));
#2271=CARTESIAN_POINT('',(-1.175E1,-1.03E1,-1.007320508076E1));
#2273=DIRECTION('',(0.E0,0.E0,1.E0));
#2274=VECTOR('',#2273,9.926794919243E0);
#2275=CARTESIAN_POINT('',(-1.175E1,-1.03E1,-2.E1));
#2276=LINE('',#2275,#2274);
#2277=DIRECTION('',(-1.E0,0.E0,0.E0));
#2278=VECTOR('',#2277,2.5E0);
#2279=CARTESIAN_POINT('',(-9.25E0,-1.03E1,-2.E1));
#2280=LINE('',#2279,#2278);
#2281=DIRECTION('',(0.E0,0.E0,1.E0));
#2282=VECTOR('',#2281,9.926794919243E0);
#2283=CARTESIAN_POINT('',(-9.25E0,-1.03E1,-2.E1));
#2284=LINE('',#2283,#2282);
#2285=CARTESIAN_POINT('',(-9.25E0,-1.03E1,-1.007320508076E1));
#2286=CARTESIAN_POINT('',(-9.25E0,-1.03E1,-1.005288938286E1));
#2287=CARTESIAN_POINT('',(-9.241279529236E0,-1.03E1,-1.001309666198E1));
#2288=CARTESIAN_POINT('',(-9.203586179235E0,-1.03E1,-9.953750416177E0));
#2289=CARTESIAN_POINT('',(-9.168664429711E0,-1.03E1,-9.918664429711E0));
#2290=CARTESIAN_POINT('',(-9.15E0,-1.03E1,-9.9E0));
#2292=DIRECTION('',(1.E0,0.E0,0.E0));
#2293=VECTOR('',#2292,8.E-1);
#2294=CARTESIAN_POINT('',(-9.15E0,-1.03E1,-9.9E0));
#2295=LINE('',#2294,#2293);
#2296=CARTESIAN_POINT('',(-8.35E0,-1.03E1,-9.9E0));
#2297=CARTESIAN_POINT('',(-8.331335451628E0,-1.03E1,-9.918664548372E0));
#2298=CARTESIAN_POINT('',(-8.296413556623E0,-1.03E1,-9.953750699707E0));
#2299=CARTESIAN_POINT('',(-8.258720326280E0,-1.03E1,-1.001309703420E1));
#2300=CARTESIAN_POINT('',(-8.25E0,-1.03E1,-1.005288954412E1));
#2301=CARTESIAN_POINT('',(-8.25E0,-1.03E1,-1.007320508076E1));
#2303=DIRECTION('',(0.E0,0.E0,1.E0));
#2304=VECTOR('',#2303,9.926794919243E0);
#2305=CARTESIAN_POINT('',(-8.25E0,-1.03E1,-2.E1));
#2306=LINE('',#2305,#2304);
#2307=DIRECTION('',(-1.E0,0.E0,0.E0));
#2308=VECTOR('',#2307,2.5E0);
#2309=CARTESIAN_POINT('',(-5.75E0,-1.03E1,-2.E1));
#2310=LINE('',#2309,#2308);
#2311=DIRECTION('',(0.E0,0.E0,1.E0));
#2312=VECTOR('',#2311,9.926794919243E0);
#2313=CARTESIAN_POINT('',(-5.75E0,-1.03E1,-2.E1));
#2314=LINE('',#2313,#2312);
#2315=CARTESIAN_POINT('',(-5.75E0,-1.03E1,-1.007320508076E1));
#2316=CARTESIAN_POINT('',(-5.75E0,-1.03E1,-1.005288938286E1));
#2317=CARTESIAN_POINT('',(-5.741279529236E0,-1.03E1,-1.001309666198E1));
#2318=CARTESIAN_POINT('',(-5.703586179235E0,-1.03E1,-9.953750416177E0));
#2319=CARTESIAN_POINT('',(-5.668664429711E0,-1.03E1,-9.918664429711E0));
#2320=CARTESIAN_POINT('',(-5.65E0,-1.03E1,-9.9E0));
#2322=DIRECTION('',(1.E0,0.E0,0.E0));
#2323=VECTOR('',#2322,8.E-1);
#2324=CARTESIAN_POINT('',(-5.65E0,-1.03E1,-9.9E0));
#2325=LINE('',#2324,#2323);
#2326=CARTESIAN_POINT('',(-4.85E0,-1.03E1,-9.9E0));
#2327=CARTESIAN_POINT('',(-4.831335451628E0,-1.03E1,-9.918664548372E0));
#2328=CARTESIAN_POINT('',(-4.796413556623E0,-1.03E1,-9.953750699707E0));
#2329=CARTESIAN_POINT('',(-4.758720326280E0,-1.03E1,-1.001309703420E1));
#2330=CARTESIAN_POINT('',(-4.75E0,-1.03E1,-1.005288954412E1));
#2331=CARTESIAN_POINT('',(-4.75E0,-1.03E1,-1.007320508076E1));
#2333=DIRECTION('',(0.E0,0.E0,1.E0));
#2334=VECTOR('',#2333,9.926794919243E0);
#2335=CARTESIAN_POINT('',(-4.75E0,-1.03E1,-2.E1));
#2336=LINE('',#2335,#2334);
#2337=DIRECTION('',(-1.E0,0.E0,0.E0));
#2338=VECTOR('',#2337,2.5E0);
#2339=CARTESIAN_POINT('',(-2.25E0,-1.03E1,-2.E1));
#2340=LINE('',#2339,#2338);
#2341=DIRECTION('',(0.E0,0.E0,1.E0));
#2342=VECTOR('',#2341,9.926794919243E0);
#2343=CARTESIAN_POINT('',(-2.25E0,-1.03E1,-2.E1));
#2344=LINE('',#2343,#2342);
#2345=CARTESIAN_POINT('',(-2.25E0,-1.03E1,-1.007320508076E1));
#2346=CARTESIAN_POINT('',(-2.25E0,-1.03E1,-1.005288938286E1));
#2347=CARTESIAN_POINT('',(-2.241279529236E0,-1.03E1,-1.001309666198E1));
#2348=CARTESIAN_POINT('',(-2.203586179235E0,-1.03E1,-9.953750416177E0));
#2349=CARTESIAN_POINT('',(-2.168664429711E0,-1.03E1,-9.918664429711E0));
#2350=CARTESIAN_POINT('',(-2.15E0,-1.03E1,-9.9E0));
#2352=DIRECTION('',(1.E0,0.E0,0.E0));
#2353=VECTOR('',#2352,8.E-1);
#2354=CARTESIAN_POINT('',(-2.15E0,-1.03E1,-9.9E0));
#2355=LINE('',#2354,#2353);
#2356=CARTESIAN_POINT('',(-1.35E0,-1.03E1,-9.9E0));
#2357=CARTESIAN_POINT('',(-1.331335451628E0,-1.03E1,-9.918664548372E0));
#2358=CARTESIAN_POINT('',(-1.296413556623E0,-1.03E1,-9.953750699707E0));
#2359=CARTESIAN_POINT('',(-1.258720326280E0,-1.03E1,-1.001309703420E1));
#2360=CARTESIAN_POINT('',(-1.25E0,-1.03E1,-1.005288954412E1));
#2361=CARTESIAN_POINT('',(-1.25E0,-1.03E1,-1.007320508076E1));
#2363=DIRECTION('',(0.E0,0.E0,1.E0));
#2364=VECTOR('',#2363,9.926794919243E0);
#2365=CARTESIAN_POINT('',(-1.25E0,-1.03E1,-2.E1));
#2366=LINE('',#2365,#2364);
#2367=DIRECTION('',(-1.E0,0.E0,0.E0));
#2368=VECTOR('',#2367,2.5E0);
#2369=CARTESIAN_POINT('',(1.25E0,-1.03E1,-2.E1));
#2370=LINE('',#2369,#2368);
#2371=DIRECTION('',(0.E0,0.E0,1.E0));
#2372=VECTOR('',#2371,9.926794919243E0);
#2373=CARTESIAN_POINT('',(1.25E0,-1.03E1,-2.E1));
#2374=LINE('',#2373,#2372);
#2375=CARTESIAN_POINT('',(1.25E0,-1.03E1,-1.007320508076E1));
#2376=CARTESIAN_POINT('',(1.25E0,-1.03E1,-1.005288938286E1));
#2377=CARTESIAN_POINT('',(1.258720470764E0,-1.03E1,-1.001309666198E1));
#2378=CARTESIAN_POINT('',(1.296413820765E0,-1.03E1,-9.953750416177E0));
#2379=CARTESIAN_POINT('',(1.331335570289E0,-1.03E1,-9.918664429711E0));
#2380=CARTESIAN_POINT('',(1.35E0,-1.03E1,-9.9E0));
#2382=DIRECTION('',(1.E0,0.E0,0.E0));
#2383=VECTOR('',#2382,8.E-1);
#2384=CARTESIAN_POINT('',(1.35E0,-1.03E1,-9.9E0));
#2385=LINE('',#2384,#2383);
#2386=CARTESIAN_POINT('',(2.15E0,-1.03E1,-9.9E0));
#2387=CARTESIAN_POINT('',(2.168664548372E0,-1.03E1,-9.918664548372E0));
#2388=CARTESIAN_POINT('',(2.203586443377E0,-1.03E1,-9.953750699707E0));
#2389=CARTESIAN_POINT('',(2.241279673720E0,-1.03E1,-1.001309703420E1));
#2390=CARTESIAN_POINT('',(2.25E0,-1.03E1,-1.005288954412E1));
#2391=CARTESIAN_POINT('',(2.25E0,-1.03E1,-1.007320508076E1));
#2393=DIRECTION('',(0.E0,0.E0,1.E0));
#2394=VECTOR('',#2393,9.926794919243E0);
#2395=CARTESIAN_POINT('',(2.25E0,-1.03E1,-2.E1));
#2396=LINE('',#2395,#2394);
#2397=DIRECTION('',(-1.E0,0.E0,0.E0));
#2398=VECTOR('',#2397,2.325E0);
#2399=CARTESIAN_POINT('',(4.575E0,-1.03E1,-2.E1));
#2400=LINE('',#2399,#2398);
#2401=DIRECTION('',(0.E0,-1.E0,0.E0));
#2402=VECTOR('',#2401,2.125000003508E0);
#2403=CARTESIAN_POINT('',(4.575E0,-8.074999996492E0,-1.01E1));
#2404=LINE('',#2403,#2402);
#2405=CARTESIAN_POINT('',(4.575E0,-1.02E1,-9.9E0));
#2406=DIRECTION('',(-1.E0,0.E0,0.E0));
#2407=DIRECTION('',(0.E0,0.E0,-1.E0));
#2408=AXIS2_PLACEMENT_3D('',#2405,#2406,#2407);
#2410=DIRECTION('',(0.E0,3.542999339479E-10,1.E0));
#2411=VECTOR('',#2410,9.9E0);
#2412=CARTESIAN_POINT('',(4.575E0,-8.075E0,-2.E1));
#2413=LINE('',#2412,#2411);
#2414=CARTESIAN_POINT('',(4.675E0,-8.075E0,-1.01E1));
#2415=DIRECTION('',(0.E0,-1.E0,0.E0));
#2416=DIRECTION('',(0.E0,0.E0,1.E0));
#2417=AXIS2_PLACEMENT_3D('',#2414,#2415,#2416);
#2419=CARTESIAN_POINT('',(5.825E0,-8.075E0,-1.01E1));
#2420=DIRECTION('',(0.E0,1.E0,0.E0));
#2421=DIRECTION('',(0.E0,0.E0,1.E0));
#2422=AXIS2_PLACEMENT_3D('',#2419,#2420,#2421);
#2424=DIRECTION('',(-1.061373211542E-12,1.E0,0.E0));
#2425=VECTOR('',#2424,1.1E0);
#2426=CARTESIAN_POINT('',(-1.35E0,-1.02E1,-1.E1));
#2427=LINE('',#2426,#2425);
#2428=DIRECTION('',(1.E0,0.E0,0.E0));
#2429=VECTOR('',#2428,8.E-1);
#2430=CARTESIAN_POINT('',(-2.15E0,-1.02E1,-1.E1));
#2431=LINE('',#2430,#2429);
#2432=DIRECTION('',(-1.614869854E-14,-1.E0,0.E0));
#2433=VECTOR('',#2432,1.1E0);
#2434=CARTESIAN_POINT('',(-2.15E0,-9.1E0,-1.E1));
#2435=LINE('',#2434,#2433);
#2436=CARTESIAN_POINT('',(-1.75E0,-9.1E0,-1.E1));
#2437=DIRECTION('',(0.E0,0.E0,1.E0));
#2438=DIRECTION('',(1.E0,0.E0,0.E0));
#2439=AXIS2_PLACEMENT_3D('',#2436,#2437,#2438);
#2441=DIRECTION('',(1.060162059151E-12,-1.E0,0.E0));
#2442=VECTOR('',#2441,1.1E0);
#2443=CARTESIAN_POINT('',(4.85E0,1.02E1,-1.E1));
#2444=LINE('',#2443,#2442);
#2445=DIRECTION('',(-1.E0,0.E0,0.E0));
#2446=VECTOR('',#2445,8.E-1);
#2447=CARTESIAN_POINT('',(5.65E0,1.02E1,-1.E1));
#2448=LINE('',#2447,#2446);
#2449=DIRECTION('',(1.534126361300E-14,1.E0,0.E0));
#2450=VECTOR('',#2449,1.1E0);
#2451=CARTESIAN_POINT('',(5.65E0,9.1E0,-1.E1));
#2452=LINE('',#2451,#2450);
#2453=CARTESIAN_POINT('',(5.25E0,9.1E0,-1.E1));
#2454=DIRECTION('',(0.E0,0.E0,1.E0));
#2455=DIRECTION('',(-1.E0,0.E0,0.E0));
#2456=AXIS2_PLACEMENT_3D('',#2453,#2454,#2455);
#2458=DIRECTION('',(8.547411144879E-14,1.E0,0.E0));
#2459=VECTOR('',#2458,2.125E0);
#2460=CARTESIAN_POINT('',(-1.175E0,8.075E0,-1.E1));
#2461=LINE('',#2460,#2459);
#2462=CARTESIAN_POINT('',(-1.75E0,8.075E0,-1.E1));
#2463=DIRECTION('',(0.E0,0.E0,1.E0));
#2464=DIRECTION('',(-1.E0,0.E0,0.E0));
#2465=AXIS2_PLACEMENT_3D('',#2462,#2463,#2464);
#2467=DIRECTION('',(4.436712435349E-13,-1.E0,0.E0));
#2468=VECTOR('',#2467,2.125E0);
#2469=CARTESIAN_POINT('',(-2.325E0,1.02E1,-1.E1));
#2470=LINE('',#2469,#2468);
#2471=DIRECTION('',(-8.526512829121E-14,-1.E0,0.E0));
#2472=VECTOR('',#2471,2.125E0);
#2473=CARTESIAN_POINT('',(4.675E0,-8.075E0,-1.E1));
#2474=LINE('',#2473,#2472);
#2475=CARTESIAN_POINT('',(5.25E0,-8.075E0,-1.E1));
#2476=DIRECTION('',(0.E0,0.E0,1.E0));
#2477=DIRECTION('',(1.E0,0.E0,0.E0));
#2478=AXIS2_PLACEMENT_3D('',#2475,#2476,#2477);
#2480=DIRECTION('',(-4.434622603773E-13,1.E0,0.E0));
#2481=VECTOR('',#2480,2.125E0);
#2482=CARTESIAN_POINT('',(5.825E0,-1.02E1,-1.E1));
#2483=LINE('',#2482,#2481);
#2484=CARTESIAN_POINT('',(-1.35E0,-9.1E0,-1.01E1));
#2485=DIRECTION('',(0.E0,1.E0,0.E0));
#2486=DIRECTION('',(0.E0,0.E0,1.E0));
#2487=AXIS2_PLACEMENT_3D('',#2484,#2485,#2486);
#2489=CARTESIAN_POINT('',(-2.15E0,-9.1E0,-1.01E1));
#2490=DIRECTION('',(0.E0,-1.E0,0.E0));
#2491=DIRECTION('',(0.E0,0.E0,1.E0));
#2492=AXIS2_PLACEMENT_3D('',#2489,#2490,#2491);
#2494=DIRECTION('',(0.E0,-1.E0,0.E0));
#2495=VECTOR('',#2494,1.100000002357E0);
#2496=CARTESIAN_POINT('',(-2.25E0,-9.099999997643E0,-1.01E1));
#2497=LINE('',#2496,#2495);
#2498=CARTESIAN_POINT('',(-2.25E0,-1.02E1,-9.9E0));
#2499=DIRECTION('',(-1.E0,0.E0,0.E0));
#2500=DIRECTION('',(0.E0,0.E0,-1.E0));
#2501=AXIS2_PLACEMENT_3D('',#2498,#2499,#2500);
#2503=DIRECTION('',(0.E0,2.380352256493E-10,1.E0));
#2504=VECTOR('',#2503,9.9E0);
#2505=CARTESIAN_POINT('',(-2.25E0,-9.1E0,-2.E1));
#2506=LINE('',#2505,#2504);
#2507=CARTESIAN_POINT('',(-2.15E0,-1.02E1,-1.01E1));
#2508=DIRECTION('',(0.E0,-1.E0,-1.837419105755E-14));
#2509=DIRECTION('',(0.E0,-1.776356839400E-14,1.E0));
#2510=AXIS2_PLACEMENT_3D('',#2507,#2508,#2509);
#2512=CARTESIAN_POINT('',(-2.15E0,-1.02E1,-9.9E0));
#2513=DIRECTION('',(1.E0,0.E0,0.E0));
#2514=DIRECTION('',(0.E0,-1.E0,0.E0));
#2515=AXIS2_PLACEMENT_3D('',#2512,#2513,#2514);
#2517=CARTESIAN_POINT('',(-1.35E0,-1.02E1,-9.9E0));
#2518=DIRECTION('',(-1.E0,0.E0,0.E0));
#2519=DIRECTION('',(0.E0,0.E0,-1.E0));
#2520=AXIS2_PLACEMENT_3D('',#2517,#2518,#2519);
#2522=CARTESIAN_POINT('',(-1.35E0,-1.02E1,-1.01E1));
#2523=DIRECTION('',(0.E0,-1.E0,-2.531308496145E-14));
#2524=DIRECTION('',(1.E0,0.E0,-1.776356839400E-14));
#2525=AXIS2_PLACEMENT_3D('',#2522,#2523,#2524);
#2527=DIRECTION('',(0.E0,1.E0,0.E0));
#2528=VECTOR('',#2527,1.100000011792E0);
#2529=CARTESIAN_POINT('',(-1.25E0,-1.02E1,-1.01E1));
#2530=LINE('',#2529,#2528);
#2531=CARTESIAN_POINT('',(-1.25E0,-1.02E1,-9.9E0));
#2532=DIRECTION('',(-1.E0,0.E0,0.E0));
#2533=DIRECTION('',(0.E0,0.E0,-1.E0));
#2534=AXIS2_PLACEMENT_3D('',#2531,#2532,#2533);
#2536=CARTESIAN_POINT('',(-1.75E0,-9.1E0,-1.01E1));
#2537=DIRECTION('',(0.E0,0.E0,1.E0));
#2538=DIRECTION('',(1.E0,0.E0,0.E0));
#2539=AXIS2_PLACEMENT_3D('',#2536,#2537,#2538);
#2541=DIRECTION('',(0.E0,1.191152945078E-9,1.E0));
#2542=VECTOR('',#2541,9.9E0);
#2543=CARTESIAN_POINT('',(-1.25E0,-9.1E0,-2.E1));
#2544=LINE('',#2543,#2542);
#2545=CARTESIAN_POINT('',(4.85E0,9.1E0,-1.01E1));
#2546=DIRECTION('',(0.E0,-1.E0,0.E0));
#2547=DIRECTION('',(0.E0,0.E0,1.E0));
#2548=AXIS2_PLACEMENT_3D('',#2545,#2546,#2547);
#2550=CARTESIAN_POINT('',(5.65E0,9.1E0,-1.01E1));
#2551=DIRECTION('',(0.E0,1.E0,0.E0));
#2552=DIRECTION('',(0.E0,0.E0,1.E0));
#2553=AXIS2_PLACEMENT_3D('',#2550,#2551,#2552);
#2555=DIRECTION('',(0.E0,1.E0,0.E0));
#2556=VECTOR('',#2555,1.100000002357E0);
#2557=CARTESIAN_POINT('',(5.75E0,9.099999997643E0,-1.01E1));
#2558=LINE('',#2557,#2556);
#2559=CARTESIAN_POINT('',(5.75E0,1.02E1,-9.9E0));
#2560=DIRECTION('',(1.E0,0.E0,0.E0));
#2561=DIRECTION('',(0.E0,0.E0,-1.E0));
#2562=AXIS2_PLACEMENT_3D('',#2559,#2560,#2561);
#2564=DIRECTION('',(0.E0,-2.380352256493E-10,1.E0));
#2565=VECTOR('',#2564,9.9E0);
#2566=CARTESIAN_POINT('',(5.75E0,9.1E0,-2.E1));
#2567=LINE('',#2566,#2565);
#2568=CARTESIAN_POINT('',(5.65E0,1.02E1,-1.01E1));
#2569=DIRECTION('',(0.E0,1.E0,-1.698641227676E-14));
#2570=DIRECTION('',(-1.776356839400E-14,1.776356839400E-14,1.E0));
#2571=AXIS2_PLACEMENT_3D('',#2568,#2569,#2570);
#2573=CARTESIAN_POINT('',(5.65E0,1.02E1,-9.9E0));
#2574=DIRECTION('',(-1.E0,0.E0,0.E0));
#2575=DIRECTION('',(0.E0,1.E0,0.E0));
#2576=AXIS2_PLACEMENT_3D('',#2573,#2574,#2575);
#2578=DIRECTION('',(0.E0,0.E0,1.E0));
#2579=VECTOR('',#2578,9.926794919243E0);
#2580=CARTESIAN_POINT('',(-1.075E0,1.03E1,-2.E1));
#2581=LINE('',#2580,#2579);
#2582=CARTESIAN_POINT('',(-1.075E0,1.03E1,-1.007320508076E1));
#2583=CARTESIAN_POINT('',(-1.075E0,1.03E1,-1.005288081687E1));
#2584=CARTESIAN_POINT('',(-1.083728112036E0,1.03E1,-1.001307688838E1));
#2585=CARTESIAN_POINT('',(-1.121428112464E0,1.03E1,-9.953735033662E0));
#2586=CARTESIAN_POINT('',(-1.156341998512E0,1.03E1,-9.918658001488E0));
#2587=CARTESIAN_POINT('',(-1.175E0,1.03E1,-9.9E0));
#2589=CARTESIAN_POINT('',(-2.325E0,1.03E1,-9.9E0));
#2590=CARTESIAN_POINT('',(-2.343658127139E0,1.03E1,-9.918658127139E0));
#2591=CARTESIAN_POINT('',(-2.378572167245E0,1.03E1,-9.953735333891E0));
#2592=CARTESIAN_POINT('',(-2.416272040950E0,1.03E1,-1.001307728239E1));
#2593=CARTESIAN_POINT('',(-2.425E0,1.03E1,-1.005288098758E1));
#2594=CARTESIAN_POINT('',(-2.425E0,1.03E1,-1.007320508076E1));
#2596=DIRECTION('',(0.E0,0.E0,1.E0));
#2597=VECTOR('',#2596,9.926794919243E0);
#2598=CARTESIAN_POINT('',(-2.425E0,1.03E1,-2.E1));
#2599=LINE('',#2598,#2597);
#2600=DIRECTION('',(1.E0,0.E0,0.E0));
#2601=VECTOR('',#2600,2.325E0);
#2602=CARTESIAN_POINT('',(-4.75E0,1.03E1,-2.E1));
#2603=LINE('',#2602,#2601);
#2604=DIRECTION('',(0.E0,0.E0,1.E0));
#2605=VECTOR('',#2604,9.926794919243E0);
#2606=CARTESIAN_POINT('',(-4.75E0,1.03E1,-2.E1));
#2607=LINE('',#2606,#2605);
#2608=CARTESIAN_POINT('',(-4.75E0,1.03E1,-1.007320508076E1));
#2609=CARTESIAN_POINT('',(-4.75E0,1.03E1,-1.005288938286E1));
#2610=CARTESIAN_POINT('',(-4.758720470764E0,1.03E1,-1.001309666198E1));
#2611=CARTESIAN_POINT('',(-4.796413820765E0,1.03E1,-9.953750416177E0));
#2612=CARTESIAN_POINT('',(-4.831335570289E0,1.03E1,-9.918664429711E0));
#2613=CARTESIAN_POINT('',(-4.85E0,1.03E1,-9.9E0));
#2615=DIRECTION('',(-1.E0,0.E0,0.E0));
#2616=VECTOR('',#2615,8.E-1);
#2617=CARTESIAN_POINT('',(-4.85E0,1.03E1,-9.9E0));
#2618=LINE('',#2617,#2616);
#2619=CARTESIAN_POINT('',(-5.65E0,1.03E1,-9.9E0));
#2620=CARTESIAN_POINT('',(-5.668664548372E0,1.03E1,-9.918664548372E0));
#2621=CARTESIAN_POINT('',(-5.703586443377E0,1.03E1,-9.953750699707E0));
#2622=CARTESIAN_POINT('',(-5.741279673720E0,1.03E1,-1.001309703420E1));
#2623=CARTESIAN_POINT('',(-5.75E0,1.03E1,-1.005288954412E1));
#2624=CARTESIAN_POINT('',(-5.75E0,1.03E1,-1.007320508076E1));
#2626=DIRECTION('',(0.E0,0.E0,1.E0));
#2627=VECTOR('',#2626,9.926794919243E0);
#2628=CARTESIAN_POINT('',(-5.75E0,1.03E1,-2.E1));
#2629=LINE('',#2628,#2627);
#2630=DIRECTION('',(1.E0,0.E0,0.E0));
#2631=VECTOR('',#2630,2.5E0);
#2632=CARTESIAN_POINT('',(-8.25E0,1.03E1,-2.E1));
#2633=LINE('',#2632,#2631);
#2634=DIRECTION('',(0.E0,0.E0,1.E0));
#2635=VECTOR('',#2634,9.926794919243E0);
#2636=CARTESIAN_POINT('',(-8.25E0,1.03E1,-2.E1));
#2637=LINE('',#2636,#2635);
#2638=CARTESIAN_POINT('',(-8.25E0,1.03E1,-1.007320508076E1));
#2639=CARTESIAN_POINT('',(-8.25E0,1.03E1,-1.005288938286E1));
#2640=CARTESIAN_POINT('',(-8.258720470764E0,1.03E1,-1.001309666198E1));
#2641=CARTESIAN_POINT('',(-8.296413820765E0,1.03E1,-9.953750416177E0));
#2642=CARTESIAN_POINT('',(-8.331335570289E0,1.03E1,-9.918664429711E0));
#2643=CARTESIAN_POINT('',(-8.35E0,1.03E1,-9.9E0));
#2645=DIRECTION('',(-1.E0,0.E0,0.E0));
#2646=VECTOR('',#2645,8.E-1);
#2647=CARTESIAN_POINT('',(-8.35E0,1.03E1,-9.9E0));
#2648=LINE('',#2647,#2646);
#2649=CARTESIAN_POINT('',(-9.15E0,1.03E1,-9.9E0));
#2650=CARTESIAN_POINT('',(-9.168664548372E0,1.03E1,-9.918664548372E0));
#2651=CARTESIAN_POINT('',(-9.203586443377E0,1.03E1,-9.953750699707E0));
#2652=CARTESIAN_POINT('',(-9.241279673720E0,1.03E1,-1.001309703420E1));
#2653=CARTESIAN_POINT('',(-9.25E0,1.03E1,-1.005288954412E1));
#2654=CARTESIAN_POINT('',(-9.25E0,1.03E1,-1.007320508076E1));
#2656=DIRECTION('',(0.E0,0.E0,1.E0));
#2657=VECTOR('',#2656,9.926794919243E0);
#2658=CARTESIAN_POINT('',(-9.25E0,1.03E1,-2.E1));
#2659=LINE('',#2658,#2657);
#2660=DIRECTION('',(1.E0,0.E0,0.E0));
#2661=VECTOR('',#2660,2.5E0);
#2662=CARTESIAN_POINT('',(-1.175E1,1.03E1,-2.E1));
#2663=LINE('',#2662,#2661);
#2664=DIRECTION('',(0.E0,0.E0,1.E0));
#2665=VECTOR('',#2664,9.926794919243E0);
#2666=CARTESIAN_POINT('',(-1.175E1,1.03E1,-2.E1));
#2667=LINE('',#2666,#2665);
#2668=CARTESIAN_POINT('',(-1.175E1,1.03E1,-1.007320508076E1));
#2669=CARTESIAN_POINT('',(-1.175E1,1.03E1,-1.005288938286E1));
#2670=CARTESIAN_POINT('',(-1.175872047076E1,1.03E1,-1.001309666198E1));
#2671=CARTESIAN_POINT('',(-1.179641382076E1,1.03E1,-9.953750416177E0));
#2672=CARTESIAN_POINT('',(-1.183133557029E1,1.03E1,-9.918664429711E0));
#2673=CARTESIAN_POINT('',(-1.185E1,1.03E1,-9.9E0));
#2675=DIRECTION('',(-1.E0,0.E0,0.E0));
#2676=VECTOR('',#2675,8.E-1);
#2677=CARTESIAN_POINT('',(-1.185E1,1.03E1,-9.9E0));
#2678=LINE('',#2677,#2676);
#2679=CARTESIAN_POINT('',(-1.265E1,1.03E1,-9.9E0));
#2680=CARTESIAN_POINT('',(-1.266866454837E1,1.03E1,-9.918664548372E0));
#2681=CARTESIAN_POINT('',(-1.270358644338E1,1.03E1,-9.953750699707E0));
#2682=CARTESIAN_POINT('',(-1.274127967372E1,1.03E1,-1.001309703420E1));
#2683=CARTESIAN_POINT('',(-1.275E1,1.03E1,-1.005288954412E1));
#2684=CARTESIAN_POINT('',(-1.275E1,1.03E1,-1.007320508076E1));
#2686=DIRECTION('',(0.E0,0.E0,1.E0));
#2687=VECTOR('',#2686,9.926794919243E0);
#2688=CARTESIAN_POINT('',(-1.275E1,1.03E1,-2.E1));
#2689=LINE('',#2688,#2687);
#2690=DIRECTION('',(1.E0,0.E0,0.E0));
#2691=VECTOR('',#2690,2.75E0);
#2692=CARTESIAN_POINT('',(-1.55E1,1.03E1,-2.E1));
#2693=LINE('',#2692,#2691);
#2694=DIRECTION('',(-3.436095494687E-9,-5.761712090660E-7,-9.999999999998E-1));
#2695=VECTOR('',#2694,1.799999722060E1);
#2696=CARTESIAN_POINT('',(-1.549999993815E1,1.030001037108E1,
-2.000002779406E0));
#2697=LINE('',#2696,#2695);
#2698=DIRECTION('',(1.E0,-2.467875375780E-12,-9.211756840282E-12));
#2699=VECTOR('',#2698,3.099999988254E1);
#2700=CARTESIAN_POINT('',(-1.549999993815E1,1.030001037108E1,
-2.000002779406E0));
#2701=LINE('',#2700,#2699);
#2702=DIRECTION('',(1.E0,0.E0,0.E0));
#2703=VECTOR('',#2702,2.75E0);
#2704=CARTESIAN_POINT('',(1.275E1,1.03E1,-2.E1));
#2705=LINE('',#2704,#2703);
#2706=DIRECTION('',(0.E0,0.E0,1.E0));
#2707=VECTOR('',#2706,9.926794919243E0);
#2708=CARTESIAN_POINT('',(1.275E1,1.03E1,-2.E1));
#2709=LINE('',#2708,#2707);
#2710=CARTESIAN_POINT('',(1.275E1,1.03E1,-1.007320508076E1));
#2711=CARTESIAN_POINT('',(1.275E1,1.03E1,-1.005288938286E1));
#2712=CARTESIAN_POINT('',(1.274127952924E1,1.03E1,-1.001309666198E1));
#2713=CARTESIAN_POINT('',(1.270358617924E1,1.03E1,-9.953750416177E0));
#2714=CARTESIAN_POINT('',(1.266866442971E1,1.03E1,-9.918664429711E0));
#2715=CARTESIAN_POINT('',(1.265E1,1.03E1,-9.9E0));
#2717=DIRECTION('',(-1.E0,0.E0,0.E0));
#2718=VECTOR('',#2717,8.E-1);
#2719=CARTESIAN_POINT('',(1.265E1,1.03E1,-9.9E0));
#2720=LINE('',#2719,#2718);
#2721=CARTESIAN_POINT('',(1.185E1,1.03E1,-9.9E0));
#2722=CARTESIAN_POINT('',(1.183133545163E1,1.03E1,-9.918664548372E0));
#2723=CARTESIAN_POINT('',(1.179641355662E1,1.03E1,-9.953750699707E0));
#2724=CARTESIAN_POINT('',(1.175872032628E1,1.03E1,-1.001309703420E1));
#2725=CARTESIAN_POINT('',(1.175E1,1.03E1,-1.005288954412E1));
#2726=CARTESIAN_POINT('',(1.175E1,1.03E1,-1.007320508076E1));
#2728=DIRECTION('',(0.E0,0.E0,1.E0));
#2729=VECTOR('',#2728,9.926794919243E0);
#2730=CARTESIAN_POINT('',(1.175E1,1.03E1,-2.E1));
#2731=LINE('',#2730,#2729);
#2732=DIRECTION('',(1.E0,0.E0,0.E0));
#2733=VECTOR('',#2732,2.5E0);
#2734=CARTESIAN_POINT('',(9.25E0,1.03E1,-2.E1));
#2735=LINE('',#2734,#2733);
#2736=DIRECTION('',(0.E0,0.E0,1.E0));
#2737=VECTOR('',#2736,9.926794919243E0);
#2738=CARTESIAN_POINT('',(9.25E0,1.03E1,-2.E1));
#2739=LINE('',#2738,#2737);
#2740=CARTESIAN_POINT('',(9.25E0,1.03E1,-1.007320508076E1));
#2741=CARTESIAN_POINT('',(9.25E0,1.03E1,-1.005288938286E1));
#2742=CARTESIAN_POINT('',(9.241279529236E0,1.03E1,-1.001309666198E1));
#2743=CARTESIAN_POINT('',(9.203586179235E0,1.03E1,-9.953750416177E0));
#2744=CARTESIAN_POINT('',(9.168664429711E0,1.03E1,-9.918664429711E0));
#2745=CARTESIAN_POINT('',(9.15E0,1.03E1,-9.9E0));
#2747=DIRECTION('',(-1.E0,0.E0,0.E0));
#2748=VECTOR('',#2747,8.E-1);
#2749=CARTESIAN_POINT('',(9.15E0,1.03E1,-9.9E0));
#2750=LINE('',#2749,#2748);
#2751=CARTESIAN_POINT('',(8.35E0,1.03E1,-9.9E0));
#2752=CARTESIAN_POINT('',(8.331335451628E0,1.03E1,-9.918664548372E0));
#2753=CARTESIAN_POINT('',(8.296413556623E0,1.03E1,-9.953750699707E0));
#2754=CARTESIAN_POINT('',(8.258720326280E0,1.03E1,-1.001309703420E1));
#2755=CARTESIAN_POINT('',(8.25E0,1.03E1,-1.005288954412E1));
#2756=CARTESIAN_POINT('',(8.25E0,1.03E1,-1.007320508076E1));
#2758=DIRECTION('',(0.E0,0.E0,1.E0));
#2759=VECTOR('',#2758,9.926794919243E0);
#2760=CARTESIAN_POINT('',(8.25E0,1.03E1,-2.E1));
#2761=LINE('',#2760,#2759);
#2762=DIRECTION('',(1.E0,0.E0,0.E0));
#2763=VECTOR('',#2762,2.5E0);
#2764=CARTESIAN_POINT('',(5.75E0,1.03E1,-2.E1));
#2765=LINE('',#2764,#2763);
#2766=DIRECTION('',(0.E0,0.E0,1.E0));
#2767=VECTOR('',#2766,9.926794919243E0);
#2768=CARTESIAN_POINT('',(5.75E0,1.03E1,-2.E1));
#2769=LINE('',#2768,#2767);
#2770=CARTESIAN_POINT('',(5.75E0,1.03E1,-1.007320508076E1));
#2771=CARTESIAN_POINT('',(5.75E0,1.03E1,-1.005288938286E1));
#2772=CARTESIAN_POINT('',(5.741279529236E0,1.03E1,-1.001309666198E1));
#2773=CARTESIAN_POINT('',(5.703586179235E0,1.03E1,-9.953750416177E0));
#2774=CARTESIAN_POINT('',(5.668664429711E0,1.03E1,-9.918664429711E0));
#2775=CARTESIAN_POINT('',(5.65E0,1.03E1,-9.9E0));
#2777=DIRECTION('',(-1.E0,0.E0,0.E0));
#2778=VECTOR('',#2777,8.E-1);
#2779=CARTESIAN_POINT('',(5.65E0,1.03E1,-9.9E0));
#2780=LINE('',#2779,#2778);
#2781=CARTESIAN_POINT('',(4.85E0,1.03E1,-9.9E0));
#2782=CARTESIAN_POINT('',(4.831335451628E0,1.03E1,-9.918664548372E0));
#2783=CARTESIAN_POINT('',(4.796413556623E0,1.03E1,-9.953750699707E0));
#2784=CARTESIAN_POINT('',(4.758720326280E0,1.03E1,-1.001309703420E1));
#2785=CARTESIAN_POINT('',(4.75E0,1.03E1,-1.005288954412E1));
#2786=CARTESIAN_POINT('',(4.75E0,1.03E1,-1.007320508076E1));
#2788=DIRECTION('',(0.E0,0.E0,1.E0));
#2789=VECTOR('',#2788,9.926794919243E0);
#2790=CARTESIAN_POINT('',(4.75E0,1.03E1,-2.E1));
#2791=LINE('',#2790,#2789);
#2792=DIRECTION('',(1.E0,0.E0,0.E0));
#2793=VECTOR('',#2792,2.5E0);
#2794=CARTESIAN_POINT('',(2.25E0,1.03E1,-2.E1));
#2795=LINE('',#2794,#2793);
#2796=DIRECTION('',(0.E0,0.E0,1.E0));
#2797=VECTOR('',#2796,9.926794919243E0);
#2798=CARTESIAN_POINT('',(2.25E0,1.03E1,-2.E1));
#2799=LINE('',#2798,#2797);
#2800=CARTESIAN_POINT('',(2.25E0,1.03E1,-1.007320508076E1));
#2801=CARTESIAN_POINT('',(2.25E0,1.03E1,-1.005288938286E1));
#2802=CARTESIAN_POINT('',(2.241279529236E0,1.03E1,-1.001309666198E1));
#2803=CARTESIAN_POINT('',(2.203586179235E0,1.03E1,-9.953750416177E0));
#2804=CARTESIAN_POINT('',(2.168664429711E0,1.03E1,-9.918664429711E0));
#2805=CARTESIAN_POINT('',(2.15E0,1.03E1,-9.9E0));
#2807=DIRECTION('',(-1.E0,0.E0,0.E0));
#2808=VECTOR('',#2807,8.E-1);
#2809=CARTESIAN_POINT('',(2.15E0,1.03E1,-9.9E0));
#2810=LINE('',#2809,#2808);
#2811=CARTESIAN_POINT('',(1.35E0,1.03E1,-9.9E0));
#2812=CARTESIAN_POINT('',(1.331335451628E0,1.03E1,-9.918664548372E0));
#2813=CARTESIAN_POINT('',(1.296413556623E0,1.03E1,-9.953750699707E0));
#2814=CARTESIAN_POINT('',(1.258720326280E0,1.03E1,-1.001309703420E1));
#2815=CARTESIAN_POINT('',(1.25E0,1.03E1,-1.005288954412E1));
#2816=CARTESIAN_POINT('',(1.25E0,1.03E1,-1.007320508076E1));
#2818=DIRECTION('',(0.E0,0.E0,1.E0));
#2819=VECTOR('',#2818,9.926794919243E0);
#2820=CARTESIAN_POINT('',(1.25E0,1.03E1,-2.E1));
#2821=LINE('',#2820,#2819);
#2822=DIRECTION('',(1.E0,0.E0,0.E0));
#2823=VECTOR('',#2822,2.325E0);
#2824=CARTESIAN_POINT('',(-1.075E0,1.03E1,-2.E1));
#2825=LINE('',#2824,#2823);
#2826=DIRECTION('',(0.E0,1.E0,0.E0));
#2827=VECTOR('',#2826,2.125000003508E0);
#2828=CARTESIAN_POINT('',(-1.075E0,8.074999996492E0,-1.01E1));
#2829=LINE('',#2828,#2827);
#2830=CARTESIAN_POINT('',(-1.075E0,1.02E1,-9.9E0));
#2831=DIRECTION('',(1.E0,0.E0,0.E0));
#2832=DIRECTION('',(0.E0,0.E0,-1.E0));
#2833=AXIS2_PLACEMENT_3D('',#2830,#2831,#2832);
#2835=DIRECTION('',(0.E0,-3.543001133779E-10,1.E0));
#2836=VECTOR('',#2835,9.9E0);
#2837=CARTESIAN_POINT('',(-1.075E0,8.075E0,-2.E1));
#2838=LINE('',#2837,#2836);
#2839=CARTESIAN_POINT('',(-1.175E0,8.075E0,-1.01E1));
#2840=DIRECTION('',(0.E0,1.E0,0.E0));
#2841=DIRECTION('',(0.E0,0.E0,1.E0));
#2842=AXIS2_PLACEMENT_3D('',#2839,#2840,#2841);
#2844=CARTESIAN_POINT('',(-2.325E0,8.075E0,-1.01E1));
#2845=DIRECTION('',(0.E0,-1.E0,0.E0));
#2846=DIRECTION('',(0.E0,0.E0,1.E0));
#2847=AXIS2_PLACEMENT_3D('',#2844,#2845,#2846);
#2849=CARTESIAN_POINT('',(-1.75E0,8.075E0,-1.01E1));
#2850=DIRECTION('',(0.E0,0.E0,1.E0));
#2851=DIRECTION('',(-1.E0,0.E0,0.E0));
#2852=AXIS2_PLACEMENT_3D('',#2849,#2850,#2851);
#2854=DIRECTION('',(0.E0,-1.974747189564E-10,1.E0));
#2855=VECTOR('',#2854,9.9E0);
#2856=CARTESIAN_POINT('',(-2.425E0,8.075E0,-2.E1));
#2857=LINE('',#2856,#2855);
#2858=DIRECTION('',(0.E0,-1.E0,0.E0));
#2859=VECTOR('',#2858,2.125000001955E0);
#2860=CARTESIAN_POINT('',(-2.425E0,1.02E1,-1.01E1));
#2861=LINE('',#2860,#2859);
#2862=CARTESIAN_POINT('',(-2.425E0,1.02E1,-9.9E0));
#2863=DIRECTION('',(1.E0,0.E0,0.E0));
#2864=DIRECTION('',(0.E0,0.E0,-1.E0));
#2865=AXIS2_PLACEMENT_3D('',#2862,#2863,#2864);
#2867=CARTESIAN_POINT('',(-2.325E0,1.02E1,-9.9E0));
#2868=DIRECTION('',(1.E0,0.E0,0.E0));
#2869=DIRECTION('',(0.E0,0.E0,-1.E0));
#2870=AXIS2_PLACEMENT_3D('',#2867,#2868,#2869);
#2872=CARTESIAN_POINT('',(-2.325E0,1.02E1,-1.01E1));
#2873=DIRECTION('',(0.E0,1.E0,-1.365574320289E-14));
#2874=DIRECTION('',(-1.E0,0.E0,0.E0));
#2875=AXIS2_PLACEMENT_3D('',#2872,#2873,#2874);
#2877=DIRECTION('',(1.E0,0.E0,0.E0));
#2878=VECTOR('',#2877,1.15E0);
#2879=CARTESIAN_POINT('',(-2.325E0,1.03E1,-9.9E0));
#2880=LINE('',#2879,#2878);
#2881=DIRECTION('',(-1.E0,0.E0,0.E0));
#2882=VECTOR('',#2881,1.15E0);
#2883=CARTESIAN_POINT('',(-1.175E0,1.02E1,-1.E1));
#2884=LINE('',#2883,#2882);
#2885=CARTESIAN_POINT('',(-1.175E0,1.02E1,-1.01E1));
#2886=DIRECTION('',(0.E0,1.E0,0.E0));
#2887=DIRECTION('',(0.E0,1.776356839400E-14,1.E0));
#2888=AXIS2_PLACEMENT_3D('',#2885,#2886,#2887);
#2890=CARTESIAN_POINT('',(-1.175E0,1.02E1,-9.9E0));
#2891=DIRECTION('',(-1.E0,0.E0,0.E0));
#2892=DIRECTION('',(0.E0,1.E0,0.E0));
#2893=AXIS2_PLACEMENT_3D('',#2890,#2891,#2892);
#2895=DIRECTION('',(0.E0,1.E0,0.E0));
#2896=VECTOR('',#2895,1.100000002357E0);
#2897=CARTESIAN_POINT('',(-4.75E0,9.099999997643E0,-1.01E1));
#2898=LINE('',#2897,#2896);
#2899=CARTESIAN_POINT('',(-4.75E0,1.02E1,-9.9E0));
#2900=DIRECTION('',(1.E0,0.E0,0.E0));
#2901=DIRECTION('',(0.E0,0.E0,-1.E0));
#2902=AXIS2_PLACEMENT_3D('',#2899,#2900,#2901);
#2904=DIRECTION('',(0.E0,-2.380352256493E-10,1.E0));
#2905=VECTOR('',#2904,9.9E0);
#2906=CARTESIAN_POINT('',(-4.75E0,9.1E0,-2.E1));
#2907=LINE('',#2906,#2905);
#2908=CARTESIAN_POINT('',(-4.85E0,9.1E0,-1.01E1));
#2909=DIRECTION('',(0.E0,1.E0,0.E0));
#2910=DIRECTION('',(0.E0,0.E0,1.E0));
#2911=AXIS2_PLACEMENT_3D('',#2908,#2909,#2910);
#2913=CARTESIAN_POINT('',(-5.65E0,9.1E0,-1.01E1));
#2914=DIRECTION('',(0.E0,-1.E0,0.E0));
#2915=DIRECTION('',(0.E0,0.E0,1.E0));
#2916=AXIS2_PLACEMENT_3D('',#2913,#2914,#2915);
#2918=DIRECTION('',(1.062584363932E-12,-1.E0,0.E0));
#2919=VECTOR('',#2918,1.1E0);
#2920=CARTESIAN_POINT('',(-5.65E0,1.02E1,-1.E1));
#2921=LINE('',#2920,#2919);
#2922=DIRECTION('',(-1.E0,0.E0,0.E0));
#2923=VECTOR('',#2922,8.E-1);
#2924=CARTESIAN_POINT('',(-4.85E0,1.02E1,-1.E1));
#2925=LINE('',#2924,#2923);
#2926=DIRECTION('',(1.372639375900E-14,1.E0,0.E0));
#2927=VECTOR('',#2926,1.1E0);
#2928=CARTESIAN_POINT('',(-4.85E0,9.1E0,-1.E1));
#2929=LINE('',#2928,#2927);
#2930=CARTESIAN_POINT('',(-5.25E0,9.1E0,-1.E1));
#2931=DIRECTION('',(0.E0,0.E0,1.E0));
#2932=DIRECTION('',(-1.E0,0.E0,0.E0));
#2933=AXIS2_PLACEMENT_3D('',#2930,#2931,#2932);
#2935=DIRECTION('',(-1.060162059151E-12,1.E0,0.E0));
#2936=VECTOR('',#2935,1.1E0);
#2937=CARTESIAN_POINT('',(-4.85E0,-1.02E1,-1.E1));
#2938=LINE('',#2937,#2936);
#2939=DIRECTION('',(1.E0,0.E0,0.E0));
#2940=VECTOR('',#2939,8.E-1);
#2941=CARTESIAN_POINT('',(-5.65E0,-1.02E1,-1.E1));
#2942=LINE('',#2941,#2940);
#2943=DIRECTION('',(-1.534126361300E-14,-1.E0,0.E0));
#2944=VECTOR('',#2943,1.1E0);
#2945=CARTESIAN_POINT('',(-5.65E0,-9.1E0,-1.E1));
#2946=LINE('',#2945,#2944);
#2947=CARTESIAN_POINT('',(-5.25E0,-9.1E0,-1.E1));
#2948=DIRECTION('',(0.E0,0.E0,1.E0));
#2949=DIRECTION('',(1.E0,0.E0,0.E0));
#2950=AXIS2_PLACEMENT_3D('',#2947,#2948,#2949);
#2952=DIRECTION('',(0.E0,-1.E0,0.E0));
#2953=VECTOR('',#2952,1.100000011792E0);
#2954=CARTESIAN_POINT('',(-5.75E0,1.02E1,-1.01E1));
#2955=LINE('',#2954,#2953);
#2956=CARTESIAN_POINT('',(-5.75E0,1.02E1,-9.9E0));
#2957=DIRECTION('',(1.E0,0.E0,0.E0));
#2958=DIRECTION('',(0.E0,0.E0,-1.E0));
#2959=AXIS2_PLACEMENT_3D('',#2956,#2957,#2958);
#2961=CARTESIAN_POINT('',(-5.25E0,9.1E0,-1.01E1));
#2962=DIRECTION('',(0.E0,0.E0,1.E0));
#2963=DIRECTION('',(-1.E0,0.E0,0.E0));
#2964=AXIS2_PLACEMENT_3D('',#2961,#2962,#2963);
#2966=DIRECTION('',(0.E0,-1.191152945078E-9,1.E0));
#2967=VECTOR('',#2966,9.9E0);
#2968=CARTESIAN_POINT('',(-5.75E0,9.1E0,-2.E1));
#2969=LINE('',#2968,#2967);
#2970=CARTESIAN_POINT('',(-5.65E0,1.02E1,-9.9E0));
#2971=DIRECTION('',(1.E0,0.E0,0.E0));
#2972=DIRECTION('',(0.E0,0.E0,-1.E0));
#2973=AXIS2_PLACEMENT_3D('',#2970,#2971,#2972);
#2975=CARTESIAN_POINT('',(-5.65E0,1.02E1,-1.01E1));
#2976=DIRECTION('',(0.E0,1.E0,-2.314815006343E-14));
#2977=DIRECTION('',(-1.E0,0.E0,-1.776356839400E-14));
#2978=AXIS2_PLACEMENT_3D('',#2975,#2976,#2977);
#2980=CARTESIAN_POINT('',(-4.85E0,1.02E1,-1.01E1));
#2981=DIRECTION('',(0.E0,1.E0,-1.687538997430E-14));
#2982=DIRECTION('',(4.440892098501E-14,1.776356839400E-14,1.E0));
#2983=AXIS2_PLACEMENT_3D('',#2980,#2981,#2982);
#2985=CARTESIAN_POINT('',(-4.85E0,1.02E1,-9.9E0));
#2986=DIRECTION('',(-1.E0,0.E0,0.E0));
#2987=DIRECTION('',(0.E0,1.E0,0.E0));
#2988=AXIS2_PLACEMENT_3D('',#2985,#2986,#2987);
#2990=CARTESIAN_POINT('',(-4.85E0,-9.1E0,-1.01E1));
#2991=DIRECTION('',(0.E0,1.E0,0.E0));
#2992=DIRECTION('',(0.E0,0.E0,1.E0));
#2993=AXIS2_PLACEMENT_3D('',#2990,#2991,#2992);
#2995=CARTESIAN_POINT('',(-5.65E0,-9.1E0,-1.01E1));
#2996=DIRECTION('',(0.E0,-1.E0,0.E0));
#2997=DIRECTION('',(0.E0,0.E0,1.E0));
#2998=AXIS2_PLACEMENT_3D('',#2995,#2996,#2997);
#3000=DIRECTION('',(0.E0,-1.E0,0.E0));
#3001=VECTOR('',#3000,1.100000002357E0);
#3002=CARTESIAN_POINT('',(-5.75E0,-9.099999997643E0,-1.01E1));
#3003=LINE('',#3002,#3001);
#3004=CARTESIAN_POINT('',(-5.75E0,-1.02E1,-9.9E0));
#3005=DIRECTION('',(-1.E0,0.E0,0.E0));
#3006=DIRECTION('',(0.E0,0.E0,-1.E0));
#3007=AXIS2_PLACEMENT_3D('',#3004,#3005,#3006);
#3009=DIRECTION('',(0.E0,2.380352256493E-10,1.E0));
#3010=VECTOR('',#3009,9.9E0);
#3011=CARTESIAN_POINT('',(-5.75E0,-9.1E0,-2.E1));
#3012=LINE('',#3011,#3010);
#3013=CARTESIAN_POINT('',(-5.65E0,-1.02E1,-1.01E1));
#3014=DIRECTION('',(0.E0,-1.E0,-1.698641227676E-14));
#3015=DIRECTION('',(1.776356839400E-14,-1.776356839400E-14,1.E0));
#3016=AXIS2_PLACEMENT_3D('',#3013,#3014,#3015);
#3018=CARTESIAN_POINT('',(-5.65E0,-1.02E1,-9.9E0));
#3019=DIRECTION('',(1.E0,0.E0,0.E0));
#3020=DIRECTION('',(0.E0,-1.E0,0.E0));
#3021=AXIS2_PLACEMENT_3D('',#3018,#3019,#3020);
#3023=CARTESIAN_POINT('',(-4.85E0,-1.02E1,-9.9E0));
#3024=DIRECTION('',(-1.E0,0.E0,0.E0));
#3025=DIRECTION('',(0.E0,0.E0,-1.E0));
#3026=AXIS2_PLACEMENT_3D('',#3023,#3024,#3025);
#3028=CARTESIAN_POINT('',(-4.85E0,-1.02E1,-1.01E1));
#3029=DIRECTION('',(0.E0,-1.E0,-2.314815006343E-14));
#3030=DIRECTION('',(1.E0,0.E0,-1.776356839400E-14));
#3031=AXIS2_PLACEMENT_3D('',#3028,#3029,#3030);
#3033=DIRECTION('',(0.E0,1.E0,0.E0));
#3034=VECTOR('',#3033,1.100000011792E0);
#3035=CARTESIAN_POINT('',(-4.75E0,-1.02E1,-1.01E1));
#3036=LINE('',#3035,#3034);
#3037=CARTESIAN_POINT('',(-4.75E0,-1.02E1,-9.9E0));
#3038=DIRECTION('',(-1.E0,0.E0,0.E0));
#3039=DIRECTION('',(0.E0,0.E0,-1.E0));
#3040=AXIS2_PLACEMENT_3D('',#3037,#3038,#3039);
#3042=CARTESIAN_POINT('',(-5.25E0,-9.1E0,-1.01E1));
#3043=DIRECTION('',(0.E0,0.E0,1.E0));
#3044=DIRECTION('',(1.E0,0.E0,0.E0));
#3045=AXIS2_PLACEMENT_3D('',#3042,#3043,#3044);
#3047=DIRECTION('',(0.E0,1.191152586218E-9,1.E0));
#3048=VECTOR('',#3047,9.9E0);
#3049=CARTESIAN_POINT('',(-4.75E0,-9.1E0,-2.E1));
#3050=LINE('',#3049,#3048);
#3051=DIRECTION('',(0.E0,1.E0,0.E0));
#3052=VECTOR('',#3051,1.100000002357E0);
#3053=CARTESIAN_POINT('',(-8.25E0,9.099999997643E0,-1.01E1));
#3054=LINE('',#3053,#3052);
#3055=CARTESIAN_POINT('',(-8.25E0,1.02E1,-9.9E0));
#3056=DIRECTION('',(1.E0,0.E0,0.E0));
#3057=DIRECTION('',(0.E0,0.E0,-1.E0));
#3058=AXIS2_PLACEMENT_3D('',#3055,#3056,#3057);
#3060=DIRECTION('',(0.E0,-2.380352256493E-10,1.E0));
#3061=VECTOR('',#3060,9.9E0);
#3062=CARTESIAN_POINT('',(-8.25E0,9.1E0,-2.E1));
#3063=LINE('',#3062,#3061);
#3064=CARTESIAN_POINT('',(-8.35E0,9.1E0,-1.01E1));
#3065=DIRECTION('',(0.E0,1.E0,0.E0));
#3066=DIRECTION('',(0.E0,0.E0,1.E0));
#3067=AXIS2_PLACEMENT_3D('',#3064,#3065,#3066);
#3069=CARTESIAN_POINT('',(-9.15E0,9.1E0,-1.01E1));
#3070=DIRECTION('',(0.E0,-1.E0,0.E0));
#3071=DIRECTION('',(0.E0,0.E0,1.E0));
#3072=AXIS2_PLACEMENT_3D('',#3069,#3070,#3071);
#3074=DIRECTION('',(1.064199233786E-12,-1.E0,0.E0));
#3075=VECTOR('',#3074,1.1E0);
#3076=CARTESIAN_POINT('',(-9.15E0,1.02E1,-1.E1));
#3077=LINE('',#3076,#3075);
#3078=DIRECTION('',(-1.E0,0.E0,0.E0));
#3079=VECTOR('',#3078,8.E-1);
#3080=CARTESIAN_POINT('',(-8.35E0,1.02E1,-1.E1));
#3081=LINE('',#3080,#3079);
#3082=DIRECTION('',(1.614869854E-14,1.E0,0.E0));
#3083=VECTOR('',#3082,1.1E0);
#3084=CARTESIAN_POINT('',(-8.35E0,9.1E0,-1.E1));
#3085=LINE('',#3084,#3083);
#3086=CARTESIAN_POINT('',(-8.75E0,9.1E0,-1.E1));
#3087=DIRECTION('',(0.E0,0.E0,1.E0));
#3088=DIRECTION('',(-1.E0,0.E0,0.E0));
#3089=AXIS2_PLACEMENT_3D('',#3086,#3087,#3088);
#3091=DIRECTION('',(-1.062584363932E-12,1.E0,0.E0));
#3092=VECTOR('',#3091,1.1E0);
#3093=CARTESIAN_POINT('',(-8.35E0,-1.02E1,-1.E1));
#3094=LINE('',#3093,#3092);
#3095=DIRECTION('',(1.E0,0.E0,0.E0));
#3096=VECTOR('',#3095,8.E-1);
#3097=CARTESIAN_POINT('',(-9.15E0,-1.02E1,-1.E1));
#3098=LINE('',#3097,#3096);
#3099=DIRECTION('',(-1.614869854E-14,-1.E0,0.E0));
#3100=VECTOR('',#3099,1.1E0);
#3101=CARTESIAN_POINT('',(-9.15E0,-9.1E0,-1.E1));
#3102=LINE('',#3101,#3100);
#3103=CARTESIAN_POINT('',(-8.75E0,-9.1E0,-1.E1));
#3104=DIRECTION('',(0.E0,0.E0,1.E0));
#3105=DIRECTION('',(1.E0,0.E0,0.E0));
#3106=AXIS2_PLACEMENT_3D('',#3103,#3104,#3105);
#3108=DIRECTION('',(0.E0,-1.E0,0.E0));
#3109=VECTOR('',#3108,1.100000011792E0);
#3110=CARTESIAN_POINT('',(-9.25E0,1.02E1,-1.01E1));
#3111=LINE('',#3110,#3109);
#3112=CARTESIAN_POINT('',(-9.25E0,1.02E1,-9.9E0));
#3113=DIRECTION('',(1.E0,0.E0,0.E0));
#3114=DIRECTION('',(0.E0,0.E0,-1.E0));
#3115=AXIS2_PLACEMENT_3D('',#3112,#3113,#3114);
#3117=CARTESIAN_POINT('',(-8.75E0,9.1E0,-1.01E1));
#3118=DIRECTION('',(0.E0,0.E0,1.E0));
#3119=DIRECTION('',(-1.E0,0.E0,0.E0));
#3120=AXIS2_PLACEMENT_3D('',#3117,#3118,#3119);
#3122=DIRECTION('',(0.E0,-1.191152586218E-9,1.E0));
#3123=VECTOR('',#3122,9.9E0);
#3124=CARTESIAN_POINT('',(-9.25E0,9.1E0,-2.E1));
#3125=LINE('',#3124,#3123);
#3126=CARTESIAN_POINT('',(-9.15E0,1.02E1,-9.9E0));
#3127=DIRECTION('',(1.E0,0.E0,0.E0));
#3128=DIRECTION('',(0.E0,0.E0,-1.E0));
#3129=AXIS2_PLACEMENT_3D('',#3126,#3127,#3128);
#3131=CARTESIAN_POINT('',(-9.15E0,1.02E1,-1.01E1));
#3132=DIRECTION('',(0.E0,1.E0,-2.331468351713E-14));
#3133=DIRECTION('',(-1.E0,0.E0,-1.776356839400E-14));
#3134=AXIS2_PLACEMENT_3D('',#3131,#3132,#3133);
#3136=CARTESIAN_POINT('',(-8.35E0,1.02E1,-1.01E1));
#3137=DIRECTION('',(0.E0,1.E0,-1.687538997430E-14));
#3138=DIRECTION('',(0.E0,1.776356839400E-14,1.E0));
#3139=AXIS2_PLACEMENT_3D('',#3136,#3137,#3138);
#3141=CARTESIAN_POINT('',(-8.35E0,1.02E1,-9.9E0));
#3142=DIRECTION('',(-1.E0,0.E0,0.E0));
#3143=DIRECTION('',(0.E0,1.E0,0.E0));
#3144=AXIS2_PLACEMENT_3D('',#3141,#3142,#3143);
#3146=CARTESIAN_POINT('',(-8.35E0,-9.1E0,-1.01E1));
#3147=DIRECTION('',(0.E0,1.E0,0.E0));
#3148=DIRECTION('',(0.E0,0.E0,1.E0));
#3149=AXIS2_PLACEMENT_3D('',#3146,#3147,#3148);
#3151=CARTESIAN_POINT('',(-9.15E0,-9.1E0,-1.01E1));
#3152=DIRECTION('',(0.E0,-1.E0,0.E0));
#3153=DIRECTION('',(0.E0,0.E0,1.E0));
#3154=AXIS2_PLACEMENT_3D('',#3151,#3152,#3153);
#3156=DIRECTION('',(0.E0,-1.E0,0.E0));
#3157=VECTOR('',#3156,1.100000002357E0);
#3158=CARTESIAN_POINT('',(-9.25E0,-9.099999997643E0,-1.01E1));
#3159=LINE('',#3158,#3157);
#3160=CARTESIAN_POINT('',(-9.25E0,-1.02E1,-9.9E0));
#3161=DIRECTION('',(-1.E0,0.E0,0.E0));
#3162=DIRECTION('',(0.E0,0.E0,-1.E0));
#3163=AXIS2_PLACEMENT_3D('',#3160,#3161,#3162);
#3165=DIRECTION('',(0.E0,2.380352256493E-10,1.E0));
#3166=VECTOR('',#3165,9.9E0);
#3167=CARTESIAN_POINT('',(-9.25E0,-9.1E0,-2.E1));
#3168=LINE('',#3167,#3166);
#3169=CARTESIAN_POINT('',(-9.15E0,-1.02E1,-1.01E1));
#3170=DIRECTION('',(0.E0,-1.E0,-1.687538997430E-14));
#3171=DIRECTION('',(0.E0,-1.776356839400E-14,1.E0));
#3172=AXIS2_PLACEMENT_3D('',#3169,#3170,#3171);
#3174=CARTESIAN_POINT('',(-9.15E0,-1.02E1,-9.9E0));
#3175=DIRECTION('',(1.E0,0.E0,0.E0));
#3176=DIRECTION('',(0.E0,-1.E0,0.E0));
#3177=AXIS2_PLACEMENT_3D('',#3174,#3175,#3176);
#3179=CARTESIAN_POINT('',(-8.35E0,-1.02E1,-9.9E0));
#3180=DIRECTION('',(-1.E0,0.E0,0.E0));
#3181=DIRECTION('',(0.E0,0.E0,-1.E0));
#3182=AXIS2_PLACEMENT_3D('',#3179,#3180,#3181);
#3184=CARTESIAN_POINT('',(-8.35E0,-1.02E1,-1.01E1));
#3185=DIRECTION('',(0.E0,-1.E0,-2.331468351713E-14));
#3186=DIRECTION('',(1.E0,0.E0,-1.776356839400E-14));
#3187=AXIS2_PLACEMENT_3D('',#3184,#3185,#3186);
#3189=DIRECTION('',(0.E0,1.E0,0.E0));
#3190=VECTOR('',#3189,1.100000011792E0);
#3191=CARTESIAN_POINT('',(-8.25E0,-1.02E1,-1.01E1));
#3192=LINE('',#3191,#3190);
#3193=CARTESIAN_POINT('',(-8.25E0,-1.02E1,-9.9E0));
#3194=DIRECTION('',(-1.E0,0.E0,0.E0));
#3195=DIRECTION('',(0.E0,0.E0,-1.E0));
#3196=AXIS2_PLACEMENT_3D('',#3193,#3194,#3195);
#3198=CARTESIAN_POINT('',(-8.75E0,-9.1E0,-1.01E1));
#3199=DIRECTION('',(0.E0,0.E0,1.E0));
#3200=DIRECTION('',(1.E0,0.E0,0.E0));
#3201=AXIS2_PLACEMENT_3D('',#3198,#3199,#3200);
#3203=DIRECTION('',(0.E0,1.191152945078E-9,1.E0));
#3204=VECTOR('',#3203,9.9E0);
#3205=CARTESIAN_POINT('',(-8.25E0,-9.1E0,-2.E1));
#3206=LINE('',#3205,#3204);
#3207=DIRECTION('',(0.E0,1.E0,0.E0));
#3208=VECTOR('',#3207,1.100000002357E0);
#3209=CARTESIAN_POINT('',(-1.175E1,9.099999997643E0,-1.01E1));
#3210=LINE('',#3209,#3208);
#3211=CARTESIAN_POINT('',(-1.175E1,1.02E1,-9.9E0));
#3212=DIRECTION('',(1.E0,0.E0,0.E0));
#3213=DIRECTION('',(0.E0,0.E0,-1.E0));
#3214=AXIS2_PLACEMENT_3D('',#3211,#3212,#3213);
#3216=DIRECTION('',(0.E0,-2.380352256493E-10,1.E0));
#3217=VECTOR('',#3216,9.9E0);
#3218=CARTESIAN_POINT('',(-1.175E1,9.1E0,-2.E1));
#3219=LINE('',#3218,#3217);
#3220=CARTESIAN_POINT('',(-1.185E1,9.1E0,-1.01E1));
#3221=DIRECTION('',(0.E0,1.E0,0.E0));
#3222=DIRECTION('',(0.E0,0.E0,1.E0));
#3223=AXIS2_PLACEMENT_3D('',#3220,#3221,#3222);
#3225=CARTESIAN_POINT('',(-1.265E1,9.1E0,-1.01E1));
#3226=DIRECTION('',(0.E0,-1.E0,0.E0));
#3227=DIRECTION('',(0.E0,0.E0,1.E0));
#3228=AXIS2_PLACEMENT_3D('',#3225,#3226,#3227);
#3230=DIRECTION('',(1.062584363932E-12,-1.E0,0.E0));
#3231=VECTOR('',#3230,1.1E0);
#3232=CARTESIAN_POINT('',(-1.265E1,1.02E1,-1.E1));
#3233=LINE('',#3232,#3231);
#3234=DIRECTION('',(-1.E0,0.E0,0.E0));
#3235=VECTOR('',#3234,8.E-1);
#3236=CARTESIAN_POINT('',(-1.185E1,1.02E1,-1.E1));
#3237=LINE('',#3236,#3235);
#3238=DIRECTION('',(1.614869854E-14,1.E0,0.E0));
#3239=VECTOR('',#3238,1.1E0);
#3240=CARTESIAN_POINT('',(-1.185E1,9.1E0,-1.E1));
#3241=LINE('',#3240,#3239);
#3242=CARTESIAN_POINT('',(-1.225E1,9.1E0,-1.E1));
#3243=DIRECTION('',(0.E0,0.E0,1.E0));
#3244=DIRECTION('',(-1.E0,0.E0,0.E0));
#3245=AXIS2_PLACEMENT_3D('',#3242,#3243,#3244);
#3247=DIRECTION('',(-1.060969494078E-12,1.E0,0.E0));
#3248=VECTOR('',#3247,1.1E0);
#3249=CARTESIAN_POINT('',(-1.185E1,-1.02E1,-1.E1));
#3250=LINE('',#3249,#3248);
#3251=DIRECTION('',(1.E0,0.E0,0.E0));
#3252=VECTOR('',#3251,8.E-1);
#3253=CARTESIAN_POINT('',(-1.265E1,-1.02E1,-1.E1));
#3254=LINE('',#3253,#3252);
#3255=DIRECTION('',(-1.614869854E-14,-1.E0,0.E0));
#3256=VECTOR('',#3255,1.1E0);
#3257=CARTESIAN_POINT('',(-1.265E1,-9.1E0,-1.E1));
#3258=LINE('',#3257,#3256);
#3259=CARTESIAN_POINT('',(-1.225E1,-9.1E0,-1.E1));
#3260=DIRECTION('',(0.E0,0.E0,1.E0));
#3261=DIRECTION('',(1.E0,0.E0,0.E0));
#3262=AXIS2_PLACEMENT_3D('',#3259,#3260,#3261);
#3264=DIRECTION('',(0.E0,-1.E0,0.E0));
#3265=VECTOR('',#3264,1.100000011792E0);
#3266=CARTESIAN_POINT('',(-1.275E1,1.02E1,-1.01E1));
#3267=LINE('',#3266,#3265);
#3268=CARTESIAN_POINT('',(-1.275E1,1.02E1,-9.9E0));
#3269=DIRECTION('',(1.E0,0.E0,0.E0));
#3270=DIRECTION('',(0.E0,0.E0,-1.E0));
#3271=AXIS2_PLACEMENT_3D('',#3268,#3269,#3270);
#3273=CARTESIAN_POINT('',(-1.225E1,9.1E0,-1.01E1));
#3274=DIRECTION('',(0.E0,0.E0,1.E0));
#3275=DIRECTION('',(-1.E0,0.E0,0.E0));
#3276=AXIS2_PLACEMENT_3D('',#3273,#3274,#3275);
#3278=DIRECTION('',(0.E0,-1.191152586218E-9,1.E0));
#3279=VECTOR('',#3278,9.9E0);
#3280=CARTESIAN_POINT('',(-1.275E1,9.1E0,-2.E1));
#3281=LINE('',#3280,#3279);
#3282=CARTESIAN_POINT('',(-1.265E1,1.02E1,-9.9E0));
#3283=DIRECTION('',(1.E0,0.E0,0.E0));
#3284=DIRECTION('',(0.E0,0.E0,-1.E0));
#3285=AXIS2_PLACEMENT_3D('',#3282,#3283,#3284);
#3287=CARTESIAN_POINT('',(-1.265E1,1.02E1,-1.01E1));
#3288=DIRECTION('',(0.E0,1.E0,-2.331468351713E-14));
#3289=DIRECTION('',(-1.E0,0.E0,-1.776356839400E-14));
#3290=AXIS2_PLACEMENT_3D('',#3287,#3288,#3289);
#3292=CARTESIAN_POINT('',(-1.185E1,1.02E1,-1.01E1));
#3293=DIRECTION('',(0.E0,1.E0,-1.687538997430E-14));
#3294=DIRECTION('',(0.E0,1.776356839400E-14,1.E0));
#3295=AXIS2_PLACEMENT_3D('',#3292,#3293,#3294);
#3297=CARTESIAN_POINT('',(-1.185E1,1.02E1,-9.9E0));
#3298=DIRECTION('',(-1.E0,0.E0,0.E0));
#3299=DIRECTION('',(0.E0,1.E0,0.E0));
#3300=AXIS2_PLACEMENT_3D('',#3297,#3298,#3299);
#3302=CARTESIAN_POINT('',(-1.185E1,-9.1E0,-1.01E1));
#3303=DIRECTION('',(0.E0,1.E0,0.E0));
#3304=DIRECTION('',(0.E0,0.E0,1.E0));
#3305=AXIS2_PLACEMENT_3D('',#3302,#3303,#3304);
#3307=CARTESIAN_POINT('',(-1.265E1,-9.1E0,-1.01E1));
#3308=DIRECTION('',(0.E0,-1.E0,0.E0));
#3309=DIRECTION('',(0.E0,0.E0,1.E0));
#3310=AXIS2_PLACEMENT_3D('',#3307,#3308,#3309);
#3312=DIRECTION('',(0.E0,-1.E0,0.E0));
#3313=VECTOR('',#3312,1.100000002357E0);
#3314=CARTESIAN_POINT('',(-1.275E1,-9.099999997643E0,-1.01E1));
#3315=LINE('',#3314,#3313);
#3316=CARTESIAN_POINT('',(-1.275E1,-1.02E1,-9.9E0));
#3317=DIRECTION('',(-1.E0,0.E0,0.E0));
#3318=DIRECTION('',(0.E0,0.E0,-1.E0));
#3319=AXIS2_PLACEMENT_3D('',#3316,#3317,#3318);
#3321=DIRECTION('',(0.E0,2.380352256493E-10,1.E0));
#3322=VECTOR('',#3321,9.9E0);
#3323=CARTESIAN_POINT('',(-1.275E1,-9.1E0,-2.E1));
#3324=LINE('',#3323,#3322);
#3325=CARTESIAN_POINT('',(-1.265E1,-1.02E1,-1.01E1));
#3326=DIRECTION('',(0.E0,-1.E0,-1.687538997430E-14));
#3327=DIRECTION('',(0.E0,-1.776356839400E-14,1.E0));
#3328=AXIS2_PLACEMENT_3D('',#3325,#3326,#3327);
#3330=CARTESIAN_POINT('',(-1.265E1,-1.02E1,-9.9E0));
#3331=DIRECTION('',(1.E0,0.E0,0.E0));
#3332=DIRECTION('',(0.E0,-1.E0,0.E0));
#3333=AXIS2_PLACEMENT_3D('',#3330,#3331,#3332);
#3335=CARTESIAN_POINT('',(-1.185E1,-1.02E1,-9.9E0));
#3336=DIRECTION('',(-1.E0,0.E0,0.E0));
#3337=DIRECTION('',(0.E0,0.E0,-1.E0));
#3338=AXIS2_PLACEMENT_3D('',#3335,#3336,#3337);
#3340=CARTESIAN_POINT('',(-1.185E1,-1.02E1,-1.01E1));
#3341=DIRECTION('',(0.E0,-1.E0,-2.331468351713E-14));
#3342=DIRECTION('',(1.E0,0.E0,-1.776356839400E-14));
#3343=AXIS2_PLACEMENT_3D('',#3340,#3341,#3342);
#3345=DIRECTION('',(0.E0,1.E0,0.E0));
#3346=VECTOR('',#3345,1.100000011792E0);
#3347=CARTESIAN_POINT('',(-1.175E1,-1.02E1,-1.01E1));
#3348=LINE('',#3347,#3346);
#3349=CARTESIAN_POINT('',(-1.175E1,-1.02E1,-9.9E0));
#3350=DIRECTION('',(-1.E0,0.E0,0.E0));
#3351=DIRECTION('',(0.E0,0.E0,-1.E0));
#3352=AXIS2_PLACEMENT_3D('',#3349,#3350,#3351);
#3354=CARTESIAN_POINT('',(-1.225E1,-9.1E0,-1.01E1));
#3355=DIRECTION('',(0.E0,0.E0,1.E0));
#3356=DIRECTION('',(1.E0,0.E0,0.E0));
#3357=AXIS2_PLACEMENT_3D('',#3354,#3355,#3356);
#3359=DIRECTION('',(0.E0,1.191152586218E-9,1.E0));
#3360=VECTOR('',#3359,9.9E0);
#3361=CARTESIAN_POINT('',(-1.175E1,-9.1E0,-2.E1));
#3362=LINE('',#3361,#3360);
#3363=CARTESIAN_POINT('',(-1.55E1,5.6E0,-1.999942177027E0));
#3364=DIRECTION('',(0.E0,0.E0,-1.E0));
#3365=DIRECTION('',(-1.E0,0.E0,0.E0));
#3366=AXIS2_PLACEMENT_3D('',#3363,#3364,#3365);
#3368=CARTESIAN_POINT('',(-1.55E1,5.6E0,-2.E1));
#3369=DIRECTION('',(0.E0,0.E0,1.E0));
#3370=DIRECTION('',(1.285024096587E-14,1.E0,0.E0));
#3371=AXIS2_PLACEMENT_3D('',#3368,#3369,#3370);
#3373=DIRECTION('',(5.761669580552E-7,3.089536610209E-9,-9.999999999998E-1));
#3374=VECTOR('',#3373,1.799999722031E1);
#3375=CARTESIAN_POINT('',(-2.020001037100E1,5.599999944388E0,
-2.000002779692E0));
#3376=LINE('',#3375,#3374);
#3377=CARTESIAN_POINT('',(-2.02E1,-5.1E0,-9.9E0));
#3378=CARTESIAN_POINT('',(-2.02E1,-5.118664548372E0,-9.918664548372E0));
#3379=CARTESIAN_POINT('',(-2.02E1,-5.153586443377E0,-9.953750699707E0));
#3380=CARTESIAN_POINT('',(-2.02E1,-5.191279673720E0,-1.001309703420E1));
#3381=CARTESIAN_POINT('',(-2.02E1,-5.2E0,-1.005288954412E1));
#3382=CARTESIAN_POINT('',(-2.02E1,-5.2E0,-1.007320508076E1));
#3384=DIRECTION('',(0.E0,0.E0,1.E0));
#3385=VECTOR('',#3384,9.926794919243E0);
#3386=CARTESIAN_POINT('',(-2.02E1,-5.2E0,-2.E1));
#3387=LINE('',#3386,#3385);
#3388=DIRECTION('',(0.E0,1.E0,0.E0));
#3389=VECTOR('',#3388,4.E-1);
#3390=CARTESIAN_POINT('',(-2.02E1,-5.6E0,-2.E1));
#3391=LINE('',#3390,#3389);
#3392=DIRECTION('',(5.761712096581E-7,-3.436095247971E-9,-9.999999999998E-1));
#3393=VECTOR('',#3392,1.799999722060E1);
#3394=CARTESIAN_POINT('',(-2.020001037108E1,-5.599999938150E0,
-2.000002779406E0));
#3395=LINE('',#3394,#3393);
#3396=DIRECTION('',(6.832312565198E-12,1.E0,-2.549658923449E-11));
#3397=VECTOR('',#3396,1.119999988254E1);
#3398=CARTESIAN_POINT('',(-2.020001037108E1,-5.599999938150E0,
-2.000002779406E0));
#3399=LINE('',#3398,#3397);
#3400=DIRECTION('',(0.E0,1.E0,0.E0));
#3401=VECTOR('',#3400,4.E-1);
#3402=CARTESIAN_POINT('',(-2.02E1,5.2E0,-2.E1));
#3403=LINE('',#3402,#3401);
#3404=DIRECTION('',(0.E0,0.E0,1.E0));
#3405=VECTOR('',#3404,9.926794919243E0);
#3406=CARTESIAN_POINT('',(-2.02E1,5.2E0,-2.E1));
#3407=LINE('',#3406,#3405);
#3408=CARTESIAN_POINT('',(-2.02E1,5.2E0,-1.007320508076E1));
#3409=CARTESIAN_POINT('',(-2.02E1,5.2E0,-1.005288938286E1));
#3410=CARTESIAN_POINT('',(-2.02E1,5.191279529236E0,-1.001309666198E1));
#3411=CARTESIAN_POINT('',(-2.02E1,5.153586179235E0,-9.953750416177E0));
#3412=CARTESIAN_POINT('',(-2.02E1,5.118664429711E0,-9.918664429711E0));
#3413=CARTESIAN_POINT('',(-2.02E1,5.1E0,-9.9E0));
#3415=DIRECTION('',(0.E0,-1.E0,0.E0));
#3416=VECTOR('',#3415,8.E-1);
#3417=CARTESIAN_POINT('',(-2.02E1,5.1E0,-9.9E0));
#3418=LINE('',#3417,#3416);
#3419=CARTESIAN_POINT('',(-2.02E1,4.3E0,-9.9E0));
#3420=CARTESIAN_POINT('',(-2.02E1,4.281335451628E0,-9.918664548372E0));
#3421=CARTESIAN_POINT('',(-2.02E1,4.246413556623E0,-9.953750699707E0));
#3422=CARTESIAN_POINT('',(-2.02E1,4.208720326280E0,-1.001309703420E1));
#3423=CARTESIAN_POINT('',(-2.02E1,4.2E0,-1.005288954412E1));
#3424=CARTESIAN_POINT('',(-2.02E1,4.2E0,-1.007320508076E1));
#3426=DIRECTION('',(0.E0,0.E0,1.E0));
#3427=VECTOR('',#3426,9.926794919243E0);
#3428=CARTESIAN_POINT('',(-2.02E1,4.2E0,-2.E1));
#3429=LINE('',#3428,#3427);
#3430=DIRECTION('',(0.E0,1.E0,0.E0));
#3431=VECTOR('',#3430,8.4E0);
#3432=CARTESIAN_POINT('',(-2.02E1,-4.2E0,-2.E1));
#3433=LINE('',#3432,#3431);
#3434=DIRECTION('',(0.E0,0.E0,1.E0));
#3435=VECTOR('',#3434,9.926794919243E0);
#3436=CARTESIAN_POINT('',(-2.02E1,-4.2E0,-2.E1));
#3437=LINE('',#3436,#3435);
#3438=CARTESIAN_POINT('',(-2.02E1,-4.2E0,-1.007320508076E1));
#3439=CARTESIAN_POINT('',(-2.02E1,-4.2E0,-1.005288938286E1));
#3440=CARTESIAN_POINT('',(-2.02E1,-4.208720470764E0,-1.001309666198E1));
#3441=CARTESIAN_POINT('',(-2.02E1,-4.246413820765E0,-9.953750416177E0));
#3442=CARTESIAN_POINT('',(-2.02E1,-4.281335570289E0,-9.918664429711E0));
#3443=CARTESIAN_POINT('',(-2.02E1,-4.3E0,-9.9E0));
#3445=DIRECTION('',(0.E0,-1.E0,0.E0));
#3446=VECTOR('',#3445,8.E-1);
#3447=CARTESIAN_POINT('',(-2.02E1,-4.3E0,-9.9E0));
#3448=LINE('',#3447,#3446);
#3449=CARTESIAN_POINT('',(-2.01E1,-5.1E0,-9.9E0));
#3450=DIRECTION('',(0.E0,1.E0,0.E0));
#3451=DIRECTION('',(0.E0,0.E0,-1.E0));
#3452=AXIS2_PLACEMENT_3D('',#3449,#3450,#3451);
#3454=CARTESIAN_POINT('',(-2.01E1,-5.1E0,-1.01E1));
#3455=DIRECTION('',(-1.E0,0.E0,0.E0));
#3456=DIRECTION('',(0.E0,-1.E0,-3.552713678801E-14));
#3457=AXIS2_PLACEMENT_3D('',#3454,#3455,#3456);
#3459=DIRECTION('',(1.E0,0.E0,0.E0));
#3460=VECTOR('',#3459,1.100000011792E0);
#3461=CARTESIAN_POINT('',(-2.01E1,-5.2E0,-1.01E1));
#3462=LINE('',#3461,#3460);
#3463=CARTESIAN_POINT('',(-2.01E1,-5.2E0,-9.9E0));
#3464=DIRECTION('',(0.E0,1.E0,0.E0));
#3465=DIRECTION('',(2.131628207280E-13,0.E0,-1.E0));
#3466=AXIS2_PLACEMENT_3D('',#3463,#3464,#3465);
#3468=DIRECTION('',(-1.E0,-1.059354624224E-12,0.E0));
#3469=VECTOR('',#3468,1.1E0);
#3470=CARTESIAN_POINT('',(2.01E1,-4.3E0,-1.E1));
#3471=LINE('',#3470,#3469);
#3472=DIRECTION('',(0.E0,1.E0,0.E0));
#3473=VECTOR('',#3472,8.E-1);
#3474=CARTESIAN_POINT('',(2.01E1,-5.1E0,-1.E1));
#3475=LINE('',#3474,#3473);
#3476=DIRECTION('',(1.E0,-1.453382868600E-14,0.E0));
#3477=VECTOR('',#3476,1.1E0);
#3478=CARTESIAN_POINT('',(1.9E1,-5.1E0,-1.E1));
#3479=LINE('',#3478,#3477);
#3480=CARTESIAN_POINT('',(1.9E1,-4.7E0,-1.E1));
#3481=DIRECTION('',(0.E0,0.E0,1.E0));
#3482=DIRECTION('',(0.E0,1.E0,0.E0));
#3483=AXIS2_PLACEMENT_3D('',#3480,#3481,#3482);
#3485=DIRECTION('',(-1.E0,-1.059354624224E-12,0.E0));
#3486=VECTOR('',#3485,1.1E0);
#3487=CARTESIAN_POINT('',(2.01E1,5.1E0,-1.E1));
#3488=LINE('',#3487,#3486);
#3489=DIRECTION('',(0.E0,1.E0,0.E0));
#3490=VECTOR('',#3489,8.E-1);
#3491=CARTESIAN_POINT('',(2.01E1,4.3E0,-1.E1));
#3492=LINE('',#3491,#3490);
#3493=DIRECTION('',(1.E0,-1.372639375900E-14,0.E0));
#3494=VECTOR('',#3493,1.1E0);
#3495=CARTESIAN_POINT('',(1.9E1,4.3E0,-1.E1));
#3496=LINE('',#3495,#3494);
#3497=CARTESIAN_POINT('',(1.9E1,4.7E0,-1.E1));
#3498=DIRECTION('',(0.E0,0.E0,1.E0));
#3499=DIRECTION('',(0.E0,1.E0,0.E0));
#3500=AXIS2_PLACEMENT_3D('',#3497,#3498,#3499);
#3502=DIRECTION('',(1.E0,1.059354624224E-12,0.E0));
#3503=VECTOR('',#3502,1.1E0);
#3504=CARTESIAN_POINT('',(-2.01E1,-5.1E0,-1.E1));
#3505=LINE('',#3504,#3503);
#3506=DIRECTION('',(0.E0,-1.E0,0.E0));
#3507=VECTOR('',#3506,8.E-1);
#3508=CARTESIAN_POINT('',(-2.01E1,-4.3E0,-1.E1));
#3509=LINE('',#3508,#3507);
#3510=DIRECTION('',(-1.E0,1.372639375900E-14,0.E0));
#3511=VECTOR('',#3510,1.1E0);
#3512=CARTESIAN_POINT('',(-1.9E1,-4.3E0,-1.E1));
#3513=LINE('',#3512,#3511);
#3514=CARTESIAN_POINT('',(-1.9E1,-4.7E0,-1.E1));
#3515=DIRECTION('',(0.E0,0.E0,1.E0));
#3516=DIRECTION('',(0.E0,-1.E0,0.E0));
#3517=AXIS2_PLACEMENT_3D('',#3514,#3515,#3516);
#3519=DIRECTION('',(0.E0,-1.E0,0.E0));
#3520=VECTOR('',#3519,8.E-1);
#3521=CARTESIAN_POINT('',(-2.01E1,5.1E0,-1.E1));
#3522=LINE('',#3521,#3520);
#3523=DIRECTION('',(-1.E0,1.453382868600E-14,0.E0));
#3524=VECTOR('',#3523,1.1E0);
#3525=CARTESIAN_POINT('',(-1.9E1,5.1E0,-1.E1));
#3526=LINE('',#3525,#3524);
#3527=CARTESIAN_POINT('',(-1.9E1,4.7E0,-1.E1));
#3528=DIRECTION('',(0.E0,0.E0,1.E0));
#3529=DIRECTION('',(0.E0,-1.E0,0.E0));
#3530=AXIS2_PLACEMENT_3D('',#3527,#3528,#3529);
#3532=DIRECTION('',(1.E0,1.059354624224E-12,0.E0));
#3533=VECTOR('',#3532,1.1E0);
#3534=CARTESIAN_POINT('',(-2.01E1,4.3E0,-1.E1));
#3535=LINE('',#3534,#3533);
#3536=CARTESIAN_POINT('',(1.9E1,-4.3E0,-1.01E1));
#3537=DIRECTION('',(-1.E0,0.E0,0.E0));
#3538=DIRECTION('',(0.E0,0.E0,1.E0));
#3539=AXIS2_PLACEMENT_3D('',#3536,#3537,#3538);
#3541=CARTESIAN_POINT('',(1.9E1,-5.1E0,-1.01E1));
#3542=DIRECTION('',(1.E0,0.E0,0.E0));
#3543=DIRECTION('',(0.E0,0.E0,1.E0));
#3544=AXIS2_PLACEMENT_3D('',#3541,#3542,#3543);
#3546=DIRECTION('',(1.E0,0.E0,0.E0));
#3547=VECTOR('',#3546,1.100000002357E0);
#3548=CARTESIAN_POINT('',(1.899999999764E1,-5.2E0,-1.01E1));
#3549=LINE('',#3548,#3547);
#3550=CARTESIAN_POINT('',(2.01E1,-5.2E0,-9.9E0));
#3551=DIRECTION('',(0.E0,-1.E0,0.E0));
#3552=DIRECTION('',(0.E0,0.E0,-1.E0));
#3553=AXIS2_PLACEMENT_3D('',#3550,#3551,#3552);
#3555=DIRECTION('',(-2.380354050793E-10,0.E0,1.E0));
#3556=VECTOR('',#3555,9.9E0);
#3557=CARTESIAN_POINT('',(1.9E1,-5.2E0,-2.E1));
#3558=LINE('',#3557,#3556);
#3559=CARTESIAN_POINT('',(2.01E1,-5.1E0,-1.01E1));
#3560=DIRECTION('',(1.E0,0.E0,0.E0));
#3561=DIRECTION('',(0.E0,-1.776356839400E-14,1.E0));
#3562=AXIS2_PLACEMENT_3D('',#3559,#3560,#3561);
#3564=CARTESIAN_POINT('',(2.01E1,-5.1E0,-9.9E0));
#3565=DIRECTION('',(0.E0,1.E0,0.E0));
#3566=DIRECTION('',(1.E0,0.E0,0.E0));
#3567=AXIS2_PLACEMENT_3D('',#3564,#3565,#3566);
#3569=CARTESIAN_POINT('',(2.02E1,-4.3E0,-9.9E0));
#3570=CARTESIAN_POINT('',(2.02E1,-4.281335451628E0,-9.918664548372E0));
#3571=CARTESIAN_POINT('',(2.02E1,-4.246413556623E0,-9.953750699707E0));
#3572=CARTESIAN_POINT('',(2.02E1,-4.208720326280E0,-1.001309703420E1));
#3573=CARTESIAN_POINT('',(2.02E1,-4.2E0,-1.005288954412E1));
#3574=CARTESIAN_POINT('',(2.02E1,-4.2E0,-1.007320508076E1));
#3576=DIRECTION('',(0.E0,0.E0,1.E0));
#3577=VECTOR('',#3576,9.926794919243E0);
#3578=CARTESIAN_POINT('',(2.02E1,-4.2E0,-2.E1));
#3579=LINE('',#3578,#3577);
#3580=DIRECTION('',(0.E0,-1.E0,0.E0));
#3581=VECTOR('',#3580,8.4E0);
#3582=CARTESIAN_POINT('',(2.02E1,4.2E0,-2.E1));
#3583=LINE('',#3582,#3581);
#3584=DIRECTION('',(0.E0,0.E0,1.E0));
#3585=VECTOR('',#3584,9.926794919243E0);
#3586=CARTESIAN_POINT('',(2.02E1,4.2E0,-2.E1));
#3587=LINE('',#3586,#3585);
#3588=CARTESIAN_POINT('',(2.02E1,4.2E0,-1.007320508076E1));
#3589=CARTESIAN_POINT('',(2.02E1,4.2E0,-1.005288938286E1));
#3590=CARTESIAN_POINT('',(2.02E1,4.208720470764E0,-1.001309666198E1));
#3591=CARTESIAN_POINT('',(2.02E1,4.246413820765E0,-9.953750416177E0));
#3592=CARTESIAN_POINT('',(2.02E1,4.281335570289E0,-9.918664429711E0));
#3593=CARTESIAN_POINT('',(2.02E1,4.3E0,-9.9E0));
#3595=DIRECTION('',(0.E0,1.E0,0.E0));
#3596=VECTOR('',#3595,8.E-1);
#3597=CARTESIAN_POINT('',(2.02E1,4.3E0,-9.9E0));
#3598=LINE('',#3597,#3596);
#3599=CARTESIAN_POINT('',(2.02E1,5.1E0,-9.9E0));
#3600=CARTESIAN_POINT('',(2.02E1,5.118664548372E0,-9.918664548372E0));
#3601=CARTESIAN_POINT('',(2.02E1,5.153586443377E0,-9.953750699707E0));
#3602=CARTESIAN_POINT('',(2.02E1,5.191279673720E0,-1.001309703420E1));
#3603=CARTESIAN_POINT('',(2.02E1,5.2E0,-1.005288954412E1));
#3604=CARTESIAN_POINT('',(2.02E1,5.2E0,-1.007320508076E1));
#3606=DIRECTION('',(0.E0,0.E0,1.E0));
#3607=VECTOR('',#3606,9.926794919243E0);
#3608=CARTESIAN_POINT('',(2.02E1,5.2E0,-2.E1));
#3609=LINE('',#3608,#3607);
#3610=DIRECTION('',(0.E0,-1.E0,0.E0));
#3611=VECTOR('',#3610,4.E-1);
#3612=CARTESIAN_POINT('',(2.02E1,5.6E0,-2.E1));
#3613=LINE('',#3612,#3611);
#3614=DIRECTION('',(-5.761712088686E-7,3.436095445344E-9,-9.999999999998E-1));
#3615=VECTOR('',#3614,1.799999722060E1);
#3616=CARTESIAN_POINT('',(2.020001037108E1,5.599999938150E0,-2.000002779406E0));
#3617=LINE('',#3616,#3615);
#3618=DIRECTION('',(-6.830726532289E-12,-1.E0,-2.549674783778E-11));
#3619=VECTOR('',#3618,1.119999988254E1);
#3620=CARTESIAN_POINT('',(2.020001037108E1,5.599999938150E0,-2.000002779406E0));
#3621=LINE('',#3620,#3619);
#3622=DIRECTION('',(0.E0,-1.E0,0.E0));
#3623=VECTOR('',#3622,4.E-1);
#3624=CARTESIAN_POINT('',(2.02E1,-5.2E0,-2.E1));
#3625=LINE('',#3624,#3623);
#3626=DIRECTION('',(0.E0,0.E0,1.E0));
#3627=VECTOR('',#3626,9.926794919243E0);
#3628=CARTESIAN_POINT('',(2.02E1,-5.2E0,-2.E1));
#3629=LINE('',#3628,#3627);
#3630=CARTESIAN_POINT('',(2.02E1,-5.2E0,-1.007320508076E1));
#3631=CARTESIAN_POINT('',(2.02E1,-5.2E0,-1.005288938286E1));
#3632=CARTESIAN_POINT('',(2.02E1,-5.191279529236E0,-1.001309666198E1));
#3633=CARTESIAN_POINT('',(2.02E1,-5.153586179235E0,-9.953750416177E0));
#3634=CARTESIAN_POINT('',(2.02E1,-5.118664429711E0,-9.918664429711E0));
#3635=CARTESIAN_POINT('',(2.02E1,-5.1E0,-9.9E0));
#3637=DIRECTION('',(0.E0,1.E0,0.E0));
#3638=VECTOR('',#3637,8.E-1);
#3639=CARTESIAN_POINT('',(2.02E1,-5.1E0,-9.9E0));
#3640=LINE('',#3639,#3638);
#3641=CARTESIAN_POINT('',(2.01E1,-4.3E0,-9.9E0));
#3642=DIRECTION('',(0.E0,-1.E0,0.E0));
#3643=DIRECTION('',(0.E0,0.E0,-1.E0));
#3644=AXIS2_PLACEMENT_3D('',#3641,#3642,#3643);
#3646=CARTESIAN_POINT('',(2.01E1,-4.3E0,-1.01E1));
#3647=DIRECTION('',(1.E0,0.E0,0.E0));
#3648=DIRECTION('',(0.E0,1.E0,-1.776356839400E-14));
#3649=AXIS2_PLACEMENT_3D('',#3646,#3647,#3648);
#3651=DIRECTION('',(-1.E0,0.E0,0.E0));
#3652=VECTOR('',#3651,1.100000011792E0);
#3653=CARTESIAN_POINT('',(2.01E1,-4.2E0,-1.01E1));
#3654=LINE('',#3653,#3652);
#3655=CARTESIAN_POINT('',(2.01E1,-4.2E0,-9.9E0));
#3656=DIRECTION('',(0.E0,-1.E0,0.E0));
#3657=DIRECTION('',(0.E0,0.E0,-1.E0));
#3658=AXIS2_PLACEMENT_3D('',#3655,#3656,#3657);
#3660=CARTESIAN_POINT('',(1.9E1,-4.7E0,-1.01E1));
#3661=DIRECTION('',(0.E0,0.E0,1.E0));
#3662=DIRECTION('',(0.E0,1.E0,0.E0));
#3663=AXIS2_PLACEMENT_3D('',#3660,#3661,#3662);
#3665=DIRECTION('',(-1.191152406788E-9,0.E0,1.E0));
#3666=VECTOR('',#3665,9.9E0);
#3667=CARTESIAN_POINT('',(1.9E1,-4.2E0,-2.E1));
#3668=LINE('',#3667,#3666);
#3669=DIRECTION('',(1.E0,0.E0,0.E0));
#3670=VECTOR('',#3669,1.100000002357E0);
#3671=CARTESIAN_POINT('',(1.899999999764E1,4.2E0,-1.01E1));
#3672=LINE('',#3671,#3670);
#3673=CARTESIAN_POINT('',(2.01E1,4.2E0,-9.9E0));
#3674=DIRECTION('',(0.E0,-1.E0,0.E0));
#3675=DIRECTION('',(0.E0,0.E0,-1.E0));
#3676=AXIS2_PLACEMENT_3D('',#3673,#3674,#3675);
#3678=DIRECTION('',(-2.380354050793E-10,0.E0,1.E0));
#3679=VECTOR('',#3678,9.9E0);
#3680=CARTESIAN_POINT('',(1.9E1,4.2E0,-2.E1));
#3681=LINE('',#3680,#3679);
#3682=CARTESIAN_POINT('',(1.9E1,4.3E0,-1.01E1));
#3683=DIRECTION('',(1.E0,0.E0,0.E0));
#3684=DIRECTION('',(0.E0,0.E0,1.E0));
#3685=AXIS2_PLACEMENT_3D('',#3682,#3683,#3684);
#3687=CARTESIAN_POINT('',(1.9E1,5.1E0,-1.01E1));
#3688=DIRECTION('',(-1.E0,0.E0,0.E0));
#3689=DIRECTION('',(0.E0,0.E0,1.E0));
#3690=AXIS2_PLACEMENT_3D('',#3687,#3688,#3689);
#3692=CARTESIAN_POINT('',(1.9E1,4.7E0,-1.01E1));
#3693=DIRECTION('',(0.E0,0.E0,1.E0));
#3694=DIRECTION('',(0.E0,1.E0,0.E0));
#3695=AXIS2_PLACEMENT_3D('',#3692,#3693,#3694);
#3697=DIRECTION('',(-1.191152406788E-9,0.E0,1.E0));
#3698=VECTOR('',#3697,9.9E0);
#3699=CARTESIAN_POINT('',(1.9E1,5.2E0,-2.E1));
#3700=LINE('',#3699,#3698);
#3701=DIRECTION('',(-1.E0,0.E0,0.E0));
#3702=VECTOR('',#3701,1.100000011792E0);
#3703=CARTESIAN_POINT('',(2.01E1,5.2E0,-1.01E1));
#3704=LINE('',#3703,#3702);
#3705=CARTESIAN_POINT('',(2.01E1,5.2E0,-9.9E0));
#3706=DIRECTION('',(0.E0,-1.E0,0.E0));
#3707=DIRECTION('',(-2.131628207280E-13,0.E0,-1.E0));
#3708=AXIS2_PLACEMENT_3D('',#3705,#3706,#3707);
#3710=CARTESIAN_POINT('',(2.01E1,5.1E0,-9.9E0));
#3711=DIRECTION('',(0.E0,-1.E0,0.E0));
#3712=DIRECTION('',(0.E0,0.E0,-1.E0));
#3713=AXIS2_PLACEMENT_3D('',#3710,#3711,#3712);
#3715=CARTESIAN_POINT('',(2.01E1,5.1E0,-1.01E1));
#3716=DIRECTION('',(1.E0,0.E0,0.E0));
#3717=DIRECTION('',(0.E0,1.E0,-3.552713678801E-14));
#3718=AXIS2_PLACEMENT_3D('',#3715,#3716,#3717);
#3720=CARTESIAN_POINT('',(2.01E1,4.3E0,-1.01E1));
#3721=DIRECTION('',(1.E0,0.E0,0.E0));
#3722=DIRECTION('',(0.E0,-1.776356839400E-14,1.E0));
#3723=AXIS2_PLACEMENT_3D('',#3720,#3721,#3722);
#3725=CARTESIAN_POINT('',(2.01E1,4.3E0,-9.9E0));
#3726=DIRECTION('',(0.E0,1.E0,0.E0));
#3727=DIRECTION('',(1.E0,0.E0,0.E0));
#3728=AXIS2_PLACEMENT_3D('',#3725,#3726,#3727);
#3730=CARTESIAN_POINT('',(1.55E1,5.6E0,-1.999942177027E0));
#3731=DIRECTION('',(0.E0,0.E0,-1.E0));
#3732=DIRECTION('',(0.E0,1.E0,0.E0));
#3733=AXIS2_PLACEMENT_3D('',#3730,#3731,#3732);
#3735=CARTESIAN_POINT('',(1.55E1,5.6E0,-2.E1));
#3736=DIRECTION('',(0.E0,0.E0,1.E0));
#3737=DIRECTION('',(1.E0,0.E0,0.E0));
#3738=AXIS2_PLACEMENT_3D('',#3735,#3736,#3737);
#3740=DIRECTION('',(3.089536314149E-9,-5.761669587460E-7,-9.999999999998E-1));
#3741=VECTOR('',#3740,1.799999722031E1);
#3742=CARTESIAN_POINT('',(1.549999994439E1,1.030001037100E1,-2.000002779692E0));
#3743=LINE('',#3742,#3741);
#3744=CARTESIAN_POINT('',(1.55E1,-5.6E0,-1.999942177027E0));
#3745=DIRECTION('',(0.E0,0.E0,-1.E0));
#3746=DIRECTION('',(1.E0,0.E0,0.E0));
#3747=AXIS2_PLACEMENT_3D('',#3744,#3745,#3746);
#3749=CARTESIAN_POINT('',(1.55E1,-5.6E0,-2.E1));
#3750=DIRECTION('',(0.E0,0.E0,1.E0));
#3751=DIRECTION('',(-1.285024096587E-14,-1.E0,0.E0));
#3752=AXIS2_PLACEMENT_3D('',#3749,#3750,#3751);
#3754=DIRECTION('',(-5.761669580552E-7,-3.089536560865E-9,-9.999999999998E-1));
#3755=VECTOR('',#3754,1.799999722031E1);
#3756=CARTESIAN_POINT('',(2.020001037100E1,-5.599999944388E0,
-2.000002779692E0));
#3757=LINE('',#3756,#3755);
#3758=CARTESIAN_POINT('',(-2.01E1,-4.3E0,-1.01E1));
#3759=DIRECTION('',(-1.E0,0.E0,0.E0));
#3760=DIRECTION('',(0.E0,1.776356839400E-14,1.E0));
#3761=AXIS2_PLACEMENT_3D('',#3758,#3759,#3760);
#3763=CARTESIAN_POINT('',(-2.01E1,-4.3E0,-9.9E0));
#3764=DIRECTION('',(0.E0,-1.E0,0.E0));
#3765=DIRECTION('',(-1.E0,0.E0,0.E0));
#3766=AXIS2_PLACEMENT_3D('',#3763,#3764,#3765);
#3768=DIRECTION('',(-1.E0,0.E0,0.E0));
#3769=VECTOR('',#3768,1.100000002357E0);
#3770=CARTESIAN_POINT('',(-1.899999999764E1,-4.2E0,-1.01E1));
#3771=LINE('',#3770,#3769);
#3772=CARTESIAN_POINT('',(-2.01E1,-4.2E0,-9.9E0));
#3773=DIRECTION('',(0.E0,1.E0,0.E0));
#3774=DIRECTION('',(-1.776356839400E-14,0.E0,-1.E0));
#3775=AXIS2_PLACEMENT_3D('',#3772,#3773,#3774);
#3777=DIRECTION('',(2.380354050793E-10,0.E0,1.E0));
#3778=VECTOR('',#3777,9.9E0);
#3779=CARTESIAN_POINT('',(-1.9E1,-4.2E0,-2.E1));
#3780=LINE('',#3779,#3778);
#3781=CARTESIAN_POINT('',(-1.9E1,-4.3E0,-1.01E1));
#3782=DIRECTION('',(-1.E0,0.E0,0.E0));
#3783=DIRECTION('',(0.E0,0.E0,1.E0));
#3784=AXIS2_PLACEMENT_3D('',#3781,#3782,#3783);
#3786=CARTESIAN_POINT('',(-1.9E1,-5.1E0,-1.01E1));
#3787=DIRECTION('',(1.E0,0.E0,0.E0));
#3788=DIRECTION('',(0.E0,0.E0,1.E0));
#3789=AXIS2_PLACEMENT_3D('',#3786,#3787,#3788);
#3791=CARTESIAN_POINT('',(-1.9E1,-4.7E0,-1.01E1));
#3792=DIRECTION('',(0.E0,0.E0,1.E0));
#3793=DIRECTION('',(0.E0,-1.E0,0.E0));
#3794=AXIS2_PLACEMENT_3D('',#3791,#3792,#3793);
#3796=DIRECTION('',(1.191152406788E-9,0.E0,1.E0));
#3797=VECTOR('',#3796,9.9E0);
#3798=CARTESIAN_POINT('',(-1.9E1,-5.2E0,-2.E1));
#3799=LINE('',#3798,#3797);
#3800=CARTESIAN_POINT('',(-2.01E1,5.1E0,-1.01E1));
#3801=DIRECTION('',(-1.E0,0.E0,0.E0));
#3802=DIRECTION('',(0.E0,1.776356839400E-14,1.E0));
#3803=AXIS2_PLACEMENT_3D('',#3800,#3801,#3802);
#3805=CARTESIAN_POINT('',(-2.01E1,5.1E0,-9.9E0));
#3806=DIRECTION('',(0.E0,-1.E0,0.E0));
#3807=DIRECTION('',(-1.E0,0.E0,0.E0));
#3808=AXIS2_PLACEMENT_3D('',#3805,#3806,#3807);
#3810=DIRECTION('',(-1.E0,0.E0,0.E0));
#3811=VECTOR('',#3810,1.100000002357E0);
#3812=CARTESIAN_POINT('',(-1.899999999764E1,5.2E0,-1.01E1));
#3813=LINE('',#3812,#3811);
#3814=CARTESIAN_POINT('',(-2.01E1,5.2E0,-9.9E0));
#3815=DIRECTION('',(0.E0,1.E0,0.E0));
#3816=DIRECTION('',(0.E0,0.E0,-1.E0));
#3817=AXIS2_PLACEMENT_3D('',#3814,#3815,#3816);
#3819=DIRECTION('',(2.380354050793E-10,0.E0,1.E0));
#3820=VECTOR('',#3819,9.9E0);
#3821=CARTESIAN_POINT('',(-1.9E1,5.2E0,-2.E1));
#3822=LINE('',#3821,#3820);
#3823=CARTESIAN_POINT('',(-1.9E1,5.1E0,-1.01E1));
#3824=DIRECTION('',(-1.E0,0.E0,0.E0));
#3825=DIRECTION('',(0.E0,0.E0,1.E0));
#3826=AXIS2_PLACEMENT_3D('',#3823,#3824,#3825);
#3828=CARTESIAN_POINT('',(-1.9E1,4.3E0,-1.01E1));
#3829=DIRECTION('',(1.E0,0.E0,0.E0));
#3830=DIRECTION('',(0.E0,0.E0,1.E0));
#3831=AXIS2_PLACEMENT_3D('',#3828,#3829,#3830);
#3833=CARTESIAN_POINT('',(-1.9E1,4.7E0,-1.01E1));
#3834=DIRECTION('',(0.E0,0.E0,1.E0));
#3835=DIRECTION('',(0.E0,-1.E0,0.E0));
#3836=AXIS2_PLACEMENT_3D('',#3833,#3834,#3835);
#3838=DIRECTION('',(1.191153124508E-9,0.E0,1.E0));
#3839=VECTOR('',#3838,9.9E0);
#3840=CARTESIAN_POINT('',(-1.9E1,4.2E0,-2.E1));
#3841=LINE('',#3840,#3839);
#3842=DIRECTION('',(1.E0,0.E0,0.E0));
#3843=VECTOR('',#3842,1.100000011792E0);
#3844=CARTESIAN_POINT('',(-2.01E1,4.2E0,-1.01E1));
#3845=LINE('',#3844,#3843);
#3846=CARTESIAN_POINT('',(-2.01E1,4.2E0,-9.9E0));
#3847=DIRECTION('',(0.E0,1.E0,0.E0));
#3848=DIRECTION('',(2.131628207280E-13,0.E0,-1.E0));
#3849=AXIS2_PLACEMENT_3D('',#3846,#3847,#3848);
#3851=CARTESIAN_POINT('',(-2.01E1,4.3E0,-9.9E0));
#3852=DIRECTION('',(0.E0,1.E0,0.E0));
#3853=DIRECTION('',(0.E0,0.E0,-1.E0));
#3854=AXIS2_PLACEMENT_3D('',#3851,#3852,#3853);
#3856=CARTESIAN_POINT('',(-2.01E1,4.3E0,-1.01E1));
#3857=DIRECTION('',(-1.E0,0.E0,0.E0));
#3858=DIRECTION('',(0.E0,-1.E0,-3.552713678801E-14));
#3859=AXIS2_PLACEMENT_3D('',#3856,#3857,#3858);
#3861=CARTESIAN_POINT('',(-1.55E1,-5.6E0,-1.999942177027E0));
#3862=DIRECTION('',(0.E0,0.E0,-1.E0));
#3863=DIRECTION('',(0.E0,-1.E0,0.E0));
#3864=AXIS2_PLACEMENT_3D('',#3861,#3862,#3863);
#3866=CARTESIAN_POINT('',(-1.55E1,-5.6E0,-2.E1));
#3867=DIRECTION('',(0.E0,0.E0,1.E0));
#3868=DIRECTION('',(-1.E0,0.E0,0.E0));
#3869=AXIS2_PLACEMENT_3D('',#3866,#3867,#3868);
#3871=DIRECTION('',(-3.089536018090E-9,5.761669583512E-7,-9.999999999998E-1));
#3872=VECTOR('',#3871,1.799999722031E1);
#3873=CARTESIAN_POINT('',(-1.549999994439E1,-1.030001037100E1,
-2.000002779692E0));
#3874=LINE('',#3873,#3872);
#3875=DIRECTION('',(0.E0,1.E0,0.E0));
#3876=VECTOR('',#3875,1.100000002357E0);
#3877=CARTESIAN_POINT('',(1.275E1,9.099999997643E0,-1.01E1));
#3878=LINE('',#3877,#3876);
#3879=CARTESIAN_POINT('',(1.275E1,1.02E1,-9.9E0));
#3880=DIRECTION('',(1.E0,0.E0,0.E0));
#3881=DIRECTION('',(0.E0,0.E0,-1.E0));
#3882=AXIS2_PLACEMENT_3D('',#3879,#3880,#3881);
#3884=DIRECTION('',(0.E0,-2.380352256493E-10,1.E0));
#3885=VECTOR('',#3884,9.9E0);
#3886=CARTESIAN_POINT('',(1.275E1,9.1E0,-2.E1));
#3887=LINE('',#3886,#3885);
#3888=CARTESIAN_POINT('',(1.265E1,9.1E0,-1.01E1));
#3889=DIRECTION('',(0.E0,1.E0,0.E0));
#3890=DIRECTION('',(0.E0,0.E0,1.E0));
#3891=AXIS2_PLACEMENT_3D('',#3888,#3889,#3890);
#3893=CARTESIAN_POINT('',(1.185E1,9.1E0,-1.01E1));
#3894=DIRECTION('',(0.E0,-1.E0,0.E0));
#3895=DIRECTION('',(0.E0,0.E0,1.E0));
#3896=AXIS2_PLACEMENT_3D('',#3893,#3894,#3895);
#3898=DIRECTION('',(-1.062584363932E-12,1.E0,0.E0));
#3899=VECTOR('',#3898,1.1E0);
#3900=CARTESIAN_POINT('',(1.265E1,-1.02E1,-1.E1));
#3901=LINE('',#3900,#3899);
#3902=DIRECTION('',(1.E0,0.E0,0.E0));
#3903=VECTOR('',#3902,8.E-1);
#3904=CARTESIAN_POINT('',(1.185E1,-1.02E1,-1.E1));
#3905=LINE('',#3904,#3903);
#3906=DIRECTION('',(-1.614869854E-14,-1.E0,0.E0));
#3907=VECTOR('',#3906,1.1E0);
#3908=CARTESIAN_POINT('',(1.185E1,-9.1E0,-1.E1));
#3909=LINE('',#3908,#3907);
#3910=CARTESIAN_POINT('',(1.225E1,-9.1E0,-1.E1));
#3911=DIRECTION('',(0.E0,0.E0,1.E0));
#3912=DIRECTION('',(1.E0,0.E0,0.E0));
#3913=AXIS2_PLACEMENT_3D('',#3910,#3911,#3912);
#3915=DIRECTION('',(1.060969494078E-12,-1.E0,0.E0));
#3916=VECTOR('',#3915,1.1E0);
#3917=CARTESIAN_POINT('',(1.185E1,1.02E1,-1.E1));
#3918=LINE('',#3917,#3916);
#3919=DIRECTION('',(-1.E0,0.E0,0.E0));
#3920=VECTOR('',#3919,8.E-1);
#3921=CARTESIAN_POINT('',(1.265E1,1.02E1,-1.E1));
#3922=LINE('',#3921,#3920);
#3923=DIRECTION('',(1.453382868600E-14,1.E0,0.E0));
#3924=VECTOR('',#3923,1.1E0);
#3925=CARTESIAN_POINT('',(1.265E1,9.1E0,-1.E1));
#3926=LINE('',#3925,#3924);
#3927=CARTESIAN_POINT('',(1.225E1,9.1E0,-1.E1));
#3928=DIRECTION('',(0.E0,0.E0,1.E0));
#3929=DIRECTION('',(-1.E0,0.E0,0.E0));
#3930=AXIS2_PLACEMENT_3D('',#3927,#3928,#3929);
#3932=CARTESIAN_POINT('',(1.265E1,-9.1E0,-1.01E1));
#3933=DIRECTION('',(0.E0,1.E0,0.E0));
#3934=DIRECTION('',(0.E0,0.E0,1.E0));
#3935=AXIS2_PLACEMENT_3D('',#3932,#3933,#3934);
#3937=CARTESIAN_POINT('',(1.185E1,-9.1E0,-1.01E1));
#3938=DIRECTION('',(0.E0,-1.E0,0.E0));
#3939=DIRECTION('',(0.E0,0.E0,1.E0));
#3940=AXIS2_PLACEMENT_3D('',#3937,#3938,#3939);
#3942=DIRECTION('',(0.E0,-1.E0,0.E0));
#3943=VECTOR('',#3942,1.100000002357E0);
#3944=CARTESIAN_POINT('',(1.175E1,-9.099999997643E0,-1.01E1));
#3945=LINE('',#3944,#3943);
#3946=CARTESIAN_POINT('',(1.175E1,-1.02E1,-9.9E0));
#3947=DIRECTION('',(-1.E0,0.E0,0.E0));
#3948=DIRECTION('',(0.E0,0.E0,-1.E0));
#3949=AXIS2_PLACEMENT_3D('',#3946,#3947,#3948);
#3951=DIRECTION('',(0.E0,2.380352256493E-10,1.E0));
#3952=VECTOR('',#3951,9.9E0);
#3953=CARTESIAN_POINT('',(1.175E1,-9.1E0,-2.E1));
#3954=LINE('',#3953,#3952);
#3955=CARTESIAN_POINT('',(1.185E1,-1.02E1,-1.01E1));
#3956=DIRECTION('',(0.E0,-1.E0,-1.687538997430E-14));
#3957=DIRECTION('',(0.E0,-1.776356839400E-14,1.E0));
#3958=AXIS2_PLACEMENT_3D('',#3955,#3956,#3957);
#3960=CARTESIAN_POINT('',(1.185E1,-1.02E1,-9.9E0));
#3961=DIRECTION('',(1.E0,0.E0,0.E0));
#3962=DIRECTION('',(0.E0,-1.E0,0.E0));
#3963=AXIS2_PLACEMENT_3D('',#3960,#3961,#3962);
#3965=CARTESIAN_POINT('',(1.265E1,-1.02E1,-9.9E0));
#3966=DIRECTION('',(-1.E0,0.E0,0.E0));
#3967=DIRECTION('',(0.E0,0.E0,-1.E0));
#3968=AXIS2_PLACEMENT_3D('',#3965,#3966,#3967);
#3970=CARTESIAN_POINT('',(1.265E1,-1.02E1,-1.01E1));
#3971=DIRECTION('',(0.E0,-1.E0,-2.331468351713E-14));
#3972=DIRECTION('',(1.E0,0.E0,-1.776356839400E-14));
#3973=AXIS2_PLACEMENT_3D('',#3970,#3971,#3972);
#3975=DIRECTION('',(0.E0,1.E0,0.E0));
#3976=VECTOR('',#3975,1.100000011792E0);
#3977=CARTESIAN_POINT('',(1.275E1,-1.02E1,-1.01E1));
#3978=LINE('',#3977,#3976);
#3979=CARTESIAN_POINT('',(1.275E1,-1.02E1,-9.9E0));
#3980=DIRECTION('',(-1.E0,0.E0,0.E0));
#3981=DIRECTION('',(0.E0,0.E0,-1.E0));
#3982=AXIS2_PLACEMENT_3D('',#3979,#3980,#3981);
#3984=CARTESIAN_POINT('',(1.225E1,-9.1E0,-1.01E1));
#3985=DIRECTION('',(0.E0,0.E0,1.E0));
#3986=DIRECTION('',(1.E0,0.E0,0.E0));
#3987=AXIS2_PLACEMENT_3D('',#3984,#3985,#3986);
#3989=DIRECTION('',(0.E0,1.191152586218E-9,1.E0));
#3990=VECTOR('',#3989,9.9E0);
#3991=CARTESIAN_POINT('',(1.275E1,-9.1E0,-2.E1));
#3992=LINE('',#3991,#3990);
#3993=DIRECTION('',(0.E0,-1.E0,0.E0));
#3994=VECTOR('',#3993,1.100000011792E0);
#3995=CARTESIAN_POINT('',(1.175E1,1.02E1,-1.01E1));
#3996=LINE('',#3995,#3994);
#3997=CARTESIAN_POINT('',(1.175E1,1.02E1,-9.9E0));
#3998=DIRECTION('',(1.E0,0.E0,0.E0));
#3999=DIRECTION('',(0.E0,0.E0,-1.E0));
#4000=AXIS2_PLACEMENT_3D('',#3997,#3998,#3999);
#4002=CARTESIAN_POINT('',(1.225E1,9.1E0,-1.01E1));
#4003=DIRECTION('',(0.E0,0.E0,1.E0));
#4004=DIRECTION('',(-1.E0,0.E0,0.E0));
#4005=AXIS2_PLACEMENT_3D('',#4002,#4003,#4004);
#4007=DIRECTION('',(0.E0,-1.191152586218E-9,1.E0));
#4008=VECTOR('',#4007,9.9E0);
#4009=CARTESIAN_POINT('',(1.175E1,9.1E0,-2.E1));
#4010=LINE('',#4009,#4008);
#4011=CARTESIAN_POINT('',(1.185E1,1.02E1,-9.9E0));
#4012=DIRECTION('',(1.E0,0.E0,0.E0));
#4013=DIRECTION('',(0.E0,0.E0,-1.E0));
#4014=AXIS2_PLACEMENT_3D('',#4011,#4012,#4013);
#4016=CARTESIAN_POINT('',(1.185E1,1.02E1,-1.01E1));
#4017=DIRECTION('',(0.E0,1.E0,-2.331468351713E-14));
#4018=DIRECTION('',(-1.E0,0.E0,-1.776356839400E-14));
#4019=AXIS2_PLACEMENT_3D('',#4016,#4017,#4018);
#4021=CARTESIAN_POINT('',(1.265E1,1.02E1,-1.01E1));
#4022=DIRECTION('',(0.E0,1.E0,-1.687538997430E-14));
#4023=DIRECTION('',(0.E0,1.776356839400E-14,1.E0));
#4024=AXIS2_PLACEMENT_3D('',#4021,#4022,#4023);
#4026=CARTESIAN_POINT('',(1.265E1,1.02E1,-9.9E0));
#4027=DIRECTION('',(-1.E0,0.E0,0.E0));
#4028=DIRECTION('',(0.E0,1.E0,0.E0));
#4029=AXIS2_PLACEMENT_3D('',#4026,#4027,#4028);
#4031=DIRECTION('',(0.E0,1.E0,0.E0));
#4032=VECTOR('',#4031,1.100000002357E0);
#4033=CARTESIAN_POINT('',(9.25E0,9.099999997643E0,-1.01E1));
#4034=LINE('',#4033,#4032);
#4035=CARTESIAN_POINT('',(9.25E0,1.02E1,-9.9E0));
#4036=DIRECTION('',(1.E0,0.E0,0.E0));
#4037=DIRECTION('',(0.E0,0.E0,-1.E0));
#4038=AXIS2_PLACEMENT_3D('',#4035,#4036,#4037);
#4040=DIRECTION('',(0.E0,-2.380352256493E-10,1.E0));
#4041=VECTOR('',#4040,9.9E0);
#4042=CARTESIAN_POINT('',(9.25E0,9.1E0,-2.E1));
#4043=LINE('',#4042,#4041);
#4044=CARTESIAN_POINT('',(9.15E0,9.1E0,-1.01E1));
#4045=DIRECTION('',(0.E0,1.E0,0.E0));
#4046=DIRECTION('',(0.E0,0.E0,1.E0));
#4047=AXIS2_PLACEMENT_3D('',#4044,#4045,#4046);
#4049=CARTESIAN_POINT('',(8.35E0,9.1E0,-1.01E1));
#4050=DIRECTION('',(0.E0,-1.E0,0.E0));
#4051=DIRECTION('',(0.E0,0.E0,1.E0));
#4052=AXIS2_PLACEMENT_3D('',#4049,#4050,#4051);
#4054=DIRECTION('',(1.062584363932E-12,-1.E0,0.E0));
#4055=VECTOR('',#4054,1.1E0);
#4056=CARTESIAN_POINT('',(8.35E0,1.02E1,-1.E1));
#4057=LINE('',#4056,#4055);
#4058=DIRECTION('',(-1.E0,0.E0,0.E0));
#4059=VECTOR('',#4058,8.E-1);
#4060=CARTESIAN_POINT('',(9.15E0,1.02E1,-1.E1));
#4061=LINE('',#4060,#4059);
#4062=DIRECTION('',(1.614869854E-14,1.E0,0.E0));
#4063=VECTOR('',#4062,1.1E0);
#4064=CARTESIAN_POINT('',(9.15E0,9.1E0,-1.E1));
#4065=LINE('',#4064,#4063);
#4066=CARTESIAN_POINT('',(8.75E0,9.1E0,-1.E1));
#4067=DIRECTION('',(0.E0,0.E0,1.E0));
#4068=DIRECTION('',(-1.E0,0.E0,0.E0));
#4069=AXIS2_PLACEMENT_3D('',#4066,#4067,#4068);
#4071=DIRECTION('',(-1.064199233786E-12,1.E0,0.E0));
#4072=VECTOR('',#4071,1.1E0);
#4073=CARTESIAN_POINT('',(9.15E0,-1.02E1,-1.E1));
#4074=LINE('',#4073,#4072);
#4075=DIRECTION('',(1.E0,0.E0,0.E0));
#4076=VECTOR('',#4075,8.E-1);
#4077=CARTESIAN_POINT('',(8.35E0,-1.02E1,-1.E1));
#4078=LINE('',#4077,#4076);
#4079=DIRECTION('',(-1.614869854E-14,-1.E0,0.E0));
#4080=VECTOR('',#4079,1.1E0);
#4081=CARTESIAN_POINT('',(8.35E0,-9.1E0,-1.E1));
#4082=LINE('',#4081,#4080);
#4083=CARTESIAN_POINT('',(8.75E0,-9.1E0,-1.E1));
#4084=DIRECTION('',(0.E0,0.E0,1.E0));
#4085=DIRECTION('',(1.E0,0.E0,0.E0));
#4086=AXIS2_PLACEMENT_3D('',#4083,#4084,#4085);
#4088=DIRECTION('',(0.E0,-1.E0,0.E0));
#4089=VECTOR('',#4088,1.100000011792E0);
#4090=CARTESIAN_POINT('',(8.25E0,1.02E1,-1.01E1));
#4091=LINE('',#4090,#4089);
#4092=CARTESIAN_POINT('',(8.25E0,1.02E1,-9.9E0));
#4093=DIRECTION('',(1.E0,0.E0,0.E0));
#4094=DIRECTION('',(0.E0,0.E0,-1.E0));
#4095=AXIS2_PLACEMENT_3D('',#4092,#4093,#4094);
#4097=CARTESIAN_POINT('',(8.75E0,9.1E0,-1.01E1));
#4098=DIRECTION('',(0.E0,0.E0,1.E0));
#4099=DIRECTION('',(-1.E0,0.E0,0.E0));
#4100=AXIS2_PLACEMENT_3D('',#4097,#4098,#4099);
#4102=DIRECTION('',(0.E0,-1.191152586218E-9,1.E0));
#4103=VECTOR('',#4102,9.9E0);
#4104=CARTESIAN_POINT('',(8.25E0,9.1E0,-2.E1));
#4105=LINE('',#4104,#4103);
#4106=CARTESIAN_POINT('',(8.35E0,1.02E1,-9.9E0));
#4107=DIRECTION('',(1.E0,0.E0,0.E0));
#4108=DIRECTION('',(0.E0,0.E0,-1.E0));
#4109=AXIS2_PLACEMENT_3D('',#4106,#4107,#4108);
#4111=CARTESIAN_POINT('',(8.35E0,1.02E1,-1.01E1));
#4112=DIRECTION('',(0.E0,1.E0,-2.331468351713E-14));
#4113=DIRECTION('',(-1.E0,0.E0,-1.776356839400E-14));
#4114=AXIS2_PLACEMENT_3D('',#4111,#4112,#4113);
#4116=CARTESIAN_POINT('',(9.15E0,1.02E1,-1.01E1));
#4117=DIRECTION('',(0.E0,1.E0,-1.687538997430E-14));
#4118=DIRECTION('',(0.E0,1.776356839400E-14,1.E0));
#4119=AXIS2_PLACEMENT_3D('',#4116,#4117,#4118);
#4121=CARTESIAN_POINT('',(9.15E0,1.02E1,-9.9E0));
#4122=DIRECTION('',(-1.E0,0.E0,0.E0));
#4123=DIRECTION('',(0.E0,1.E0,0.E0));
#4124=AXIS2_PLACEMENT_3D('',#4121,#4122,#4123);
#4126=CARTESIAN_POINT('',(9.15E0,-9.1E0,-1.01E1));
#4127=DIRECTION('',(0.E0,1.E0,0.E0));
#4128=DIRECTION('',(0.E0,0.E0,1.E0));
#4129=AXIS2_PLACEMENT_3D('',#4126,#4127,#4128);
#4131=CARTESIAN_POINT('',(8.35E0,-9.1E0,-1.01E1));
#4132=DIRECTION('',(0.E0,-1.E0,0.E0));
#4133=DIRECTION('',(0.E0,0.E0,1.E0));
#4134=AXIS2_PLACEMENT_3D('',#4131,#4132,#4133);
#4136=DIRECTION('',(0.E0,-1.E0,0.E0));
#4137=VECTOR('',#4136,1.100000002357E0);
#4138=CARTESIAN_POINT('',(8.25E0,-9.099999997643E0,-1.01E1));
#4139=LINE('',#4138,#4137);
#4140=CARTESIAN_POINT('',(8.25E0,-1.02E1,-9.9E0));
#4141=DIRECTION('',(-1.E0,0.E0,0.E0));
#4142=DIRECTION('',(0.E0,0.E0,-1.E0));
#4143=AXIS2_PLACEMENT_3D('',#4140,#4141,#4142);
#4145=DIRECTION('',(0.E0,2.380352256493E-10,1.E0));
#4146=VECTOR('',#4145,9.9E0);
#4147=CARTESIAN_POINT('',(8.25E0,-9.1E0,-2.E1));
#4148=LINE('',#4147,#4146);
#4149=CARTESIAN_POINT('',(8.35E0,-1.02E1,-1.01E1));
#4150=DIRECTION('',(0.E0,-1.E0,-1.687538997430E-14));
#4151=DIRECTION('',(0.E0,-1.776356839400E-14,1.E0));
#4152=AXIS2_PLACEMENT_3D('',#4149,#4150,#4151);
#4154=CARTESIAN_POINT('',(8.35E0,-1.02E1,-9.9E0));
#4155=DIRECTION('',(1.E0,0.E0,0.E0));
#4156=DIRECTION('',(0.E0,-1.E0,0.E0));
#4157=AXIS2_PLACEMENT_3D('',#4154,#4155,#4156);
#4159=CARTESIAN_POINT('',(9.15E0,-1.02E1,-9.9E0));
#4160=DIRECTION('',(-1.E0,0.E0,0.E0));
#4161=DIRECTION('',(0.E0,0.E0,-1.E0));
#4162=AXIS2_PLACEMENT_3D('',#4159,#4160,#4161);
#4164=CARTESIAN_POINT('',(9.15E0,-1.02E1,-1.01E1));
#4165=DIRECTION('',(0.E0,-1.E0,-2.331468351713E-14));
#4166=DIRECTION('',(1.E0,0.E0,-1.776356839400E-14));
#4167=AXIS2_PLACEMENT_3D('',#4164,#4165,#4166);
#4169=DIRECTION('',(0.E0,1.E0,0.E0));
#4170=VECTOR('',#4169,1.100000011792E0);
#4171=CARTESIAN_POINT('',(9.25E0,-1.02E1,-1.01E1));
#4172=LINE('',#4171,#4170);
#4173=CARTESIAN_POINT('',(9.25E0,-1.02E1,-9.9E0));
#4174=DIRECTION('',(-1.E0,0.E0,0.E0));
#4175=DIRECTION('',(0.E0,0.E0,-1.E0));
#4176=AXIS2_PLACEMENT_3D('',#4173,#4174,#4175);
#4178=CARTESIAN_POINT('',(8.75E0,-9.1E0,-1.01E1));
#4179=DIRECTION('',(0.E0,0.E0,1.E0));
#4180=DIRECTION('',(1.E0,0.E0,0.E0));
#4181=AXIS2_PLACEMENT_3D('',#4178,#4179,#4180);
#4183=DIRECTION('',(0.E0,1.191152945078E-9,1.E0));
#4184=VECTOR('',#4183,9.9E0);
#4185=CARTESIAN_POINT('',(9.25E0,-9.1E0,-2.E1));
#4186=LINE('',#4185,#4184);
#4187=CARTESIAN_POINT('',(4.85E0,1.02E1,-9.9E0));
#4188=DIRECTION('',(1.E0,0.E0,0.E0));
#4189=DIRECTION('',(0.E0,0.E0,-1.E0));
#4190=AXIS2_PLACEMENT_3D('',#4187,#4188,#4189);
#4192=CARTESIAN_POINT('',(4.85E0,1.02E1,-1.01E1));
#4193=DIRECTION('',(0.E0,1.E0,-2.314815006343E-14));
#4194=DIRECTION('',(-1.E0,0.E0,-1.776356839400E-14));
#4195=AXIS2_PLACEMENT_3D('',#4192,#4193,#4194);
#4197=DIRECTION('',(0.E0,-1.E0,0.E0));
#4198=VECTOR('',#4197,1.100000011792E0);
#4199=CARTESIAN_POINT('',(4.75E0,1.02E1,-1.01E1));
#4200=LINE('',#4199,#4198);
#4201=CARTESIAN_POINT('',(4.75E0,1.02E1,-9.9E0));
#4202=DIRECTION('',(1.E0,0.E0,0.E0));
#4203=DIRECTION('',(0.E0,0.E0,-1.E0));
#4204=AXIS2_PLACEMENT_3D('',#4201,#4202,#4203);
#4206=CARTESIAN_POINT('',(5.25E0,9.1E0,-1.01E1));
#4207=DIRECTION('',(0.E0,0.E0,1.E0));
#4208=DIRECTION('',(-1.E0,0.E0,0.E0));
#4209=AXIS2_PLACEMENT_3D('',#4206,#4207,#4208);
#4211=DIRECTION('',(0.E0,-1.191152586218E-9,1.E0));
#4212=VECTOR('',#4211,9.9E0);
#4213=CARTESIAN_POINT('',(4.75E0,9.1E0,-2.E1));
#4214=LINE('',#4213,#4212);
#4215=DIRECTION('',(0.E0,1.E0,0.E0));
#4216=VECTOR('',#4215,1.100000002357E0);
#4217=CARTESIAN_POINT('',(2.25E0,9.099999997643E0,-1.01E1));
#4218=LINE('',#4217,#4216);
#4219=CARTESIAN_POINT('',(2.25E0,1.02E1,-9.9E0));
#4220=DIRECTION('',(1.E0,0.E0,0.E0));
#4221=DIRECTION('',(0.E0,0.E0,-1.E0));
#4222=AXIS2_PLACEMENT_3D('',#4219,#4220,#4221);
#4224=DIRECTION('',(0.E0,-2.380352256493E-10,1.E0));
#4225=VECTOR('',#4224,9.9E0);
#4226=CARTESIAN_POINT('',(2.25E0,9.1E0,-2.E1));
#4227=LINE('',#4226,#4225);
#4228=CARTESIAN_POINT('',(2.15E0,9.1E0,-1.01E1));
#4229=DIRECTION('',(0.E0,1.E0,0.E0));
#4230=DIRECTION('',(0.E0,0.E0,1.E0));
#4231=AXIS2_PLACEMENT_3D('',#4228,#4229,#4230);
#4233=CARTESIAN_POINT('',(1.35E0,9.1E0,-1.01E1));
#4234=DIRECTION('',(0.E0,-1.E0,0.E0));
#4235=DIRECTION('',(0.E0,0.E0,1.E0));
#4236=AXIS2_PLACEMENT_3D('',#4233,#4234,#4235);
#4238=DIRECTION('',(1.061373211542E-12,-1.E0,0.E0));
#4239=VECTOR('',#4238,1.1E0);
#4240=CARTESIAN_POINT('',(1.35E0,1.02E1,-1.E1));
#4241=LINE('',#4240,#4239);
#4242=DIRECTION('',(-1.E0,0.E0,0.E0));
#4243=VECTOR('',#4242,8.E-1);
#4244=CARTESIAN_POINT('',(2.15E0,1.02E1,-1.E1));
#4245=LINE('',#4244,#4243);
#4246=DIRECTION('',(1.614869854E-14,1.E0,0.E0));
#4247=VECTOR('',#4246,1.1E0);
#4248=CARTESIAN_POINT('',(2.15E0,9.1E0,-1.E1));
#4249=LINE('',#4248,#4247);
#4250=CARTESIAN_POINT('',(1.75E0,9.1E0,-1.E1));
#4251=DIRECTION('',(0.E0,0.E0,1.E0));
#4252=DIRECTION('',(-1.E0,0.E0,0.E0));
#4253=AXIS2_PLACEMENT_3D('',#4250,#4251,#4252);
#4255=DIRECTION('',(-1.061373211542E-12,1.E0,0.E0));
#4256=VECTOR('',#4255,1.1E0);
#4257=CARTESIAN_POINT('',(2.15E0,-1.02E1,-1.E1));
#4258=LINE('',#4257,#4256);
#4259=DIRECTION('',(1.E0,0.E0,0.E0));
#4260=VECTOR('',#4259,8.E-1);
#4261=CARTESIAN_POINT('',(1.35E0,-1.02E1,-1.E1));
#4262=LINE('',#4261,#4260);
#4263=DIRECTION('',(-1.594683980825E-14,-1.E0,0.E0));
#4264=VECTOR('',#4263,1.1E0);
#4265=CARTESIAN_POINT('',(1.35E0,-9.1E0,-1.E1));
#4266=LINE('',#4265,#4264);
#4267=CARTESIAN_POINT('',(1.75E0,-9.1E0,-1.E1));
#4268=DIRECTION('',(0.E0,0.E0,1.E0));
#4269=DIRECTION('',(1.E0,0.E0,0.E0));
#4270=AXIS2_PLACEMENT_3D('',#4267,#4268,#4269);
#4272=DIRECTION('',(0.E0,-1.E0,0.E0));
#4273=VECTOR('',#4272,1.100000011792E0);
#4274=CARTESIAN_POINT('',(1.25E0,1.02E1,-1.01E1));
#4275=LINE('',#4274,#4273);
#4276=CARTESIAN_POINT('',(1.25E0,1.02E1,-9.9E0));
#4277=DIRECTION('',(1.E0,0.E0,0.E0));
#4278=DIRECTION('',(0.E0,0.E0,-1.E0));
#4279=AXIS2_PLACEMENT_3D('',#4276,#4277,#4278);
#4281=CARTESIAN_POINT('',(1.75E0,9.1E0,-1.01E1));
#4282=DIRECTION('',(0.E0,0.E0,1.E0));
#4283=DIRECTION('',(-1.E0,0.E0,0.E0));
#4284=AXIS2_PLACEMENT_3D('',#4281,#4282,#4283);
#4286=DIRECTION('',(0.E0,-1.191152586218E-9,1.E0));
#4287=VECTOR('',#4286,9.9E0);
#4288=CARTESIAN_POINT('',(1.25E0,9.1E0,-2.E1));
#4289=LINE('',#4288,#4287);
#4290=CARTESIAN_POINT('',(1.35E0,1.02E1,-9.9E0));
#4291=DIRECTION('',(1.E0,0.E0,0.E0));
#4292=DIRECTION('',(0.E0,0.E0,-1.E0));
#4293=AXIS2_PLACEMENT_3D('',#4290,#4291,#4292);
#4295=CARTESIAN_POINT('',(1.35E0,1.02E1,-1.01E1));
#4296=DIRECTION('',(0.E0,1.E0,-2.531308496145E-14));
#4297=DIRECTION('',(-1.E0,0.E0,-1.776356839400E-14));
#4298=AXIS2_PLACEMENT_3D('',#4295,#4296,#4297);
#4300=CARTESIAN_POINT('',(2.15E0,1.02E1,-1.01E1));
#4301=DIRECTION('',(0.E0,1.E0,-1.837419105755E-14));
#4302=DIRECTION('',(0.E0,1.776356839400E-14,1.E0));
#4303=AXIS2_PLACEMENT_3D('',#4300,#4301,#4302);
#4305=CARTESIAN_POINT('',(2.15E0,1.02E1,-9.9E0));
#4306=DIRECTION('',(-1.E0,0.E0,0.E0));
#4307=DIRECTION('',(0.E0,1.E0,0.E0));
#4308=AXIS2_PLACEMENT_3D('',#4305,#4306,#4307);
#4310=CARTESIAN_POINT('',(2.15E0,-9.1E0,-1.01E1));
#4311=DIRECTION('',(0.E0,1.E0,0.E0));
#4312=DIRECTION('',(0.E0,0.E0,1.E0));
#4313=AXIS2_PLACEMENT_3D('',#4310,#4311,#4312);
#4315=CARTESIAN_POINT('',(1.35E0,-9.1E0,-1.01E1));
#4316=DIRECTION('',(0.E0,-1.E0,0.E0));
#4317=DIRECTION('',(0.E0,0.E0,1.E0));
#4318=AXIS2_PLACEMENT_3D('',#4315,#4316,#4317);
#4320=DIRECTION('',(0.E0,-1.E0,0.E0));
#4321=VECTOR('',#4320,1.100000002357E0);
#4322=CARTESIAN_POINT('',(1.25E0,-9.099999997643E0,-1.01E1));
#4323=LINE('',#4322,#4321);
#4324=CARTESIAN_POINT('',(1.25E0,-1.02E1,-9.9E0));
#4325=DIRECTION('',(-1.E0,0.E0,0.E0));
#4326=DIRECTION('',(0.E0,0.E0,-1.E0));
#4327=AXIS2_PLACEMENT_3D('',#4324,#4325,#4326);
#4329=DIRECTION('',(0.E0,2.380352256493E-10,1.E0));
#4330=VECTOR('',#4329,9.9E0);
#4331=CARTESIAN_POINT('',(1.25E0,-9.1E0,-2.E1));
#4332=LINE('',#4331,#4330);
#4333=CARTESIAN_POINT('',(1.35E0,-1.02E1,-1.01E1));
#4334=DIRECTION('',(0.E0,-1.E0,-1.826316875508E-14));
#4335=DIRECTION('',(0.E0,-1.776356839400E-14,1.E0));
#4336=AXIS2_PLACEMENT_3D('',#4333,#4334,#4335);
#4338=CARTESIAN_POINT('',(1.35E0,-1.02E1,-9.9E0));
#4339=DIRECTION('',(1.E0,0.E0,0.E0));
#4340=DIRECTION('',(0.E0,-1.E0,0.E0));
#4341=AXIS2_PLACEMENT_3D('',#4338,#4339,#4340);
#4343=CARTESIAN_POINT('',(2.15E0,-1.02E1,-9.9E0));
#4344=DIRECTION('',(-1.E0,0.E0,0.E0));
#4345=DIRECTION('',(0.E0,0.E0,-1.E0));
#4346=AXIS2_PLACEMENT_3D('',#4343,#4344,#4345);
#4348=CARTESIAN_POINT('',(2.15E0,-1.02E1,-1.01E1));
#4349=DIRECTION('',(0.E0,-1.E0,-2.531308496145E-14));
#4350=DIRECTION('',(1.E0,0.E0,0.E0));
#4351=AXIS2_PLACEMENT_3D('',#4348,#4349,#4350);
#4353=DIRECTION('',(0.E0,1.E0,0.E0));
#4354=VECTOR('',#4353,1.100000011792E0);
#4355=CARTESIAN_POINT('',(2.25E0,-1.02E1,-1.01E1));
#4356=LINE('',#4355,#4354);
#4357=CARTESIAN_POINT('',(2.25E0,-1.02E1,-9.9E0));
#4358=DIRECTION('',(-1.E0,0.E0,0.E0));
#4359=DIRECTION('',(0.E0,0.E0,-1.E0));
#4360=AXIS2_PLACEMENT_3D('',#4357,#4358,#4359);
#4362=CARTESIAN_POINT('',(1.75E0,-9.1E0,-1.01E1));
#4363=DIRECTION('',(0.E0,0.E0,1.E0));
#4364=DIRECTION('',(1.E0,0.E0,0.E0));
#4365=AXIS2_PLACEMENT_3D('',#4362,#4363,#4364);
#4367=DIRECTION('',(0.E0,1.191152945078E-9,1.E0));
#4368=VECTOR('',#4367,9.9E0);
#4369=CARTESIAN_POINT('',(2.25E0,-9.1E0,-2.E1));
#4370=LINE('',#4369,#4368);
#4371=DIRECTION('',(-1.E0,0.E0,0.E0));
#4372=VECTOR('',#4371,1.15E0);
#4373=CARTESIAN_POINT('',(5.825E0,-1.03E1,-9.9E0));
#4374=LINE('',#4373,#4372);
#4375=DIRECTION('',(1.E0,0.E0,0.E0));
#4376=VECTOR('',#4375,1.15E0);
#4377=CARTESIAN_POINT('',(4.675E0,-1.02E1,-1.E1));
#4378=LINE('',#4377,#4376);
#4379=CARTESIAN_POINT('',(4.675E0,-1.02E1,-1.01E1));
#4380=DIRECTION('',(0.E0,-1.E0,0.E0));
#4381=DIRECTION('',(0.E0,0.E0,1.E0));
#4382=AXIS2_PLACEMENT_3D('',#4379,#4380,#4381);
#4384=CARTESIAN_POINT('',(4.675E0,-1.02E1,-9.9E0));
#4385=DIRECTION('',(1.E0,0.E0,0.E0));
#4386=DIRECTION('',(0.E0,-1.E0,0.E0));
#4387=AXIS2_PLACEMENT_3D('',#4384,#4385,#4386);
#4389=CARTESIAN_POINT('',(5.825E0,-1.02E1,-9.9E0));
#4390=DIRECTION('',(-1.E0,0.E0,0.E0));
#4391=DIRECTION('',(0.E0,0.E0,-1.E0));
#4392=AXIS2_PLACEMENT_3D('',#4389,#4390,#4391);
#4394=CARTESIAN_POINT('',(5.825E0,-1.02E1,-1.01E1));
#4395=DIRECTION('',(0.E0,-1.E0,-1.165734175856E-14));
#4396=DIRECTION('',(1.E0,0.E0,0.E0));
#4397=AXIS2_PLACEMENT_3D('',#4394,#4395,#4396);
#4399=DIRECTION('',(0.E0,1.E0,0.E0));
#4400=VECTOR('',#4399,2.125000001955E0);
#4401=CARTESIAN_POINT('',(5.925E0,-1.02E1,-1.01E1));
#4402=LINE('',#4401,#4400);
#4403=CARTESIAN_POINT('',(5.925E0,-1.02E1,-9.9E0));
#4404=DIRECTION('',(-1.E0,0.E0,0.E0));
#4405=DIRECTION('',(0.E0,0.E0,-1.E0));
#4406=AXIS2_PLACEMENT_3D('',#4403,#4404,#4405);
#4408=CARTESIAN_POINT('',(5.25E0,-8.075E0,-1.01E1));
#4409=DIRECTION('',(0.E0,0.E0,1.E0));
#4410=DIRECTION('',(1.E0,0.E0,0.E0));
#4411=AXIS2_PLACEMENT_3D('',#4408,#4409,#4410);
#4413=DIRECTION('',(0.E0,1.974745395264E-10,1.E0));
#4414=VECTOR('',#4413,9.9E0);
#4415=CARTESIAN_POINT('',(5.925E0,-8.075E0,-2.E1));
#4416=LINE('',#4415,#4414);
#4417=CARTESIAN_POINT('',(2.12E1,5.6E0,-5.E-1));
#4418=DIRECTION('',(0.E0,1.E0,0.E0));
#4419=DIRECTION('',(-1.421085471520E-14,0.E0,1.E0));
#4420=AXIS2_PLACEMENT_3D('',#4417,#4418,#4419);
#4422=CARTESIAN_POINT('',(1.55E1,5.6E0,-5.E-1));
#4423=DIRECTION('',(0.E0,0.E0,1.E0));
#4424=DIRECTION('',(1.E0,0.E0,0.E0));
#4425=AXIS2_PLACEMENT_3D('',#4422,#4423,#4424);
#4427=CARTESIAN_POINT('',(1.55E1,5.6E0,-1.925E1));
#4428=DIRECTION('',(0.E0,0.E0,1.E0));
#4429=DIRECTION('',(9.884676543812E-1,1.514321506226E-1,0.E0));
#4430=AXIS2_PLACEMENT_3D('',#4427,#4428,#4429);
#4432=DIRECTION('',(1.321041054325E-10,1.014299400026E-8,1.E0));
#4433=VECTOR('',#4432,2.5E-1);
#4434=CARTESIAN_POINT('',(2.162849945830E1,6.538879326442E0,-1.95E1));
#4435=LINE('',#4434,#4433);
#4436=CARTESIAN_POINT('',(1.55E1,5.6E0,-1.95E1));
#4437=DIRECTION('',(0.E0,0.E0,-1.E0));
#4438=DIRECTION('',(9.884676545645E-1,1.514321494261E-1,0.E0));
#4439=AXIS2_PLACEMENT_3D('',#4436,#4437,#4438);
#4441=DIRECTION('',(0.E0,6.546342415516E-13,-1.E0));
#4442=VECTOR('',#4441,1.9E1);
#4443=CARTESIAN_POINT('',(2.17E1,5.599999999982E0,-5.E-1));
#4444=LINE('',#4443,#4442);
#4445=CARTESIAN_POINT('',(-2.261696711286E1,6.690311475868E0,-1.925E1));
#4446=DIRECTION('',(0.E0,0.E0,-1.E0));
#4447=DIRECTION('',(-2.548312675614E-1,9.669855350899E-1,0.E0));
#4448=AXIS2_PLACEMENT_3D('',#4445,#4446,#4447);
#4450=CARTESIAN_POINT('',(-2.37E1,1.08E1,-1.925E1));
#4451=DIRECTION('',(0.E0,0.E0,1.E0));
#4452=DIRECTION('',(-7.216024245882E-1,6.923076923077E-1,0.E0));
#4453=AXIS2_PLACEMENT_3D('',#4450,#4451,#4452);
#4455=DIRECTION('',(-1.E0,0.E0,0.E0));
#4456=VECTOR('',#4455,4.690415759823E0);
#4457=CARTESIAN_POINT('',(-2.135479212009E1,1.305E1,-1.925E1));
#4458=LINE('',#4457,#4456);
#4459=CARTESIAN_POINT('',(-2.37E1,1.08E1,-1.925E1));
#4460=DIRECTION('',(0.E0,0.E0,1.E0));
#4461=DIRECTION('',(8.823529411765E-1,4.705882352941E-1,0.E0));
#4462=AXIS2_PLACEMENT_3D('',#4459,#4460,#4461);
#4464=CARTESIAN_POINT('',(-1.995E1,1.28E1,-1.925E1));
#4465=DIRECTION('',(0.E0,0.E0,-1.E0));
#4466=DIRECTION('',(0.E0,-1.E0,0.E0));
#4467=AXIS2_PLACEMENT_3D('',#4464,#4465,#4466);
#4469=DIRECTION('',(-1.E0,0.E0,0.E0));
#4470=VECTOR('',#4469,4.45E0);
#4471=CARTESIAN_POINT('',(-1.55E1,1.18E1,-1.925E1));
#4472=LINE('',#4471,#4470);
#4473=DIRECTION('',(1.E0,0.E0,0.E0));
#4474=VECTOR('',#4473,5.966703869233E0);
#4475=CARTESIAN_POINT('',(-2.52E1,-1.055E1,-1.925E1));
#4476=LINE('',#4475,#4474);
#4477=CARTESIAN_POINT('',(-2.52E1,-7.3E0,-1.925E1));
#4478=DIRECTION('',(0.E0,0.E0,1.E0));
#4479=DIRECTION('',(-6.769230769231E-1,-7.360537670096E-1,0.E0));
#4480=AXIS2_PLACEMENT_3D('',#4477,#4478,#4479);
#4482=DIRECTION('',(0.E0,-1.E0,0.E0));
#4483=VECTOR('',#4482,4.784349485562E0);
#4484=CARTESIAN_POINT('',(-2.74E1,-4.907825257219E0,-1.925E1));
#4485=LINE('',#4484,#4483);
#4486=CARTESIAN_POINT('',(-2.52E1,-7.3E0,-1.925E1));
#4487=DIRECTION('',(0.E0,0.E0,1.E0));
#4488=DIRECTION('',(0.E0,1.E0,0.E0));
#4489=AXIS2_PLACEMENT_3D('',#4486,#4487,#4488);
#4491=DIRECTION('',(-1.E0,0.E0,0.E0));
#4492=VECTOR('',#4491,2.5E0);
#4493=CARTESIAN_POINT('',(-2.27E1,-4.05E0,-1.925E1));
#4494=LINE('',#4493,#4492);
#4495=CARTESIAN_POINT('',(-2.27E1,-3.05E0,-1.925E1));
#4496=DIRECTION('',(0.E0,0.E0,-1.E0));
#4497=DIRECTION('',(1.E0,0.E0,0.E0));
#4498=AXIS2_PLACEMENT_3D('',#4495,#4496,#4497);
#4500=CARTESIAN_POINT('',(2.27E1,-3.05E0,-1.925E1));
#4501=DIRECTION('',(0.E0,0.E0,-1.E0));
#4502=DIRECTION('',(0.E0,-1.E0,0.E0));
#4503=AXIS2_PLACEMENT_3D('',#4500,#4501,#4502);
#4505=DIRECTION('',(-1.E0,0.E0,0.E0));
#4506=VECTOR('',#4505,2.5E0);
#4507=CARTESIAN_POINT('',(2.52E1,-4.05E0,-1.925E1));
#4508=LINE('',#4507,#4506);
#4509=CARTESIAN_POINT('',(2.52E1,-7.3E0,-1.925E1));
#4510=DIRECTION('',(0.E0,0.E0,1.E0));
#4511=DIRECTION('',(6.769230769231E-1,7.360537670096E-1,0.E0));
#4512=AXIS2_PLACEMENT_3D('',#4509,#4510,#4511);
#4514=DIRECTION('',(0.E0,1.E0,0.E0));
#4515=VECTOR('',#4514,4.784349485562E0);
#4516=CARTESIAN_POINT('',(2.74E1,-9.692174742781E0,-1.925E1));
#4517=LINE('',#4516,#4515);
#4518=CARTESIAN_POINT('',(2.52E1,-7.3E0,-1.925E1));
#4519=DIRECTION('',(0.E0,0.E0,1.E0));
#4520=DIRECTION('',(0.E0,-1.E0,0.E0));
#4521=AXIS2_PLACEMENT_3D('',#4518,#4519,#4520);
#4523=DIRECTION('',(1.E0,0.E0,0.E0));
#4524=VECTOR('',#4523,5.966703869233E0);
#4525=CARTESIAN_POINT('',(1.923329613077E1,-1.055E1,-1.925E1));
#4526=LINE('',#4525,#4524);
#4527=DIRECTION('',(-1.E0,0.E0,0.E0));
#4528=VECTOR('',#4527,4.45E0);
#4529=CARTESIAN_POINT('',(1.995E1,1.18E1,-1.925E1));
#4530=LINE('',#4529,#4528);
#4531=CARTESIAN_POINT('',(1.995E1,1.28E1,-1.925E1));
#4532=DIRECTION('',(0.E0,0.E0,-1.E0));
#4533=DIRECTION('',(8.823529411765E-1,-4.705882352941E-1,0.E0));
#4534=AXIS2_PLACEMENT_3D('',#4531,#4532,#4533);
#4536=CARTESIAN_POINT('',(2.37E1,1.08E1,-1.925E1));
#4537=DIRECTION('',(0.E0,0.E0,1.E0));
#4538=DIRECTION('',(-7.216024245882E-1,6.923076923077E-1,0.E0));
#4539=AXIS2_PLACEMENT_3D('',#4536,#4537,#4538);
#4541=DIRECTION('',(-1.E0,0.E0,0.E0));
#4542=VECTOR('',#4541,4.690415759823E0);
#4543=CARTESIAN_POINT('',(2.604520787991E1,1.305E1,-1.925E1));
#4544=LINE('',#4543,#4542);
#4545=CARTESIAN_POINT('',(2.37E1,1.08E1,-1.925E1));
#4546=DIRECTION('',(0.E0,0.E0,1.E0));
#4547=DIRECTION('',(-2.548312675614E-1,-9.669855350899E-1,0.E0));
#4548=AXIS2_PLACEMENT_3D('',#4545,#4546,#4547);
#4550=CARTESIAN_POINT('',(2.261696711286E1,6.690311475868E0,-1.925E1));
#4551=DIRECTION('',(0.E0,0.E0,-1.E0));
#4552=DIRECTION('',(-9.884676557009E-1,-1.514321420081E-1,0.E0));
#4553=AXIS2_PLACEMENT_3D('',#4550,#4551,#4552);
#4555=CARTESIAN_POINT('',(-2.37E1,1.08E1,-1.925E1));
#4556=DIRECTION('',(0.E0,0.E0,1.E0));
#4557=DIRECTION('',(1.E0,0.E0,0.E0));
#4558=AXIS2_PLACEMENT_3D('',#4555,#4556,#4557);
#4560=CARTESIAN_POINT('',(-2.37E1,1.08E1,-1.925E1));
#4561=DIRECTION('',(0.E0,0.E0,1.E0));
#4562=DIRECTION('',(-1.E0,0.E0,0.E0));
#4563=AXIS2_PLACEMENT_3D('',#4560,#4561,#4562);
#4565=CARTESIAN_POINT('',(-2.52E1,-7.3E0,-1.925E1));
#4566=DIRECTION('',(0.E0,0.E0,1.E0));
#4567=DIRECTION('',(1.E0,0.E0,0.E0));
#4568=AXIS2_PLACEMENT_3D('',#4565,#4566,#4567);
#4570=CARTESIAN_POINT('',(-2.52E1,-7.3E0,-1.925E1));
#4571=DIRECTION('',(0.E0,0.E0,1.E0));
#4572=DIRECTION('',(-1.E0,0.E0,0.E0));
#4573=AXIS2_PLACEMENT_3D('',#4570,#4571,#4572);
#4575=CARTESIAN_POINT('',(2.37E1,1.08E1,-1.925E1));
#4576=DIRECTION('',(0.E0,0.E0,1.E0));
#4577=DIRECTION('',(1.E0,0.E0,0.E0));
#4578=AXIS2_PLACEMENT_3D('',#4575,#4576,#4577);
#4580=CARTESIAN_POINT('',(2.37E1,1.08E1,-1.925E1));
#4581=DIRECTION('',(0.E0,0.E0,1.E0));
#4582=DIRECTION('',(-1.E0,0.E0,0.E0));
#4583=AXIS2_PLACEMENT_3D('',#4580,#4581,#4582);
#4585=CARTESIAN_POINT('',(2.52E1,-7.3E0,-1.925E1));
#4586=DIRECTION('',(0.E0,0.E0,1.E0));
#4587=DIRECTION('',(1.E0,0.E0,0.E0));
#4588=AXIS2_PLACEMENT_3D('',#4585,#4586,#4587);
#4590=CARTESIAN_POINT('',(2.52E1,-7.3E0,-1.925E1));
#4591=DIRECTION('',(0.E0,0.E0,1.E0));
#4592=DIRECTION('',(-1.E0,0.E0,0.E0));
#4593=AXIS2_PLACEMENT_3D('',#4590,#4591,#4592);
#4595=CARTESIAN_POINT('',(-1.55E1,5.6E0,-5.E-1));
#4596=DIRECTION('',(0.E0,0.E0,1.E0));
#4597=DIRECTION('',(0.E0,1.E0,0.E0));
#4598=AXIS2_PLACEMENT_3D('',#4595,#4596,#4597);
#4600=CARTESIAN_POINT('',(-1.55E1,5.6E0,-1.95E1));
#4601=DIRECTION('',(0.E0,0.E0,-1.E0));
#4602=DIRECTION('',(-1.E0,0.E0,0.E0));
#4603=AXIS2_PLACEMENT_3D('',#4600,#4601,#4602);
#4605=DIRECTION('',(-1.321041054325E-10,1.014300110569E-8,1.E0));
#4606=VECTOR('',#4605,2.5E-1);
#4607=CARTESIAN_POINT('',(-2.162849945830E1,6.538879326442E0,-1.95E1));
#4608=LINE('',#4607,#4606);
#4609=CARTESIAN_POINT('',(-1.55E1,5.6E0,-1.925E1));
#4610=DIRECTION('',(0.E0,0.E0,1.E0));
#4611=DIRECTION('',(0.E0,1.E0,0.E0));
#4612=AXIS2_PLACEMENT_3D('',#4609,#4610,#4611);
#4614=DIRECTION('',(-9.688013354510E-13,0.E0,-1.E0));
#4615=VECTOR('',#4614,1.875E1);
#4616=CARTESIAN_POINT('',(-1.549999999998E1,1.18E1,-5.E-1));
#4617=LINE('',#4616,#4615);
#4618=CARTESIAN_POINT('',(-1.55E1,1.13E1,-5.E-1));
#4619=DIRECTION('',(-1.E0,0.E0,0.E0));
#4620=DIRECTION('',(0.E0,0.E0,1.E0));
#4621=AXIS2_PLACEMENT_3D('',#4618,#4619,#4620);
#4623=CARTESIAN_POINT('',(-2.12E1,5.6E0,-5.E-1));
#4624=DIRECTION('',(0.E0,-1.E0,0.E0));
#4625=DIRECTION('',(0.E0,0.E0,1.E0));
#4626=AXIS2_PLACEMENT_3D('',#4623,#4624,#4625);
#4628=CARTESIAN_POINT('',(-2.12E1,-5.6E0,-5.E-1));
#4629=DIRECTION('',(0.E0,-1.E0,0.E0));
#4630=DIRECTION('',(1.421085471520E-14,0.E0,1.E0));
#4631=AXIS2_PLACEMENT_3D('',#4628,#4629,#4630);
#4633=CARTESIAN_POINT('',(-1.55E1,-1.13E1,-5.E-1));
#4634=DIRECTION('',(1.E0,0.E0,0.E0));
#4635=DIRECTION('',(0.E0,0.E0,1.E0));
#4636=AXIS2_PLACEMENT_3D('',#4633,#4634,#4635);
#4638=CARTESIAN_POINT('',(1.55E1,-1.13E1,-5.E-1));
#4639=DIRECTION('',(1.E0,0.E0,0.E0));
#4640=DIRECTION('',(0.E0,0.E0,1.E0));
#4641=AXIS2_PLACEMENT_3D('',#4638,#4639,#4640);
#4643=CARTESIAN_POINT('',(2.12E1,-5.6E0,-5.E-1));
#4644=DIRECTION('',(0.E0,1.E0,0.E0));
#4645=DIRECTION('',(0.E0,0.E0,1.E0));
#4646=AXIS2_PLACEMENT_3D('',#4643,#4644,#4645);
#4648=DIRECTION('',(0.E0,1.E0,0.E0));
#4649=VECTOR('',#4648,1.119999999995E1);
#4650=CARTESIAN_POINT('',(2.17E1,-5.599999999971E0,-5.E-1));
#4651=LINE('',#4650,#4649);
#4652=DIRECTION('',(0.E0,-1.E0,0.E0));
#4653=VECTOR('',#4652,8.649999999994E0);
#4654=CARTESIAN_POINT('',(2.17E1,5.599999999994E0,-1.95E1));
#4655=LINE('',#4654,#4653);
#4656=DIRECTION('',(0.E0,0.E0,1.E0));
#4657=VECTOR('',#4656,2.5E-1);
#4658=CARTESIAN_POINT('',(2.17E1,-3.05E0,-1.95E1));
#4659=LINE('',#4658,#4657);
#4660=DIRECTION('',(0.E0,1.E0,0.E0));
#4661=VECTOR('',#4660,2.55E0);
#4662=CARTESIAN_POINT('',(2.17E1,-5.6E0,-1.925E1));
#4663=LINE('',#4662,#4661);
#4664=DIRECTION('',(0.E0,-1.534772309242E-12,-1.E0));
#4665=VECTOR('',#4664,1.875E1);
#4666=CARTESIAN_POINT('',(2.17E1,-5.599999999971E0,-5.E-1));
#4667=LINE('',#4666,#4665);
#4668=CARTESIAN_POINT('',(2.22E1,-3.916025403784E0,-2.E1));
#4669=CARTESIAN_POINT('',(2.215300966738E1,-3.888895522599E0,-2.E1));
#4670=CARTESIAN_POINT('',(2.206652680704E1,-3.828653771812E0,
-1.998687562047E1));
#4671=CARTESIAN_POINT('',(2.196194945477E1,-3.729430627097E0,
-1.994391765758E1));
#4672=CARTESIAN_POINT('',(2.187828814901E1,-3.624856684181E0,
-1.988684258427E1));
#4673=CARTESIAN_POINT('',(2.181182630788E1,-3.515228443411E0,
-1.981958995436E1));
#4674=CARTESIAN_POINT('',(2.176119497573E1,-3.401662416472E0,
-1.974504676820E1));
#4675=CARTESIAN_POINT('',(2.172564114078E1,-3.285455556956E0,
-1.966561407133E1));
#4676=CARTESIAN_POINT('',(2.170463687573E1,-3.168039221088E0,
-1.958346674171E1));
#4677=CARTESIAN_POINT('',(2.17E1,-3.089334153908E0,-1.952781344696E1));
#4678=CARTESIAN_POINT('',(2.17E1,-3.05E0,-1.95E1));
#4680=CARTESIAN_POINT('',(2.22E1,5.6E0,-1.95E1));
#4681=DIRECTION('',(0.E0,-1.E0,0.E0));
#4682=DIRECTION('',(-1.E0,0.E0,0.E0));
#4683=AXIS2_PLACEMENT_3D('',#4680,#4681,#4682);
#4685=DIRECTION('',(0.E0,0.E0,1.E0));
#4686=VECTOR('',#4685,7.5E-1);
#4687=CARTESIAN_POINT('',(2.27E1,-4.05E0,-2.E1));
#4688=LINE('',#4687,#4686);
#4689=DIRECTION('',(0.E0,0.E0,1.E0));
#4690=VECTOR('',#4689,7.5E-1);
#4691=CARTESIAN_POINT('',(2.52E1,-4.05E0,-2.E1));
#4692=LINE('',#4691,#4690);
#4693=DIRECTION('',(0.E0,0.E0,1.E0));
#4694=VECTOR('',#4693,7.5E-1);
#4695=CARTESIAN_POINT('',(2.74E1,-4.907825257219E0,-2.E1));
#4696=LINE('',#4695,#4694);
#4697=DIRECTION('',(0.E0,0.E0,1.E0));
#4698=VECTOR('',#4697,7.5E-1);
#4699=CARTESIAN_POINT('',(2.74E1,-9.692174742781E0,-2.E1));
#4700=LINE('',#4699,#4698);
#4701=DIRECTION('',(0.E0,0.E0,1.E0));
#4702=VECTOR('',#4701,7.5E-1);
#4703=CARTESIAN_POINT('',(2.52E1,-1.055E1,-2.E1));
#4704=LINE('',#4703,#4702);
#4705=CARTESIAN_POINT('',(1.55E1,-5.6E0,-5.E-1));
#4706=DIRECTION('',(0.E0,0.E0,1.E0));
#4707=DIRECTION('',(0.E0,-1.E0,0.E0));
#4708=AXIS2_PLACEMENT_3D('',#4705,#4706,#4707);
#4710=CARTESIAN_POINT('',(1.55E1,-5.6E0,-1.925E1));
#4711=DIRECTION('',(0.E0,0.E0,1.E0));
#4712=DIRECTION('',(6.021445372205E-1,-7.983870967742E-1,0.E0));
#4713=AXIS2_PLACEMENT_3D('',#4710,#4711,#4712);
#4715=DIRECTION('',(0.E0,0.E0,1.E0));
#4716=VECTOR('',#4715,2.5E-1);
#4717=CARTESIAN_POINT('',(1.923329613077E1,-1.055E1,-1.95E1));
#4718=LINE('',#4717,#4716);
#4719=CARTESIAN_POINT('',(1.55E1,-5.6E0,-1.95E1));
#4720=DIRECTION('',(0.E0,0.E0,-1.E0));
#4721=DIRECTION('',(6.021445372205E-1,-7.983870967742E-1,0.E0));
#4722=AXIS2_PLACEMENT_3D('',#4719,#4720,#4721);
#4724=DIRECTION('',(6.547277340168E-13,0.E0,-1.E0));
#4725=VECTOR('',#4724,1.9E1);
#4726=CARTESIAN_POINT('',(1.549999999998E1,-1.18E1,-5.E-1));
#4727=LINE('',#4726,#4725);
#4728=CARTESIAN_POINT('',(1.923329613077E1,-1.055E1,-1.95E1));
#4729=CARTESIAN_POINT('',(1.923329613077E1,-1.055E1,-1.953951016240E1));
#4730=CARTESIAN_POINT('',(1.924848835856E1,-1.055E1,-1.961555178918E1));
#4731=CARTESIAN_POINT('',(1.931201522552E1,-1.055E1,-1.972264840855E1));
#4732=CARTESIAN_POINT('',(1.941036833887E1,-1.055E1,-1.981701507047E1));
#4733=CARTESIAN_POINT('',(1.953826892451E1,-1.055E1,-1.989602361078E1));
#4734=CARTESIAN_POINT('',(1.968803507412E1,-1.055E1,-1.995545996352E1));
#4735=CARTESIAN_POINT('',(1.985184876882E1,-1.055E1,-1.999205956975E1));
#4736=CARTESIAN_POINT('',(1.996034332283E1,-1.055E1,-2.E1));
#4737=CARTESIAN_POINT('',(2.001525193096E1,-1.055E1,-2.E1));
#4739=CARTESIAN_POINT('',(1.55E1,-1.23E1,-1.95E1));
#4740=DIRECTION('',(-1.E0,0.E0,0.E0));
#4741=DIRECTION('',(0.E0,1.E0,0.E0));
#4742=AXIS2_PLACEMENT_3D('',#4739,#4740,#4741);
#4744=DIRECTION('',(1.E0,0.E0,0.E0));
#4745=VECTOR('',#4744,3.099999999995E1);
#4746=CARTESIAN_POINT('',(-1.549999999997E1,-1.18E1,-5.E-1));
#4747=LINE('',#4746,#4745);
#4748=DIRECTION('',(-1.E0,0.E0,0.E0));
#4749=VECTOR('',#4748,3.099999999999E1);
#4750=CARTESIAN_POINT('',(1.549999999999E1,-1.18E1,-1.95E1));
#4751=LINE('',#4750,#4749);
#4752=DIRECTION('',(-1.240738506088E-12,0.E0,-1.E0));
#4753=VECTOR('',#4752,1.9E1);
#4754=CARTESIAN_POINT('',(-1.549999999997E1,-1.18E1,-5.E-1));
#4755=LINE('',#4754,#4753);
#4756=CARTESIAN_POINT('',(-1.55E1,-5.6E0,-5.E-1));
#4757=DIRECTION('',(0.E0,0.E0,1.E0));
#4758=DIRECTION('',(-1.E0,0.E0,0.E0));
#4759=AXIS2_PLACEMENT_3D('',#4756,#4757,#4758);
#4761=CARTESIAN_POINT('',(-1.55E1,-5.6E0,-1.95E1));
#4762=DIRECTION('',(0.E0,0.E0,-1.E0));
#4763=DIRECTION('',(0.E0,-1.E0,0.E0));
#4764=AXIS2_PLACEMENT_3D('',#4761,#4762,#4763);
#4766=DIRECTION('',(0.E0,0.E0,1.E0));
#4767=VECTOR('',#4766,2.5E-1);
#4768=CARTESIAN_POINT('',(-1.923329613077E1,-1.055E1,-1.95E1));
#4769=LINE('',#4768,#4767);
#4770=CARTESIAN_POINT('',(-1.55E1,-5.6E0,-1.925E1));
#4771=DIRECTION('',(0.E0,0.E0,1.E0));
#4772=DIRECTION('',(-1.E0,0.E0,0.E0));
#4773=AXIS2_PLACEMENT_3D('',#4770,#4771,#4772);
#4775=DIRECTION('',(0.E0,-9.688960744825E-13,-1.E0));
#4776=VECTOR('',#4775,1.875E1);
#4777=CARTESIAN_POINT('',(-2.17E1,-5.599999999982E0,-5.E-1));
#4778=LINE('',#4777,#4776);
#4779=CARTESIAN_POINT('',(-2.001525193096E1,-1.055E1,-2.E1));
#4780=CARTESIAN_POINT('',(-1.996009677859E1,-1.055E1,-2.E1));
#4781=CARTESIAN_POINT('',(-1.985114779999E1,-1.055E1,-1.999200288486E1));
#4782=CARTESIAN_POINT('',(-1.968633744E1,-1.055E1,-1.995498919486E1));
#4783=CARTESIAN_POINT('',(-1.953655259218E1,-1.055E1,-1.989513024969E1));
#4784=CARTESIAN_POINT('',(-1.941023189665E1,-1.055E1,-1.981671471375E1));
#4785=CARTESIAN_POINT('',(-1.931344306342E1,-1.055E1,-1.972410321546E1));
#4786=CARTESIAN_POINT('',(-1.924943671267E1,-1.055E1,-1.961810974033E1));
#4787=CARTESIAN_POINT('',(-1.923329613077E1,-1.055E1,-1.954063605756E1));
#4788=CARTESIAN_POINT('',(-1.923329613077E1,-1.055E1,-1.95E1));
#4790=CARTESIAN_POINT('',(-1.55E1,-1.23E1,-1.95E1));
#4791=DIRECTION('',(-1.E0,0.E0,0.E0));
#4792=DIRECTION('',(0.E0,1.E0,0.E0));
#4793=AXIS2_PLACEMENT_3D('',#4790,#4791,#4792);
#4795=DIRECTION('',(0.E0,0.E0,1.E0));
#4796=VECTOR('',#4795,7.5E-1);
#4797=CARTESIAN_POINT('',(-2.52E1,-1.055E1,-2.E1));
#4798=LINE('',#4797,#4796);
#4799=DIRECTION('',(0.E0,0.E0,1.E0));
#4800=VECTOR('',#4799,7.5E-1);
#4801=CARTESIAN_POINT('',(-2.74E1,-9.692174742781E0,-2.E1));
#4802=LINE('',#4801,#4800);
#4803=DIRECTION('',(0.E0,0.E0,1.E0));
#4804=VECTOR('',#4803,7.5E-1);
#4805=CARTESIAN_POINT('',(-2.74E1,-4.907825257219E0,-2.E1));
#4806=LINE('',#4805,#4804);
#4807=DIRECTION('',(0.E0,0.E0,1.E0));
#4808=VECTOR('',#4807,7.5E-1);
#4809=CARTESIAN_POINT('',(-2.52E1,-4.05E0,-2.E1));
#4810=LINE('',#4809,#4808);
#4811=DIRECTION('',(0.E0,0.E0,1.E0));
#4812=VECTOR('',#4811,7.5E-1);
#4813=CARTESIAN_POINT('',(-2.27E1,-4.05E0,-2.E1));
#4814=LINE('',#4813,#4812);
#4815=DIRECTION('',(0.E0,-1.E0,0.E0));
#4816=VECTOR('',#4815,1.119999999995E1);
#4817=CARTESIAN_POINT('',(-2.17E1,5.599999999971E0,-5.E-1));
#4818=LINE('',#4817,#4816);
#4819=DIRECTION('',(0.E0,-1.E0,0.E0));
#4820=VECTOR('',#4819,2.55E0);
#4821=CARTESIAN_POINT('',(-2.17E1,-3.05E0,-1.925E1));
#4822=LINE('',#4821,#4820);
#4823=DIRECTION('',(0.E0,0.E0,1.E0));
#4824=VECTOR('',#4823,2.5E-1);
#4825=CARTESIAN_POINT('',(-2.17E1,-3.05E0,-1.95E1));
#4826=LINE('',#4825,#4824);
#4827=DIRECTION('',(0.E0,1.E0,0.E0));
#4828=VECTOR('',#4827,8.649999999995E0);
#4829=CARTESIAN_POINT('',(-2.17E1,-3.05E0,-1.95E1));
#4830=LINE('',#4829,#4828);
#4831=DIRECTION('',(0.E0,1.240645013623E-12,-1.E0));
#4832=VECTOR('',#4831,1.9E1);
#4833=CARTESIAN_POINT('',(-2.17E1,5.599999999971E0,-5.E-1));
#4834=LINE('',#4833,#4832);
#4835=CARTESIAN_POINT('',(-2.17E1,-3.05E0,-1.95E1));
#4836=CARTESIAN_POINT('',(-2.17E1,-3.089262404734E0,-1.952776271263E1));
#4837=CARTESIAN_POINT('',(-2.170460770438E1,-3.168086702150E0,
-1.958350222673E1));
#4838=CARTESIAN_POINT('',(-2.172591633415E1,-3.286852972108E0,
-1.966659005329E1));
#4839=CARTESIAN_POINT('',(-2.176214423779E1,-3.404348336496E0,
-1.974686301064E1));
#4840=CARTESIAN_POINT('',(-2.181362635912E1,-3.518675930790E0,
-1.982179021447E1));
#4841=CARTESIAN_POINT('',(-2.188019497099E1,-3.627465940204E0,
-1.988833806721E1));
#4842=CARTESIAN_POINT('',(-2.196301665529E1,-3.730468513415E0,
-1.994438341054E1));
#4843=CARTESIAN_POINT('',(-2.206663709419E1,-3.828687375685E0,
-1.998684672818E1));
#4844=CARTESIAN_POINT('',(-2.215294989018E1,-3.888861010214E0,-2.E1));
#4845=CARTESIAN_POINT('',(-2.22E1,-3.916025403784E0,-2.E1));
#4847=CARTESIAN_POINT('',(-2.194498814420E1,7.430881705941E0,-2.E1));
#4848=CARTESIAN_POINT('',(-2.190839768410E1,7.397680236799E0,-2.E1));
#4849=CARTESIAN_POINT('',(-2.184203757781E1,7.327621452970E0,
-1.998844185476E1));
#4850=CARTESIAN_POINT('',(-2.176216643127E1,7.214947786748E0,
-1.994668280947E1));
#4851=CARTESIAN_POINT('',(-2.170246575223E1,7.101178758971E0,
-1.988940219124E1));
#4852=CARTESIAN_POINT('',(-2.165983087360E1,6.987916993112E0,
-1.982222491673E1));
#4853=CARTESIAN_POINT('',(-2.163174172297E1,6.874212097953E0,
-1.974739143113E1));
#4854=CARTESIAN_POINT('',(-2.161728140346E1,6.760216075767E0,
-1.966684534821E1));
#4855=CARTESIAN_POINT('',(-2.161579102503E1,6.648749234715E0,
-1.958422036734E1));
#4856=CARTESIAN_POINT('',(-2.162292328791E1,6.575277568767E0,
-1.952805907534E1));
#4857=CARTESIAN_POINT('',(-2.162849945830E1,6.538879326442E0,-1.95E1));
#4859=CARTESIAN_POINT('',(-2.22E1,5.6E0,-1.95E1));
#4860=DIRECTION('',(0.E0,1.E0,0.E0));
#4861=DIRECTION('',(1.E0,0.E0,0.E0));
#4862=AXIS2_PLACEMENT_3D('',#4859,#4860,#4861);
#4864=CARTESIAN_POINT('',(-1.549999999998E1,1.18E1,-1.95E1));
#4865=CARTESIAN_POINT('',(-1.560335902643E1,1.18E1,-1.952935199112E1));
#4866=CARTESIAN_POINT('',(-1.580969292739E1,1.18E1,-1.958794489022E1));
#4867=CARTESIAN_POINT('',(-1.611808769351E1,1.18E1,-1.967332886201E1));
#4868=CARTESIAN_POINT('',(-1.642755723713E1,1.18E1,-1.975458823116E1));
#4869=CARTESIAN_POINT('',(-1.673946184029E1,1.18E1,-1.982965684175E1));
#4870=CARTESIAN_POINT('',(-1.705564054458E1,1.18E1,-1.989615597568E1));
#4871=CARTESIAN_POINT('',(-1.737707876725E1,1.18E1,-1.995082071054E1));
#4872=CARTESIAN_POINT('',(-1.770470882898E1,1.18E1,-1.998928733455E1));
#4873=CARTESIAN_POINT('',(-1.792732498339E1,1.18E1,-2.E1));
#4874=CARTESIAN_POINT('',(-1.803968501984E1,1.18E1,-2.E1));
#4876=DIRECTION('',(0.E0,0.E0,1.E0));
#4877=VECTOR('',#4876,7.5E-1);
#4878=CARTESIAN_POINT('',(-2.287179838043E1,7.657297010958E0,-2.E1));
#4879=LINE('',#4878,#4877);
#4880=CARTESIAN_POINT('',(-1.55E1,1.23E1,-1.95E1));
#4881=DIRECTION('',(1.E0,0.E0,0.E0));
#4882=DIRECTION('',(0.E0,-1.E0,0.E0));
#4883=AXIS2_PLACEMENT_3D('',#4880,#4881,#4882);
#4885=CARTESIAN_POINT('',(1.803968501984E1,1.18E1,-2.E1));
#4886=CARTESIAN_POINT('',(1.792593935086E1,1.18E1,-2.E1));
#4887=CARTESIAN_POINT('',(1.770050602357E1,1.18E1,-1.998903853684E1));
#4888=CARTESIAN_POINT('',(1.736759414219E1,1.18E1,-1.994951527136E1));
#4889=CARTESIAN_POINT('',(1.704256845950E1,1.18E1,-1.989366294951E1));
#4890=CARTESIAN_POINT('',(1.672609575737E1,1.18E1,-1.982659741824E1));
#4891=CARTESIAN_POINT('',(1.641743672182E1,1.18E1,-1.975199335723E1));
#4892=CARTESIAN_POINT('',(1.611262330268E1,1.18E1,-1.967182543992E1));
#4893=CARTESIAN_POINT('',(1.580853819339E1,1.18E1,-1.958761302392E1));
#4894=CARTESIAN_POINT('',(1.560319307636E1,1.18E1,-1.952930486447E1));
#4895=CARTESIAN_POINT('',(1.55E1,1.18E1,-1.95E1));
#4897=CARTESIAN_POINT('',(1.55E1,1.23E1,-1.95E1));
#4898=DIRECTION('',(1.E0,0.E0,0.E0));
#4899=DIRECTION('',(0.E0,-1.E0,0.E0));
#4900=AXIS2_PLACEMENT_3D('',#4897,#4898,#4899);
#4902=CARTESIAN_POINT('',(2.162849945830E1,6.538879326442E0,-1.95E1));
#4903=CARTESIAN_POINT('',(2.162293891466E1,6.575175565749E0,-1.952798044213E1));
#4904=CARTESIAN_POINT('',(2.161585054415E1,6.648223160716E0,-1.958381613264E1));
#4905=CARTESIAN_POINT('',(2.161721508436E1,6.758244816036E0,-1.966539296140E1));
#4906=CARTESIAN_POINT('',(2.163109356717E1,6.870331182670E0,-1.974470451364E1));
#4907=CARTESIAN_POINT('',(2.165833509387E1,6.982962694947E0,-1.981908953205E1));
#4908=CARTESIAN_POINT('',(2.170026090530E1,7.096272716331E0,-1.988669520137E1));
#4909=CARTESIAN_POINT('',(2.175976273599E1,7.211114185003E0,-1.994501907784E1));
#4910=CARTESIAN_POINT('',(2.184009941349E1,7.325416306791E0,-1.998793084093E1));
#4911=CARTESIAN_POINT('',(2.190759008381E1,7.396947436061E0,-2.E1));
#4912=CARTESIAN_POINT('',(2.194498814420E1,7.430881705941E0,-2.E1));
#4914=DIRECTION('',(0.E0,0.E0,1.E0));
#4915=VECTOR('',#4914,7.5E-1);
#4916=CARTESIAN_POINT('',(2.287179838043E1,7.657297010958E0,-2.E1));
#4917=LINE('',#4916,#4915);
#4918=DIRECTION('',(0.E0,0.E0,1.E0));
#4919=VECTOR('',#4918,7.5E-1);
#4920=CARTESIAN_POINT('',(2.604520787991E1,1.305E1,-2.E1));
#4921=LINE('',#4920,#4919);
#4922=DIRECTION('',(0.E0,0.E0,1.E0));
#4923=VECTOR('',#4922,7.5E-1);
#4924=CARTESIAN_POINT('',(2.135479212009E1,1.305E1,-2.E1));
#4925=LINE('',#4924,#4923);
#4926=DIRECTION('',(0.E0,0.E0,1.E0));
#4927=VECTOR('',#4926,7.5E-1);
#4928=CARTESIAN_POINT('',(2.083235294118E1,1.232941176471E1,-2.E1));
#4929=LINE('',#4928,#4927);
#4930=DIRECTION('',(0.E0,0.E0,-1.E0));
#4931=VECTOR('',#4930,7.5E-1);
#4932=CARTESIAN_POINT('',(-2.21E1,1.08E1,-1.925E1));
#4933=LINE('',#4932,#4931);
#4934=DIRECTION('',(0.E0,0.E0,-1.E0));
#4935=VECTOR('',#4934,7.5E-1);
#4936=CARTESIAN_POINT('',(-2.53E1,1.08E1,-1.925E1));
#4937=LINE('',#4936,#4935);
#4938=CARTESIAN_POINT('',(-2.37E1,1.08E1,-2.E1));
#4939=DIRECTION('',(0.E0,0.E0,-1.E0));
#4940=DIRECTION('',(-1.E0,0.E0,0.E0));
#4941=AXIS2_PLACEMENT_3D('',#4938,#4939,#4940);
#4943=CARTESIAN_POINT('',(-2.37E1,1.08E1,-2.E1));
#4944=DIRECTION('',(0.E0,0.E0,-1.E0));
#4945=DIRECTION('',(1.E0,0.E0,0.E0));
#4946=AXIS2_PLACEMENT_3D('',#4943,#4944,#4945);
#4948=CARTESIAN_POINT('',(-2.52E1,-7.3E0,-2.E1));
#4949=DIRECTION('',(0.E0,0.E0,-1.E0));
#4950=DIRECTION('',(-1.E0,0.E0,0.E0));
#4951=AXIS2_PLACEMENT_3D('',#4948,#4949,#4950);
#4953=CARTESIAN_POINT('',(-2.52E1,-7.3E0,-2.E1));
#4954=DIRECTION('',(0.E0,0.E0,-1.E0));
#4955=DIRECTION('',(1.E0,0.E0,0.E0));
#4956=AXIS2_PLACEMENT_3D('',#4953,#4954,#4955);
#4958=CARTESIAN_POINT('',(2.37E1,1.08E1,-2.E1));
#4959=DIRECTION('',(0.E0,0.E0,-1.E0));
#4960=DIRECTION('',(-1.E0,0.E0,0.E0));
#4961=AXIS2_PLACEMENT_3D('',#4958,#4959,#4960);
#4963=CARTESIAN_POINT('',(2.37E1,1.08E1,-2.E1));
#4964=DIRECTION('',(0.E0,0.E0,-1.E0));
#4965=DIRECTION('',(1.E0,0.E0,0.E0));
#4966=AXIS2_PLACEMENT_3D('',#4963,#4964,#4965);
#4968=CARTESIAN_POINT('',(2.52E1,-7.3E0,-2.E1));
#4969=DIRECTION('',(0.E0,0.E0,-1.E0));
#4970=DIRECTION('',(-1.E0,0.E0,0.E0));
#4971=AXIS2_PLACEMENT_3D('',#4968,#4969,#4970);
#4973=CARTESIAN_POINT('',(2.52E1,-7.3E0,-2.E1));
#4974=DIRECTION('',(0.E0,0.E0,-1.E0));
#4975=DIRECTION('',(1.E0,0.E0,0.E0));
#4976=AXIS2_PLACEMENT_3D('',#4973,#4974,#4975);
#4978=DIRECTION('',(0.E0,0.E0,-1.E0));
#4979=VECTOR('',#4978,7.5E-1);
#4980=CARTESIAN_POINT('',(-2.36E1,-7.3E0,-1.925E1));
#4981=LINE('',#4980,#4979);
#4982=DIRECTION('',(0.E0,0.E0,-1.E0));
#4983=VECTOR('',#4982,7.5E-1);
#4984=CARTESIAN_POINT('',(-2.68E1,-7.3E0,-1.925E1));
#4985=LINE('',#4984,#4983);
#4986=DIRECTION('',(0.E0,0.E0,-1.E0));
#4987=VECTOR('',#4986,7.5E-1);
#4988=CARTESIAN_POINT('',(2.53E1,1.08E1,-1.925E1));
#4989=LINE('',#4988,#4987);
#4990=DIRECTION('',(0.E0,0.E0,-1.E0));
#4991=VECTOR('',#4990,7.5E-1);
#4992=CARTESIAN_POINT('',(2.21E1,1.08E1,-1.925E1));
#4993=LINE('',#4992,#4991);
#4994=DIRECTION('',(0.E0,0.E0,-1.E0));
#4995=VECTOR('',#4994,7.5E-1);
#4996=CARTESIAN_POINT('',(2.68E1,-7.3E0,-1.925E1));
#4997=LINE('',#4996,#4995);
#4998=DIRECTION('',(0.E0,0.E0,-1.E0));
#4999=VECTOR('',#4998,7.5E-1);
#5000=CARTESIAN_POINT('',(2.36E1,-7.3E0,-1.925E1));
#5001=LINE('',#5000,#4999);
#5002=DIRECTION('',(-1.E0,0.E0,0.E0));
#5003=VECTOR('',#5002,1.8E0);
#5004=CARTESIAN_POINT('',(-2.7E0,1.18E1,-5.E-1));
#5005=LINE('',#5004,#5003);
#5006=DIRECTION('',(-4.431493592422E-2,-5.065220354074E-1,8.610874601925E-1));
#5007=VECTOR('',#5006,3.948495544506E0);
#5008=CARTESIAN_POINT('',(-4.325022672948E0,1.38E1,-3.9E0));
#5009=LINE('',#5008,#5007);
#5010=DIRECTION('',(1.E0,0.E0,0.E0));
#5011=VECTOR('',#5010,1.450045345896E0);
#5012=CARTESIAN_POINT('',(-4.325022672948E0,1.38E1,-3.9E0));
#5013=LINE('',#5012,#5011);
#5014=DIRECTION('',(4.431493592422E-2,-5.065220354074E-1,8.610874601925E-1));
#5015=VECTOR('',#5014,3.948495544506E0);
#5016=CARTESIAN_POINT('',(-2.874977327052E0,1.38E1,-3.9E0));
#5017=LINE('',#5016,#5015);
#5018=DIRECTION('',(-1.E0,0.E0,0.E0));
#5019=VECTOR('',#5018,1.8E0);
#5020=CARTESIAN_POINT('',(4.5E0,1.18E1,-5.E-1));
#5021=LINE('',#5020,#5019);
#5022=DIRECTION('',(-4.431493592422E-2,-5.065220354074E-1,8.610874601925E-1));
#5023=VECTOR('',#5022,3.948495544506E0);
#5024=CARTESIAN_POINT('',(2.874977327052E0,1.38E1,-3.9E0));
#5025=LINE('',#5024,#5023);
#5026=DIRECTION('',(1.E0,0.E0,0.E0));
#5027=VECTOR('',#5026,1.450045345896E0);
#5028=CARTESIAN_POINT('',(2.874977327052E0,1.38E1,-3.9E0));
#5029=LINE('',#5028,#5027);
#5030=DIRECTION('',(4.431493592422E-2,-5.065220354074E-1,8.610874601925E-1));
#5031=VECTOR('',#5030,3.948495544506E0);
#5032=CARTESIAN_POINT('',(4.325022672948E0,1.38E1,-3.9E0));
#5033=LINE('',#5032,#5031);
#5034=DIRECTION('',(-8.715574274766E-2,-9.961946980917E-1,0.E0));
#5035=VECTOR('',#5034,2.007639675087E0);
#5036=CARTESIAN_POINT('',(2.874977327052E0,1.38E1,-5.4E0));
#5037=LINE('',#5036,#5035);
#5038=DIRECTION('',(-8.715574274766E-2,9.961946980917E-1,0.E0));
#5039=VECTOR('',#5038,2.007639675087E0);
#5040=CARTESIAN_POINT('',(4.5E0,1.18E1,-5.4E0));
#5041=LINE('',#5040,#5039);
#5042=DIRECTION('',(-8.715574274766E-2,9.961946980917E-1,0.E0));
#5043=VECTOR('',#5042,2.007639675087E0);
#5044=CARTESIAN_POINT('',(-2.7E0,1.18E1,-5.4E0));
#5045=LINE('',#5044,#5043);
#5046=DIRECTION('',(-8.715574274766E-2,-9.961946980917E-1,0.E0));
#5047=VECTOR('',#5046,2.007639675087E0);
#5048=CARTESIAN_POINT('',(-4.325022672948E0,1.38E1,-5.4E0));
#5049=LINE('',#5048,#5047);
#5050=DIRECTION('',(0.E0,0.E0,1.E0));
#5051=VECTOR('',#5050,1.5E0);
#5052=CARTESIAN_POINT('',(2.874977327052E0,1.38E1,-5.4E0));
#5053=LINE('',#5052,#5051);
#5054=DIRECTION('',(1.E0,0.E0,0.E0));
#5055=VECTOR('',#5054,1.450045345896E0);
#5056=CARTESIAN_POINT('',(2.874977327052E0,1.38E1,-5.4E0));
#5057=LINE('',#5056,#5055);
#5058=DIRECTION('',(0.E0,0.E0,1.E0));
#5059=VECTOR('',#5058,1.5E0);
#5060=CARTESIAN_POINT('',(4.325022672948E0,1.38E1,-5.4E0));
#5061=LINE('',#5060,#5059);
#5062=DIRECTION('',(0.E0,0.E0,1.E0));
#5063=VECTOR('',#5062,1.5E0);
#5064=CARTESIAN_POINT('',(-2.874977327052E0,1.38E1,-5.4E0));
#5065=LINE('',#5064,#5063);
#5066=DIRECTION('',(0.E0,0.E0,1.E0));
#5067=VECTOR('',#5066,1.5E0);
#5068=CARTESIAN_POINT('',(-4.325022672948E0,1.38E1,-5.4E0));
#5069=LINE('',#5068,#5067);
#5070=DIRECTION('',(1.E0,0.E0,0.E0));
#5071=VECTOR('',#5070,1.450045345896E0);
#5072=CARTESIAN_POINT('',(-4.325022672948E0,1.38E1,-5.4E0));
#5073=LINE('',#5072,#5071);
#5074=CARTESIAN_POINT('',(-2.54E1,1.555E1,-2.05E1));
#5075=DIRECTION('',(-1.E0,0.E0,0.E0));
#5076=DIRECTION('',(0.E0,0.E0,1.E0));
#5077=AXIS2_PLACEMENT_3D('',#5074,#5075,#5076);
#5079=CARTESIAN_POINT('',(-2.99E1,1.105E1,-2.05E1));
#5080=DIRECTION('',(0.E0,-1.E0,0.E0));
#5081=DIRECTION('',(0.E0,0.E0,1.E0));
#5082=AXIS2_PLACEMENT_3D('',#5079,#5080,#5081);
#5084=CARTESIAN_POINT('',(-2.99E1,-1.105E1,-2.05E1));
#5085=DIRECTION('',(0.E0,-1.E0,0.E0));
#5086=DIRECTION('',(0.E0,0.E0,1.E0));
#5087=AXIS2_PLACEMENT_3D('',#5084,#5085,#5086);
#5089=CARTESIAN_POINT('',(-2.54E1,-1.555E1,-2.05E1));
#5090=DIRECTION('',(1.E0,0.E0,0.E0));
#5091=DIRECTION('',(0.E0,0.E0,1.E0));
#5092=AXIS2_PLACEMENT_3D('',#5089,#5090,#5091);
#5094=CARTESIAN_POINT('',(2.54E1,-1.555E1,-2.05E1));
#5095=DIRECTION('',(1.E0,0.E0,0.E0));
#5096=DIRECTION('',(0.E0,0.E0,1.E0));
#5097=AXIS2_PLACEMENT_3D('',#5094,#5095,#5096);
#5099=CARTESIAN_POINT('',(2.99E1,-1.105E1,-2.05E1));
#5100=DIRECTION('',(0.E0,1.E0,0.E0));
#5101=DIRECTION('',(0.E0,0.E0,1.E0));
#5102=AXIS2_PLACEMENT_3D('',#5099,#5100,#5101);
#5104=CARTESIAN_POINT('',(2.99E1,1.105E1,-2.05E1));
#5105=DIRECTION('',(0.E0,1.E0,0.E0));
#5106=DIRECTION('',(0.E0,0.E0,1.E0));
#5107=AXIS2_PLACEMENT_3D('',#5104,#5105,#5106);
#5109=CARTESIAN_POINT('',(2.54E1,1.555E1,-2.05E1));
#5110=DIRECTION('',(-1.E0,0.E0,0.E0));
#5111=DIRECTION('',(0.E0,0.E0,1.E0));
#5112=AXIS2_PLACEMENT_3D('',#5109,#5110,#5111);
#5114=DIRECTION('',(1.E0,-2.307865185093E-12,0.E0));
#5115=VECTOR('',#5114,5.079999999899E1);
#5116=CARTESIAN_POINT('',(-2.539999999952E1,1.604999999963E1,-2.15E1));
#5117=LINE('',#5116,#5115);
#5118=DIRECTION('',(4.362092909105E-10,4.859685986958E-10,1.E0));
#5119=VECTOR('',#5118,1.E0);
#5120=CARTESIAN_POINT('',(2.539999999947E1,1.604999999951E1,-2.15E1));
#5121=LINE('',#5120,#5119);
#5122=DIRECTION('',(-1.E0,0.E0,0.E0));
#5123=VECTOR('',#5122,5.079999999985E1);
#5124=CARTESIAN_POINT('',(2.539999999991E1,1.605E1,-2.05E1));
#5125=LINE('',#5124,#5123);
#5126=CARTESIAN_POINT('',(-2.54E1,1.555E1,-2.15E1));
#5127=DIRECTION('',(1.E0,0.E0,0.E0));
#5128=DIRECTION('',(0.E0,0.E0,-1.E0));
#5129=AXIS2_PLACEMENT_3D('',#5126,#5127,#5128);
#5131=DIRECTION('',(0.E0,-1.E0,0.E0));
#5132=VECTOR('',#5131,1.4E1);
#5133=CARTESIAN_POINT('',(1.67E1,7.E0,-2.2E1));
#5134=LINE('',#5133,#5132);
#5135=DIRECTION('',(-1.E0,0.E0,0.E0));
#5136=VECTOR('',#5135,3.34E1);
#5137=CARTESIAN_POINT('',(1.67E1,-7.E0,-2.2E1));
#5138=LINE('',#5137,#5136);
#5139=DIRECTION('',(0.E0,1.E0,0.E0));
#5140=VECTOR('',#5139,1.4E1);
#5141=CARTESIAN_POINT('',(-1.67E1,-7.E0,-2.2E1));
#5142=LINE('',#5141,#5140);
#5143=DIRECTION('',(1.E0,0.E0,0.E0));
#5144=VECTOR('',#5143,3.34E1);
#5145=CARTESIAN_POINT('',(-1.67E1,7.E0,-2.2E1));
#5146=LINE('',#5145,#5144);
#5147=DIRECTION('',(0.E0,1.E0,0.E0));
#5148=VECTOR('',#5147,1.59E1);
#5149=CARTESIAN_POINT('',(-2.99E1,-6.2E0,-2.2E1));
#5150=LINE('',#5149,#5148);
#5151=DIRECTION('',(1.E0,0.E0,0.E0));
#5152=VECTOR('',#5151,1.295591093890E0);
#5153=CARTESIAN_POINT('',(-2.99E1,-6.2E0,-2.2E1));
#5154=LINE('',#5153,#5152);
#5155=CARTESIAN_POINT('',(-2.860440890611E1,-5.2E0,-2.2E1));
#5156=DIRECTION('',(0.E0,0.E0,-1.E0));
#5157=DIRECTION('',(8.511022265275E-1,-5.25E-1,0.E0));
#5158=AXIS2_PLACEMENT_3D('',#5155,#5156,#5157);
#5160=CARTESIAN_POINT('',(-2.52E1,-7.3E0,-2.2E1));
#5161=DIRECTION('',(0.E0,0.E0,1.E0));
#5162=DIRECTION('',(1.E0,0.E0,0.E0));
#5163=AXIS2_PLACEMENT_3D('',#5160,#5161,#5162);
#5165=CARTESIAN_POINT('',(-2.52E1,-7.3E0,-2.2E1));
#5166=DIRECTION('',(0.E0,0.E0,1.E0));
#5167=DIRECTION('',(-8.511022265275E-1,-5.25E-1,0.E0));
#5168=AXIS2_PLACEMENT_3D('',#5165,#5166,#5167);
#5170=CARTESIAN_POINT('',(-2.860440890611E1,-9.4E0,-2.2E1));
#5171=DIRECTION('',(0.E0,0.E0,-1.E0));
#5172=DIRECTION('',(0.E0,1.E0,0.E0));
#5173=AXIS2_PLACEMENT_3D('',#5170,#5171,#5172);
#5175=DIRECTION('',(1.E0,0.E0,0.E0));
#5176=VECTOR('',#5175,1.295591093890E0);
#5177=CARTESIAN_POINT('',(-2.99E1,-8.4E0,-2.2E1));
#5178=LINE('',#5177,#5176);
#5179=DIRECTION('',(0.E0,1.E0,0.E0));
#5180=VECTOR('',#5179,2.65E0);
#5181=CARTESIAN_POINT('',(-2.99E1,-1.105E1,-2.2E1));
#5182=LINE('',#5181,#5180);
#5183=CARTESIAN_POINT('',(-2.54E1,-1.105E1,-2.2E1));
#5184=DIRECTION('',(0.E0,0.E0,-1.E0));
#5185=DIRECTION('',(0.E0,-1.E0,0.E0));
#5186=AXIS2_PLACEMENT_3D('',#5183,#5184,#5185);
#5188=DIRECTION('',(-1.E0,0.E0,0.E0));
#5189=VECTOR('',#5188,5.08E1);
#5190=CARTESIAN_POINT('',(2.54E1,-1.555E1,-2.2E1));
#5191=LINE('',#5190,#5189);
#5192=CARTESIAN_POINT('',(2.54E1,-1.105E1,-2.2E1));
#5193=DIRECTION('',(0.E0,0.E0,-1.E0));
#5194=DIRECTION('',(1.E0,0.E0,0.E0));
#5195=AXIS2_PLACEMENT_3D('',#5192,#5193,#5194);
#5197=DIRECTION('',(0.E0,-1.E0,0.E0));
#5198=VECTOR('',#5197,2.65E0);
#5199=CARTESIAN_POINT('',(2.99E1,-8.4E0,-2.2E1));
#5200=LINE('',#5199,#5198);
#5201=DIRECTION('',(-1.E0,0.E0,0.E0));
#5202=VECTOR('',#5201,1.295591093890E0);
#5203=CARTESIAN_POINT('',(2.99E1,-8.4E0,-2.2E1));
#5204=LINE('',#5203,#5202);
#5205=CARTESIAN_POINT('',(2.860440890611E1,-9.4E0,-2.2E1));
#5206=DIRECTION('',(0.E0,0.E0,-1.E0));
#5207=DIRECTION('',(-8.511022265275E-1,5.25E-1,0.E0));
#5208=AXIS2_PLACEMENT_3D('',#5205,#5206,#5207);
#5210=CARTESIAN_POINT('',(2.52E1,-7.3E0,-2.2E1));
#5211=DIRECTION('',(0.E0,0.E0,1.E0));
#5212=DIRECTION('',(-1.E0,0.E0,0.E0));
#5213=AXIS2_PLACEMENT_3D('',#5210,#5211,#5212);
#5215=CARTESIAN_POINT('',(2.52E1,-7.3E0,-2.2E1));
#5216=DIRECTION('',(0.E0,0.E0,1.E0));
#5217=DIRECTION('',(8.511022265275E-1,5.25E-1,0.E0));
#5218=AXIS2_PLACEMENT_3D('',#5215,#5216,#5217);
#5220=CARTESIAN_POINT('',(2.860440890611E1,-5.2E0,-2.2E1));
#5221=DIRECTION('',(0.E0,0.E0,-1.E0));
#5222=DIRECTION('',(0.E0,-1.E0,0.E0));
#5223=AXIS2_PLACEMENT_3D('',#5220,#5221,#5222);
#5225=DIRECTION('',(-1.E0,0.E0,0.E0));
#5226=VECTOR('',#5225,1.295591093890E0);
#5227=CARTESIAN_POINT('',(2.99E1,-6.2E0,-2.2E1));
#5228=LINE('',#5227,#5226);
#5229=DIRECTION('',(0.E0,-1.E0,0.E0));
#5230=VECTOR('',#5229,1.59E1);
#5231=CARTESIAN_POINT('',(2.99E1,9.7E0,-2.2E1));
#5232=LINE('',#5231,#5230);
#5233=DIRECTION('',(-1.E0,0.E0,0.E0));
#5234=VECTOR('',#5233,2.795591093890E0);
#5235=CARTESIAN_POINT('',(2.99E1,9.7E0,-2.2E1));
#5236=LINE('',#5235,#5234);
#5237=CARTESIAN_POINT('',(2.710440890611E1,8.7E0,-2.2E1));
#5238=DIRECTION('',(0.E0,0.E0,-1.E0));
#5239=DIRECTION('',(-8.511022265275E-1,5.25E-1,0.E0));
#5240=AXIS2_PLACEMENT_3D('',#5237,#5238,#5239);
#5242=CARTESIAN_POINT('',(2.37E1,1.08E1,-2.2E1));
#5243=DIRECTION('',(0.E0,0.E0,1.E0));
#5244=DIRECTION('',(-1.E0,0.E0,0.E0));
#5245=AXIS2_PLACEMENT_3D('',#5242,#5243,#5244);
#5247=CARTESIAN_POINT('',(2.37E1,1.08E1,-2.2E1));
#5248=DIRECTION('',(0.E0,0.E0,1.E0));
#5249=DIRECTION('',(8.511022265275E-1,5.25E-1,0.E0));
#5250=AXIS2_PLACEMENT_3D('',#5247,#5248,#5249);
#5252=CARTESIAN_POINT('',(2.710440890611E1,1.29E1,-2.2E1));
#5253=DIRECTION('',(0.E0,0.E0,-1.E0));
#5254=DIRECTION('',(0.E0,-1.E0,0.E0));
#5255=AXIS2_PLACEMENT_3D('',#5252,#5253,#5254);
#5257=DIRECTION('',(-1.E0,0.E0,0.E0));
#5258=VECTOR('',#5257,2.714584191871E0);
#5259=CARTESIAN_POINT('',(2.981899309798E1,1.19E1,-2.2E1));
#5260=LINE('',#5259,#5258);
#5261=CARTESIAN_POINT('',(2.54E1,1.105E1,-2.2E1));
#5262=DIRECTION('',(0.E0,0.E0,-1.E0));
#5263=DIRECTION('',(0.E0,1.E0,0.E0));
#5264=AXIS2_PLACEMENT_3D('',#5261,#5262,#5263);
#5266=DIRECTION('',(1.E0,0.E0,0.E0));
#5267=VECTOR('',#5266,5.08E1);
#5268=CARTESIAN_POINT('',(-2.54E1,1.555E1,-2.2E1));
#5269=LINE('',#5268,#5267);
#5270=CARTESIAN_POINT('',(-2.54E1,1.105E1,-2.2E1));
#5271=DIRECTION('',(0.E0,0.E0,-1.E0));
#5272=DIRECTION('',(-9.819984662179E-1,1.888888888889E-1,0.E0));
#5273=AXIS2_PLACEMENT_3D('',#5270,#5271,#5272);
#5275=DIRECTION('',(1.E0,0.E0,0.E0));
#5276=VECTOR('',#5275,2.714584191871E0);
#5277=CARTESIAN_POINT('',(-2.981899309798E1,1.19E1,-2.2E1));
#5278=LINE('',#5277,#5276);
#5279=CARTESIAN_POINT('',(-2.710440890611E1,1.29E1,-2.2E1));
#5280=DIRECTION('',(0.E0,0.E0,-1.E0));
#5281=DIRECTION('',(8.511022265275E-1,-5.25E-1,0.E0));
#5282=AXIS2_PLACEMENT_3D('',#5279,#5280,#5281);
#5284=CARTESIAN_POINT('',(-2.37E1,1.08E1,-2.2E1));
#5285=DIRECTION('',(0.E0,0.E0,1.E0));
#5286=DIRECTION('',(1.E0,0.E0,0.E0));
#5287=AXIS2_PLACEMENT_3D('',#5284,#5285,#5286);
#5289=CARTESIAN_POINT('',(-2.37E1,1.08E1,-2.2E1));
#5290=DIRECTION('',(0.E0,0.E0,1.E0));
#5291=DIRECTION('',(-8.511022265275E-1,-5.25E-1,0.E0));
#5292=AXIS2_PLACEMENT_3D('',#5289,#5290,#5291);
#5294=CARTESIAN_POINT('',(-2.710440890611E1,8.7E0,-2.2E1));
#5295=DIRECTION('',(0.E0,0.E0,-1.E0));
#5296=DIRECTION('',(0.E0,1.E0,0.E0));
#5297=AXIS2_PLACEMENT_3D('',#5294,#5295,#5296);
#5299=DIRECTION('',(1.E0,0.E0,0.E0));
#5300=VECTOR('',#5299,2.795591093890E0);
#5301=CARTESIAN_POINT('',(-2.99E1,9.7E0,-2.2E1));
#5302=LINE('',#5301,#5300);
#5303=DIRECTION('',(0.E0,0.E0,-1.E0));
#5304=VECTOR('',#5303,4.E0);
#5305=CARTESIAN_POINT('',(1.67E1,7.E0,-2.2E1));
#5306=LINE('',#5305,#5304);
#5307=DIRECTION('',(0.E0,0.E0,-1.E0));
#5308=VECTOR('',#5307,4.E0);
#5309=CARTESIAN_POINT('',(-1.67E1,7.E0,-2.2E1));
#5310=LINE('',#5309,#5308);
#5311=DIRECTION('',(0.E0,0.E0,-1.E0));
#5312=VECTOR('',#5311,4.E0);
#5313=CARTESIAN_POINT('',(-1.67E1,-7.E0,-2.2E1));
#5314=LINE('',#5313,#5312);
#5315=DIRECTION('',(0.E0,0.E0,-1.E0));
#5316=VECTOR('',#5315,4.E0);
#5317=CARTESIAN_POINT('',(1.67E1,-7.E0,-2.2E1));
#5318=LINE('',#5317,#5316);
#5319=DIRECTION('',(0.E0,-1.E0,0.E0));
#5320=VECTOR('',#5319,1.4E1);
#5321=CARTESIAN_POINT('',(1.67E1,7.E0,-2.6E1));
#5322=LINE('',#5321,#5320);
#5323=DIRECTION('',(1.E0,0.E0,0.E0));
#5324=VECTOR('',#5323,3.34E1);
#5325=CARTESIAN_POINT('',(-1.67E1,7.E0,-2.6E1));
#5326=LINE('',#5325,#5324);
#5327=DIRECTION('',(0.E0,1.E0,0.E0));
#5328=VECTOR('',#5327,1.4E1);
#5329=CARTESIAN_POINT('',(-1.67E1,-7.E0,-2.6E1));
#5330=LINE('',#5329,#5328);
#5331=DIRECTION('',(-1.E0,0.E0,0.E0));
#5332=VECTOR('',#5331,3.34E1);
#5333=CARTESIAN_POINT('',(1.67E1,-7.E0,-2.6E1));
#5334=LINE('',#5333,#5332);
#5335=CARTESIAN_POINT('',(-1.4E1,4.E0,-2.6E1));
#5336=DIRECTION('',(0.E0,0.E0,-1.E0));
#5337=DIRECTION('',(0.E0,1.E0,0.E0));
#5338=AXIS2_PLACEMENT_3D('',#5335,#5336,#5337);
#5340=CARTESIAN_POINT('',(-1.4E1,4.E0,-2.6E1));
#5341=DIRECTION('',(0.E0,0.E0,-1.E0));
#5342=DIRECTION('',(0.E0,-1.E0,0.E0));
#5343=AXIS2_PLACEMENT_3D('',#5340,#5341,#5342);
#5345=CARTESIAN_POINT('',(-1.E1,4.E0,-2.6E1));
#5346=DIRECTION('',(0.E0,0.E0,-1.E0));
#5347=DIRECTION('',(0.E0,1.E0,0.E0));
#5348=AXIS2_PLACEMENT_3D('',#5345,#5346,#5347);
#5350=CARTESIAN_POINT('',(-1.E1,4.E0,-2.6E1));
#5351=DIRECTION('',(0.E0,0.E0,-1.E0));
#5352=DIRECTION('',(0.E0,-1.E0,0.E0));
#5353=AXIS2_PLACEMENT_3D('',#5350,#5351,#5352);
#5355=CARTESIAN_POINT('',(-6.E0,4.E0,-2.6E1));
#5356=DIRECTION('',(0.E0,0.E0,-1.E0));
#5357=DIRECTION('',(0.E0,1.E0,0.E0));
#5358=AXIS2_PLACEMENT_3D('',#5355,#5356,#5357);
#5360=CARTESIAN_POINT('',(-6.E0,4.E0,-2.6E1));
#5361=DIRECTION('',(0.E0,0.E0,-1.E0));
#5362=DIRECTION('',(0.E0,-1.E0,0.E0));
#5363=AXIS2_PLACEMENT_3D('',#5360,#5361,#5362);
#5365=CARTESIAN_POINT('',(-2.E0,4.E0,-2.6E1));
#5366=DIRECTION('',(0.E0,0.E0,-1.E0));
#5367=DIRECTION('',(0.E0,1.E0,0.E0));
#5368=AXIS2_PLACEMENT_3D('',#5365,#5366,#5367);
#5370=CARTESIAN_POINT('',(-2.E0,4.E0,-2.6E1));
#5371=DIRECTION('',(0.E0,0.E0,-1.E0));
#5372=DIRECTION('',(0.E0,-1.E0,0.E0));
#5373=AXIS2_PLACEMENT_3D('',#5370,#5371,#5372);
#5375=CARTESIAN_POINT('',(2.E0,4.E0,-2.6E1));
#5376=DIRECTION('',(0.E0,0.E0,-1.E0));
#5377=DIRECTION('',(0.E0,1.E0,0.E0));
#5378=AXIS2_PLACEMENT_3D('',#5375,#5376,#5377);
#5380=CARTESIAN_POINT('',(2.E0,4.E0,-2.6E1));
#5381=DIRECTION('',(0.E0,0.E0,-1.E0));
#5382=DIRECTION('',(0.E0,-1.E0,0.E0));
#5383=AXIS2_PLACEMENT_3D('',#5380,#5381,#5382);
#5385=CARTESIAN_POINT('',(6.E0,4.E0,-2.6E1));
#5386=DIRECTION('',(0.E0,0.E0,-1.E0));
#5387=DIRECTION('',(0.E0,1.E0,0.E0));
#5388=AXIS2_PLACEMENT_3D('',#5385,#5386,#5387);
#5390=CARTESIAN_POINT('',(6.E0,4.E0,-2.6E1));
#5391=DIRECTION('',(0.E0,0.E0,-1.E0));
#5392=DIRECTION('',(0.E0,-1.E0,0.E0));
#5393=AXIS2_PLACEMENT_3D('',#5390,#5391,#5392);
#5395=CARTESIAN_POINT('',(1.E1,4.E0,-2.6E1));
#5396=DIRECTION('',(0.E0,0.E0,-1.E0));
#5397=DIRECTION('',(0.E0,1.E0,0.E0));
#5398=AXIS2_PLACEMENT_3D('',#5395,#5396,#5397);
#5400=CARTESIAN_POINT('',(1.E1,4.E0,-2.6E1));
#5401=DIRECTION('',(0.E0,0.E0,-1.E0));
#5402=DIRECTION('',(0.E0,-1.E0,0.E0));
#5403=AXIS2_PLACEMENT_3D('',#5400,#5401,#5402);
#5405=CARTESIAN_POINT('',(1.4E1,4.E0,-2.6E1));
#5406=DIRECTION('',(0.E0,0.E0,-1.E0));
#5407=DIRECTION('',(0.E0,1.E0,0.E0));
#5408=AXIS2_PLACEMENT_3D('',#5405,#5406,#5407);
#5410=CARTESIAN_POINT('',(1.4E1,4.E0,-2.6E1));
#5411=DIRECTION('',(0.E0,0.E0,-1.E0));
#5412=DIRECTION('',(0.E0,-1.E0,0.E0));
#5413=AXIS2_PLACEMENT_3D('',#5410,#5411,#5412);
#5415=CARTESIAN_POINT('',(-1.4E1,-4.E0,-2.6E1));
#5416=DIRECTION('',(0.E0,0.E0,-1.E0));
#5417=DIRECTION('',(0.E0,1.E0,0.E0));
#5418=AXIS2_PLACEMENT_3D('',#5415,#5416,#5417);
#5420=CARTESIAN_POINT('',(-1.4E1,-4.E0,-2.6E1));
#5421=DIRECTION('',(0.E0,0.E0,-1.E0));
#5422=DIRECTION('',(0.E0,-1.E0,0.E0));
#5423=AXIS2_PLACEMENT_3D('',#5420,#5421,#5422);
#5425=CARTESIAN_POINT('',(-1.E1,-4.E0,-2.6E1));
#5426=DIRECTION('',(0.E0,0.E0,-1.E0));
#5427=DIRECTION('',(0.E0,1.E0,0.E0));
#5428=AXIS2_PLACEMENT_3D('',#5425,#5426,#5427);
#5430=CARTESIAN_POINT('',(-1.E1,-4.E0,-2.6E1));
#5431=DIRECTION('',(0.E0,0.E0,-1.E0));
#5432=DIRECTION('',(0.E0,-1.E0,0.E0));
#5433=AXIS2_PLACEMENT_3D('',#5430,#5431,#5432);
#5435=CARTESIAN_POINT('',(-6.E0,-4.E0,-2.6E1));
#5436=DIRECTION('',(0.E0,0.E0,-1.E0));
#5437=DIRECTION('',(0.E0,1.E0,0.E0));
#5438=AXIS2_PLACEMENT_3D('',#5435,#5436,#5437);
#5440=CARTESIAN_POINT('',(-6.E0,-4.E0,-2.6E1));
#5441=DIRECTION('',(0.E0,0.E0,-1.E0));
#5442=DIRECTION('',(0.E0,-1.E0,0.E0));
#5443=AXIS2_PLACEMENT_3D('',#5440,#5441,#5442);
#5445=CARTESIAN_POINT('',(-2.E0,-4.E0,-2.6E1));
#5446=DIRECTION('',(0.E0,0.E0,-1.E0));
#5447=DIRECTION('',(0.E0,1.E0,0.E0));
#5448=AXIS2_PLACEMENT_3D('',#5445,#5446,#5447);
#5450=CARTESIAN_POINT('',(-2.E0,-4.E0,-2.6E1));
#5451=DIRECTION('',(0.E0,0.E0,-1.E0));
#5452=DIRECTION('',(0.E0,-1.E0,0.E0));
#5453=AXIS2_PLACEMENT_3D('',#5450,#5451,#5452);
#5455=CARTESIAN_POINT('',(2.E0,-4.E0,-2.6E1));
#5456=DIRECTION('',(0.E0,0.E0,-1.E0));
#5457=DIRECTION('',(0.E0,1.E0,0.E0));
#5458=AXIS2_PLACEMENT_3D('',#5455,#5456,#5457);
#5460=CARTESIAN_POINT('',(2.E0,-4.E0,-2.6E1));
#5461=DIRECTION('',(0.E0,0.E0,-1.E0));
#5462=DIRECTION('',(0.E0,-1.E0,0.E0));
#5463=AXIS2_PLACEMENT_3D('',#5460,#5461,#5462);
#5465=CARTESIAN_POINT('',(6.E0,-4.E0,-2.6E1));
#5466=DIRECTION('',(0.E0,0.E0,-1.E0));
#5467=DIRECTION('',(0.E0,1.E0,0.E0));
#5468=AXIS2_PLACEMENT_3D('',#5465,#5466,#5467);
#5470=CARTESIAN_POINT('',(6.E0,-4.E0,-2.6E1));
#5471=DIRECTION('',(0.E0,0.E0,-1.E0));
#5472=DIRECTION('',(0.E0,-1.E0,0.E0));
#5473=AXIS2_PLACEMENT_3D('',#5470,#5471,#5472);
#5475=CARTESIAN_POINT('',(1.E1,-4.E0,-2.6E1));
#5476=DIRECTION('',(0.E0,0.E0,-1.E0));
#5477=DIRECTION('',(0.E0,1.E0,0.E0));
#5478=AXIS2_PLACEMENT_3D('',#5475,#5476,#5477);
#5480=CARTESIAN_POINT('',(1.E1,-4.E0,-2.6E1));
#5481=DIRECTION('',(0.E0,0.E0,-1.E0));
#5482=DIRECTION('',(0.E0,-1.E0,0.E0));
#5483=AXIS2_PLACEMENT_3D('',#5480,#5481,#5482);
#5485=CARTESIAN_POINT('',(1.4E1,-4.E0,-2.6E1));
#5486=DIRECTION('',(0.E0,0.E0,-1.E0));
#5487=DIRECTION('',(0.E0,1.E0,0.E0));
#5488=AXIS2_PLACEMENT_3D('',#5485,#5486,#5487);
#5490=CARTESIAN_POINT('',(1.4E1,-4.E0,-2.6E1));
#5491=DIRECTION('',(0.E0,0.E0,-1.E0));
#5492=DIRECTION('',(0.E0,-1.E0,0.E0));
#5493=AXIS2_PLACEMENT_3D('',#5490,#5491,#5492);
#5495=CARTESIAN_POINT('',(-1.2E1,0.E0,-2.6E1));
#5496=DIRECTION('',(0.E0,0.E0,1.E0));
#5497=DIRECTION('',(1.E0,0.E0,0.E0));
#5498=AXIS2_PLACEMENT_3D('',#5495,#5496,#5497);
#5500=CARTESIAN_POINT('',(-1.2E1,0.E0,-2.6E1));
#5501=DIRECTION('',(0.E0,0.E0,1.E0));
#5502=DIRECTION('',(-1.E0,0.E0,0.E0));
#5503=AXIS2_PLACEMENT_3D('',#5500,#5501,#5502);
#5505=CARTESIAN_POINT('',(-8.E0,0.E0,-2.6E1));
#5506=DIRECTION('',(0.E0,0.E0,1.E0));
#5507=DIRECTION('',(1.E0,0.E0,0.E0));
#5508=AXIS2_PLACEMENT_3D('',#5505,#5506,#5507);
#5510=CARTESIAN_POINT('',(-8.E0,0.E0,-2.6E1));
#5511=DIRECTION('',(0.E0,0.E0,1.E0));
#5512=DIRECTION('',(-1.E0,0.E0,0.E0));
#5513=AXIS2_PLACEMENT_3D('',#5510,#5511,#5512);
#5515=CARTESIAN_POINT('',(-4.E0,0.E0,-2.6E1));
#5516=DIRECTION('',(0.E0,0.E0,1.E0));
#5517=DIRECTION('',(1.E0,0.E0,0.E0));
#5518=AXIS2_PLACEMENT_3D('',#5515,#5516,#5517);
#5520=CARTESIAN_POINT('',(-4.E0,0.E0,-2.6E1));
#5521=DIRECTION('',(0.E0,0.E0,1.E0));
#5522=DIRECTION('',(-1.E0,0.E0,0.E0));
#5523=AXIS2_PLACEMENT_3D('',#5520,#5521,#5522);
#5525=CARTESIAN_POINT('',(0.E0,0.E0,-2.6E1));
#5526=DIRECTION('',(0.E0,0.E0,1.E0));
#5527=DIRECTION('',(1.E0,0.E0,0.E0));
#5528=AXIS2_PLACEMENT_3D('',#5525,#5526,#5527);
#5530=CARTESIAN_POINT('',(0.E0,0.E0,-2.6E1));
#5531=DIRECTION('',(0.E0,0.E0,1.E0));
#5532=DIRECTION('',(-1.E0,0.E0,0.E0));
#5533=AXIS2_PLACEMENT_3D('',#5530,#5531,#5532);
#5535=CARTESIAN_POINT('',(4.E0,0.E0,-2.6E1));
#5536=DIRECTION('',(0.E0,0.E0,1.E0));
#5537=DIRECTION('',(1.E0,0.E0,0.E0));
#5538=AXIS2_PLACEMENT_3D('',#5535,#5536,#5537);
#5540=CARTESIAN_POINT('',(4.E0,0.E0,-2.6E1));
#5541=DIRECTION('',(0.E0,0.E0,1.E0));
#5542=DIRECTION('',(-1.E0,0.E0,0.E0));
#5543=AXIS2_PLACEMENT_3D('',#5540,#5541,#5542);
#5545=CARTESIAN_POINT('',(8.E0,0.E0,-2.6E1));
#5546=DIRECTION('',(0.E0,0.E0,1.E0));
#5547=DIRECTION('',(1.E0,0.E0,0.E0));
#5548=AXIS2_PLACEMENT_3D('',#5545,#5546,#5547);
#5550=CARTESIAN_POINT('',(8.E0,0.E0,-2.6E1));
#5551=DIRECTION('',(0.E0,0.E0,1.E0));
#5552=DIRECTION('',(-1.E0,0.E0,0.E0));
#5553=AXIS2_PLACEMENT_3D('',#5550,#5551,#5552);
#5555=CARTESIAN_POINT('',(1.2E1,0.E0,-2.6E1));
#5556=DIRECTION('',(0.E0,0.E0,1.E0));
#5557=DIRECTION('',(1.E0,0.E0,0.E0));
#5558=AXIS2_PLACEMENT_3D('',#5555,#5556,#5557);
#5560=CARTESIAN_POINT('',(1.2E1,0.E0,-2.6E1));
#5561=DIRECTION('',(0.E0,0.E0,1.E0));
#5562=DIRECTION('',(-1.E0,0.E0,0.E0));
#5563=AXIS2_PLACEMENT_3D('',#5560,#5561,#5562);
#5565=CARTESIAN_POINT('',(-1.4E1,4.E0,-3.8075E1));
#5566=DIRECTION('',(0.E0,0.E0,-1.E0));
#5567=DIRECTION('',(0.E0,1.E0,0.E0));
#5568=AXIS2_PLACEMENT_3D('',#5565,#5566,#5567);
#5570=DIRECTION('',(0.E0,0.E0,1.E0));
#5571=VECTOR('',#5570,1.2075E1);
#5572=CARTESIAN_POINT('',(-1.4E1,3.35E0,-3.8075E1));
#5573=LINE('',#5572,#5571);
#5574=CARTESIAN_POINT('',(-1.4E1,4.E0,-3.8075E1));
#5575=DIRECTION('',(0.E0,0.E0,1.E0));
#5576=DIRECTION('',(0.E0,1.E0,0.E0));
#5577=AXIS2_PLACEMENT_3D('',#5574,#5575,#5576);
#5579=DIRECTION('',(0.E0,0.E0,1.E0));
#5580=VECTOR('',#5579,1.2075E1);
#5581=CARTESIAN_POINT('',(-1.4E1,4.65E0,-3.8075E1));
#5582=LINE('',#5581,#5580);
#5583=CARTESIAN_POINT('',(-1.E1,4.E0,-3.8075E1));
#5584=DIRECTION('',(0.E0,0.E0,-1.E0));
#5585=DIRECTION('',(0.E0,1.E0,0.E0));
#5586=AXIS2_PLACEMENT_3D('',#5583,#5584,#5585);
#5588=DIRECTION('',(0.E0,0.E0,1.E0));
#5589=VECTOR('',#5588,1.2075E1);
#5590=CARTESIAN_POINT('',(-1.E1,3.35E0,-3.8075E1));
#5591=LINE('',#5590,#5589);
#5592=CARTESIAN_POINT('',(-1.E1,4.E0,-3.8075E1));
#5593=DIRECTION('',(0.E0,0.E0,1.E0));
#5594=DIRECTION('',(0.E0,1.E0,0.E0));
#5595=AXIS2_PLACEMENT_3D('',#5592,#5593,#5594);
#5597=DIRECTION('',(0.E0,0.E0,1.E0));
#5598=VECTOR('',#5597,1.2075E1);
#5599=CARTESIAN_POINT('',(-1.E1,4.65E0,-3.8075E1));
#5600=LINE('',#5599,#5598);
#5601=CARTESIAN_POINT('',(-6.E0,4.E0,-3.8075E1));
#5602=DIRECTION('',(0.E0,0.E0,-1.E0));
#5603=DIRECTION('',(0.E0,1.E0,0.E0));
#5604=AXIS2_PLACEMENT_3D('',#5601,#5602,#5603);
#5606=DIRECTION('',(0.E0,0.E0,1.E0));
#5607=VECTOR('',#5606,1.2075E1);
#5608=CARTESIAN_POINT('',(-6.E0,3.35E0,-3.8075E1));
#5609=LINE('',#5608,#5607);
#5610=CARTESIAN_POINT('',(-6.E0,4.E0,-3.8075E1));
#5611=DIRECTION('',(0.E0,0.E0,1.E0));
#5612=DIRECTION('',(0.E0,1.E0,0.E0));
#5613=AXIS2_PLACEMENT_3D('',#5610,#5611,#5612);
#5615=DIRECTION('',(0.E0,0.E0,1.E0));
#5616=VECTOR('',#5615,1.2075E1);
#5617=CARTESIAN_POINT('',(-6.E0,4.65E0,-3.8075E1));
#5618=LINE('',#5617,#5616);
#5619=CARTESIAN_POINT('',(-2.E0,4.E0,-3.8075E1));
#5620=DIRECTION('',(0.E0,0.E0,-1.E0));
#5621=DIRECTION('',(0.E0,1.E0,0.E0));
#5622=AXIS2_PLACEMENT_3D('',#5619,#5620,#5621);
#5624=DIRECTION('',(0.E0,0.E0,1.E0));
#5625=VECTOR('',#5624,1.2075E1);
#5626=CARTESIAN_POINT('',(-2.E0,3.35E0,-3.8075E1));
#5627=LINE('',#5626,#5625);
#5628=CARTESIAN_POINT('',(-2.E0,4.E0,-3.8075E1));
#5629=DIRECTION('',(0.E0,0.E0,1.E0));
#5630=DIRECTION('',(0.E0,1.E0,0.E0));
#5631=AXIS2_PLACEMENT_3D('',#5628,#5629,#5630);
#5633=DIRECTION('',(0.E0,0.E0,1.E0));
#5634=VECTOR('',#5633,1.2075E1);
#5635=CARTESIAN_POINT('',(-2.E0,4.65E0,-3.8075E1));
#5636=LINE('',#5635,#5634);
#5637=CARTESIAN_POINT('',(2.E0,4.E0,-3.8075E1));
#5638=DIRECTION('',(0.E0,0.E0,-1.E0));
#5639=DIRECTION('',(0.E0,1.E0,0.E0));
#5640=AXIS2_PLACEMENT_3D('',#5637,#5638,#5639);
#5642=DIRECTION('',(0.E0,0.E0,1.E0));
#5643=VECTOR('',#5642,1.2075E1);
#5644=CARTESIAN_POINT('',(2.E0,3.35E0,-3.8075E1));
#5645=LINE('',#5644,#5643);
#5646=CARTESIAN_POINT('',(2.E0,4.E0,-3.8075E1));
#5647=DIRECTION('',(0.E0,0.E0,1.E0));
#5648=DIRECTION('',(0.E0,1.E0,0.E0));
#5649=AXIS2_PLACEMENT_3D('',#5646,#5647,#5648);
#5651=DIRECTION('',(0.E0,0.E0,1.E0));
#5652=VECTOR('',#5651,1.2075E1);
#5653=CARTESIAN_POINT('',(2.E0,4.65E0,-3.8075E1));
#5654=LINE('',#5653,#5652);
#5655=CARTESIAN_POINT('',(6.E0,4.E0,-3.8075E1));
#5656=DIRECTION('',(0.E0,0.E0,-1.E0));
#5657=DIRECTION('',(0.E0,1.E0,0.E0));
#5658=AXIS2_PLACEMENT_3D('',#5655,#5656,#5657);
#5660=DIRECTION('',(0.E0,0.E0,1.E0));
#5661=VECTOR('',#5660,1.2075E1);
#5662=CARTESIAN_POINT('',(6.E0,3.35E0,-3.8075E1));
#5663=LINE('',#5662,#5661);
#5664=CARTESIAN_POINT('',(6.E0,4.E0,-3.8075E1));
#5665=DIRECTION('',(0.E0,0.E0,1.E0));
#5666=DIRECTION('',(0.E0,1.E0,0.E0));
#5667=AXIS2_PLACEMENT_3D('',#5664,#5665,#5666);
#5669=DIRECTION('',(0.E0,0.E0,1.E0));
#5670=VECTOR('',#5669,1.2075E1);
#5671=CARTESIAN_POINT('',(6.E0,4.65E0,-3.8075E1));
#5672=LINE('',#5671,#5670);
#5673=CARTESIAN_POINT('',(1.E1,4.E0,-3.8075E1));
#5674=DIRECTION('',(0.E0,0.E0,-1.E0));
#5675=DIRECTION('',(0.E0,1.E0,0.E0));
#5676=AXIS2_PLACEMENT_3D('',#5673,#5674,#5675);
#5678=DIRECTION('',(0.E0,0.E0,1.E0));
#5679=VECTOR('',#5678,1.2075E1);
#5680=CARTESIAN_POINT('',(1.E1,3.35E0,-3.8075E1));
#5681=LINE('',#5680,#5679);
#5682=CARTESIAN_POINT('',(1.E1,4.E0,-3.8075E1));
#5683=DIRECTION('',(0.E0,0.E0,1.E0));
#5684=DIRECTION('',(0.E0,1.E0,0.E0));
#5685=AXIS2_PLACEMENT_3D('',#5682,#5683,#5684);
#5687=DIRECTION('',(0.E0,0.E0,1.E0));
#5688=VECTOR('',#5687,1.2075E1);
#5689=CARTESIAN_POINT('',(1.E1,4.65E0,-3.8075E1));
#5690=LINE('',#5689,#5688);
#5691=CARTESIAN_POINT('',(1.4E1,4.E0,-3.8075E1));
#5692=DIRECTION('',(0.E0,0.E0,-1.E0));
#5693=DIRECTION('',(0.E0,1.E0,0.E0));
#5694=AXIS2_PLACEMENT_3D('',#5691,#5692,#5693);
#5696=DIRECTION('',(0.E0,0.E0,1.E0));
#5697=VECTOR('',#5696,1.2075E1);
#5698=CARTESIAN_POINT('',(1.4E1,3.35E0,-3.8075E1));
#5699=LINE('',#5698,#5697);
#5700=CARTESIAN_POINT('',(1.4E1,4.E0,-3.8075E1));
#5701=DIRECTION('',(0.E0,0.E0,1.E0));
#5702=DIRECTION('',(0.E0,1.E0,0.E0));
#5703=AXIS2_PLACEMENT_3D('',#5700,#5701,#5702);
#5705=DIRECTION('',(0.E0,0.E0,1.E0));
#5706=VECTOR('',#5705,1.2075E1);
#5707=CARTESIAN_POINT('',(1.4E1,4.65E0,-3.8075E1));
#5708=LINE('',#5707,#5706);
#5709=CARTESIAN_POINT('',(-1.4E1,-4.E0,-3.8075E1));
#5710=DIRECTION('',(0.E0,0.E0,-1.E0));
#5711=DIRECTION('',(0.E0,1.E0,0.E0));
#5712=AXIS2_PLACEMENT_3D('',#5709,#5710,#5711);
#5714=DIRECTION('',(0.E0,0.E0,1.E0));
#5715=VECTOR('',#5714,1.2075E1);
#5716=CARTESIAN_POINT('',(-1.4E1,-4.65E0,-3.8075E1));
#5717=LINE('',#5716,#5715);
#5718=CARTESIAN_POINT('',(-1.4E1,-4.E0,-3.8075E1));
#5719=DIRECTION('',(0.E0,0.E0,1.E0));
#5720=DIRECTION('',(0.E0,1.E0,0.E0));
#5721=AXIS2_PLACEMENT_3D('',#5718,#5719,#5720);
#5723=DIRECTION('',(0.E0,0.E0,1.E0));
#5724=VECTOR('',#5723,1.2075E1);
#5725=CARTESIAN_POINT('',(-1.4E1,-3.35E0,-3.8075E1));
#5726=LINE('',#5725,#5724);
#5727=CARTESIAN_POINT('',(-1.E1,-4.E0,-3.8075E1));
#5728=DIRECTION('',(0.E0,0.E0,-1.E0));
#5729=DIRECTION('',(0.E0,1.E0,0.E0));
#5730=AXIS2_PLACEMENT_3D('',#5727,#5728,#5729);
#5732=DIRECTION('',(0.E0,0.E0,1.E0));
#5733=VECTOR('',#5732,1.2075E1);
#5734=CARTESIAN_POINT('',(-1.E1,-4.65E0,-3.8075E1));
#5735=LINE('',#5734,#5733);
#5736=CARTESIAN_POINT('',(-1.E1,-4.E0,-3.8075E1));
#5737=DIRECTION('',(0.E0,0.E0,1.E0));
#5738=DIRECTION('',(0.E0,1.E0,0.E0));
#5739=AXIS2_PLACEMENT_3D('',#5736,#5737,#5738);
#5741=DIRECTION('',(0.E0,0.E0,1.E0));
#5742=VECTOR('',#5741,1.2075E1);
#5743=CARTESIAN_POINT('',(-1.E1,-3.35E0,-3.8075E1));
#5744=LINE('',#5743,#5742);
#5745=CARTESIAN_POINT('',(-6.E0,-4.E0,-3.8075E1));
#5746=DIRECTION('',(0.E0,0.E0,-1.E0));
#5747=DIRECTION('',(0.E0,1.E0,0.E0));
#5748=AXIS2_PLACEMENT_3D('',#5745,#5746,#5747);
#5750=DIRECTION('',(0.E0,0.E0,1.E0));
#5751=VECTOR('',#5750,1.2075E1);
#5752=CARTESIAN_POINT('',(-6.E0,-4.65E0,-3.8075E1));
#5753=LINE('',#5752,#5751);
#5754=CARTESIAN_POINT('',(-6.E0,-4.E0,-3.8075E1));
#5755=DIRECTION('',(0.E0,0.E0,1.E0));
#5756=DIRECTION('',(0.E0,1.E0,0.E0));
#5757=AXIS2_PLACEMENT_3D('',#5754,#5755,#5756);
#5759=DIRECTION('',(0.E0,0.E0,1.E0));
#5760=VECTOR('',#5759,1.2075E1);
#5761=CARTESIAN_POINT('',(-6.E0,-3.35E0,-3.8075E1));
#5762=LINE('',#5761,#5760);
#5763=CARTESIAN_POINT('',(-2.E0,-4.E0,-3.8075E1));
#5764=DIRECTION('',(0.E0,0.E0,-1.E0));
#5765=DIRECTION('',(0.E0,1.E0,0.E0));
#5766=AXIS2_PLACEMENT_3D('',#5763,#5764,#5765);
#5768=DIRECTION('',(0.E0,0.E0,1.E0));
#5769=VECTOR('',#5768,1.2075E1);
#5770=CARTESIAN_POINT('',(-2.E0,-4.65E0,-3.8075E1));
#5771=LINE('',#5770,#5769);
#5772=CARTESIAN_POINT('',(-2.E0,-4.E0,-3.8075E1));
#5773=DIRECTION('',(0.E0,0.E0,1.E0));
#5774=DIRECTION('',(0.E0,1.E0,0.E0));
#5775=AXIS2_PLACEMENT_3D('',#5772,#5773,#5774);
#5777=DIRECTION('',(0.E0,0.E0,1.E0));
#5778=VECTOR('',#5777,1.2075E1);
#5779=CARTESIAN_POINT('',(-2.E0,-3.35E0,-3.8075E1));
#5780=LINE('',#5779,#5778);
#5781=CARTESIAN_POINT('',(2.E0,-4.E0,-3.8075E1));
#5782=DIRECTION('',(0.E0,0.E0,-1.E0));
#5783=DIRECTION('',(0.E0,1.E0,0.E0));
#5784=AXIS2_PLACEMENT_3D('',#5781,#5782,#5783);
#5786=DIRECTION('',(0.E0,0.E0,1.E0));
#5787=VECTOR('',#5786,1.2075E1);
#5788=CARTESIAN_POINT('',(2.E0,-4.65E0,-3.8075E1));
#5789=LINE('',#5788,#5787);
#5790=CARTESIAN_POINT('',(2.E0,-4.E0,-3.8075E1));
#5791=DIRECTION('',(0.E0,0.E0,1.E0));
#5792=DIRECTION('',(0.E0,1.E0,0.E0));
#5793=AXIS2_PLACEMENT_3D('',#5790,#5791,#5792);
#5795=DIRECTION('',(0.E0,0.E0,1.E0));
#5796=VECTOR('',#5795,1.2075E1);
#5797=CARTESIAN_POINT('',(2.E0,-3.35E0,-3.8075E1));
#5798=LINE('',#5797,#5796);
#5799=CARTESIAN_POINT('',(6.E0,-4.E0,-3.8075E1));
#5800=DIRECTION('',(0.E0,0.E0,-1.E0));
#5801=DIRECTION('',(0.E0,1.E0,0.E0));
#5802=AXIS2_PLACEMENT_3D('',#5799,#5800,#5801);
#5804=DIRECTION('',(0.E0,0.E0,1.E0));
#5805=VECTOR('',#5804,1.2075E1);
#5806=CARTESIAN_POINT('',(6.E0,-4.65E0,-3.8075E1));
#5807=LINE('',#5806,#5805);
#5808=CARTESIAN_POINT('',(6.E0,-4.E0,-3.8075E1));
#5809=DIRECTION('',(0.E0,0.E0,1.E0));
#5810=DIRECTION('',(0.E0,1.E0,0.E0));
#5811=AXIS2_PLACEMENT_3D('',#5808,#5809,#5810);
#5813=DIRECTION('',(0.E0,0.E0,1.E0));
#5814=VECTOR('',#5813,1.2075E1);
#5815=CARTESIAN_POINT('',(6.E0,-3.35E0,-3.8075E1));
#5816=LINE('',#5815,#5814);
#5817=CARTESIAN_POINT('',(1.E1,-4.E0,-3.8075E1));
#5818=DIRECTION('',(0.E0,0.E0,-1.E0));
#5819=DIRECTION('',(0.E0,1.E0,0.E0));
#5820=AXIS2_PLACEMENT_3D('',#5817,#5818,#5819);
#5822=DIRECTION('',(0.E0,0.E0,1.E0));
#5823=VECTOR('',#5822,1.2075E1);
#5824=CARTESIAN_POINT('',(1.E1,-4.65E0,-3.8075E1));
#5825=LINE('',#5824,#5823);
#5826=CARTESIAN_POINT('',(1.E1,-4.E0,-3.8075E1));
#5827=DIRECTION('',(0.E0,0.E0,1.E0));
#5828=DIRECTION('',(0.E0,1.E0,0.E0));
#5829=AXIS2_PLACEMENT_3D('',#5826,#5827,#5828);
#5831=DIRECTION('',(0.E0,0.E0,1.E0));
#5832=VECTOR('',#5831,1.2075E1);
#5833=CARTESIAN_POINT('',(1.E1,-3.35E0,-3.8075E1));
#5834=LINE('',#5833,#5832);
#5835=CARTESIAN_POINT('',(1.4E1,-4.E0,-3.8075E1));
#5836=DIRECTION('',(0.E0,0.E0,-1.E0));
#5837=DIRECTION('',(0.E0,1.E0,0.E0));
#5838=AXIS2_PLACEMENT_3D('',#5835,#5836,#5837);
#5840=DIRECTION('',(0.E0,0.E0,1.E0));
#5841=VECTOR('',#5840,1.2075E1);
#5842=CARTESIAN_POINT('',(1.4E1,-4.65E0,-3.8075E1));
#5843=LINE('',#5842,#5841);
#5844=CARTESIAN_POINT('',(1.4E1,-4.E0,-3.8075E1));
#5845=DIRECTION('',(0.E0,0.E0,1.E0));
#5846=DIRECTION('',(0.E0,1.E0,0.E0));
#5847=AXIS2_PLACEMENT_3D('',#5844,#5845,#5846);
#5849=DIRECTION('',(0.E0,0.E0,1.E0));
#5850=VECTOR('',#5849,1.2075E1);
#5851=CARTESIAN_POINT('',(1.4E1,-3.35E0,-3.8075E1));
#5852=LINE('',#5851,#5850);
#5853=CARTESIAN_POINT('',(-1.2E1,0.E0,-3.8075E1));
#5854=DIRECTION('',(0.E0,0.E0,1.E0));
#5855=DIRECTION('',(1.E0,0.E0,0.E0));
#5856=AXIS2_PLACEMENT_3D('',#5853,#5854,#5855);
#5858=DIRECTION('',(0.E0,0.E0,1.E0));
#5859=VECTOR('',#5858,1.2075E1);
#5860=CARTESIAN_POINT('',(-1.135E1,0.E0,-3.8075E1));
#5861=LINE('',#5860,#5859);
#5862=CARTESIAN_POINT('',(-1.2E1,0.E0,-3.8075E1));
#5863=DIRECTION('',(0.E0,0.E0,-1.E0));
#5864=DIRECTION('',(1.E0,0.E0,0.E0));
#5865=AXIS2_PLACEMENT_3D('',#5862,#5863,#5864);
#5867=DIRECTION('',(0.E0,0.E0,1.E0));
#5868=VECTOR('',#5867,1.2075E1);
#5869=CARTESIAN_POINT('',(-1.265E1,0.E0,-3.8075E1));
#5870=LINE('',#5869,#5868);
#5871=CARTESIAN_POINT('',(-8.E0,0.E0,-3.8075E1));
#5872=DIRECTION('',(0.E0,0.E0,1.E0));
#5873=DIRECTION('',(1.E0,0.E0,0.E0));
#5874=AXIS2_PLACEMENT_3D('',#5871,#5872,#5873);
#5876=DIRECTION('',(0.E0,0.E0,1.E0));
#5877=VECTOR('',#5876,1.2075E1);
#5878=CARTESIAN_POINT('',(-7.35E0,0.E0,-3.8075E1));
#5879=LINE('',#5878,#5877);
#5880=CARTESIAN_POINT('',(-8.E0,0.E0,-3.8075E1));
#5881=DIRECTION('',(0.E0,0.E0,-1.E0));
#5882=DIRECTION('',(1.E0,0.E0,0.E0));
#5883=AXIS2_PLACEMENT_3D('',#5880,#5881,#5882);
#5885=DIRECTION('',(0.E0,0.E0,1.E0));
#5886=VECTOR('',#5885,1.2075E1);
#5887=CARTESIAN_POINT('',(-8.65E0,0.E0,-3.8075E1));
#5888=LINE('',#5887,#5886);
#5889=CARTESIAN_POINT('',(-4.E0,0.E0,-3.8075E1));
#5890=DIRECTION('',(0.E0,0.E0,1.E0));
#5891=DIRECTION('',(1.E0,0.E0,0.E0));
#5892=AXIS2_PLACEMENT_3D('',#5889,#5890,#5891);
#5894=DIRECTION('',(0.E0,0.E0,1.E0));
#5895=VECTOR('',#5894,1.2075E1);
#5896=CARTESIAN_POINT('',(-3.35E0,0.E0,-3.8075E1));
#5897=LINE('',#5896,#5895);
#5898=CARTESIAN_POINT('',(-4.E0,0.E0,-3.8075E1));
#5899=DIRECTION('',(0.E0,0.E0,-1.E0));
#5900=DIRECTION('',(1.E0,0.E0,0.E0));
#5901=AXIS2_PLACEMENT_3D('',#5898,#5899,#5900);
#5903=DIRECTION('',(0.E0,0.E0,1.E0));
#5904=VECTOR('',#5903,1.2075E1);
#5905=CARTESIAN_POINT('',(-4.65E0,0.E0,-3.8075E1));
#5906=LINE('',#5905,#5904);
#5907=CARTESIAN_POINT('',(0.E0,0.E0,-3.8075E1));
#5908=DIRECTION('',(0.E0,0.E0,1.E0));
#5909=DIRECTION('',(1.E0,0.E0,0.E0));
#5910=AXIS2_PLACEMENT_3D('',#5907,#5908,#5909);
#5912=DIRECTION('',(0.E0,0.E0,1.E0));
#5913=VECTOR('',#5912,1.2075E1);
#5914=CARTESIAN_POINT('',(6.5E-1,0.E0,-3.8075E1));
#5915=LINE('',#5914,#5913);
#5916=CARTESIAN_POINT('',(0.E0,0.E0,-3.8075E1));
#5917=DIRECTION('',(0.E0,0.E0,-1.E0));
#5918=DIRECTION('',(1.E0,0.E0,0.E0));
#5919=AXIS2_PLACEMENT_3D('',#5916,#5917,#5918);
#5921=DIRECTION('',(0.E0,0.E0,1.E0));
#5922=VECTOR('',#5921,1.2075E1);
#5923=CARTESIAN_POINT('',(-6.5E-1,0.E0,-3.8075E1));
#5924=LINE('',#5923,#5922);
#5925=CARTESIAN_POINT('',(4.E0,0.E0,-3.8075E1));
#5926=DIRECTION('',(0.E0,0.E0,1.E0));
#5927=DIRECTION('',(1.E0,0.E0,0.E0));
#5928=AXIS2_PLACEMENT_3D('',#5925,#5926,#5927);
#5930=DIRECTION('',(0.E0,0.E0,1.E0));
#5931=VECTOR('',#5930,1.2075E1);
#5932=CARTESIAN_POINT('',(4.65E0,0.E0,-3.8075E1));
#5933=LINE('',#5932,#5931);
#5934=CARTESIAN_POINT('',(4.E0,0.E0,-3.8075E1));
#5935=DIRECTION('',(0.E0,0.E0,-1.E0));
#5936=DIRECTION('',(1.E0,0.E0,0.E0));
#5937=AXIS2_PLACEMENT_3D('',#5934,#5935,#5936);
#5939=DIRECTION('',(0.E0,0.E0,1.E0));
#5940=VECTOR('',#5939,1.2075E1);
#5941=CARTESIAN_POINT('',(3.35E0,0.E0,-3.8075E1));
#5942=LINE('',#5941,#5940);
#5943=CARTESIAN_POINT('',(8.E0,0.E0,-3.8075E1));
#5944=DIRECTION('',(0.E0,0.E0,1.E0));
#5945=DIRECTION('',(1.E0,0.E0,0.E0));
#5946=AXIS2_PLACEMENT_3D('',#5943,#5944,#5945);
#5948=DIRECTION('',(0.E0,0.E0,1.E0));
#5949=VECTOR('',#5948,1.2075E1);
#5950=CARTESIAN_POINT('',(8.65E0,0.E0,-3.8075E1));
#5951=LINE('',#5950,#5949);
#5952=CARTESIAN_POINT('',(8.E0,0.E0,-3.8075E1));
#5953=DIRECTION('',(0.E0,0.E0,-1.E0));
#5954=DIRECTION('',(1.E0,0.E0,0.E0));
#5955=AXIS2_PLACEMENT_3D('',#5952,#5953,#5954);
#5957=DIRECTION('',(0.E0,0.E0,1.E0));
#5958=VECTOR('',#5957,1.2075E1);
#5959=CARTESIAN_POINT('',(7.35E0,0.E0,-3.8075E1));
#5960=LINE('',#5959,#5958);
#5961=CARTESIAN_POINT('',(1.2E1,0.E0,-3.8075E1));
#5962=DIRECTION('',(0.E0,0.E0,1.E0));
#5963=DIRECTION('',(1.E0,0.E0,0.E0));
#5964=AXIS2_PLACEMENT_3D('',#5961,#5962,#5963);
#5966=DIRECTION('',(0.E0,0.E0,1.E0));
#5967=VECTOR('',#5966,1.2075E1);
#5968=CARTESIAN_POINT('',(1.265E1,0.E0,-3.8075E1));
#5969=LINE('',#5968,#5967);
#5970=CARTESIAN_POINT('',(1.2E1,0.E0,-3.8075E1));
#5971=DIRECTION('',(0.E0,0.E0,-1.E0));
#5972=DIRECTION('',(1.E0,0.E0,0.E0));
#5973=AXIS2_PLACEMENT_3D('',#5970,#5971,#5972);
#5975=DIRECTION('',(0.E0,0.E0,1.E0));
#5976=VECTOR('',#5975,1.2075E1);
#5977=CARTESIAN_POINT('',(1.135E1,0.E0,-3.8075E1));
#5978=LINE('',#5977,#5976);
#5979=CARTESIAN_POINT('',(-2.99E1,-6.2E0,-2.15E1));
#5980=DIRECTION('',(0.E0,-1.E0,0.E0));
#5981=DIRECTION('',(-1.E0,0.E0,0.E0));
#5982=AXIS2_PLACEMENT_3D('',#5979,#5980,#5981);
#5984=CARTESIAN_POINT('',(-2.99E1,9.7E0,-2.15E1));
#5985=DIRECTION('',(0.E0,1.E0,0.E0));
#5986=DIRECTION('',(0.E0,0.E0,-1.E0));
#5987=AXIS2_PLACEMENT_3D('',#5984,#5985,#5986);
#5989=DIRECTION('',(0.E0,1.E0,0.E0));
#5990=VECTOR('',#5989,1.59E1);
#5991=CARTESIAN_POINT('',(-3.04E1,-6.2E0,-2.15E1));
#5992=LINE('',#5991,#5990);
#5993=DIRECTION('',(0.E0,-1.E0,0.E0));
#5994=VECTOR('',#5993,2.209999999985E1);
#5995=CARTESIAN_POINT('',(-3.04E1,1.104999999991E1,-2.05E1));
#5996=LINE('',#5995,#5994);
#5997=DIRECTION('',(0.E0,1.E0,0.E0));
#5998=VECTOR('',#5997,2.649999999938E0);
#5999=CARTESIAN_POINT('',(-3.04E1,-1.104999999994E1,-2.15E1));
#6000=LINE('',#5999,#5998);
#6001=DIRECTION('',(0.E0,0.E0,1.E0));
#6002=VECTOR('',#6001,7.E0);
#6003=CARTESIAN_POINT('',(-3.04E1,9.7E0,-2.85E1));
#6004=LINE('',#6003,#6002);
#6005=DIRECTION('',(0.E0,0.E0,-1.E0));
#6006=VECTOR('',#6005,6.5E0);
#6007=CARTESIAN_POINT('',(-2.710440890611E1,9.7E0,-2.2E1));
#6008=LINE('',#6007,#6006);
#6009=CARTESIAN_POINT('',(-2.37E1,1.08E1,-3.375E1));
#6010=DIRECTION('',(0.E0,0.E0,-1.E0));
#6011=DIRECTION('',(1.E0,0.E0,0.E0));
#6012=AXIS2_PLACEMENT_3D('',#6009,#6010,#6011);
#6014=DIRECTION('',(0.E0,-4.659705425746E-11,-1.E0));
#6015=VECTOR('',#6014,5.25E0);
#6016=CARTESIAN_POINT('',(-2.67E1,1.08E1,-2.85E1));
#6017=LINE('',#6016,#6015);
#6018=CARTESIAN_POINT('',(-2.37E1,1.08E1,-2.85E1));
#6019=DIRECTION('',(0.E0,0.E0,1.E0));
#6020=DIRECTION('',(-1.E0,0.E0,0.E0));
#6021=AXIS2_PLACEMENT_3D('',#6018,#6019,#6020);
#6023=DIRECTION('',(3.256925669330E-10,-3.695532768688E-10,1.E0));
#6024=VECTOR('',#6023,6.5E0);
#6025=CARTESIAN_POINT('',(-2.625330668170E1,9.225000002402E0,-2.85E1));
#6026=LINE('',#6025,#6024);
#6027=CARTESIAN_POINT('',(-2.12E1,1.080000000233E1,-3.375E1));
#6028=DIRECTION('',(9.337932788123E-10,-1.E0,0.E0));
#6029=DIRECTION('',(-7.105427357601E-14,0.E0,-1.E0));
#6030=AXIS2_PLACEMENT_3D('',#6027,#6028,#6029);
#6032=CARTESIAN_POINT('',(-2.37E1,1.08E1,-3.425E1));
#6033=DIRECTION('',(0.E0,0.E0,-1.E0));
#6034=DIRECTION('',(1.E0,0.E0,0.E0));
#6035=AXIS2_PLACEMENT_3D('',#6032,#6033,#6034);
#6037=CARTESIAN_POINT('',(-2.37E1,1.08E1,-3.425E1));
#6038=DIRECTION('',(0.E0,0.E0,-1.E0));
#6039=DIRECTION('',(-1.E0,0.E0,0.E0));
#6040=AXIS2_PLACEMENT_3D('',#6037,#6038,#6039);
#6042=CARTESIAN_POINT('',(-2.52E1,-7.3E0,-3.425E1));
#6043=DIRECTION('',(0.E0,0.E0,-1.E0));
#6044=DIRECTION('',(1.E0,0.E0,0.E0));
#6045=AXIS2_PLACEMENT_3D('',#6042,#6043,#6044);
#6047=CARTESIAN_POINT('',(-2.52E1,-7.3E0,-3.425E1));
#6048=DIRECTION('',(0.E0,0.E0,-1.E0));
#6049=DIRECTION('',(-1.E0,0.E0,0.E0));
#6050=AXIS2_PLACEMENT_3D('',#6047,#6048,#6049);
#6052=CARTESIAN_POINT('',(2.37E1,1.08E1,-3.425E1));
#6053=DIRECTION('',(0.E0,0.E0,-1.E0));
#6054=DIRECTION('',(-1.E0,0.E0,0.E0));
#6055=AXIS2_PLACEMENT_3D('',#6052,#6053,#6054);
#6057=CARTESIAN_POINT('',(2.37E1,1.08E1,-3.425E1));
#6058=DIRECTION('',(0.E0,0.E0,-1.E0));
#6059=DIRECTION('',(1.E0,0.E0,0.E0));
#6060=AXIS2_PLACEMENT_3D('',#6057,#6058,#6059);
#6062=CARTESIAN_POINT('',(2.52E1,-7.3E0,-3.425E1));
#6063=DIRECTION('',(0.E0,0.E0,-1.E0));
#6064=DIRECTION('',(1.E0,0.E0,0.E0));
#6065=AXIS2_PLACEMENT_3D('',#6062,#6063,#6064);
#6067=CARTESIAN_POINT('',(2.52E1,-7.3E0,-3.425E1));
#6068=DIRECTION('',(0.E0,0.E0,-1.E0));
#6069=DIRECTION('',(-1.E0,0.E0,0.E0));
#6070=AXIS2_PLACEMENT_3D('',#6067,#6068,#6069);
#6072=CARTESIAN_POINT('',(2.37E1,1.08E1,-3.425E1));
#6073=DIRECTION('',(0.E0,0.E0,-1.E0));
#6074=DIRECTION('',(-1.E0,0.E0,0.E0));
#6075=AXIS2_PLACEMENT_3D('',#6072,#6073,#6074);
#6077=CARTESIAN_POINT('',(2.37E1,1.08E1,-3.425E1));
#6078=DIRECTION('',(0.E0,0.E0,-1.E0));
#6079=DIRECTION('',(1.E0,0.E0,0.E0));
#6080=AXIS2_PLACEMENT_3D('',#6077,#6078,#6079);
#6082=CARTESIAN_POINT('',(-2.52E1,-7.3E0,-3.425E1));
#6083=DIRECTION('',(0.E0,0.E0,-1.E0));
#6084=DIRECTION('',(-1.E0,0.E0,0.E0));
#6085=AXIS2_PLACEMENT_3D('',#6082,#6083,#6084);
#6087=CARTESIAN_POINT('',(-2.52E1,-7.3E0,-3.425E1));
#6088=DIRECTION('',(0.E0,0.E0,-1.E0));
#6089=DIRECTION('',(1.E0,0.E0,0.E0));
#6090=AXIS2_PLACEMENT_3D('',#6087,#6088,#6089);
#6092=CARTESIAN_POINT('',(-2.62E1,1.079999999767E1,-3.375E1));
#6093=DIRECTION('',(-9.337935633069E-10,1.E0,0.E0));
#6094=DIRECTION('',(6.394884621841E-14,0.E0,-1.E0));
#6095=AXIS2_PLACEMENT_3D('',#6092,#6093,#6094);
#6097=CARTESIAN_POINT('',(-2.37E1,1.08E1,-3.375E1));
#6098=DIRECTION('',(0.E0,0.E0,-1.E0));
#6099=DIRECTION('',(-1.E0,0.E0,0.E0));
#6100=AXIS2_PLACEMENT_3D('',#6097,#6098,#6099);
#6102=DIRECTION('',(0.E0,2.081996041291E-11,-1.E0));
#6103=VECTOR('',#6102,1.175E1);
#6104=CARTESIAN_POINT('',(-2.07E1,1.08E1,-2.2E1));
#6105=LINE('',#6104,#6103);
#6106=DIRECTION('',(-2.584713981308E-10,-2.932781538990E-10,1.E0));
#6107=VECTOR('',#6106,6.5E0);
#6108=CARTESIAN_POINT('',(-2.625330667790E1,1.237500000191E1,-2.85E1));
#6109=LINE('',#6108,#6107);
#6110=CARTESIAN_POINT('',(-2.37E1,1.08E1,-2.85E1));
#6111=DIRECTION('',(0.E0,0.E0,1.E0));
#6112=DIRECTION('',(-8.511022252126E-1,5.250000021316E-1,0.E0));
#6113=AXIS2_PLACEMENT_3D('',#6110,#6111,#6112);
#6115=DIRECTION('',(0.E0,0.E0,-1.E0));
#6116=VECTOR('',#6115,6.5E0);
#6117=CARTESIAN_POINT('',(-2.710440890611E1,1.19E1,-2.2E1));
#6118=LINE('',#6117,#6116);
#6119=DIRECTION('',(-7.127149664094E-11,0.E0,-1.E0));
#6120=VECTOR('',#6119,7.E0);
#6121=CARTESIAN_POINT('',(-3.032722031120E1,1.19E1,-2.15E1));
#6122=LINE('',#6121,#6120);
#6123=CARTESIAN_POINT('',(-3.032722031120E1,1.19E1,-2.15E1));
#6124=CARTESIAN_POINT('',(-3.032722031120E1,1.19E1,-2.155341247303E1));
#6125=CARTESIAN_POINT('',(-3.031092133943E1,1.19E1,-2.165479505222E1));
#6126=CARTESIAN_POINT('',(-3.023751122337E1,1.19E1,-2.179828426271E1));
#6127=CARTESIAN_POINT('',(-3.012477798665E1,1.19E1,-2.190998468160E1));
#6128=CARTESIAN_POINT('',(-2.997842869147E1,1.19E1,-2.198348798531E1));
#6129=CARTESIAN_POINT('',(-2.987413265699E1,1.19E1,-2.199999999984E1));
#6130=CARTESIAN_POINT('',(-2.981899309798E1,1.19E1,-2.2E1));
#6132=CARTESIAN_POINT('',(-2.54E1,1.105E1,-2.15E1));
#6133=DIRECTION('',(0.E0,0.E0,-1.E0));
#6134=DIRECTION('',(-9.854440623351E-1,1.700000000251E-1,0.E0));
#6135=AXIS2_PLACEMENT_3D('',#6132,#6133,#6134);
#6137=DIRECTION('',(-4.237072914748E-10,3.687290472953E-10,1.E0));
#6138=VECTOR('',#6137,1.E0);
#6139=CARTESIAN_POINT('',(-2.539999999952E1,1.604999999963E1,-2.15E1));
#6140=LINE('',#6139,#6138);
#6141=CARTESIAN_POINT('',(-2.54E1,1.105E1,-2.05E1));
#6142=DIRECTION('',(0.E0,0.E0,1.E0));
#6143=DIRECTION('',(0.E0,1.E0,0.E0));
#6144=AXIS2_PLACEMENT_3D('',#6141,#6142,#6143);
#6146=DIRECTION('',(0.E0,1.153299677981E-11,-1.E0));
#6147=VECTOR('',#6146,8.E0);
#6148=CARTESIAN_POINT('',(-3.04E1,1.104999999991E1,-2.05E1));
#6149=LINE('',#6148,#6147);
#6150=CARTESIAN_POINT('',(2.710440890611E1,8.7E0,-2.85E1));
#6151=DIRECTION('',(0.E0,0.E0,1.E0));
#6152=DIRECTION('',(0.E0,1.E0,0.E0));
#6153=AXIS2_PLACEMENT_3D('',#6150,#6151,#6152);
#6155=DIRECTION('',(-1.E0,0.E0,0.E0));
#6156=VECTOR('',#6155,3.295591093890E0);
#6157=CARTESIAN_POINT('',(3.04E1,9.7E0,-2.85E1));
#6158=LINE('',#6157,#6156);
#6159=DIRECTION('',(0.E0,-1.E0,0.E0));
#6160=VECTOR('',#6159,1.35E0);
#6161=CARTESIAN_POINT('',(3.04E1,1.105E1,-2.85E1));
#6162=LINE('',#6161,#6160);
#6163=CARTESIAN_POINT('',(2.54E1,1.105E1,-2.85E1));
#6164=DIRECTION('',(0.E0,0.E0,-1.E0));
#6165=DIRECTION('',(9.854440623394E-1,1.7E-1,0.E0));
#6166=AXIS2_PLACEMENT_3D('',#6163,#6164,#6165);
#6168=DIRECTION('',(1.E0,0.E0,0.E0));
#6169=VECTOR('',#6168,3.222811405587E0);
#6170=CARTESIAN_POINT('',(2.710440890611E1,1.19E1,-2.85E1));
#6171=LINE('',#6170,#6169);
#6172=CARTESIAN_POINT('',(2.710440890611E1,1.29E1,-2.85E1));
#6173=DIRECTION('',(0.E0,0.E0,1.E0));
#6174=DIRECTION('',(-8.511022304720E-1,-5.249999936053E-1,0.E0));
#6175=AXIS2_PLACEMENT_3D('',#6172,#6173,#6174);
#6177=CARTESIAN_POINT('',(2.860440890611E1,-9.4E0,-2.85E1));
#6178=DIRECTION('',(0.E0,0.E0,1.E0));
#6179=DIRECTION('',(0.E0,1.E0,0.E0));
#6180=AXIS2_PLACEMENT_3D('',#6177,#6178,#6179);
#6182=DIRECTION('',(-1.E0,0.E0,0.E0));
#6183=VECTOR('',#6182,1.795591093890E0);
#6184=CARTESIAN_POINT('',(3.04E1,-8.4E0,-2.85E1));
#6185=LINE('',#6184,#6183);
#6186=DIRECTION('',(0.E0,-1.E0,0.E0));
#6187=VECTOR('',#6186,2.2E0);
#6188=CARTESIAN_POINT('',(3.04E1,-6.2E0,-2.85E1));
#6189=LINE('',#6188,#6187);
#6190=DIRECTION('',(1.E0,0.E0,0.E0));
#6191=VECTOR('',#6190,1.795591093890E0);
#6192=CARTESIAN_POINT('',(2.860440890611E1,-6.2E0,-2.85E1));
#6193=LINE('',#6192,#6191);
#6194=CARTESIAN_POINT('',(2.860440890611E1,-5.2E0,-2.85E1));
#6195=DIRECTION('',(0.E0,0.E0,1.E0));
#6196=DIRECTION('',(-8.511022215570E-1,-5.250000080579E-1,0.E0));
#6197=AXIS2_PLACEMENT_3D('',#6194,#6195,#6196);
#6199=CARTESIAN_POINT('',(-2.710440890611E1,1.29E1,-2.85E1));
#6200=DIRECTION('',(0.E0,0.E0,1.E0));
#6201=DIRECTION('',(0.E0,-1.E0,0.E0));
#6202=AXIS2_PLACEMENT_3D('',#6199,#6200,#6201);
#6204=DIRECTION('',(1.E0,0.E0,0.E0));
#6205=VECTOR('',#6204,3.222811405587E0);
#6206=CARTESIAN_POINT('',(-3.032722031170E1,1.19E1,-2.85E1));
#6207=LINE('',#6206,#6205);
#6208=CARTESIAN_POINT('',(-2.54E1,1.105E1,-2.85E1));
#6209=DIRECTION('',(0.E0,0.E0,-1.E0));
#6210=DIRECTION('',(-1.E0,0.E0,0.E0));
#6211=AXIS2_PLACEMENT_3D('',#6208,#6209,#6210);
#6213=DIRECTION('',(0.E0,1.E0,0.E0));
#6214=VECTOR('',#6213,1.35E0);
#6215=CARTESIAN_POINT('',(-3.04E1,9.7E0,-2.85E1));
#6216=LINE('',#6215,#6214);
#6217=DIRECTION('',(-1.E0,0.E0,0.E0));
#6218=VECTOR('',#6217,3.295591093890E0);
#6219=CARTESIAN_POINT('',(-2.710440890611E1,9.7E0,-2.85E1));
#6220=LINE('',#6219,#6218);
#6221=CARTESIAN_POINT('',(-2.710440890611E1,8.7E0,-2.85E1));
#6222=DIRECTION('',(0.E0,0.E0,1.E0));
#6223=DIRECTION('',(8.511022215570E-1,5.250000080579E-1,0.E0));
#6224=AXIS2_PLACEMENT_3D('',#6221,#6222,#6223);
#6226=CARTESIAN_POINT('',(-2.860440890611E1,-5.2E0,-2.85E1));
#6227=DIRECTION('',(0.E0,0.E0,1.E0));
#6228=DIRECTION('',(0.E0,-1.E0,0.E0));
#6229=AXIS2_PLACEMENT_3D('',#6226,#6227,#6228);
#6231=DIRECTION('',(1.E0,0.E0,0.E0));
#6232=VECTOR('',#6231,1.795591093890E0);
#6233=CARTESIAN_POINT('',(-3.04E1,-6.2E0,-2.85E1));
#6234=LINE('',#6233,#6232);
#6235=DIRECTION('',(0.E0,1.E0,0.E0));
#6236=VECTOR('',#6235,2.2E0);
#6237=CARTESIAN_POINT('',(-3.04E1,-8.4E0,-2.85E1));
#6238=LINE('',#6237,#6236);
#6239=DIRECTION('',(-1.E0,0.E0,0.E0));
#6240=VECTOR('',#6239,1.795591093890E0);
#6241=CARTESIAN_POINT('',(-2.860440890611E1,-8.4E0,-2.85E1));
#6242=LINE('',#6241,#6240);
#6243=CARTESIAN_POINT('',(-2.860440890611E1,-9.4E0,-2.85E1));
#6244=DIRECTION('',(0.E0,0.E0,1.E0));
#6245=DIRECTION('',(8.511022304720E-1,5.249999936053E-1,0.E0));
#6246=AXIS2_PLACEMENT_3D('',#6243,#6244,#6245);
#6248=CARTESIAN_POINT('',(2.37E1,1.08E1,-3.375E1));
#6249=DIRECTION('',(0.E0,0.E0,-1.E0));
#6250=DIRECTION('',(1.E0,0.E0,0.E0));
#6251=AXIS2_PLACEMENT_3D('',#6248,#6249,#6250);
#6253=DIRECTION('',(0.E0,-2.081996041291E-11,-1.E0));
#6254=VECTOR('',#6253,1.175E1);
#6255=CARTESIAN_POINT('',(2.07E1,1.08E1,-2.2E1));
#6256=LINE('',#6255,#6254);
#6257=DIRECTION('',(-3.256925669330E-10,-3.695532768688E-10,1.E0));
#6258=VECTOR('',#6257,6.5E0);
#6259=CARTESIAN_POINT('',(2.625330668170E1,9.225000002402E0,-2.85E1));
#6260=LINE('',#6259,#6258);
#6261=CARTESIAN_POINT('',(2.37E1,1.08E1,-2.85E1));
#6262=DIRECTION('',(0.E0,0.E0,1.E0));
#6263=DIRECTION('',(8.511022281843E-1,-5.249999973140E-1,0.E0));
#6264=AXIS2_PLACEMENT_3D('',#6261,#6262,#6263);
#6266=CARTESIAN_POINT('',(2.62E1,1.080000000233E1,-3.375E1));
#6267=DIRECTION('',(9.337935633069E-10,-1.E0,0.E0));
#6268=DIRECTION('',(-6.394884621841E-14,0.E0,-1.E0));
#6269=AXIS2_PLACEMENT_3D('',#6266,#6267,#6268);
#6271=CARTESIAN_POINT('',(2.12E1,1.079999999767E1,-3.375E1));
#6272=DIRECTION('',(-9.337932788123E-10,1.E0,0.E0));
#6273=DIRECTION('',(6.394884621841E-14,0.E0,-1.E0));
#6274=AXIS2_PLACEMENT_3D('',#6271,#6272,#6273);
#6276=CARTESIAN_POINT('',(2.37E1,1.08E1,-3.375E1));
#6277=DIRECTION('',(0.E0,0.E0,-1.E0));
#6278=DIRECTION('',(-1.E0,0.E0,0.E0));
#6279=AXIS2_PLACEMENT_3D('',#6276,#6277,#6278);
#6281=DIRECTION('',(0.E0,4.659705425746E-11,-1.E0));
#6282=VECTOR('',#6281,5.25E0);
#6283=CARTESIAN_POINT('',(2.67E1,1.08E1,-2.85E1));
#6284=LINE('',#6283,#6282);
#6285=CARTESIAN_POINT('',(2.37E1,1.08E1,-2.85E1));
#6286=DIRECTION('',(0.E0,0.E0,1.E0));
#6287=DIRECTION('',(1.E0,0.E0,0.E0));
#6288=AXIS2_PLACEMENT_3D('',#6285,#6286,#6287);
#6290=DIRECTION('',(2.584708515594E-10,-2.932787004703E-10,1.E0));
#6291=VECTOR('',#6290,6.5E0);
#6292=CARTESIAN_POINT('',(2.625330667790E1,1.237500000191E1,-2.85E1));
#6293=LINE('',#6292,#6291);
#6294=DIRECTION('',(-9.393324213696E-11,0.E0,1.E0));
#6295=VECTOR('',#6294,7.E0);
#6296=CARTESIAN_POINT('',(3.032722031170E1,1.19E1,-2.85E1));
#6297=LINE('',#6296,#6295);
#6298=DIRECTION('',(0.E0,0.E0,-1.E0));
#6299=VECTOR('',#6298,6.5E0);
#6300=CARTESIAN_POINT('',(2.710440890611E1,1.19E1,-2.2E1));
#6301=LINE('',#6300,#6299);
#6302=CARTESIAN_POINT('',(2.54E1,1.105E1,-2.15E1));
#6303=DIRECTION('',(0.E0,0.E0,-1.E0));
#6304=DIRECTION('',(0.E0,1.E0,0.E0));
#6305=AXIS2_PLACEMENT_3D('',#6302,#6303,#6304);
#6307=DIRECTION('',(0.E0,-7.330802631600E-12,1.E0));
#6308=VECTOR('',#6307,8.E0);
#6309=CARTESIAN_POINT('',(3.04E1,1.105E1,-2.85E1));
#6310=LINE('',#6309,#6308);
#6311=CARTESIAN_POINT('',(2.54E1,1.105E1,-2.05E1));
#6312=DIRECTION('',(0.E0,0.E0,1.E0));
#6313=DIRECTION('',(1.E0,0.E0,0.E0));
#6314=AXIS2_PLACEMENT_3D('',#6311,#6312,#6313);
#6316=CARTESIAN_POINT('',(2.54E1,1.554999999806E1,-2.15E1));
#6317=DIRECTION('',(1.E0,0.E0,0.E0));
#6318=DIRECTION('',(0.E0,3.887752342280E-9,-1.E0));
#6319=AXIS2_PLACEMENT_3D('',#6316,#6317,#6318);
#6321=CARTESIAN_POINT('',(2.981899309798E1,1.19E1,-2.2E1));
#6322=CARTESIAN_POINT('',(2.987413265697E1,1.19E1,-2.199999999979E1));
#6323=CARTESIAN_POINT('',(2.997842869142E1,1.19E1,-2.198348798517E1));
#6324=CARTESIAN_POINT('',(3.012477798644E1,1.19E1,-2.190998468138E1));
#6325=CARTESIAN_POINT('',(3.023751122306E1,1.19E1,-2.179828426252E1));
#6326=CARTESIAN_POINT('',(3.031092133883E1,1.19E1,-2.165479505211E1));
#6327=CARTESIAN_POINT('',(3.032722031104E1,1.19E1,-2.155341247299E1));
#6328=CARTESIAN_POINT('',(3.032722031104E1,1.19E1,-2.15E1));
#6330=DIRECTION('',(0.E0,-1.E0,0.E0));
#6331=VECTOR('',#6330,2.649999999821E0);
#6332=CARTESIAN_POINT('',(3.04E1,-8.4E0,-2.15E1));
#6333=LINE('',#6332,#6331);
#6334=DIRECTION('',(0.E0,-8.651213079247E-11,1.E0));
#6335=VECTOR('',#6334,1.E0);
#6336=CARTESIAN_POINT('',(3.04E1,-1.104999999982E1,-2.15E1));
#6337=LINE('',#6336,#6335);
#6338=DIRECTION('',(0.E0,1.E0,0.E0));
#6339=VECTOR('',#6338,2.209999999985E1);
#6340=CARTESIAN_POINT('',(3.04E1,-1.104999999991E1,-2.05E1));
#6341=LINE('',#6340,#6339);
#6342=DIRECTION('',(0.E0,-1.E0,0.E0));
#6343=VECTOR('',#6342,1.59E1);
#6344=CARTESIAN_POINT('',(3.04E1,9.7E0,-2.15E1));
#6345=LINE('',#6344,#6343);
#6346=CARTESIAN_POINT('',(2.99E1,-8.4E0,-2.15E1));
#6347=DIRECTION('',(0.E0,1.E0,0.E0));
#6348=DIRECTION('',(1.E0,0.E0,0.E0));
#6349=AXIS2_PLACEMENT_3D('',#6346,#6347,#6348);
#6351=CARTESIAN_POINT('',(2.99E1,-1.105E1,-2.15E1));
#6352=DIRECTION('',(0.E0,-1.E0,0.E0));
#6353=DIRECTION('',(0.E0,0.E0,-1.E0));
#6354=AXIS2_PLACEMENT_3D('',#6351,#6352,#6353);
#6356=CARTESIAN_POINT('',(2.54E1,-1.555E1,-2.15E1));
#6357=DIRECTION('',(-1.E0,0.E0,0.E0));
#6358=DIRECTION('',(0.E0,0.E0,-1.E0));
#6359=AXIS2_PLACEMENT_3D('',#6356,#6357,#6358);
#6361=CARTESIAN_POINT('',(-2.54E1,-1.555E1,-2.15E1));
#6362=DIRECTION('',(-1.E0,0.E0,0.E0));
#6363=DIRECTION('',(0.E0,0.E0,-1.E0));
#6364=AXIS2_PLACEMENT_3D('',#6361,#6362,#6363);
#6366=CARTESIAN_POINT('',(-2.99E1,-1.105E1,-2.15E1));
#6367=DIRECTION('',(0.E0,1.E0,0.E0));
#6368=DIRECTION('',(0.E0,0.E0,-1.E0));
#6369=AXIS2_PLACEMENT_3D('',#6366,#6367,#6368);
#6371=CARTESIAN_POINT('',(-2.99E1,-8.4E0,-2.15E1));
#6372=DIRECTION('',(0.E0,1.E0,0.E0));
#6373=DIRECTION('',(0.E0,0.E0,-1.E0));
#6374=AXIS2_PLACEMENT_3D('',#6371,#6372,#6373);
#6376=DIRECTION('',(0.E0,0.E0,1.E0));
#6377=VECTOR('',#6376,7.E0);
#6378=CARTESIAN_POINT('',(-3.04E1,-8.4E0,-2.85E1));
#6379=LINE('',#6378,#6377);
#6380=DIRECTION('',(0.E0,0.E0,-1.E0));
#6381=VECTOR('',#6380,6.5E0);
#6382=CARTESIAN_POINT('',(-2.860440890611E1,-8.4E0,-2.2E1));
#6383=LINE('',#6382,#6381);
#6384=CARTESIAN_POINT('',(-2.52E1,-7.3E0,-3.375E1));
#6385=DIRECTION('',(0.E0,0.E0,-1.E0));
#6386=DIRECTION('',(1.E0,0.E0,0.E0));
#6387=AXIS2_PLACEMENT_3D('',#6384,#6385,#6386);
#6389=DIRECTION('',(0.E0,-4.659705425746E-11,-1.E0));
#6390=VECTOR('',#6389,5.25E0);
#6391=CARTESIAN_POINT('',(-2.82E1,-7.3E0,-2.85E1));
#6392=LINE('',#6391,#6390);
#6393=CARTESIAN_POINT('',(-2.52E1,-7.3E0,-2.85E1));
#6394=DIRECTION('',(0.E0,0.E0,1.E0));
#6395=DIRECTION('',(-1.E0,0.E0,0.E0));
#6396=AXIS2_PLACEMENT_3D('',#6393,#6394,#6395);
#6398=DIRECTION('',(-2.584703049881E-10,2.932781538990E-10,1.E0));
#6399=VECTOR('',#6398,6.5E0);
#6400=CARTESIAN_POINT('',(-2.775330667790E1,-8.875000001906E0,-2.85E1));
#6401=LINE('',#6400,#6399);
#6402=CARTESIAN_POINT('',(-2.27E1,-7.299999997666E0,-3.375E1));
#6403=DIRECTION('',(9.337933898346E-10,-1.E0,0.E0));
#6404=DIRECTION('',(-7.105427357601E-14,0.E0,-1.E0));
#6405=AXIS2_PLACEMENT_3D('',#6402,#6403,#6404);
#6407=CARTESIAN_POINT('',(-2.77E1,-7.300000002334E0,-3.375E1));
#6408=DIRECTION('',(-9.337935355513E-10,1.E0,0.E0));
#6409=DIRECTION('',(7.105427357601E-14,0.E0,-1.E0));
#6410=AXIS2_PLACEMENT_3D('',#6407,#6408,#6409);
#6412=CARTESIAN_POINT('',(-2.52E1,-7.3E0,-3.375E1));
#6413=DIRECTION('',(0.E0,0.E0,-1.E0));
#6414=DIRECTION('',(-1.E0,0.E0,0.E0));
#6415=AXIS2_PLACEMENT_3D('',#6412,#6413,#6414);
#6417=DIRECTION('',(0.E0,2.081988482326E-11,-1.E0));
#6418=VECTOR('',#6417,1.175E1);
#6419=CARTESIAN_POINT('',(-2.22E1,-7.3E0,-2.2E1));
#6420=LINE('',#6419,#6418);
#6421=DIRECTION('',(3.256931135044E-10,3.695543700115E-10,1.E0));
#6422=VECTOR('',#6421,6.5E0);
#6423=CARTESIAN_POINT('',(-2.775330668170E1,-5.725000002402E0,-2.85E1));
#6424=LINE('',#6423,#6422);
#6425=CARTESIAN_POINT('',(-2.52E1,-7.3E0,-2.85E1));
#6426=DIRECTION('',(0.E0,0.E0,1.E0));
#6427=DIRECTION('',(-8.511022281843E-1,5.249999973140E-1,0.E0));
#6428=AXIS2_PLACEMENT_3D('',#6425,#6426,#6427);
#6430=DIRECTION('',(0.E0,0.E0,-1.E0));
#6431=VECTOR('',#6430,6.5E0);
#6432=CARTESIAN_POINT('',(-2.860440890611E1,-6.2E0,-2.2E1));
#6433=LINE('',#6432,#6431);
#6434=DIRECTION('',(0.E0,0.E0,-1.E0));
#6435=VECTOR('',#6434,7.E0);
#6436=CARTESIAN_POINT('',(-3.04E1,-6.2E0,-2.15E1));
#6437=LINE('',#6436,#6435);
#6438=CARTESIAN_POINT('',(-2.54E1,-1.105E1,-2.15E1));
#6439=DIRECTION('',(0.E0,0.E0,-1.E0));
#6440=DIRECTION('',(0.E0,-1.E0,0.E0));
#6441=AXIS2_PLACEMENT_3D('',#6438,#6439,#6440);
#6443=DIRECTION('',(0.E0,-3.710809437507E-12,1.E0));
#6444=VECTOR('',#6443,1.E0);
#6445=CARTESIAN_POINT('',(-3.04E1,-1.104999999994E1,-2.15E1));
#6446=LINE('',#6445,#6444);
#6447=CARTESIAN_POINT('',(-2.54E1,-1.105E1,-2.05E1));
#6448=DIRECTION('',(0.E0,0.E0,1.E0));
#6449=DIRECTION('',(-1.E0,0.E0,0.E0));
#6450=AXIS2_PLACEMENT_3D('',#6447,#6448,#6449);
#6452=DIRECTION('',(-1.E0,0.E0,0.E0));
#6453=VECTOR('',#6452,5.079999999985E1);
#6454=CARTESIAN_POINT('',(2.539999999994E1,-1.605E1,-2.15E1));
#6455=LINE('',#6454,#6453);
#6456=DIRECTION('',(2.870592652471E-12,0.E0,1.E0));
#6457=VECTOR('',#6456,1.E0);
#6458=CARTESIAN_POINT('',(-2.539999999991E1,-1.605E1,-2.15E1));
#6459=LINE('',#6458,#6457);
#6460=DIRECTION('',(1.E0,0.E0,0.E0));
#6461=VECTOR('',#6460,5.079999999985E1);
#6462=CARTESIAN_POINT('',(-2.539999999991E1,-1.605E1,-2.05E1));
#6463=LINE('',#6462,#6461);
#6464=CARTESIAN_POINT('',(2.54E1,-1.105E1,-2.15E1));
#6465=DIRECTION('',(0.E0,0.E0,-1.E0));
#6466=DIRECTION('',(1.E0,0.E0,0.E0));
#6467=AXIS2_PLACEMENT_3D('',#6464,#6465,#6466);
#6469=DIRECTION('',(3.705480366989E-12,0.E0,1.E0));
#6470=VECTOR('',#6469,1.E0);
#6471=CARTESIAN_POINT('',(2.539999999994E1,-1.605E1,-2.15E1));
#6472=LINE('',#6471,#6470);
#6473=CARTESIAN_POINT('',(2.54E1,-1.105E1,-2.05E1));
#6474=DIRECTION('',(0.E0,0.E0,1.E0));
#6475=DIRECTION('',(0.E0,-1.E0,0.E0));
#6476=AXIS2_PLACEMENT_3D('',#6473,#6474,#6475);
#6478=DIRECTION('',(0.E0,0.E0,-1.E0));
#6479=VECTOR('',#6478,7.E0);
#6480=CARTESIAN_POINT('',(3.04E1,-8.4E0,-2.15E1));
#6481=LINE('',#6480,#6479);
#6482=DIRECTION('',(0.E0,0.E0,-1.E0));
#6483=VECTOR('',#6482,6.5E0);
#6484=CARTESIAN_POINT('',(2.860440890611E1,-8.4E0,-2.2E1));
#6485=LINE('',#6484,#6483);
#6486=CARTESIAN_POINT('',(2.52E1,-7.3E0,-3.375E1));
#6487=DIRECTION('',(0.E0,0.E0,-1.E0));
#6488=DIRECTION('',(1.E0,0.E0,0.E0));
#6489=AXIS2_PLACEMENT_3D('',#6486,#6487,#6488);
#6491=DIRECTION('',(0.E0,-2.081996041291E-11,-1.E0));
#6492=VECTOR('',#6491,1.175E1);
#6493=CARTESIAN_POINT('',(2.22E1,-7.3E0,-2.2E1));
#6494=LINE('',#6493,#6492);
#6495=DIRECTION('',(2.584703049881E-10,2.932781538990E-10,1.E0));
#6496=VECTOR('',#6495,6.5E0);
#6497=CARTESIAN_POINT('',(2.775330667790E1,-8.875000001906E0,-2.85E1));
#6498=LINE('',#6497,#6496);
#6499=CARTESIAN_POINT('',(2.52E1,-7.3E0,-2.85E1));
#6500=DIRECTION('',(0.E0,0.E0,1.E0));
#6501=DIRECTION('',(8.511022252126E-1,-5.250000021316E-1,0.E0));
#6502=AXIS2_PLACEMENT_3D('',#6499,#6500,#6501);
#6504=CARTESIAN_POINT('',(2.77E1,-7.299999997666E0,-3.375E1));
#6505=DIRECTION('',(9.337935355513E-10,-1.E0,0.E0));
#6506=DIRECTION('',(-6.394884621841E-14,0.E0,-1.E0));
#6507=AXIS2_PLACEMENT_3D('',#6504,#6505,#6506);
#6509=CARTESIAN_POINT('',(2.27E1,-7.300000002334E0,-3.375E1));
#6510=DIRECTION('',(-9.337935355513E-10,1.E0,0.E0));
#6511=DIRECTION('',(7.105427357601E-14,0.E0,-1.E0));
#6512=AXIS2_PLACEMENT_3D('',#6509,#6510,#6511);
#6514=CARTESIAN_POINT('',(2.52E1,-7.3E0,-3.375E1));
#6515=DIRECTION('',(0.E0,0.E0,-1.E0));
#6516=DIRECTION('',(-1.E0,0.E0,0.E0));
#6517=AXIS2_PLACEMENT_3D('',#6514,#6515,#6516);
#6519=DIRECTION('',(0.E0,4.659688508062E-11,-1.E0));
#6520=VECTOR('',#6519,5.25E0);
#6521=CARTESIAN_POINT('',(2.82E1,-7.3E0,-2.85E1));
#6522=LINE('',#6521,#6520);
#6523=CARTESIAN_POINT('',(2.52E1,-7.3E0,-2.85E1));
#6524=DIRECTION('',(0.E0,0.E0,1.E0));
#6525=DIRECTION('',(1.E0,0.E0,0.E0));
#6526=AXIS2_PLACEMENT_3D('',#6523,#6524,#6525);
#6528=DIRECTION('',(-3.256920203617E-10,3.695531402260E-10,1.E0));
#6529=VECTOR('',#6528,6.5E0);
#6530=CARTESIAN_POINT('',(2.775330668170E1,-5.725000002402E0,-2.85E1));
#6531=LINE('',#6530,#6529);
#6532=DIRECTION('',(0.E0,0.E0,1.E0));
#6533=VECTOR('',#6532,7.E0);
#6534=CARTESIAN_POINT('',(3.04E1,-6.2E0,-2.85E1));
#6535=LINE('',#6534,#6533);
#6536=DIRECTION('',(0.E0,0.E0,-1.E0));
#6537=VECTOR('',#6536,6.5E0);
#6538=CARTESIAN_POINT('',(2.860440890611E1,-6.2E0,-2.2E1));
#6539=LINE('',#6538,#6537);
#6540=CARTESIAN_POINT('',(2.99E1,9.7E0,-2.15E1));
#6541=DIRECTION('',(0.E0,1.E0,0.E0));
#6542=DIRECTION('',(1.E0,0.E0,0.E0));
#6543=AXIS2_PLACEMENT_3D('',#6540,#6541,#6542);
#6545=CARTESIAN_POINT('',(2.99E1,-6.2E0,-2.15E1));
#6546=DIRECTION('',(0.E0,-1.E0,0.E0));
#6547=DIRECTION('',(0.E0,0.E0,-1.E0));
#6548=AXIS2_PLACEMENT_3D('',#6545,#6546,#6547);
#6550=DIRECTION('',(0.E0,0.E0,-1.E0));
#6551=VECTOR('',#6550,7.E0);
#6552=CARTESIAN_POINT('',(3.04E1,9.7E0,-2.15E1));
#6553=LINE('',#6552,#6551);
#6554=DIRECTION('',(0.E0,0.E0,-1.E0));
#6555=VECTOR('',#6554,6.5E0);
#6556=CARTESIAN_POINT('',(2.710440890611E1,9.7E0,-2.2E1));
#6557=LINE('',#6556,#6555);
#6558=DIRECTION('',(0.E0,0.E0,-1.E0));
#6559=VECTOR('',#6558,2.E0);
#6560=CARTESIAN_POINT('',(2.295E1,1.08E1,-3.425E1));
#6561=LINE('',#6560,#6559);
#6562=DIRECTION('',(0.E0,0.E0,-1.E0));
#6563=VECTOR('',#6562,2.E0);
#6564=CARTESIAN_POINT('',(2.445E1,1.08E1,-3.425E1));
#6565=LINE('',#6564,#6563);
#6566=CARTESIAN_POINT('',(2.37E1,1.08E1,-3.625E1));
#6567=DIRECTION('',(0.E0,0.E0,-1.E0));
#6568=DIRECTION('',(-1.E0,0.E0,0.E0));
#6569=AXIS2_PLACEMENT_3D('',#6566,#6567,#6568);
#6571=CARTESIAN_POINT('',(2.37E1,1.08E1,-3.625E1));
#6572=DIRECTION('',(0.E0,0.E0,-1.E0));
#6573=DIRECTION('',(1.E0,0.E0,0.E0));
#6574=AXIS2_PLACEMENT_3D('',#6571,#6572,#6573);
#6576=CARTESIAN_POINT('',(-2.52E1,-7.3E0,-3.625E1));
#6577=DIRECTION('',(0.E0,0.E0,-1.E0));
#6578=DIRECTION('',(-1.E0,0.E0,0.E0));
#6579=AXIS2_PLACEMENT_3D('',#6576,#6577,#6578);
#6581=CARTESIAN_POINT('',(-2.52E1,-7.3E0,-3.625E1));
#6582=DIRECTION('',(0.E0,0.E0,-1.E0));
#6583=DIRECTION('',(1.E0,0.E0,0.E0));
#6584=AXIS2_PLACEMENT_3D('',#6581,#6582,#6583);
#6586=DIRECTION('',(0.E0,0.E0,-1.E0));
#6587=VECTOR('',#6586,2.E0);
#6588=CARTESIAN_POINT('',(-2.595E1,-7.3E0,-3.425E1));
#6589=LINE('',#6588,#6587);
#6590=DIRECTION('',(0.E0,0.E0,-1.E0));
#6591=VECTOR('',#6590,2.E0);
#6592=CARTESIAN_POINT('',(-2.445E1,-7.3E0,-3.425E1));
#6593=LINE('',#6592,#6591);
#6594=DIRECTION('',(0.E0,0.E0,-1.E0));
#6595=VECTOR('',#6594,2.000000064E-1);
#6596=CARTESIAN_POINT('',(-1.85E1,6.E0,-2.E1));
#6597=LINE('',#6596,#6595);
#6598=DIRECTION('',(0.E0,0.E0,-1.E0));
#6599=VECTOR('',#6598,2.000000064E-1);
#6600=CARTESIAN_POINT('',(-1.55E1,0.E0,-2.E1));
#6601=LINE('',#6600,#6599);
#6602=DIRECTION('',(0.E0,0.E0,-1.E0));
#6603=VECTOR('',#6602,2.000000064E-1);
#6604=CARTESIAN_POINT('',(-1.85E1,0.E0,-2.E1));
#6605=LINE('',#6604,#6603);
#6606=DIRECTION('',(0.E0,0.E0,-1.E0));
#6607=VECTOR('',#6606,2.000000064E-1);
#6608=CARTESIAN_POINT('',(-1.55E1,-6.E0,-2.E1));
#6609=LINE('',#6608,#6607);
#6610=DIRECTION('',(0.E0,0.E0,-1.E0));
#6611=VECTOR('',#6610,2.000000064E-1);
#6612=CARTESIAN_POINT('',(-1.85E1,-6.E0,-2.E1));
#6613=LINE('',#6612,#6611);
#6614=DIRECTION('',(0.E0,0.E0,1.E0));
#6615=VECTOR('',#6614,7.525E0);
#6616=CARTESIAN_POINT('',(-1.4E1,4.65E0,-2.E1));
#6617=LINE('',#6616,#6615);
#6618=DIRECTION('',(0.E0,0.E0,1.E0));
#6619=VECTOR('',#6618,7.525E0);
#6620=CARTESIAN_POINT('',(-1.4E1,3.35E0,-2.E1));
#6621=LINE('',#6620,#6619);
#6622=CARTESIAN_POINT('',(-1.4E1,4.E0,-1.2475E1));
#6623=DIRECTION('',(0.E0,0.E0,1.E0));
#6624=DIRECTION('',(0.E0,1.E0,0.E0));
#6625=AXIS2_PLACEMENT_3D('',#6622,#6623,#6624);
#6627=CARTESIAN_POINT('',(-1.4E1,4.E0,-1.2475E1));
#6628=DIRECTION('',(0.E0,0.E0,-1.E0));
#6629=DIRECTION('',(0.E0,1.E0,0.E0));
#6630=AXIS2_PLACEMENT_3D('',#6627,#6628,#6629);
#6632=DIRECTION('',(0.E0,0.E0,1.E0));
#6633=VECTOR('',#6632,7.525E0);
#6634=CARTESIAN_POINT('',(-1.E1,4.65E0,-2.E1));
#6635=LINE('',#6634,#6633);
#6636=DIRECTION('',(0.E0,0.E0,1.E0));
#6637=VECTOR('',#6636,7.525E0);
#6638=CARTESIAN_POINT('',(-1.E1,3.35E0,-2.E1));
#6639=LINE('',#6638,#6637);
#6640=CARTESIAN_POINT('',(-1.E1,4.E0,-1.2475E1));
#6641=DIRECTION('',(0.E0,0.E0,1.E0));
#6642=DIRECTION('',(0.E0,1.E0,0.E0));
#6643=AXIS2_PLACEMENT_3D('',#6640,#6641,#6642);
#6645=CARTESIAN_POINT('',(-1.E1,4.E0,-1.2475E1));
#6646=DIRECTION('',(0.E0,0.E0,-1.E0));
#6647=DIRECTION('',(0.E0,1.E0,0.E0));
#6648=AXIS2_PLACEMENT_3D('',#6645,#6646,#6647);
#6650=DIRECTION('',(0.E0,0.E0,1.E0));
#6651=VECTOR('',#6650,7.525E0);
#6652=CARTESIAN_POINT('',(-6.E0,4.65E0,-2.E1));
#6653=LINE('',#6652,#6651);
#6654=DIRECTION('',(0.E0,0.E0,1.E0));
#6655=VECTOR('',#6654,7.525E0);
#6656=CARTESIAN_POINT('',(-6.E0,3.35E0,-2.E1));
#6657=LINE('',#6656,#6655);
#6658=CARTESIAN_POINT('',(-6.E0,4.E0,-1.2475E1));
#6659=DIRECTION('',(0.E0,0.E0,1.E0));
#6660=DIRECTION('',(0.E0,1.E0,0.E0));
#6661=AXIS2_PLACEMENT_3D('',#6658,#6659,#6660);
#6663=CARTESIAN_POINT('',(-6.E0,4.E0,-1.2475E1));
#6664=DIRECTION('',(0.E0,0.E0,-1.E0));
#6665=DIRECTION('',(0.E0,1.E0,0.E0));
#6666=AXIS2_PLACEMENT_3D('',#6663,#6664,#6665);
#6668=DIRECTION('',(0.E0,0.E0,1.E0));
#6669=VECTOR('',#6668,7.525E0);
#6670=CARTESIAN_POINT('',(-2.E0,4.65E0,-2.E1));
#6671=LINE('',#6670,#6669);
#6672=DIRECTION('',(0.E0,0.E0,1.E0));
#6673=VECTOR('',#6672,7.525E0);
#6674=CARTESIAN_POINT('',(-2.E0,3.35E0,-2.E1));
#6675=LINE('',#6674,#6673);
#6676=CARTESIAN_POINT('',(-2.E0,4.E0,-1.2475E1));
#6677=DIRECTION('',(0.E0,0.E0,1.E0));
#6678=DIRECTION('',(0.E0,1.E0,0.E0));
#6679=AXIS2_PLACEMENT_3D('',#6676,#6677,#6678);
#6681=CARTESIAN_POINT('',(-2.E0,4.E0,-1.2475E1));
#6682=DIRECTION('',(0.E0,0.E0,-1.E0));
#6683=DIRECTION('',(0.E0,1.E0,0.E0));
#6684=AXIS2_PLACEMENT_3D('',#6681,#6682,#6683);
#6686=DIRECTION('',(0.E0,0.E0,1.E0));
#6687=VECTOR('',#6686,7.525E0);
#6688=CARTESIAN_POINT('',(2.E0,4.65E0,-2.E1));
#6689=LINE('',#6688,#6687);
#6690=DIRECTION('',(0.E0,0.E0,1.E0));
#6691=VECTOR('',#6690,7.525E0);
#6692=CARTESIAN_POINT('',(2.E0,3.35E0,-2.E1));
#6693=LINE('',#6692,#6691);
#6694=CARTESIAN_POINT('',(2.E0,4.E0,-1.2475E1));
#6695=DIRECTION('',(0.E0,0.E0,1.E0));
#6696=DIRECTION('',(0.E0,1.E0,0.E0));
#6697=AXIS2_PLACEMENT_3D('',#6694,#6695,#6696);
#6699=CARTESIAN_POINT('',(2.E0,4.E0,-1.2475E1));
#6700=DIRECTION('',(0.E0,0.E0,-1.E0));
#6701=DIRECTION('',(0.E0,1.E0,0.E0));
#6702=AXIS2_PLACEMENT_3D('',#6699,#6700,#6701);
#6704=DIRECTION('',(0.E0,0.E0,1.E0));
#6705=VECTOR('',#6704,7.525E0);
#6706=CARTESIAN_POINT('',(6.E0,4.65E0,-2.E1));
#6707=LINE('',#6706,#6705);
#6708=DIRECTION('',(0.E0,0.E0,1.E0));
#6709=VECTOR('',#6708,7.525E0);
#6710=CARTESIAN_POINT('',(6.E0,3.35E0,-2.E1));
#6711=LINE('',#6710,#6709);
#6712=CARTESIAN_POINT('',(6.E0,4.E0,-1.2475E1));
#6713=DIRECTION('',(0.E0,0.E0,1.E0));
#6714=DIRECTION('',(0.E0,1.E0,0.E0));
#6715=AXIS2_PLACEMENT_3D('',#6712,#6713,#6714);
#6717=CARTESIAN_POINT('',(6.E0,4.E0,-1.2475E1));
#6718=DIRECTION('',(0.E0,0.E0,-1.E0));
#6719=DIRECTION('',(0.E0,1.E0,0.E0));
#6720=AXIS2_PLACEMENT_3D('',#6717,#6718,#6719);
#6722=DIRECTION('',(0.E0,0.E0,1.E0));
#6723=VECTOR('',#6722,7.525E0);
#6724=CARTESIAN_POINT('',(1.E1,4.65E0,-2.E1));
#6725=LINE('',#6724,#6723);
#6726=DIRECTION('',(0.E0,0.E0,1.E0));
#6727=VECTOR('',#6726,7.525E0);
#6728=CARTESIAN_POINT('',(1.E1,3.35E0,-2.E1));
#6729=LINE('',#6728,#6727);
#6730=CARTESIAN_POINT('',(1.E1,4.E0,-1.2475E1));
#6731=DIRECTION('',(0.E0,0.E0,1.E0));
#6732=DIRECTION('',(0.E0,1.E0,0.E0));
#6733=AXIS2_PLACEMENT_3D('',#6730,#6731,#6732);
#6735=CARTESIAN_POINT('',(1.E1,4.E0,-1.2475E1));
#6736=DIRECTION('',(0.E0,0.E0,-1.E0));
#6737=DIRECTION('',(0.E0,1.E0,0.E0));
#6738=AXIS2_PLACEMENT_3D('',#6735,#6736,#6737);
#6740=DIRECTION('',(0.E0,0.E0,1.E0));
#6741=VECTOR('',#6740,7.525E0);
#6742=CARTESIAN_POINT('',(1.4E1,4.65E0,-2.E1));
#6743=LINE('',#6742,#6741);
#6744=DIRECTION('',(0.E0,0.E0,1.E0));
#6745=VECTOR('',#6744,7.525E0);
#6746=CARTESIAN_POINT('',(1.4E1,3.35E0,-2.E1));
#6747=LINE('',#6746,#6745);
#6748=CARTESIAN_POINT('',(1.4E1,4.E0,-1.2475E1));
#6749=DIRECTION('',(0.E0,0.E0,1.E0));
#6750=DIRECTION('',(0.E0,1.E0,0.E0));
#6751=AXIS2_PLACEMENT_3D('',#6748,#6749,#6750);
#6753=CARTESIAN_POINT('',(1.4E1,4.E0,-1.2475E1));
#6754=DIRECTION('',(0.E0,0.E0,-1.E0));
#6755=DIRECTION('',(0.E0,1.E0,0.E0));
#6756=AXIS2_PLACEMENT_3D('',#6753,#6754,#6755);
#6758=DIRECTION('',(0.E0,0.E0,1.E0));
#6759=VECTOR('',#6758,7.525E0);
#6760=CARTESIAN_POINT('',(-1.4E1,-3.35E0,-2.E1));
#6761=LINE('',#6760,#6759);
#6762=DIRECTION('',(0.E0,0.E0,1.E0));
#6763=VECTOR('',#6762,7.525E0);
#6764=CARTESIAN_POINT('',(-1.4E1,-4.65E0,-2.E1));
#6765=LINE('',#6764,#6763);
#6766=CARTESIAN_POINT('',(-1.4E1,-4.E0,-1.2475E1));
#6767=DIRECTION('',(0.E0,0.E0,1.E0));
#6768=DIRECTION('',(0.E0,1.E0,0.E0));
#6769=AXIS2_PLACEMENT_3D('',#6766,#6767,#6768);
#6771=CARTESIAN_POINT('',(-1.4E1,-4.E0,-1.2475E1));
#6772=DIRECTION('',(0.E0,0.E0,-1.E0));
#6773=DIRECTION('',(0.E0,1.E0,0.E0));
#6774=AXIS2_PLACEMENT_3D('',#6771,#6772,#6773);
#6776=DIRECTION('',(0.E0,0.E0,1.E0));
#6777=VECTOR('',#6776,7.525E0);
#6778=CARTESIAN_POINT('',(-1.E1,-3.35E0,-2.E1));
#6779=LINE('',#6778,#6777);
#6780=DIRECTION('',(0.E0,0.E0,1.E0));
#6781=VECTOR('',#6780,7.525E0);
#6782=CARTESIAN_POINT('',(-1.E1,-4.65E0,-2.E1));
#6783=LINE('',#6782,#6781);
#6784=CARTESIAN_POINT('',(-1.E1,-4.E0,-1.2475E1));
#6785=DIRECTION('',(0.E0,0.E0,1.E0));
#6786=DIRECTION('',(0.E0,1.E0,0.E0));
#6787=AXIS2_PLACEMENT_3D('',#6784,#6785,#6786);
#6789=CARTESIAN_POINT('',(-1.E1,-4.E0,-1.2475E1));
#6790=DIRECTION('',(0.E0,0.E0,-1.E0));
#6791=DIRECTION('',(0.E0,1.E0,0.E0));
#6792=AXIS2_PLACEMENT_3D('',#6789,#6790,#6791);
#6794=DIRECTION('',(0.E0,0.E0,1.E0));
#6795=VECTOR('',#6794,7.525E0);
#6796=CARTESIAN_POINT('',(-6.E0,-3.35E0,-2.E1));
#6797=LINE('',#6796,#6795);
#6798=DIRECTION('',(0.E0,0.E0,1.E0));
#6799=VECTOR('',#6798,7.525E0);
#6800=CARTESIAN_POINT('',(-6.E0,-4.65E0,-2.E1));
#6801=LINE('',#6800,#6799);
#6802=CARTESIAN_POINT('',(-6.E0,-4.E0,-1.2475E1));
#6803=DIRECTION('',(0.E0,0.E0,1.E0));
#6804=DIRECTION('',(0.E0,1.E0,0.E0));
#6805=AXIS2_PLACEMENT_3D('',#6802,#6803,#6804);
#6807=CARTESIAN_POINT('',(-6.E0,-4.E0,-1.2475E1));
#6808=DIRECTION('',(0.E0,0.E0,-1.E0));
#6809=DIRECTION('',(0.E0,1.E0,0.E0));
#6810=AXIS2_PLACEMENT_3D('',#6807,#6808,#6809);
#6812=DIRECTION('',(0.E0,0.E0,1.E0));
#6813=VECTOR('',#6812,7.525E0);
#6814=CARTESIAN_POINT('',(-2.E0,-3.35E0,-2.E1));
#6815=LINE('',#6814,#6813);
#6816=DIRECTION('',(0.E0,0.E0,1.E0));
#6817=VECTOR('',#6816,7.525E0);
#6818=CARTESIAN_POINT('',(-2.E0,-4.65E0,-2.E1));
#6819=LINE('',#6818,#6817);
#6820=CARTESIAN_POINT('',(-2.E0,-4.E0,-1.2475E1));
#6821=DIRECTION('',(0.E0,0.E0,1.E0));
#6822=DIRECTION('',(0.E0,1.E0,0.E0));
#6823=AXIS2_PLACEMENT_3D('',#6820,#6821,#6822);
#6825=CARTESIAN_POINT('',(-2.E0,-4.E0,-1.2475E1));
#6826=DIRECTION('',(0.E0,0.E0,-1.E0));
#6827=DIRECTION('',(0.E0,1.E0,0.E0));
#6828=AXIS2_PLACEMENT_3D('',#6825,#6826,#6827);
#6830=DIRECTION('',(0.E0,0.E0,1.E0));
#6831=VECTOR('',#6830,7.525E0);
#6832=CARTESIAN_POINT('',(2.E0,-3.35E0,-2.E1));
#6833=LINE('',#6832,#6831);
#6834=DIRECTION('',(0.E0,0.E0,1.E0));
#6835=VECTOR('',#6834,7.525E0);
#6836=CARTESIAN_POINT('',(2.E0,-4.65E0,-2.E1));
#6837=LINE('',#6836,#6835);
#6838=CARTESIAN_POINT('',(2.E0,-4.E0,-1.2475E1));
#6839=DIRECTION('',(0.E0,0.E0,1.E0));
#6840=DIRECTION('',(0.E0,1.E0,0.E0));
#6841=AXIS2_PLACEMENT_3D('',#6838,#6839,#6840);
#6843=CARTESIAN_POINT('',(2.E0,-4.E0,-1.2475E1));
#6844=DIRECTION('',(0.E0,0.E0,-1.E0));
#6845=DIRECTION('',(0.E0,1.E0,0.E0));
#6846=AXIS2_PLACEMENT_3D('',#6843,#6844,#6845);
#6848=DIRECTION('',(0.E0,0.E0,1.E0));
#6849=VECTOR('',#6848,7.525E0);
#6850=CARTESIAN_POINT('',(6.E0,-3.35E0,-2.E1));
#6851=LINE('',#6850,#6849);
#6852=DIRECTION('',(0.E0,0.E0,1.E0));
#6853=VECTOR('',#6852,7.525E0);
#6854=CARTESIAN_POINT('',(6.E0,-4.65E0,-2.E1));
#6855=LINE('',#6854,#6853);
#6856=CARTESIAN_POINT('',(6.E0,-4.E0,-1.2475E1));
#6857=DIRECTION('',(0.E0,0.E0,1.E0));
#6858=DIRECTION('',(0.E0,1.E0,0.E0));
#6859=AXIS2_PLACEMENT_3D('',#6856,#6857,#6858);
#6861=CARTESIAN_POINT('',(6.E0,-4.E0,-1.2475E1));
#6862=DIRECTION('',(0.E0,0.E0,-1.E0));
#6863=DIRECTION('',(0.E0,1.E0,0.E0));
#6864=AXIS2_PLACEMENT_3D('',#6861,#6862,#6863);
#6866=DIRECTION('',(0.E0,0.E0,1.E0));
#6867=VECTOR('',#6866,7.525E0);
#6868=CARTESIAN_POINT('',(1.E1,-3.35E0,-2.E1));
#6869=LINE('',#6868,#6867);
#6870=DIRECTION('',(0.E0,0.E0,1.E0));
#6871=VECTOR('',#6870,7.525E0);
#6872=CARTESIAN_POINT('',(1.E1,-4.65E0,-2.E1));
#6873=LINE('',#6872,#6871);
#6874=CARTESIAN_POINT('',(1.E1,-4.E0,-1.2475E1));
#6875=DIRECTION('',(0.E0,0.E0,1.E0));
#6876=DIRECTION('',(0.E0,1.E0,0.E0));
#6877=AXIS2_PLACEMENT_3D('',#6874,#6875,#6876);
#6879=CARTESIAN_POINT('',(1.E1,-4.E0,-1.2475E1));
#6880=DIRECTION('',(0.E0,0.E0,-1.E0));
#6881=DIRECTION('',(0.E0,1.E0,0.E0));
#6882=AXIS2_PLACEMENT_3D('',#6879,#6880,#6881);
#6884=DIRECTION('',(0.E0,0.E0,1.E0));
#6885=VECTOR('',#6884,7.525E0);
#6886=CARTESIAN_POINT('',(1.4E1,-3.35E0,-2.E1));
#6887=LINE('',#6886,#6885);
#6888=DIRECTION('',(0.E0,0.E0,1.E0));
#6889=VECTOR('',#6888,7.525E0);
#6890=CARTESIAN_POINT('',(1.4E1,-4.65E0,-2.E1));
#6891=LINE('',#6890,#6889);
#6892=CARTESIAN_POINT('',(1.4E1,-4.E0,-1.2475E1));
#6893=DIRECTION('',(0.E0,0.E0,1.E0));
#6894=DIRECTION('',(0.E0,1.E0,0.E0));
#6895=AXIS2_PLACEMENT_3D('',#6892,#6893,#6894);
#6897=CARTESIAN_POINT('',(1.4E1,-4.E0,-1.2475E1));
#6898=DIRECTION('',(0.E0,0.E0,-1.E0));
#6899=DIRECTION('',(0.E0,1.E0,0.E0));
#6900=AXIS2_PLACEMENT_3D('',#6897,#6898,#6899);
#6902=DIRECTION('',(0.E0,0.E0,1.E0));
#6903=VECTOR('',#6902,7.525E0);
#6904=CARTESIAN_POINT('',(-1.265E1,0.E0,-2.E1));
#6905=LINE('',#6904,#6903);
#6906=DIRECTION('',(0.E0,0.E0,1.E0));
#6907=VECTOR('',#6906,7.525E0);
#6908=CARTESIAN_POINT('',(-1.135E1,0.E0,-2.E1));
#6909=LINE('',#6908,#6907);
#6910=CARTESIAN_POINT('',(-1.2E1,0.E0,-1.2475E1));
#6911=DIRECTION('',(0.E0,0.E0,-1.E0));
#6912=DIRECTION('',(1.E0,0.E0,0.E0));
#6913=AXIS2_PLACEMENT_3D('',#6910,#6911,#6912);
#6915=CARTESIAN_POINT('',(-1.2E1,0.E0,-1.2475E1));
#6916=DIRECTION('',(0.E0,0.E0,1.E0));
#6917=DIRECTION('',(1.E0,0.E0,0.E0));
#6918=AXIS2_PLACEMENT_3D('',#6915,#6916,#6917);
#6920=DIRECTION('',(0.E0,0.E0,1.E0));
#6921=VECTOR('',#6920,7.525E0);
#6922=CARTESIAN_POINT('',(-8.65E0,0.E0,-2.E1));
#6923=LINE('',#6922,#6921);
#6924=DIRECTION('',(0.E0,0.E0,1.E0));
#6925=VECTOR('',#6924,7.525E0);
#6926=CARTESIAN_POINT('',(-7.35E0,0.E0,-2.E1));
#6927=LINE('',#6926,#6925);
#6928=CARTESIAN_POINT('',(-8.E0,0.E0,-1.2475E1));
#6929=DIRECTION('',(0.E0,0.E0,-1.E0));
#6930=DIRECTION('',(1.E0,0.E0,0.E0));
#6931=AXIS2_PLACEMENT_3D('',#6928,#6929,#6930);
#6933=CARTESIAN_POINT('',(-8.E0,0.E0,-1.2475E1));
#6934=DIRECTION('',(0.E0,0.E0,1.E0));
#6935=DIRECTION('',(1.E0,0.E0,0.E0));
#6936=AXIS2_PLACEMENT_3D('',#6933,#6934,#6935);
#6938=DIRECTION('',(0.E0,0.E0,1.E0));
#6939=VECTOR('',#6938,7.525E0);
#6940=CARTESIAN_POINT('',(-4.65E0,0.E0,-2.E1));
#6941=LINE('',#6940,#6939);
#6942=DIRECTION('',(0.E0,0.E0,1.E0));
#6943=VECTOR('',#6942,7.525E0);
#6944=CARTESIAN_POINT('',(-3.35E0,0.E0,-2.E1));
#6945=LINE('',#6944,#6943);
#6946=CARTESIAN_POINT('',(-4.E0,0.E0,-1.2475E1));
#6947=DIRECTION('',(0.E0,0.E0,-1.E0));
#6948=DIRECTION('',(1.E0,0.E0,0.E0));
#6949=AXIS2_PLACEMENT_3D('',#6946,#6947,#6948);
#6951=CARTESIAN_POINT('',(-4.E0,0.E0,-1.2475E1));
#6952=DIRECTION('',(0.E0,0.E0,1.E0));
#6953=DIRECTION('',(1.E0,0.E0,0.E0));
#6954=AXIS2_PLACEMENT_3D('',#6951,#6952,#6953);
#6956=DIRECTION('',(0.E0,0.E0,1.E0));
#6957=VECTOR('',#6956,7.525E0);
#6958=CARTESIAN_POINT('',(-6.5E-1,0.E0,-2.E1));
#6959=LINE('',#6958,#6957);
#6960=DIRECTION('',(0.E0,0.E0,1.E0));
#6961=VECTOR('',#6960,7.525E0);
#6962=CARTESIAN_POINT('',(6.5E-1,0.E0,-2.E1));
#6963=LINE('',#6962,#6961);
#6964=CARTESIAN_POINT('',(0.E0,0.E0,-1.2475E1));
#6965=DIRECTION('',(0.E0,0.E0,-1.E0));
#6966=DIRECTION('',(1.E0,0.E0,0.E0));
#6967=AXIS2_PLACEMENT_3D('',#6964,#6965,#6966);
#6969=CARTESIAN_POINT('',(0.E0,0.E0,-1.2475E1));
#6970=DIRECTION('',(0.E0,0.E0,1.E0));
#6971=DIRECTION('',(1.E0,0.E0,0.E0));
#6972=AXIS2_PLACEMENT_3D('',#6969,#6970,#6971);
#6974=DIRECTION('',(0.E0,0.E0,1.E0));
#6975=VECTOR('',#6974,7.525E0);
#6976=CARTESIAN_POINT('',(3.35E0,0.E0,-2.E1));
#6977=LINE('',#6976,#6975);
#6978=DIRECTION('',(0.E0,0.E0,1.E0));
#6979=VECTOR('',#6978,7.525E0);
#6980=CARTESIAN_POINT('',(4.65E0,0.E0,-2.E1));
#6981=LINE('',#6980,#6979);
#6982=CARTESIAN_POINT('',(4.E0,0.E0,-1.2475E1));
#6983=DIRECTION('',(0.E0,0.E0,-1.E0));
#6984=DIRECTION('',(1.E0,0.E0,0.E0));
#6985=AXIS2_PLACEMENT_3D('',#6982,#6983,#6984);
#6987=CARTESIAN_POINT('',(4.E0,0.E0,-1.2475E1));
#6988=DIRECTION('',(0.E0,0.E0,1.E0));
#6989=DIRECTION('',(1.E0,0.E0,0.E0));
#6990=AXIS2_PLACEMENT_3D('',#6987,#6988,#6989);
#6992=DIRECTION('',(0.E0,0.E0,1.E0));
#6993=VECTOR('',#6992,7.525E0);
#6994=CARTESIAN_POINT('',(7.35E0,0.E0,-2.E1));
#6995=LINE('',#6994,#6993);
#6996=DIRECTION('',(0.E0,0.E0,1.E0));
#6997=VECTOR('',#6996,7.525E0);
#6998=CARTESIAN_POINT('',(8.65E0,0.E0,-2.E1));
#6999=LINE('',#6998,#6997);
#7000=CARTESIAN_POINT('',(8.E0,0.E0,-1.2475E1));
#7001=DIRECTION('',(0.E0,0.E0,-1.E0));
#7002=DIRECTION('',(1.E0,0.E0,0.E0));
#7003=AXIS2_PLACEMENT_3D('',#7000,#7001,#7002);
#7005=CARTESIAN_POINT('',(8.E0,0.E0,-1.2475E1));
#7006=DIRECTION('',(0.E0,0.E0,1.E0));
#7007=DIRECTION('',(1.E0,0.E0,0.E0));
#7008=AXIS2_PLACEMENT_3D('',#7005,#7006,#7007);
#7010=DIRECTION('',(0.E0,0.E0,1.E0));
#7011=VECTOR('',#7010,7.525E0);
#7012=CARTESIAN_POINT('',(1.135E1,0.E0,-2.E1));
#7013=LINE('',#7012,#7011);
#7014=DIRECTION('',(0.E0,0.E0,1.E0));
#7015=VECTOR('',#7014,7.525E0);
#7016=CARTESIAN_POINT('',(1.265E1,0.E0,-2.E1));
#7017=LINE('',#7016,#7015);
#7018=CARTESIAN_POINT('',(1.2E1,0.E0,-1.2475E1));
#7019=DIRECTION('',(0.E0,0.E0,-1.E0));
#7020=DIRECTION('',(1.E0,0.E0,0.E0));
#7021=AXIS2_PLACEMENT_3D('',#7018,#7019,#7020);
#7023=CARTESIAN_POINT('',(1.2E1,0.E0,-1.2475E1));
#7024=DIRECTION('',(0.E0,0.E0,1.E0));
#7025=DIRECTION('',(1.E0,0.E0,0.E0));
#7026=AXIS2_PLACEMENT_3D('',#7023,#7024,#7025);
#7028=DIRECTION('',(0.E0,0.E0,1.E0));
#7029=VECTOR('',#7028,4.000000064E-1);
#7030=CARTESIAN_POINT('',(-1.731770833954E1,-3.324468061328E-1,
-2.020000000640E1));
#7031=LINE('',#7030,#7029);
#7032=DIRECTION('',(0.E0,0.E0,-1.E0));
#7033=VECTOR('',#7032,4.000000064E-1);
#7034=CARTESIAN_POINT('',(-1.744791666511E1,-3.324468061328E-1,-1.98E1));
#7035=LINE('',#7034,#7033);
#7036=DIRECTION('',(0.E0,0.E0,1.E0));
#7037=VECTOR('',#7036,4.000000064E-1);
#7038=CARTESIAN_POINT('',(-1.7265625E1,-4.122340492904E-1,-2.020000000640E1));
#7039=LINE('',#7038,#7037);
#7040=DIRECTION('',(0.E0,0.E0,1.E0));
#7041=VECTOR('',#7040,4.000000064E-1);
#7042=CARTESIAN_POINT('',(-1.71875E1,-4.654255323112E-1,-2.020000000640E1));
#7043=LINE('',#7042,#7041);
#7044=DIRECTION('',(0.E0,0.E0,1.E0));
#7045=VECTOR('',#7044,4.000000064E-1);
#7046=CARTESIAN_POINT('',(-1.7109375E1,-4.920212738216E-1,-2.020000000640E1));
#7047=LINE('',#7046,#7045);
#7048=DIRECTION('',(0.E0,0.E0,1.E0));
#7049=VECTOR('',#7048,4.000000064E-1);
#7050=CARTESIAN_POINT('',(-1.6953125E1,-4.920212738216E-1,-2.020000000640E1));
#7051=LINE('',#7050,#7049);
#7052=DIRECTION('',(0.E0,0.E0,1.E0));
#7053=VECTOR('',#7052,4.000000064E-1);
#7054=CARTESIAN_POINT('',(-1.6875E1,-4.654255323112E-1,-2.020000000640E1));
#7055=LINE('',#7054,#7053);
#7056=DIRECTION('',(0.E0,0.E0,1.E0));
#7057=VECTOR('',#7056,4.000000064E-1);
#7058=CARTESIAN_POINT('',(-1.6796875E1,-4.122340492904E-1,-2.020000000640E1));
#7059=LINE('',#7058,#7057);
#7060=DIRECTION('',(0.E0,0.E0,1.E0));
#7061=VECTOR('',#7060,4.000000064E-1);
#7062=CARTESIAN_POINT('',(-1.674479164183E1,-3.324468061328E-1,
-2.020000000640E1));
#7063=LINE('',#7062,#7061);
#7064=DIRECTION('',(0.E0,0.E0,1.E0));
#7065=VECTOR('',#7064,4.000000064E-1);
#7066=CARTESIAN_POINT('',(-1.671875E1,-2.526595816016E-1,-2.020000000640E1));
#7067=LINE('',#7066,#7065);
#7068=DIRECTION('',(0.E0,0.E0,1.E0));
#7069=VECTOR('',#7068,4.000000064E-1);
#7070=CARTESIAN_POINT('',(-1.669270835817E1,-9.308509528637E-2,
-2.020000000640E1));
#7071=LINE('',#7070,#7069);
#7072=DIRECTION('',(0.E0,0.E0,1.E0));
#7073=VECTOR('',#7072,4.000000064E-1);
#7074=CARTESIAN_POINT('',(-1.669270835817E1,-3.989361226559E-2,
-2.020000000640E1));
#7075=LINE('',#7074,#7073);
#7076=DIRECTION('',(0.E0,0.E0,1.E0));
#7077=VECTOR('',#7076,4.000000064E-1);
#7078=CARTESIAN_POINT('',(-1.684895835817E1,-1.462765783072E-1,
-2.020000000640E1));
#7079=LINE('',#7078,#7077);
#7080=DIRECTION('',(0.E0,0.E0,1.E0));
#7081=VECTOR('',#7080,4.000000064E-1);
#7082=CARTESIAN_POINT('',(-1.697916667908E1,-1.728723570704E-1,
-2.020000000640E1));
#7083=LINE('',#7082,#7081);
#7084=DIRECTION('',(0.E0,0.E0,1.E0));
#7085=VECTOR('',#7084,4.000000064E-1);
#7086=CARTESIAN_POINT('',(-1.7109375E1,-1.728723570704E-1,-2.020000000640E1));
#7087=LINE('',#7086,#7085);
#7088=DIRECTION('',(0.E0,0.E0,1.E0));
#7089=VECTOR('',#7088,4.000000064E-1);
#7090=CARTESIAN_POINT('',(-1.723958333954E1,-1.462765783072E-1,
-2.020000000640E1));
#7091=LINE('',#7090,#7089);
#7092=DIRECTION('',(0.E0,0.E0,1.E0));
#7093=VECTOR('',#7092,4.000000064E-1);
#7094=CARTESIAN_POINT('',(-1.736979166977E1,-6.648935377598E-2,
-2.020000000640E1));
#7095=LINE('',#7094,#7093);
#7096=DIRECTION('',(0.E0,0.E0,1.E0));
#7097=VECTOR('',#7096,4.000000064E-1);
#7098=CARTESIAN_POINT('',(-1.744791666511E1,3.989361226559E-2,
-2.020000000640E1));
#7099=LINE('',#7098,#7097);
#7100=DIRECTION('',(0.E0,0.E0,1.E0));
#7101=VECTOR('',#7100,4.000000064E-1);
#7102=CARTESIAN_POINT('',(-1.75E1,1.728723198175E-1,-2.020000000640E1));
#7103=LINE('',#7102,#7101);
#7104=DIRECTION('',(0.E0,0.E0,1.E0));
#7105=VECTOR('',#7104,4.000000064E-1);
#7106=CARTESIAN_POINT('',(-1.75E1,2.792552858591E-1,-2.020000000640E1));
#7107=LINE('',#7106,#7105);
#7108=DIRECTION('',(0.E0,0.E0,1.E0));
#7109=VECTOR('',#7108,4.000000064E-1);
#7110=CARTESIAN_POINT('',(-1.744791666511E1,4.122340679169E-1,
-2.020000000640E1));
#7111=LINE('',#7110,#7109);
#7112=DIRECTION('',(0.E0,0.E0,1.E0));
#7113=VECTOR('',#7112,4.000000064E-1);
#7114=CARTESIAN_POINT('',(-1.736979166977E1,5.186170339584E-1,
-2.020000000640E1));
#7115=LINE('',#7114,#7113);
#7116=DIRECTION('',(0.E0,0.E0,1.E0));
#7117=VECTOR('',#7116,4.000000064E-1);
#7118=CARTESIAN_POINT('',(-1.723958333954E1,5.984042584896E-1,
-2.020000000640E1));
#7119=LINE('',#7118,#7117);
#7120=DIRECTION('',(0.E0,0.E0,1.E0));
#7121=VECTOR('',#7120,4.000000064E-1);
#7122=CARTESIAN_POINT('',(-1.7109375E1,6.25E-1,-2.020000000640E1));
#7123=LINE('',#7122,#7121);
#7124=DIRECTION('',(0.E0,0.E0,1.E0));
#7125=VECTOR('',#7124,4.000000064E-1);
#7126=CARTESIAN_POINT('',(-1.697916667908E1,6.25E-1,-2.020000000640E1));
#7127=LINE('',#7126,#7125);
#7128=DIRECTION('',(0.E0,0.E0,1.E0));
#7129=VECTOR('',#7128,4.000000064E-1);
#7130=CARTESIAN_POINT('',(-1.684895835817E1,5.984042584896E-1,
-2.020000000640E1));
#7131=LINE('',#7130,#7129);
#7132=DIRECTION('',(0.E0,0.E0,1.E0));
#7133=VECTOR('',#7132,4.000000064E-1);
#7134=CARTESIAN_POINT('',(-1.671875E1,5.186170339584E-1,-2.020000000640E1));
#7135=LINE('',#7134,#7133);
#7136=DIRECTION('',(0.E0,0.E0,1.E0));
#7137=VECTOR('',#7136,4.000000064E-1);
#7138=CARTESIAN_POINT('',(-1.6640625E1,4.122340679169E-1,-2.020000000640E1));
#7139=LINE('',#7138,#7137);
#7140=DIRECTION('',(0.E0,0.E0,1.E0));
#7141=VECTOR('',#7140,4.000000064E-1);
#7142=CARTESIAN_POINT('',(-1.658854164183E1,2.792552858591E-1,
-2.020000000640E1));
#7143=LINE('',#7142,#7141);
#7144=DIRECTION('',(0.E0,0.E0,1.E0));
#7145=VECTOR('',#7144,4.000000064E-1);
#7146=CARTESIAN_POINT('',(-1.65625E1,9.308509528637E-2,-2.020000000640E1));
#7147=LINE('',#7146,#7145);
#7148=DIRECTION('',(0.E0,0.E0,1.E0));
#7149=VECTOR('',#7148,4.000000064E-1);
#7150=CARTESIAN_POINT('',(-1.65625E1,-9.308509528637E-2,-2.020000000640E1));
#7151=LINE('',#7150,#7149);
#7152=DIRECTION('',(0.E0,0.E0,1.E0));
#7153=VECTOR('',#7152,4.000000064E-1);
#7154=CARTESIAN_POINT('',(-1.658854164183E1,-2.792553231120E-1,
-2.020000000640E1));
#7155=LINE('',#7154,#7153);
#7156=DIRECTION('',(0.E0,0.E0,1.E0));
#7157=VECTOR('',#7156,4.000000064E-1);
#7158=CARTESIAN_POINT('',(-1.6640625E1,-4.122340492904E-1,-2.020000000640E1));
#7159=LINE('',#7158,#7157);
#7160=DIRECTION('',(0.E0,0.E0,1.E0));
#7161=VECTOR('',#7160,4.000000064E-1);
#7162=CARTESIAN_POINT('',(-1.671875E1,-5.186170246452E-1,-2.020000000640E1));
#7163=LINE('',#7162,#7161);
#7164=DIRECTION('',(0.E0,0.E0,1.E0));
#7165=VECTOR('',#7164,4.000000064E-1);
#7166=CARTESIAN_POINT('',(-1.684895835817E1,-5.984042561613E-1,
-2.020000000640E1));
#7167=LINE('',#7166,#7165);
#7168=DIRECTION('',(0.E0,0.E0,1.E0));
#7169=VECTOR('',#7168,4.000000064E-1);
#7170=CARTESIAN_POINT('',(-1.697916667908E1,-6.25E-1,-2.020000000640E1));
#7171=LINE('',#7170,#7169);
#7172=DIRECTION('',(0.E0,0.E0,1.E0));
#7173=VECTOR('',#7172,4.000000064E-1);
#7174=CARTESIAN_POINT('',(-1.708333332092E1,-6.25E-1,-2.020000000640E1));
#7175=LINE('',#7174,#7173);
#7176=DIRECTION('',(0.E0,0.E0,1.E0));
#7177=VECTOR('',#7176,4.000000064E-1);
#7178=CARTESIAN_POINT('',(-1.721354166046E1,-5.984042561613E-1,
-2.020000000640E1));
#7179=LINE('',#7178,#7177);
#7180=DIRECTION('',(0.E0,0.E0,1.E0));
#7181=VECTOR('',#7180,4.000000064E-1);
#7182=CARTESIAN_POINT('',(-1.734375E1,-5.186170246452E-1,-2.020000000640E1));
#7183=LINE('',#7182,#7181);
#7184=DIRECTION('',(0.E0,-1.026956281347E-14,1.E0));
#7185=VECTOR('',#7184,4.000000064E-1);
#7186=CARTESIAN_POINT('',(-1.7421875E1,-4.122340492904E-1,-2.020000000640E1));
#7187=LINE('',#7186,#7185);
#7188=DIRECTION('',(0.E0,0.E0,1.E0));
#7189=VECTOR('',#7188,4.000000064E-1);
#7190=CARTESIAN_POINT('',(-1.764375E1,-6.625E0,-2.020000000640E1));
#7191=LINE('',#7190,#7189);
#7192=DIRECTION('',(0.E0,0.E0,-1.E0));
#7193=VECTOR('',#7192,4.000000064E-1);
#7194=CARTESIAN_POINT('',(-1.74875E1,-6.625E0,-1.98E1));
#7195=LINE('',#7194,#7193);
#7196=DIRECTION('',(0.E0,0.E0,1.E0));
#7197=VECTOR('',#7196,4.000000064E-1);
#7198=CARTESIAN_POINT('',(-1.764375E1,-5.587765932083E0,-2.020000000640E1));
#7199=LINE('',#7198,#7197);
#7200=DIRECTION('',(0.E0,0.E0,1.E0));
#7201=VECTOR('',#7200,4.000000064E-1);
#7202=CARTESIAN_POINT('',(-1.78E1,-5.773936197162E0,-2.020000000640E1));
#7203=LINE('',#7202,#7201);
#7204=DIRECTION('',(0.E0,0.E0,1.E0));
#7205=VECTOR('',#7204,4.000000064E-1);
#7206=CARTESIAN_POINT('',(-1.78E1,-5.561170190573E0,-2.020000000640E1));
#7207=LINE('',#7206,#7205);
#7208=DIRECTION('',(0.E0,0.E0,1.E0));
#7209=VECTOR('',#7208,4.000000064E-1);
#7210=CARTESIAN_POINT('',(-1.764375E1,-5.375E0,-2.020000000640E1));
#7211=LINE('',#7210,#7209);
#7212=DIRECTION('',(0.E0,0.E0,1.E0));
#7213=VECTOR('',#7212,4.000000064E-1);
#7214=CARTESIAN_POINT('',(-1.74875E1,-5.375E0,-2.020000000640E1));
#7215=LINE('',#7214,#7213);
#7216=DIRECTION('',(-1.776356810979E-14,0.E0,1.E0));
#7217=VECTOR('',#7216,4.000000064E-1);
#7218=CARTESIAN_POINT('',(-1.655E1,-6.039893612266E0,-2.020000000640E1));
#7219=LINE('',#7218,#7217);
#7220=DIRECTION('',(0.E0,0.E0,-1.E0));
#7221=VECTOR('',#7220,4.000000064E-1);
#7222=CARTESIAN_POINT('',(-1.649791671634E1,-6.093085095286E0,-1.98E1));
#7223=LINE('',#7222,#7221);
#7224=DIRECTION('',(0.E0,0.E0,1.E0));
#7225=VECTOR('',#7224,4.000000064E-1);
#7226=CARTESIAN_POINT('',(-1.6628125E1,-5.986702129245E0,-2.020000000640E1));
#7227=LINE('',#7226,#7225);
#7228=DIRECTION('',(0.E0,0.E0,1.E0));
#7229=VECTOR('',#7228,4.000000064E-1);
#7230=CARTESIAN_POINT('',(-1.670625E1,-5.960106387734E0,-2.020000000640E1));
#7231=LINE('',#7230,#7229);
#7232=DIRECTION('',(0.E0,0.E0,1.E0));
#7233=VECTOR('',#7232,4.000000064E-1);
#7234=CARTESIAN_POINT('',(-1.688854164183E1,-5.960106387734E0,
-2.020000000640E1));
#7235=LINE('',#7234,#7233);
#7236=DIRECTION('',(0.E0,0.E0,1.E0));
#7237=VECTOR('',#7236,4.000000064E-1);
#7238=CARTESIAN_POINT('',(-1.696666664183E1,-5.986702129245E0,
-2.020000000640E1));
#7239=LINE('',#7238,#7237);
#7240=DIRECTION('',(-1.776356810979E-14,0.E0,1.E0));
#7241=VECTOR('',#7240,4.000000064E-1);
#7242=CARTESIAN_POINT('',(-1.704479164183E1,-6.039893612266E0,
-2.020000000640E1));
#7243=LINE('',#7242,#7241);
#7244=DIRECTION('',(0.E0,0.E0,1.E0));
#7245=VECTOR('',#7244,4.000000064E-1);
#7246=CARTESIAN_POINT('',(-1.7096875E1,-6.093085095286E0,-2.020000000640E1));
#7247=LINE('',#7246,#7245);
#7248=DIRECTION('',(0.E0,0.E0,1.E0));
#7249=VECTOR('',#7248,4.000000064E-1);
#7250=CARTESIAN_POINT('',(-1.712291664183E1,-6.172872357070E0,
-2.020000000640E1));
#7251=LINE('',#7250,#7249);
#7252=DIRECTION('',(0.E0,0.E0,1.E0));
#7253=VECTOR('',#7252,4.000000064E-1);
#7254=CARTESIAN_POINT('',(-1.712291664183E1,-6.252659581602E0,
-2.020000000640E1));
#7255=LINE('',#7254,#7253);
#7256=DIRECTION('',(0.E0,0.E0,1.E0));
#7257=VECTOR('',#7256,4.000000064E-1);
#7258=CARTESIAN_POINT('',(-1.7096875E1,-6.332446806133E0,-2.020000000640E1));
#7259=LINE('',#7258,#7257);
#7260=DIRECTION('',(-1.776356810979E-14,0.E0,1.E0));
#7261=VECTOR('',#7260,4.000000064E-1);
#7262=CARTESIAN_POINT('',(-1.704479164183E1,-6.412234049290E0,
-2.020000000640E1));
#7263=LINE('',#7262,#7261);
#7264=DIRECTION('',(0.E0,0.E0,1.E0));
#7265=VECTOR('',#7264,4.000000064E-1);
#7266=CARTESIAN_POINT('',(-1.696666664183E1,-6.465425532311E0,
-2.020000000640E1));
#7267=LINE('',#7266,#7265);
#7268=DIRECTION('',(0.E0,0.E0,1.E0));
#7269=VECTOR('',#7268,4.000000064E-1);
#7270=CARTESIAN_POINT('',(-1.688854164183E1,-6.492021273822E0,
-2.020000000640E1));
#7271=LINE('',#7270,#7269);
#7272=DIRECTION('',(0.E0,0.E0,1.E0));
#7273=VECTOR('',#7272,4.000000064E-1);
#7274=CARTESIAN_POINT('',(-1.670625E1,-6.492021273822E0,-2.020000000640E1));
#7275=LINE('',#7274,#7273);
#7276=DIRECTION('',(0.E0,0.E0,1.E0));
#7277=VECTOR('',#7276,4.000000064E-1);
#7278=CARTESIAN_POINT('',(-1.6628125E1,-6.465425532311E0,-2.020000000640E1));
#7279=LINE('',#7278,#7277);
#7280=DIRECTION('',(0.E0,0.E0,1.E0));
#7281=VECTOR('',#7280,4.000000064E-1);
#7282=CARTESIAN_POINT('',(-1.655E1,-6.412234049290E0,-2.020000000640E1));
#7283=LINE('',#7282,#7281);
#7284=DIRECTION('',(0.E0,0.E0,1.E0));
#7285=VECTOR('',#7284,4.000000064E-1);
#7286=CARTESIAN_POINT('',(-1.649791671634E1,-6.332446806133E0,
-2.020000000640E1));
#7287=LINE('',#7286,#7285);
#7288=DIRECTION('',(0.E0,0.E0,1.E0));
#7289=VECTOR('',#7288,4.000000064E-1);
#7290=CARTESIAN_POINT('',(-1.6471875E1,-6.252659581602E0,-2.020000000640E1));
#7291=LINE('',#7290,#7289);
#7292=DIRECTION('',(0.E0,0.E0,1.E0));
#7293=VECTOR('',#7292,4.000000064E-1);
#7294=CARTESIAN_POINT('',(-1.6471875E1,-6.172872357070E0,-2.020000000640E1));
#7295=LINE('',#7294,#7293);
#7296=CARTESIAN_POINT('',(2.295E1,1.08E1,-3.625E1));
#7297=CARTESIAN_POINT('',(2.445E1,1.08E1,-3.625E1));
#7298=VERTEX_POINT('',#7296);
#7299=VERTEX_POINT('',#7297);
#7300=CARTESIAN_POINT('',(2.295E1,1.08E1,-3.425E1));
#7301=CARTESIAN_POINT('',(2.445E1,1.08E1,-3.425E1));
#7302=VERTEX_POINT('',#7300);
#7303=VERTEX_POINT('',#7301);
#7304=CARTESIAN_POINT('',(3.04E1,1.105E1,-2.85E1));
#7305=CARTESIAN_POINT('',(3.04E1,9.7E0,-2.85E1));
#7306=VERTEX_POINT('',#7304);
#7307=VERTEX_POINT('',#7305);
#7308=CARTESIAN_POINT('',(2.710440890611E1,9.7E0,-2.85E1));
#7309=VERTEX_POINT('',#7308);
#7310=CARTESIAN_POINT('',(2.710440890611E1,1.19E1,-2.85E1));
#7311=CARTESIAN_POINT('',(3.032722031170E1,1.19E1,-2.85E1));
#7312=VERTEX_POINT('',#7310);
#7313=VERTEX_POINT('',#7311);
#7314=CARTESIAN_POINT('',(3.04E1,-6.2E0,-2.85E1));
#7315=CARTESIAN_POINT('',(3.04E1,-8.4E0,-2.85E1));
#7316=VERTEX_POINT('',#7314);
#7317=VERTEX_POINT('',#7315);
#7318=CARTESIAN_POINT('',(2.860440890611E1,-8.4E0,-2.85E1));
#7319=VERTEX_POINT('',#7318);
#7320=CARTESIAN_POINT('',(2.860440890611E1,-6.2E0,-2.85E1));
#7321=VERTEX_POINT('',#7320);
#7322=CARTESIAN_POINT('',(2.625330668455E1,9.225000008058E0,-2.85E1));
#7323=CARTESIAN_POINT('',(2.67E1,1.08E1,-2.85E1));
#7324=VERTEX_POINT('',#7322);
#7325=VERTEX_POINT('',#7323);
#7326=CARTESIAN_POINT('',(2.625330667958E1,9.225E0,-2.2E1));
#7327=VERTEX_POINT('',#7326);
#7328=CARTESIAN_POINT('',(2.625330667564E1,1.237500000639E1,-2.85E1));
#7329=VERTEX_POINT('',#7328);
#7330=CARTESIAN_POINT('',(2.625330667958E1,1.2375E1,-2.2E1));
#7331=VERTEX_POINT('',#7330);
#7332=CARTESIAN_POINT('',(2.775330667564E1,-8.875000006395E0,-2.85E1));
#7333=CARTESIAN_POINT('',(2.82E1,-7.3E0,-2.85E1));
#7334=VERTEX_POINT('',#7332);
#7335=VERTEX_POINT('',#7333);
#7336=CARTESIAN_POINT('',(2.775330667958E1,-8.875E0,-2.2E1));
#7337=VERTEX_POINT('',#7336);
#7338=CARTESIAN_POINT('',(2.775330668455E1,-5.725000008058E0,-2.85E1));
#7339=VERTEX_POINT('',#7338);
#7340=CARTESIAN_POINT('',(2.775330667958E1,-5.725E0,-2.2E1));
#7341=VERTEX_POINT('',#7340);
#7342=CARTESIAN_POINT('',(-2.67E1,1.08E1,-2.85E1));
#7343=CARTESIAN_POINT('',(-2.625330668455E1,9.225000008058E0,-2.85E1));
#7344=VERTEX_POINT('',#7342);
#7345=VERTEX_POINT('',#7343);
#7346=CARTESIAN_POINT('',(-2.625330667564E1,1.237500000639E1,-2.85E1));
#7347=VERTEX_POINT('',#7346);
#7348=CARTESIAN_POINT('',(-2.82E1,-7.3E0,-2.85E1));
#7349=CARTESIAN_POINT('',(-2.775330667564E1,-8.875000006395E0,-2.85E1));
#7350=VERTEX_POINT('',#7348);
#7351=VERTEX_POINT('',#7349);
#7352=CARTESIAN_POINT('',(-2.775330668455E1,-5.725000008058E0,-2.85E1));
#7353=VERTEX_POINT('',#7352);
#7354=CARTESIAN_POINT('',(2.710440890611E1,9.7E0,-2.2E1));
#7355=VERTEX_POINT('',#7354);
#7356=CARTESIAN_POINT('',(2.710440890611E1,1.19E1,-2.2E1));
#7357=VERTEX_POINT('',#7356);
#7358=CARTESIAN_POINT('',(2.860440890611E1,-8.4E0,-2.2E1));
#7359=VERTEX_POINT('',#7358);
#7360=CARTESIAN_POINT('',(2.860440890611E1,-6.2E0,-2.2E1));
#7361=VERTEX_POINT('',#7360);
#7362=CARTESIAN_POINT('',(1.67E1,7.E0,-2.6E1));
#7363=CARTESIAN_POINT('',(1.67E1,-7.E0,-2.6E1));
#7364=VERTEX_POINT('',#7362);
#7365=VERTEX_POINT('',#7363);
#7366=CARTESIAN_POINT('',(-1.67E1,-7.E0,-2.6E1));
#7367=VERTEX_POINT('',#7366);
#7368=CARTESIAN_POINT('',(-1.67E1,7.E0,-2.6E1));
#7369=VERTEX_POINT('',#7368);
#7370=CARTESIAN_POINT('',(1.67E1,7.E0,-2.2E1));
#7371=VERTEX_POINT('',#7370);
#7372=CARTESIAN_POINT('',(1.67E1,-7.E0,-2.2E1));
#7373=VERTEX_POINT('',#7372);
#7374=CARTESIAN_POINT('',(-1.67E1,-7.E0,-2.2E1));
#7375=VERTEX_POINT('',#7374);
#7376=CARTESIAN_POINT('',(-1.67E1,7.E0,-2.2E1));
#7377=VERTEX_POINT('',#7376);
#7378=CARTESIAN_POINT('',(-2.604520787991E1,1.305E1,-1.925E1));
#7379=CARTESIAN_POINT('',(-2.287179838043E1,7.657297010958E0,-1.925E1));
#7380=VERTEX_POINT('',#7378);
#7381=VERTEX_POINT('',#7379);
#7382=CARTESIAN_POINT('',(-1.995E1,1.18E1,-1.925E1));
#7383=CARTESIAN_POINT('',(-2.083235294118E1,1.232941176471E1,-1.925E1));
#7384=VERTEX_POINT('',#7382);
#7385=VERTEX_POINT('',#7383);
#7386=CARTESIAN_POINT('',(-2.135479212009E1,1.305E1,-1.925E1));
#7387=VERTEX_POINT('',#7386);
#7388=CARTESIAN_POINT('',(-2.74E1,-4.907825257219E0,-1.925E1));
#7389=CARTESIAN_POINT('',(-2.74E1,-9.692174742781E0,-1.925E1));
#7390=VERTEX_POINT('',#7388);
#7391=VERTEX_POINT('',#7389);
#7392=CARTESIAN_POINT('',(-2.52E1,-1.055E1,-1.925E1));
#7393=VERTEX_POINT('',#7392);
#7394=CARTESIAN_POINT('',(-2.27E1,-4.05E0,-1.925E1));
#7395=CARTESIAN_POINT('',(-2.52E1,-4.05E0,-1.925E1));
#7396=VERTEX_POINT('',#7394);
#7397=VERTEX_POINT('',#7395);
#7398=CARTESIAN_POINT('',(2.604520787991E1,1.305E1,-1.925E1));
#7399=CARTESIAN_POINT('',(2.135479212009E1,1.305E1,-1.925E1));
#7400=VERTEX_POINT('',#7398);
#7401=VERTEX_POINT('',#7399);
#7402=CARTESIAN_POINT('',(2.083235294118E1,1.232941176471E1,-1.925E1));
#7403=VERTEX_POINT('',#7402);
#7404=CARTESIAN_POINT('',(1.995E1,1.18E1,-1.925E1));
#7405=VERTEX_POINT('',#7404);
#7406=CARTESIAN_POINT('',(2.287179838043E1,7.657297010958E0,-1.925E1));
#7407=VERTEX_POINT('',#7406);
#7408=CARTESIAN_POINT('',(2.74E1,-4.907825257219E0,-1.925E1));
#7409=CARTESIAN_POINT('',(2.52E1,-4.05E0,-1.925E1));
#7410=VERTEX_POINT('',#7408);
#7411=VERTEX_POINT('',#7409);
#7412=CARTESIAN_POINT('',(2.27E1,-4.05E0,-1.925E1));
#7413=VERTEX_POINT('',#7412);
#7414=CARTESIAN_POINT('',(2.52E1,-1.055E1,-1.925E1));
#7415=CARTESIAN_POINT('',(2.74E1,-9.692174742781E0,-1.925E1));
#7416=VERTEX_POINT('',#7414);
#7417=VERTEX_POINT('',#7415);
#7418=CARTESIAN_POINT('',(-1.55E1,1.18E1,-1.925E1));
#7419=CARTESIAN_POINT('',(-2.162849945716E1,6.538879333860E0,-1.925E1));
#7420=VERTEX_POINT('',#7418);
#7421=VERTEX_POINT('',#7419);
#7422=CARTESIAN_POINT('',(-2.162849945830E1,6.538879326442E0,-1.95E1));
#7423=VERTEX_POINT('',#7422);
#7424=CARTESIAN_POINT('',(-2.17E1,-3.05E0,-1.925E1));
#7425=CARTESIAN_POINT('',(-2.17E1,-5.6E0,-1.925E1));
#7426=VERTEX_POINT('',#7424);
#7427=VERTEX_POINT('',#7425);
#7428=CARTESIAN_POINT('',(-2.17E1,-3.05E0,-1.95E1));
#7429=VERTEX_POINT('',#7428);
#7430=CARTESIAN_POINT('',(-1.923329613077E1,-1.055E1,-1.925E1));
#7431=VERTEX_POINT('',#7430);
#7432=CARTESIAN_POINT('',(-1.923329613077E1,-1.055E1,-1.95E1));
#7433=VERTEX_POINT('',#7432);
#7434=CARTESIAN_POINT('',(1.923329613077E1,-1.055E1,-1.925E1));
#7435=CARTESIAN_POINT('',(2.17E1,-5.6E0,-1.925E1));
#7436=VERTEX_POINT('',#7434);
#7437=VERTEX_POINT('',#7435);
#7438=CARTESIAN_POINT('',(1.923329613077E1,-1.055E1,-1.95E1));
#7439=VERTEX_POINT('',#7438);
#7440=CARTESIAN_POINT('',(2.17E1,-3.05E0,-1.925E1));
#7441=VERTEX_POINT('',#7440);
#7442=CARTESIAN_POINT('',(2.17E1,-3.05E0,-1.95E1));
#7443=VERTEX_POINT('',#7442);
#7444=CARTESIAN_POINT('',(2.162849945716E1,6.538879333860E0,-1.925E1));
#7445=CARTESIAN_POINT('',(1.55E1,1.18E1,-1.925E1));
#7446=VERTEX_POINT('',#7444);
#7447=VERTEX_POINT('',#7445);
#7448=CARTESIAN_POINT('',(2.162849945830E1,6.538879326442E0,-1.95E1));
#7449=VERTEX_POINT('',#7448);
#7450=CARTESIAN_POINT('',(-2.604520787991E1,1.305E1,-2.E1));
#7451=VERTEX_POINT('',#7450);
#7452=CARTESIAN_POINT('',(-2.287179838043E1,7.657297010958E0,-2.E1));
#7453=VERTEX_POINT('',#7452);
#7454=CARTESIAN_POINT('',(-1.995E1,1.18E1,-2.E1));
#7455=VERTEX_POINT('',#7454);
#7456=CARTESIAN_POINT('',(-2.083235294118E1,1.232941176471E1,-2.E1));
#7457=VERTEX_POINT('',#7456);
#7458=CARTESIAN_POINT('',(-2.135479212009E1,1.305E1,-2.E1));
#7459=VERTEX_POINT('',#7458);
#7460=CARTESIAN_POINT('',(-2.74E1,-4.907825257219E0,-2.E1));
#7461=VERTEX_POINT('',#7460);
#7462=CARTESIAN_POINT('',(-2.74E1,-9.692174742781E0,-2.E1));
#7463=VERTEX_POINT('',#7462);
#7464=CARTESIAN_POINT('',(-2.52E1,-1.055E1,-2.E1));
#7465=VERTEX_POINT('',#7464);
#7466=CARTESIAN_POINT('',(-2.27E1,-4.05E0,-2.E1));
#7467=VERTEX_POINT('',#7466);
#7468=CARTESIAN_POINT('',(-2.52E1,-4.05E0,-2.E1));
#7469=VERTEX_POINT('',#7468);
#7470=CARTESIAN_POINT('',(2.604520787991E1,1.305E1,-2.E1));
#7471=VERTEX_POINT('',#7470);
#7472=CARTESIAN_POINT('',(2.135479212009E1,1.305E1,-2.E1));
#7473=VERTEX_POINT('',#7472);
#7474=CARTESIAN_POINT('',(2.083235294118E1,1.232941176471E1,-2.E1));
#7475=VERTEX_POINT('',#7474);
#7476=CARTESIAN_POINT('',(1.995E1,1.18E1,-2.E1));
#7477=VERTEX_POINT('',#7476);
#7478=CARTESIAN_POINT('',(2.287179838043E1,7.657297010958E0,-2.E1));
#7479=VERTEX_POINT('',#7478);
#7480=CARTESIAN_POINT('',(2.74E1,-4.907825257219E0,-2.E1));
#7481=VERTEX_POINT('',#7480);
#7482=CARTESIAN_POINT('',(2.52E1,-4.05E0,-2.E1));
#7483=VERTEX_POINT('',#7482);
#7484=CARTESIAN_POINT('',(2.27E1,-4.05E0,-2.E1));
#7485=VERTEX_POINT('',#7484);
#7486=CARTESIAN_POINT('',(2.52E1,-1.055E1,-2.E1));
#7487=VERTEX_POINT('',#7486);
#7488=CARTESIAN_POINT('',(2.74E1,-9.692174742781E0,-2.E1));
#7489=VERTEX_POINT('',#7488);
#7490=CARTESIAN_POINT('',(-2.53E1,1.08E1,-2.E1));
#7491=CARTESIAN_POINT('',(-2.21E1,1.08E1,-2.E1));
#7492=VERTEX_POINT('',#7490);
#7493=VERTEX_POINT('',#7491);
#7494=CARTESIAN_POINT('',(-2.68E1,-7.3E0,-2.E1));
#7495=CARTESIAN_POINT('',(-2.36E1,-7.3E0,-2.E1));
#7496=VERTEX_POINT('',#7494);
#7497=VERTEX_POINT('',#7495);
#7498=CARTESIAN_POINT('',(-2.21E1,1.08E1,-1.925E1));
#7499=CARTESIAN_POINT('',(-2.53E1,1.08E1,-1.925E1));
#7500=VERTEX_POINT('',#7498);
#7501=VERTEX_POINT('',#7499);
#7502=CARTESIAN_POINT('',(-2.36E1,-7.3E0,-1.925E1));
#7503=CARTESIAN_POINT('',(-2.68E1,-7.3E0,-1.925E1));
#7504=VERTEX_POINT('',#7502);
#7505=VERTEX_POINT('',#7503);
#7506=CARTESIAN_POINT('',(2.21E1,1.08E1,-2.E1));
#7507=CARTESIAN_POINT('',(2.53E1,1.08E1,-2.E1));
#7508=VERTEX_POINT('',#7506);
#7509=VERTEX_POINT('',#7507);
#7510=CARTESIAN_POINT('',(2.36E1,-7.3E0,-2.E1));
#7511=CARTESIAN_POINT('',(2.68E1,-7.3E0,-2.E1));
#7512=VERTEX_POINT('',#7510);
#7513=VERTEX_POINT('',#7511);
#7514=CARTESIAN_POINT('',(2.53E1,1.08E1,-1.925E1));
#7515=CARTESIAN_POINT('',(2.21E1,1.08E1,-1.925E1));
#7516=VERTEX_POINT('',#7514);
#7517=VERTEX_POINT('',#7515);
#7518=CARTESIAN_POINT('',(2.68E1,-7.3E0,-1.925E1));
#7519=CARTESIAN_POINT('',(2.36E1,-7.3E0,-1.925E1));
#7520=VERTEX_POINT('',#7518);
#7521=VERTEX_POINT('',#7519);
#7522=CARTESIAN_POINT('',(2.02E1,5.6E0,-2.E1));
#7523=CARTESIAN_POINT('',(1.55E1,1.03E1,-2.E1));
#7524=VERTEX_POINT('',#7522);
#7525=VERTEX_POINT('',#7523);
#7526=CARTESIAN_POINT('',(1.55E1,-1.03E1,-2.E1));
#7527=CARTESIAN_POINT('',(2.02E1,-5.6E0,-2.E1));
#7528=VERTEX_POINT('',#7526);
#7529=VERTEX_POINT('',#7527);
#7530=CARTESIAN_POINT('',(-2.02E1,-5.6E0,-2.E1));
#7531=CARTESIAN_POINT('',(-1.55E1,-1.03E1,-2.E1));
#7532=VERTEX_POINT('',#7530);
#7533=VERTEX_POINT('',#7531);
#7534=CARTESIAN_POINT('',(-1.55E1,1.03E1,-2.E1));
#7535=CARTESIAN_POINT('',(-2.02E1,5.6E0,-2.E1));
#7536=VERTEX_POINT('',#7534);
#7537=VERTEX_POINT('',#7535);
#7538=CARTESIAN_POINT('',(2.07E1,1.08E1,-2.2E1));
#7539=VERTEX_POINT('',#7538);
#7540=CARTESIAN_POINT('',(2.22E1,-7.3E0,-2.2E1));
#7541=VERTEX_POINT('',#7540);
#7542=CARTESIAN_POINT('',(-2.625330667958E1,9.225E0,-2.2E1));
#7543=CARTESIAN_POINT('',(-2.07E1,1.08E1,-2.2E1));
#7544=VERTEX_POINT('',#7542);
#7545=VERTEX_POINT('',#7543);
#7546=CARTESIAN_POINT('',(-2.625330667958E1,1.2375E1,-2.2E1));
#7547=VERTEX_POINT('',#7546);
#7548=CARTESIAN_POINT('',(-2.775330667958E1,-8.875E0,-2.2E1));
#7549=CARTESIAN_POINT('',(-2.22E1,-7.3E0,-2.2E1));
#7550=VERTEX_POINT('',#7548);
#7551=VERTEX_POINT('',#7549);
#7552=CARTESIAN_POINT('',(-2.775330667958E1,-5.725E0,-2.2E1));
#7553=VERTEX_POINT('',#7552);
#7554=CARTESIAN_POINT('',(-2.194498814420E1,7.430881705941E0,-2.E1));
#7555=VERTEX_POINT('',#7554);
#7556=CARTESIAN_POINT('',(-1.803968501984E1,1.18E1,-2.E1));
#7557=VERTEX_POINT('',#7556);
#7558=CARTESIAN_POINT('',(-2.001525193096E1,-1.055E1,-2.E1));
#7559=VERTEX_POINT('',#7558);
#7560=CARTESIAN_POINT('',(-2.22E1,-3.916025403784E0,-2.E1));
#7561=VERTEX_POINT('',#7560);
#7562=CARTESIAN_POINT('',(1.803968501984E1,1.18E1,-2.E1));
#7563=VERTEX_POINT('',#7562);
#7564=CARTESIAN_POINT('',(2.194498814420E1,7.430881705941E0,-2.E1));
#7565=VERTEX_POINT('',#7564);
#7566=CARTESIAN_POINT('',(2.22E1,-3.916025403784E0,-2.E1));
#7567=VERTEX_POINT('',#7566);
#7568=CARTESIAN_POINT('',(2.001525193096E1,-1.055E1,-2.E1));
#7569=VERTEX_POINT('',#7568);
#7570=CARTESIAN_POINT('',(5.925E0,-1.03E1,-2.E1));
#7571=CARTESIAN_POINT('',(5.925E0,-8.075E0,-2.E1));
#7572=VERTEX_POINT('',#7570);
#7573=VERTEX_POINT('',#7571);
#7574=CARTESIAN_POINT('',(4.575E0,-8.075E0,-2.E1));
#7575=VERTEX_POINT('',#7574);
#7576=CARTESIAN_POINT('',(4.575E0,-1.03E1,-2.E1));
#7577=VERTEX_POINT('',#7576);
#7578=CARTESIAN_POINT('',(-2.425E0,1.03E1,-2.E1));
#7579=CARTESIAN_POINT('',(-2.425E0,8.075E0,-2.E1));
#7580=VERTEX_POINT('',#7578);
#7581=VERTEX_POINT('',#7579);
#7582=CARTESIAN_POINT('',(-1.075E0,8.075E0,-2.E1));
#7583=VERTEX_POINT('',#7582);
#7584=CARTESIAN_POINT('',(-1.075E0,1.03E1,-2.E1));
#7585=VERTEX_POINT('',#7584);
#7586=CARTESIAN_POINT('',(-1.55E1,-1.083594344838E1,-1.668038436975E-5));
#7587=CARTESIAN_POINT('',(-2.073594344838E1,-5.6E0,-1.668038436975E-5));
#7588=VERTEX_POINT('',#7586);
#7589=VERTEX_POINT('',#7587);
#7590=CARTESIAN_POINT('',(-1.55E1,-1.03E1,-1.999942177027E0));
#7591=CARTESIAN_POINT('',(-2.02E1,-5.6E0,-1.999942177027E0));
#7592=VERTEX_POINT('',#7590);
#7593=VERTEX_POINT('',#7591);
#7594=CARTESIAN_POINT('',(-2.073591378955E1,5.599999917397E0,
-4.128846716448E-6));
#7595=VERTEX_POINT('',#7594);
#7596=CARTESIAN_POINT('',(-2.020001037100E1,5.599999944388E0,
-2.000002779692E0));
#7597=VERTEX_POINT('',#7596);
#7598=CARTESIAN_POINT('',(-1.55E1,1.083594344838E1,-1.668038437330E-5));
#7599=VERTEX_POINT('',#7598);
#7600=CARTESIAN_POINT('',(-1.55E1,1.03E1,-1.999942177027E0));
#7601=VERTEX_POINT('',#7600);
#7602=CARTESIAN_POINT('',(1.549999991740E1,1.083591378955E1,
-4.128846718780E-6));
#7603=VERTEX_POINT('',#7602);
#7604=CARTESIAN_POINT('',(1.549999994439E1,1.030001037100E1,-2.000002779692E0));
#7605=VERTEX_POINT('',#7604);
#7606=CARTESIAN_POINT('',(2.073594344838E1,5.6E0,-1.668038436620E-5));
#7607=VERTEX_POINT('',#7606);
#7608=CARTESIAN_POINT('',(2.02E1,5.6E0,-1.999942177027E0));
#7609=VERTEX_POINT('',#7608);
#7610=CARTESIAN_POINT('',(2.073591378955E1,-5.599999917397E0,
-4.128846716522E-6));
#7611=VERTEX_POINT('',#7610);
#7612=CARTESIAN_POINT('',(2.020001037100E1,-5.599999944388E0,
-2.000002779692E0));
#7613=VERTEX_POINT('',#7612);
#7614=CARTESIAN_POINT('',(1.55E1,-1.083594344838E1,-1.668038437330E-5));
#7615=VERTEX_POINT('',#7614);
#7616=CARTESIAN_POINT('',(1.55E1,-1.03E1,-1.999942177027E0));
#7617=VERTEX_POINT('',#7616);
#7618=CARTESIAN_POINT('',(-2.595E1,-7.3E0,-3.625E1));
#7619=CARTESIAN_POINT('',(-2.445E1,-7.3E0,-3.625E1));
#7620=VERTEX_POINT('',#7618);
#7621=VERTEX_POINT('',#7619);
#7622=CARTESIAN_POINT('',(-2.595E1,-7.3E0,-3.425E1));
#7623=CARTESIAN_POINT('',(-2.445E1,-7.3E0,-3.425E1));
#7624=VERTEX_POINT('',#7622);
#7625=VERTEX_POINT('',#7623);
#7626=CARTESIAN_POINT('',(-1.55E1,6.E0,-2.020000000640E1));
#7627=CARTESIAN_POINT('',(-1.85E1,6.E0,-2.020000000640E1));
#7628=VERTEX_POINT('',#7626);
#7629=VERTEX_POINT('',#7627);
#7630=CARTESIAN_POINT('',(-1.55E1,6.E0,-2.E1));
#7631=CARTESIAN_POINT('',(-1.85E1,6.E0,-2.E1));
#7632=VERTEX_POINT('',#7630);
#7633=VERTEX_POINT('',#7631);
#7634=CARTESIAN_POINT('',(-1.70575E1,5.375E0,-2.020000000640E1));
#7635=CARTESIAN_POINT('',(-1.721375E1,5.375E0,-2.020000000640E1));
#7636=VERTEX_POINT('',#7634);
#7637=VERTEX_POINT('',#7635);
#7638=CARTESIAN_POINT('',(-1.721375E1,6.412234067917E0,-2.020000000640E1));
#7639=VERTEX_POINT('',#7638);
#7640=CARTESIAN_POINT('',(-1.737E1,6.226063802838E0,-2.020000000640E1));
#7641=VERTEX_POINT('',#7640);
#7642=CARTESIAN_POINT('',(-1.737E1,6.438829809427E0,-2.020000000640E1));
#7643=VERTEX_POINT('',#7642);
#7644=CARTESIAN_POINT('',(-1.721375E1,6.625E0,-2.020000000640E1));
#7645=VERTEX_POINT('',#7644);
#7646=CARTESIAN_POINT('',(-1.70575E1,6.625E0,-2.020000000640E1));
#7647=VERTEX_POINT('',#7646);
#7648=CARTESIAN_POINT('',(-3.032722031170E1,1.19E1,-2.85E1));
#7649=CARTESIAN_POINT('',(-2.710440890611E1,1.19E1,-2.85E1));
#7650=VERTEX_POINT('',#7648);
#7651=VERTEX_POINT('',#7649);
#7652=CARTESIAN_POINT('',(-2.710440890611E1,9.7E0,-2.85E1));
#7653=CARTESIAN_POINT('',(-3.04E1,9.7E0,-2.85E1));
#7654=VERTEX_POINT('',#7652);
#7655=VERTEX_POINT('',#7653);
#7656=CARTESIAN_POINT('',(-3.04E1,1.105E1,-2.85E1));
#7657=VERTEX_POINT('',#7656);
#7658=CARTESIAN_POINT('',(-3.04E1,-6.2E0,-2.85E1));
#7659=CARTESIAN_POINT('',(-2.860440890611E1,-6.2E0,-2.85E1));
#7660=VERTEX_POINT('',#7658);
#7661=VERTEX_POINT('',#7659);
#7662=CARTESIAN_POINT('',(-2.860440890611E1,-8.4E0,-2.85E1));
#7663=CARTESIAN_POINT('',(-3.04E1,-8.4E0,-2.85E1));
#7664=VERTEX_POINT('',#7662);
#7665=VERTEX_POINT('',#7663);
#7666=CARTESIAN_POINT('',(-2.710440890611E1,1.19E1,-2.2E1));
#7667=VERTEX_POINT('',#7666);
#7668=CARTESIAN_POINT('',(-2.710440890611E1,9.7E0,-2.2E1));
#7669=VERTEX_POINT('',#7668);
#7670=CARTESIAN_POINT('',(-2.860440890611E1,-6.2E0,-2.2E1));
#7671=VERTEX_POINT('',#7670);
#7672=CARTESIAN_POINT('',(-2.860440890611E1,-8.4E0,-2.2E1));
#7673=VERTEX_POINT('',#7672);
#7674=CARTESIAN_POINT('',(-1.4E1,4.65E0,-1.2475E1));
#7675=CARTESIAN_POINT('',(-1.4E1,3.35E0,-1.2475E1));
#7676=VERTEX_POINT('',#7674);
#7677=VERTEX_POINT('',#7675);
#7678=CARTESIAN_POINT('',(-1.4E1,4.65E0,-3.8075E1));
#7679=CARTESIAN_POINT('',(-1.4E1,3.35E0,-3.8075E1));
#7680=VERTEX_POINT('',#7678);
#7681=VERTEX_POINT('',#7679);
#7682=CARTESIAN_POINT('',(-1.4E1,4.65E0,-2.E1));
#7683=CARTESIAN_POINT('',(-1.4E1,3.35E0,-2.E1));
#7684=VERTEX_POINT('',#7682);
#7685=VERTEX_POINT('',#7683);
#7686=CARTESIAN_POINT('',(-1.E1,4.65E0,-1.2475E1));
#7687=CARTESIAN_POINT('',(-1.E1,3.35E0,-1.2475E1));
#7688=VERTEX_POINT('',#7686);
#7689=VERTEX_POINT('',#7687);
#7690=CARTESIAN_POINT('',(-1.E1,4.65E0,-3.8075E1));
#7691=CARTESIAN_POINT('',(-1.E1,3.35E0,-3.8075E1));
#7692=VERTEX_POINT('',#7690);
#7693=VERTEX_POINT('',#7691);
#7694=CARTESIAN_POINT('',(-1.E1,4.65E0,-2.E1));
#7695=CARTESIAN_POINT('',(-1.E1,3.35E0,-2.E1));
#7696=VERTEX_POINT('',#7694);
#7697=VERTEX_POINT('',#7695);
#7698=CARTESIAN_POINT('',(-6.E0,4.65E0,-1.2475E1));
#7699=CARTESIAN_POINT('',(-6.E0,3.35E0,-1.2475E1));
#7700=VERTEX_POINT('',#7698);
#7701=VERTEX_POINT('',#7699);
#7702=CARTESIAN_POINT('',(-6.E0,4.65E0,-3.8075E1));
#7703=CARTESIAN_POINT('',(-6.E0,3.35E0,-3.8075E1));
#7704=VERTEX_POINT('',#7702);
#7705=VERTEX_POINT('',#7703);
#7706=CARTESIAN_POINT('',(-6.E0,4.65E0,-2.E1));
#7707=CARTESIAN_POINT('',(-6.E0,3.35E0,-2.E1));
#7708=VERTEX_POINT('',#7706);
#7709=VERTEX_POINT('',#7707);
#7710=CARTESIAN_POINT('',(-2.E0,4.65E0,-1.2475E1));
#7711=CARTESIAN_POINT('',(-2.E0,3.35E0,-1.2475E1));
#7712=VERTEX_POINT('',#7710);
#7713=VERTEX_POINT('',#7711);
#7714=CARTESIAN_POINT('',(-2.E0,4.65E0,-3.8075E1));
#7715=CARTESIAN_POINT('',(-2.E0,3.35E0,-3.8075E1));
#7716=VERTEX_POINT('',#7714);
#7717=VERTEX_POINT('',#7715);
#7718=CARTESIAN_POINT('',(-2.E0,4.65E0,-2.E1));
#7719=CARTESIAN_POINT('',(-2.E0,3.35E0,-2.E1));
#7720=VERTEX_POINT('',#7718);
#7721=VERTEX_POINT('',#7719);
#7722=CARTESIAN_POINT('',(2.E0,4.65E0,-1.2475E1));
#7723=CARTESIAN_POINT('',(2.E0,3.35E0,-1.2475E1));
#7724=VERTEX_POINT('',#7722);
#7725=VERTEX_POINT('',#7723);
#7726=CARTESIAN_POINT('',(2.E0,4.65E0,-3.8075E1));
#7727=CARTESIAN_POINT('',(2.E0,3.35E0,-3.8075E1));
#7728=VERTEX_POINT('',#7726);
#7729=VERTEX_POINT('',#7727);
#7730=CARTESIAN_POINT('',(2.E0,4.65E0,-2.E1));
#7731=CARTESIAN_POINT('',(2.E0,3.35E0,-2.E1));
#7732=VERTEX_POINT('',#7730);
#7733=VERTEX_POINT('',#7731);
#7734=CARTESIAN_POINT('',(6.E0,4.65E0,-1.2475E1));
#7735=CARTESIAN_POINT('',(6.E0,3.35E0,-1.2475E1));
#7736=VERTEX_POINT('',#7734);
#7737=VERTEX_POINT('',#7735);
#7738=CARTESIAN_POINT('',(6.E0,4.65E0,-3.8075E1));
#7739=CARTESIAN_POINT('',(6.E0,3.35E0,-3.8075E1));
#7740=VERTEX_POINT('',#7738);
#7741=VERTEX_POINT('',#7739);
#7742=CARTESIAN_POINT('',(6.E0,4.65E0,-2.E1));
#7743=CARTESIAN_POINT('',(6.E0,3.35E0,-2.E1));
#7744=VERTEX_POINT('',#7742);
#7745=VERTEX_POINT('',#7743);
#7746=CARTESIAN_POINT('',(1.E1,4.65E0,-1.2475E1));
#7747=CARTESIAN_POINT('',(1.E1,3.35E0,-1.2475E1));
#7748=VERTEX_POINT('',#7746);
#7749=VERTEX_POINT('',#7747);
#7750=CARTESIAN_POINT('',(1.E1,4.65E0,-3.8075E1));
#7751=CARTESIAN_POINT('',(1.E1,3.35E0,-3.8075E1));
#7752=VERTEX_POINT('',#7750);
#7753=VERTEX_POINT('',#7751);
#7754=CARTESIAN_POINT('',(1.E1,4.65E0,-2.E1));
#7755=CARTESIAN_POINT('',(1.E1,3.35E0,-2.E1));
#7756=VERTEX_POINT('',#7754);
#7757=VERTEX_POINT('',#7755);
#7758=CARTESIAN_POINT('',(1.4E1,4.65E0,-1.2475E1));
#7759=CARTESIAN_POINT('',(1.4E1,3.35E0,-1.2475E1));
#7760=VERTEX_POINT('',#7758);
#7761=VERTEX_POINT('',#7759);
#7762=CARTESIAN_POINT('',(1.4E1,4.65E0,-3.8075E1));
#7763=CARTESIAN_POINT('',(1.4E1,3.35E0,-3.8075E1));
#7764=VERTEX_POINT('',#7762);
#7765=VERTEX_POINT('',#7763);
#7766=CARTESIAN_POINT('',(1.4E1,4.65E0,-2.E1));
#7767=CARTESIAN_POINT('',(1.4E1,3.35E0,-2.E1));
#7768=VERTEX_POINT('',#7766);
#7769=VERTEX_POINT('',#7767);
#7770=CARTESIAN_POINT('',(-1.4E1,-3.35E0,-1.2475E1));
#7771=CARTESIAN_POINT('',(-1.4E1,-4.65E0,-1.2475E1));
#7772=VERTEX_POINT('',#7770);
#7773=VERTEX_POINT('',#7771);
#7774=CARTESIAN_POINT('',(-1.4E1,-3.35E0,-3.8075E1));
#7775=CARTESIAN_POINT('',(-1.4E1,-4.65E0,-3.8075E1));
#7776=VERTEX_POINT('',#7774);
#7777=VERTEX_POINT('',#7775);
#7778=CARTESIAN_POINT('',(-1.4E1,-3.35E0,-2.E1));
#7779=CARTESIAN_POINT('',(-1.4E1,-4.65E0,-2.E1));
#7780=VERTEX_POINT('',#7778);
#7781=VERTEX_POINT('',#7779);
#7782=CARTESIAN_POINT('',(-1.E1,-3.35E0,-1.2475E1));
#7783=CARTESIAN_POINT('',(-1.E1,-4.65E0,-1.2475E1));
#7784=VERTEX_POINT('',#7782);
#7785=VERTEX_POINT('',#7783);
#7786=CARTESIAN_POINT('',(-1.E1,-3.35E0,-3.8075E1));
#7787=CARTESIAN_POINT('',(-1.E1,-4.65E0,-3.8075E1));
#7788=VERTEX_POINT('',#7786);
#7789=VERTEX_POINT('',#7787);
#7790=CARTESIAN_POINT('',(-1.E1,-3.35E0,-2.E1));
#7791=CARTESIAN_POINT('',(-1.E1,-4.65E0,-2.E1));
#7792=VERTEX_POINT('',#7790);
#7793=VERTEX_POINT('',#7791);
#7794=CARTESIAN_POINT('',(-6.E0,-3.35E0,-1.2475E1));
#7795=CARTESIAN_POINT('',(-6.E0,-4.65E0,-1.2475E1));
#7796=VERTEX_POINT('',#7794);
#7797=VERTEX_POINT('',#7795);
#7798=CARTESIAN_POINT('',(-6.E0,-3.35E0,-3.8075E1));
#7799=CARTESIAN_POINT('',(-6.E0,-4.65E0,-3.8075E1));
#7800=VERTEX_POINT('',#7798);
#7801=VERTEX_POINT('',#7799);
#7802=CARTESIAN_POINT('',(-6.E0,-3.35E0,-2.E1));
#7803=CARTESIAN_POINT('',(-6.E0,-4.65E0,-2.E1));
#7804=VERTEX_POINT('',#7802);
#7805=VERTEX_POINT('',#7803);
#7806=CARTESIAN_POINT('',(-2.E0,-3.35E0,-1.2475E1));
#7807=CARTESIAN_POINT('',(-2.E0,-4.65E0,-1.2475E1));
#7808=VERTEX_POINT('',#7806);
#7809=VERTEX_POINT('',#7807);
#7810=CARTESIAN_POINT('',(-2.E0,-3.35E0,-3.8075E1));
#7811=CARTESIAN_POINT('',(-2.E0,-4.65E0,-3.8075E1));
#7812=VERTEX_POINT('',#7810);
#7813=VERTEX_POINT('',#7811);
#7814=CARTESIAN_POINT('',(-2.E0,-3.35E0,-2.E1));
#7815=CARTESIAN_POINT('',(-2.E0,-4.65E0,-2.E1));
#7816=VERTEX_POINT('',#7814);
#7817=VERTEX_POINT('',#7815);
#7818=CARTESIAN_POINT('',(2.E0,-3.35E0,-1.2475E1));
#7819=CARTESIAN_POINT('',(2.E0,-4.65E0,-1.2475E1));
#7820=VERTEX_POINT('',#7818);
#7821=VERTEX_POINT('',#7819);
#7822=CARTESIAN_POINT('',(2.E0,-3.35E0,-3.8075E1));
#7823=CARTESIAN_POINT('',(2.E0,-4.65E0,-3.8075E1));
#7824=VERTEX_POINT('',#7822);
#7825=VERTEX_POINT('',#7823);
#7826=CARTESIAN_POINT('',(2.E0,-3.35E0,-2.E1));
#7827=CARTESIAN_POINT('',(2.E0,-4.65E0,-2.E1));
#7828=VERTEX_POINT('',#7826);
#7829=VERTEX_POINT('',#7827);
#7830=CARTESIAN_POINT('',(6.E0,-3.35E0,-1.2475E1));
#7831=CARTESIAN_POINT('',(6.E0,-4.65E0,-1.2475E1));
#7832=VERTEX_POINT('',#7830);
#7833=VERTEX_POINT('',#7831);
#7834=CARTESIAN_POINT('',(6.E0,-3.35E0,-3.8075E1));
#7835=CARTESIAN_POINT('',(6.E0,-4.65E0,-3.8075E1));
#7836=VERTEX_POINT('',#7834);
#7837=VERTEX_POINT('',#7835);
#7838=CARTESIAN_POINT('',(6.E0,-3.35E0,-2.E1));
#7839=CARTESIAN_POINT('',(6.E0,-4.65E0,-2.E1));
#7840=VERTEX_POINT('',#7838);
#7841=VERTEX_POINT('',#7839);
#7842=CARTESIAN_POINT('',(1.E1,-3.35E0,-1.2475E1));
#7843=CARTESIAN_POINT('',(1.E1,-4.65E0,-1.2475E1));
#7844=VERTEX_POINT('',#7842);
#7845=VERTEX_POINT('',#7843);
#7846=CARTESIAN_POINT('',(1.E1,-3.35E0,-3.8075E1));
#7847=CARTESIAN_POINT('',(1.E1,-4.65E0,-3.8075E1));
#7848=VERTEX_POINT('',#7846);
#7849=VERTEX_POINT('',#7847);
#7850=CARTESIAN_POINT('',(1.E1,-3.35E0,-2.E1));
#7851=CARTESIAN_POINT('',(1.E1,-4.65E0,-2.E1));
#7852=VERTEX_POINT('',#7850);
#7853=VERTEX_POINT('',#7851);
#7854=CARTESIAN_POINT('',(1.4E1,-3.35E0,-1.2475E1));
#7855=CARTESIAN_POINT('',(1.4E1,-4.65E0,-1.2475E1));
#7856=VERTEX_POINT('',#7854);
#7857=VERTEX_POINT('',#7855);
#7858=CARTESIAN_POINT('',(1.4E1,-3.35E0,-3.8075E1));
#7859=CARTESIAN_POINT('',(1.4E1,-4.65E0,-3.8075E1));
#7860=VERTEX_POINT('',#7858);
#7861=VERTEX_POINT('',#7859);
#7862=CARTESIAN_POINT('',(1.4E1,-3.35E0,-2.E1));
#7863=CARTESIAN_POINT('',(1.4E1,-4.65E0,-2.E1));
#7864=VERTEX_POINT('',#7862);
#7865=VERTEX_POINT('',#7863);
#7866=CARTESIAN_POINT('',(-1.135E1,0.E0,-1.2475E1));
#7867=CARTESIAN_POINT('',(-1.265E1,0.E0,-1.2475E1));
#7868=VERTEX_POINT('',#7866);
#7869=VERTEX_POINT('',#7867);
#7870=CARTESIAN_POINT('',(-1.135E1,0.E0,-3.8075E1));
#7871=CARTESIAN_POINT('',(-1.265E1,0.E0,-3.8075E1));
#7872=VERTEX_POINT('',#7870);
#7873=VERTEX_POINT('',#7871);
#7874=CARTESIAN_POINT('',(-1.135E1,0.E0,-2.E1));
#7875=CARTESIAN_POINT('',(-1.265E1,0.E0,-2.E1));
#7876=VERTEX_POINT('',#7874);
#7877=VERTEX_POINT('',#7875);
#7878=CARTESIAN_POINT('',(-7.35E0,0.E0,-1.2475E1));
#7879=CARTESIAN_POINT('',(-8.65E0,0.E0,-1.2475E1));
#7880=VERTEX_POINT('',#7878);
#7881=VERTEX_POINT('',#7879);
#7882=CARTESIAN_POINT('',(-7.35E0,0.E0,-3.8075E1));
#7883=CARTESIAN_POINT('',(-8.65E0,0.E0,-3.8075E1));
#7884=VERTEX_POINT('',#7882);
#7885=VERTEX_POINT('',#7883);
#7886=CARTESIAN_POINT('',(-7.35E0,0.E0,-2.E1));
#7887=CARTESIAN_POINT('',(-8.65E0,0.E0,-2.E1));
#7888=VERTEX_POINT('',#7886);
#7889=VERTEX_POINT('',#7887);
#7890=CARTESIAN_POINT('',(-3.35E0,0.E0,-1.2475E1));
#7891=CARTESIAN_POINT('',(-4.65E0,0.E0,-1.2475E1));
#7892=VERTEX_POINT('',#7890);
#7893=VERTEX_POINT('',#7891);
#7894=CARTESIAN_POINT('',(-3.35E0,0.E0,-3.8075E1));
#7895=CARTESIAN_POINT('',(-4.65E0,0.E0,-3.8075E1));
#7896=VERTEX_POINT('',#7894);
#7897=VERTEX_POINT('',#7895);
#7898=CARTESIAN_POINT('',(-3.35E0,0.E0,-2.E1));
#7899=CARTESIAN_POINT('',(-4.65E0,0.E0,-2.E1));
#7900=VERTEX_POINT('',#7898);
#7901=VERTEX_POINT('',#7899);
#7902=CARTESIAN_POINT('',(6.5E-1,0.E0,-1.2475E1));
#7903=CARTESIAN_POINT('',(-6.5E-1,0.E0,-1.2475E1));
#7904=VERTEX_POINT('',#7902);
#7905=VERTEX_POINT('',#7903);
#7906=CARTESIAN_POINT('',(6.5E-1,0.E0,-3.8075E1));
#7907=CARTESIAN_POINT('',(-6.5E-1,0.E0,-3.8075E1));
#7908=VERTEX_POINT('',#7906);
#7909=VERTEX_POINT('',#7907);
#7910=CARTESIAN_POINT('',(6.5E-1,0.E0,-2.E1));
#7911=CARTESIAN_POINT('',(-6.5E-1,0.E0,-2.E1));
#7912=VERTEX_POINT('',#7910);
#7913=VERTEX_POINT('',#7911);
#7914=CARTESIAN_POINT('',(4.65E0,0.E0,-1.2475E1));
#7915=CARTESIAN_POINT('',(3.35E0,0.E0,-1.2475E1));
#7916=VERTEX_POINT('',#7914);
#7917=VERTEX_POINT('',#7915);
#7918=CARTESIAN_POINT('',(4.65E0,0.E0,-3.8075E1));
#7919=CARTESIAN_POINT('',(3.35E0,0.E0,-3.8075E1));
#7920=VERTEX_POINT('',#7918);
#7921=VERTEX_POINT('',#7919);
#7922=CARTESIAN_POINT('',(4.65E0,0.E0,-2.E1));
#7923=CARTESIAN_POINT('',(3.35E0,0.E0,-2.E1));
#7924=VERTEX_POINT('',#7922);
#7925=VERTEX_POINT('',#7923);
#7926=CARTESIAN_POINT('',(8.65E0,0.E0,-1.2475E1));
#7927=CARTESIAN_POINT('',(7.35E0,0.E0,-1.2475E1));
#7928=VERTEX_POINT('',#7926);
#7929=VERTEX_POINT('',#7927);
#7930=CARTESIAN_POINT('',(8.65E0,0.E0,-3.8075E1));
#7931=CARTESIAN_POINT('',(7.35E0,0.E0,-3.8075E1));
#7932=VERTEX_POINT('',#7930);
#7933=VERTEX_POINT('',#7931);
#7934=CARTESIAN_POINT('',(8.65E0,0.E0,-2.E1));
#7935=CARTESIAN_POINT('',(7.35E0,0.E0,-2.E1));
#7936=VERTEX_POINT('',#7934);
#7937=VERTEX_POINT('',#7935);
#7938=CARTESIAN_POINT('',(1.265E1,0.E0,-1.2475E1));
#7939=CARTESIAN_POINT('',(1.135E1,0.E0,-1.2475E1));
#7940=VERTEX_POINT('',#7938);
#7941=VERTEX_POINT('',#7939);
#7942=CARTESIAN_POINT('',(1.265E1,0.E0,-3.8075E1));
#7943=CARTESIAN_POINT('',(1.135E1,0.E0,-3.8075E1));
#7944=VERTEX_POINT('',#7942);
#7945=VERTEX_POINT('',#7943);
#7946=CARTESIAN_POINT('',(1.265E1,0.E0,-2.E1));
#7947=CARTESIAN_POINT('',(1.135E1,0.E0,-2.E1));
#7948=VERTEX_POINT('',#7946);
#7949=VERTEX_POINT('',#7947);
#7950=CARTESIAN_POINT('',(-1.55E1,0.E0,-2.020000000640E1));
#7951=CARTESIAN_POINT('',(-1.85E1,0.E0,-2.020000000640E1));
#7952=VERTEX_POINT('',#7950);
#7953=VERTEX_POINT('',#7951);
#7954=CARTESIAN_POINT('',(-1.55E1,-6.E0,-2.020000000640E1));
#7955=CARTESIAN_POINT('',(-1.85E1,-6.E0,-2.020000000640E1));
#7956=VERTEX_POINT('',#7954);
#7957=VERTEX_POINT('',#7955);
#7958=CARTESIAN_POINT('',(-1.744791666511E1,-3.324468061328E-1,
-2.020000000640E1));
#7959=CARTESIAN_POINT('',(-1.731770833954E1,-3.324468061328E-1,
-2.020000000640E1));
#7960=VERTEX_POINT('',#7958);
#7961=VERTEX_POINT('',#7959);
#7962=CARTESIAN_POINT('',(-1.7265625E1,-4.122340492904E-1,-2.020000000640E1));
#7963=VERTEX_POINT('',#7962);
#7964=CARTESIAN_POINT('',(-1.71875E1,-4.654255323112E-1,-2.020000000640E1));
#7965=VERTEX_POINT('',#7964);
#7966=CARTESIAN_POINT('',(-1.7109375E1,-4.920212738216E-1,-2.020000000640E1));
#7967=VERTEX_POINT('',#7966);
#7968=CARTESIAN_POINT('',(-1.6953125E1,-4.920212738216E-1,-2.020000000640E1));
#7969=VERTEX_POINT('',#7968);
#7970=CARTESIAN_POINT('',(-1.6875E1,-4.654255323112E-1,-2.020000000640E1));
#7971=VERTEX_POINT('',#7970);
#7972=CARTESIAN_POINT('',(-1.6796875E1,-4.122340492904E-1,-2.020000000640E1));
#7973=VERTEX_POINT('',#7972);
#7974=CARTESIAN_POINT('',(-1.674479164183E1,-3.324468061328E-1,
-2.020000000640E1));
#7975=VERTEX_POINT('',#7974);
#7976=CARTESIAN_POINT('',(-1.671875E1,-2.526595816016E-1,-2.020000000640E1));
#7977=VERTEX_POINT('',#7976);
#7978=CARTESIAN_POINT('',(-1.669270835817E1,-9.308509528637E-2,
-2.020000000640E1));
#7979=VERTEX_POINT('',#7978);
#7980=CARTESIAN_POINT('',(-1.669270835817E1,-3.989361226559E-2,
-2.020000000640E1));
#7981=VERTEX_POINT('',#7980);
#7982=CARTESIAN_POINT('',(-1.684895835817E1,-1.462765783072E-1,
-2.020000000640E1));
#7983=VERTEX_POINT('',#7982);
#7984=CARTESIAN_POINT('',(-1.697916667908E1,-1.728723570704E-1,
-2.020000000640E1));
#7985=VERTEX_POINT('',#7984);
#7986=CARTESIAN_POINT('',(-1.7109375E1,-1.728723570704E-1,-2.020000000640E1));
#7987=VERTEX_POINT('',#7986);
#7988=CARTESIAN_POINT('',(-1.723958333954E1,-1.462765783072E-1,
-2.020000000640E1));
#7989=VERTEX_POINT('',#7988);
#7990=CARTESIAN_POINT('',(-1.736979166977E1,-6.648935377598E-2,
-2.020000000640E1));
#7991=VERTEX_POINT('',#7990);
#7992=CARTESIAN_POINT('',(-1.744791666511E1,3.989361226559E-2,
-2.020000000640E1));
#7993=VERTEX_POINT('',#7992);
#7994=CARTESIAN_POINT('',(-1.75E1,1.728723198175E-1,-2.020000000640E1));
#7995=VERTEX_POINT('',#7994);
#7996=CARTESIAN_POINT('',(-1.75E1,2.792552858591E-1,-2.020000000640E1));
#7997=VERTEX_POINT('',#7996);
#7998=CARTESIAN_POINT('',(-1.744791666511E1,4.122340679169E-1,
-2.020000000640E1));
#7999=VERTEX_POINT('',#7998);
#8000=CARTESIAN_POINT('',(-1.736979166977E1,5.186170339584E-1,
-2.020000000640E1));
#8001=VERTEX_POINT('',#8000);
#8002=CARTESIAN_POINT('',(-1.723958333954E1,5.984042584896E-1,
-2.020000000640E1));
#8003=VERTEX_POINT('',#8002);
#8004=CARTESIAN_POINT('',(-1.7109375E1,6.25E-1,-2.020000000640E1));
#8005=VERTEX_POINT('',#8004);
#8006=CARTESIAN_POINT('',(-1.697916667908E1,6.25E-1,-2.020000000640E1));
#8007=VERTEX_POINT('',#8006);
#8008=CARTESIAN_POINT('',(-1.684895835817E1,5.984042584896E-1,
-2.020000000640E1));
#8009=VERTEX_POINT('',#8008);
#8010=CARTESIAN_POINT('',(-1.671875E1,5.186170339584E-1,-2.020000000640E1));
#8011=VERTEX_POINT('',#8010);
#8012=CARTESIAN_POINT('',(-1.6640625E1,4.122340679169E-1,-2.020000000640E1));
#8013=VERTEX_POINT('',#8012);
#8014=CARTESIAN_POINT('',(-1.658854164183E1,2.792552858591E-1,
-2.020000000640E1));
#8015=VERTEX_POINT('',#8014);
#8016=CARTESIAN_POINT('',(-1.65625E1,9.308509528637E-2,-2.020000000640E1));
#8017=VERTEX_POINT('',#8016);
#8018=CARTESIAN_POINT('',(-1.65625E1,-9.308509528637E-2,-2.020000000640E1));
#8019=VERTEX_POINT('',#8018);
#8020=CARTESIAN_POINT('',(-1.658854164183E1,-2.792553231120E-1,
-2.020000000640E1));
#8021=VERTEX_POINT('',#8020);
#8022=CARTESIAN_POINT('',(-1.6640625E1,-4.122340492904E-1,-2.020000000640E1));
#8023=VERTEX_POINT('',#8022);
#8024=CARTESIAN_POINT('',(-1.671875E1,-5.186170246452E-1,-2.020000000640E1));
#8025=VERTEX_POINT('',#8024);
#8026=CARTESIAN_POINT('',(-1.684895835817E1,-5.984042561613E-1,
-2.020000000640E1));
#8027=VERTEX_POINT('',#8026);
#8028=CARTESIAN_POINT('',(-1.697916667908E1,-6.25E-1,-2.020000000640E1));
#8029=VERTEX_POINT('',#8028);
#8030=CARTESIAN_POINT('',(-1.708333332092E1,-6.25E-1,-2.020000000640E1));
#8031=VERTEX_POINT('',#8030);
#8032=CARTESIAN_POINT('',(-1.721354166046E1,-5.984042561613E-1,
-2.020000000640E1));
#8033=VERTEX_POINT('',#8032);
#8034=CARTESIAN_POINT('',(-1.734375E1,-5.186170246452E-1,-2.020000000640E1));
#8035=VERTEX_POINT('',#8034);
#8036=CARTESIAN_POINT('',(-1.7421875E1,-4.122340492904E-1,-2.020000000640E1));
#8037=VERTEX_POINT('',#8036);
#8038=CARTESIAN_POINT('',(-1.74875E1,-6.625E0,-2.020000000640E1));
#8039=CARTESIAN_POINT('',(-1.764375E1,-6.625E0,-2.020000000640E1));
#8040=VERTEX_POINT('',#8038);
#8041=VERTEX_POINT('',#8039);
#8042=CARTESIAN_POINT('',(-1.764375E1,-5.587765932083E0,-2.020000000640E1));
#8043=VERTEX_POINT('',#8042);
#8044=CARTESIAN_POINT('',(-1.78E1,-5.773936197162E0,-2.020000000640E1));
#8045=VERTEX_POINT('',#8044);
#8046=CARTESIAN_POINT('',(-1.78E1,-5.561170190573E0,-2.020000000640E1));
#8047=VERTEX_POINT('',#8046);
#8048=CARTESIAN_POINT('',(-1.764375E1,-5.375E0,-2.020000000640E1));
#8049=VERTEX_POINT('',#8048);
#8050=CARTESIAN_POINT('',(-1.74875E1,-5.375E0,-2.020000000640E1));
#8051=VERTEX_POINT('',#8050);
#8052=CARTESIAN_POINT('',(-1.639375E1,-6.013297870755E0,-2.020000000640E1));
#8053=CARTESIAN_POINT('',(-1.634166671634E1,-6.146276578307E0,
-2.020000000640E1));
#8054=VERTEX_POINT('',#8052);
#8055=VERTEX_POINT('',#8053);
#8056=CARTESIAN_POINT('',(-1.634166671634E1,-6.279255323112E0,
-2.020000000640E1));
#8057=VERTEX_POINT('',#8056);
#8058=CARTESIAN_POINT('',(-1.639375E1,-6.412234049290E0,-2.020000000640E1));
#8059=VERTEX_POINT('',#8058);
#8060=CARTESIAN_POINT('',(-1.6471875E1,-6.518617024645E0,-2.020000000640E1));
#8061=VERTEX_POINT('',#8060);
#8062=CARTESIAN_POINT('',(-1.660208335817E1,-6.598404256161E0,
-2.020000000640E1));
#8063=VERTEX_POINT('',#8062);
#8064=CARTESIAN_POINT('',(-1.673229164183E1,-6.625E0,-2.020000000640E1));
#8065=VERTEX_POINT('',#8064);
#8066=CARTESIAN_POINT('',(-1.68625E1,-6.625E0,-2.020000000640E1));
#8067=VERTEX_POINT('',#8066);
#8068=CARTESIAN_POINT('',(-1.699270835817E1,-6.598404256161E0,
-2.020000000640E1));
#8069=VERTEX_POINT('',#8068);
#8070=CARTESIAN_POINT('',(-1.712291664183E1,-6.518617024645E0,
-2.020000000640E1));
#8071=VERTEX_POINT('',#8070);
#8072=CARTESIAN_POINT('',(-1.720104167908E1,-6.412234049290E0,
-2.020000000640E1));
#8073=VERTEX_POINT('',#8072);
#8074=CARTESIAN_POINT('',(-1.7253125E1,-6.279255323112E0,-2.020000000640E1));
#8075=VERTEX_POINT('',#8074);
#8076=CARTESIAN_POINT('',(-1.727916667908E1,-6.093085095286E0,
-2.020000000640E1));
#8077=VERTEX_POINT('',#8076);
#8078=CARTESIAN_POINT('',(-1.727916667908E1,-5.906914904714E0,
-2.020000000640E1));
#8079=VERTEX_POINT('',#8078);
#8080=CARTESIAN_POINT('',(-1.7253125E1,-5.720744714141E0,-2.020000000640E1));
#8081=VERTEX_POINT('',#8080);
#8082=CARTESIAN_POINT('',(-1.720104167908E1,-5.587765932083E0,
-2.020000000640E1));
#8083=VERTEX_POINT('',#8082);
#8084=CARTESIAN_POINT('',(-1.712291664183E1,-5.481382966042E0,
-2.020000000640E1));
#8085=VERTEX_POINT('',#8084);
#8086=CARTESIAN_POINT('',(-1.699270835817E1,-5.401595741510E0,
-2.020000000640E1));
#8087=VERTEX_POINT('',#8086);
#8088=CARTESIAN_POINT('',(-1.68625E1,-5.375E0,-2.020000000640E1));
#8089=VERTEX_POINT('',#8088);
#8090=CARTESIAN_POINT('',(-1.675833335817E1,-5.375E0,-2.020000000640E1));
#8091=VERTEX_POINT('',#8090);
#8092=CARTESIAN_POINT('',(-1.6628125E1,-5.401595741510E0,-2.020000000640E1));
#8093=VERTEX_POINT('',#8092);
#8094=CARTESIAN_POINT('',(-1.649791671634E1,-5.481382966042E0,
-2.020000000640E1));
#8095=VERTEX_POINT('',#8094);
#8096=CARTESIAN_POINT('',(-1.641979171634E1,-5.587765932083E0,
-2.020000000640E1));
#8097=VERTEX_POINT('',#8096);
#8098=CARTESIAN_POINT('',(-1.639375E1,-5.667553156614E0,-2.020000000640E1));
#8099=VERTEX_POINT('',#8098);
#8100=CARTESIAN_POINT('',(-1.652395828366E1,-5.667553156614E0,
-2.020000000640E1));
#8101=VERTEX_POINT('',#8100);
#8102=CARTESIAN_POINT('',(-1.657604164183E1,-5.587765932083E0,
-2.020000000640E1));
#8103=VERTEX_POINT('',#8102);
#8104=CARTESIAN_POINT('',(-1.665416664183E1,-5.534574449062E0,
-2.020000000640E1));
#8105=VERTEX_POINT('',#8104);
#8106=CARTESIAN_POINT('',(-1.673229164183E1,-5.507978707552E0,
-2.020000000640E1));
#8107=VERTEX_POINT('',#8106);
#8108=CARTESIAN_POINT('',(-1.688854164183E1,-5.507978707552E0,
-2.020000000640E1));
#8109=VERTEX_POINT('',#8108);
#8110=CARTESIAN_POINT('',(-1.696666664183E1,-5.534574449062E0,
-2.020000000640E1));
#8111=VERTEX_POINT('',#8110);
#8112=CARTESIAN_POINT('',(-1.704479164183E1,-5.587765932083E0,
-2.020000000640E1));
#8113=VERTEX_POINT('',#8112);
#8114=CARTESIAN_POINT('',(-1.7096875E1,-5.667553156614E0,-2.020000000640E1));
#8115=VERTEX_POINT('',#8114);
#8116=CARTESIAN_POINT('',(-1.712291664183E1,-5.747340455651E0,
-2.020000000640E1));
#8117=VERTEX_POINT('',#8116);
#8118=CARTESIAN_POINT('',(-1.714895835817E1,-5.906914904714E0,
-2.020000000640E1));
#8119=VERTEX_POINT('',#8118);
#8120=CARTESIAN_POINT('',(-1.714895835817E1,-5.960106387734E0,
-2.020000000640E1));
#8121=VERTEX_POINT('',#8120);
#8122=CARTESIAN_POINT('',(-1.699270835817E1,-5.853723421693E0,
-2.020000000640E1));
#8123=VERTEX_POINT('',#8122);
#8124=CARTESIAN_POINT('',(-1.68625E1,-5.827127680182E0,-2.020000000640E1));
#8125=VERTEX_POINT('',#8124);
#8126=CARTESIAN_POINT('',(-1.673229164183E1,-5.827127680182E0,
-2.020000000640E1));
#8127=VERTEX_POINT('',#8126);
#8128=CARTESIAN_POINT('',(-1.660208335817E1,-5.853723421693E0,
-2.020000000640E1));
#8129=VERTEX_POINT('',#8128);
#8130=CARTESIAN_POINT('',(-1.6471875E1,-5.933510646224E0,-2.020000000640E1));
#8131=VERTEX_POINT('',#8130);
#8132=CARTESIAN_POINT('',(-1.649791671634E1,-6.093085095286E0,
-2.020000000640E1));
#8133=CARTESIAN_POINT('',(-1.655E1,-6.039893612266E0,-2.020000000640E1));
#8134=VERTEX_POINT('',#8132);
#8135=VERTEX_POINT('',#8133);
#8136=CARTESIAN_POINT('',(-1.6628125E1,-5.986702129245E0,-2.020000000640E1));
#8137=VERTEX_POINT('',#8136);
#8138=CARTESIAN_POINT('',(-1.670625E1,-5.960106387734E0,-2.020000000640E1));
#8139=VERTEX_POINT('',#8138);
#8140=CARTESIAN_POINT('',(-1.688854164183E1,-5.960106387734E0,
-2.020000000640E1));
#8141=VERTEX_POINT('',#8140);
#8142=CARTESIAN_POINT('',(-1.696666664183E1,-5.986702129245E0,
-2.020000000640E1));
#8143=VERTEX_POINT('',#8142);
#8144=CARTESIAN_POINT('',(-1.704479164183E1,-6.039893612266E0,
-2.020000000640E1));
#8145=VERTEX_POINT('',#8144);
#8146=CARTESIAN_POINT('',(-1.7096875E1,-6.093085095286E0,-2.020000000640E1));
#8147=VERTEX_POINT('',#8146);
#8148=CARTESIAN_POINT('',(-1.712291664183E1,-6.172872357070E0,
-2.020000000640E1));
#8149=VERTEX_POINT('',#8148);
#8150=CARTESIAN_POINT('',(-1.712291664183E1,-6.252659581602E0,
-2.020000000640E1));
#8151=VERTEX_POINT('',#8150);
#8152=CARTESIAN_POINT('',(-1.7096875E1,-6.332446806133E0,-2.020000000640E1));
#8153=VERTEX_POINT('',#8152);
#8154=CARTESIAN_POINT('',(-1.704479164183E1,-6.412234049290E0,
-2.020000000640E1));
#8155=VERTEX_POINT('',#8154);
#8156=CARTESIAN_POINT('',(-1.696666664183E1,-6.465425532311E0,
-2.020000000640E1));
#8157=VERTEX_POINT('',#8156);
#8158=CARTESIAN_POINT('',(-1.688854164183E1,-6.492021273822E0,
-2.020000000640E1));
#8159=VERTEX_POINT('',#8158);
#8160=CARTESIAN_POINT('',(-1.670625E1,-6.492021273822E0,-2.020000000640E1));
#8161=VERTEX_POINT('',#8160);
#8162=CARTESIAN_POINT('',(-1.6628125E1,-6.465425532311E0,-2.020000000640E1));
#8163=VERTEX_POINT('',#8162);
#8164=CARTESIAN_POINT('',(-1.655E1,-6.412234049290E0,-2.020000000640E1));
#8165=VERTEX_POINT('',#8164);
#8166=CARTESIAN_POINT('',(-1.649791671634E1,-6.332446806133E0,
-2.020000000640E1));
#8167=VERTEX_POINT('',#8166);
#8168=CARTESIAN_POINT('',(-1.6471875E1,-6.252659581602E0,-2.020000000640E1));
#8169=VERTEX_POINT('',#8168);
#8170=CARTESIAN_POINT('',(-1.6471875E1,-6.172872357070E0,-2.020000000640E1));
#8171=VERTEX_POINT('',#8170);
#8172=CARTESIAN_POINT('',(-1.55E1,0.E0,-2.E1));
#8173=CARTESIAN_POINT('',(-1.85E1,0.E0,-2.E1));
#8174=VERTEX_POINT('',#8172);
#8175=VERTEX_POINT('',#8173);
#8176=CARTESIAN_POINT('',(-1.55E1,-6.E0,-2.E1));
#8177=CARTESIAN_POINT('',(-1.85E1,-6.E0,-2.E1));
#8178=VERTEX_POINT('',#8176);
#8179=VERTEX_POINT('',#8177);
#8180=CARTESIAN_POINT('',(2.12E1,5.6E0,0.E0));
#8181=CARTESIAN_POINT('',(1.55E1,1.13E1,0.E0));
#8182=VERTEX_POINT('',#8180);
#8183=VERTEX_POINT('',#8181);
#8184=CARTESIAN_POINT('',(2.17E1,5.6E0,-5.E-1));
#8185=CARTESIAN_POINT('',(1.55E1,1.18E1,-5.E-1));
#8186=VERTEX_POINT('',#8184);
#8187=VERTEX_POINT('',#8185);
#8188=CARTESIAN_POINT('',(2.12E1,-5.6E0,0.E0));
#8189=VERTEX_POINT('',#8188);
#8190=CARTESIAN_POINT('',(2.17E1,-5.599999999971E0,-5.E-1));
#8191=VERTEX_POINT('',#8190);
#8192=CARTESIAN_POINT('',(1.55E1,-1.13E1,0.E0));
#8193=VERTEX_POINT('',#8192);
#8194=CARTESIAN_POINT('',(1.55E1,-1.18E1,-5.E-1));
#8195=VERTEX_POINT('',#8194);
#8196=CARTESIAN_POINT('',(-1.55E1,-1.13E1,0.E0));
#8197=VERTEX_POINT('',#8196);
#8198=CARTESIAN_POINT('',(-1.549999999997E1,-1.18E1,-5.E-1));
#8199=VERTEX_POINT('',#8198);
#8200=CARTESIAN_POINT('',(-2.12E1,-5.6E0,0.E0));
#8201=VERTEX_POINT('',#8200);
#8202=CARTESIAN_POINT('',(-2.17E1,-5.6E0,-5.E-1));
#8203=VERTEX_POINT('',#8202);
#8204=CARTESIAN_POINT('',(-2.12E1,5.6E0,0.E0));
#8205=VERTEX_POINT('',#8204);
#8206=CARTESIAN_POINT('',(-2.17E1,5.599999999971E0,-5.E-1));
#8207=VERTEX_POINT('',#8206);
#8208=CARTESIAN_POINT('',(-1.55E1,1.13E1,0.E0));
#8209=VERTEX_POINT('',#8208);
#8210=CARTESIAN_POINT('',(-1.55E1,1.18E1,-5.E-1));
#8211=VERTEX_POINT('',#8210);
#8212=CARTESIAN_POINT('',(-4.5E0,1.18E1,-5.E-1));
#8213=VERTEX_POINT('',#8212);
#8214=CARTESIAN_POINT('',(1.549999999999E1,-1.18E1,-1.95E1));
#8215=CARTESIAN_POINT('',(-1.549999999999E1,-1.18E1,-1.95E1));
#8216=VERTEX_POINT('',#8214);
#8217=VERTEX_POINT('',#8215);
#8218=CARTESIAN_POINT('',(1.55E1,-1.23E1,-2.E1));
#8219=CARTESIAN_POINT('',(-1.55E1,-1.23E1,-2.E1));
#8220=VERTEX_POINT('',#8218);
#8221=VERTEX_POINT('',#8219);
#8222=CARTESIAN_POINT('',(-1.55E1,1.23E1,-2.E1));
#8223=CARTESIAN_POINT('',(1.55E1,1.23E1,-2.E1));
#8224=VERTEX_POINT('',#8222);
#8225=VERTEX_POINT('',#8223);
#8226=CARTESIAN_POINT('',(-2.17E1,5.6E0,-1.95E1));
#8227=CARTESIAN_POINT('',(-2.22E1,5.6E0,-2.E1));
#8228=VERTEX_POINT('',#8226);
#8229=VERTEX_POINT('',#8227);
#8230=CARTESIAN_POINT('',(2.17E1,5.6E0,-1.95E1));
#8231=CARTESIAN_POINT('',(2.22E1,5.6E0,-2.E1));
#8232=VERTEX_POINT('',#8230);
#8233=VERTEX_POINT('',#8231);
#8234=VERTEX_POINT('',#4864);
#8235=VERTEX_POINT('',#4895);
#8236=CARTESIAN_POINT('',(-2.12E1,1.08E1,-3.425E1));
#8237=CARTESIAN_POINT('',(-2.62E1,1.08E1,-3.425E1));
#8238=VERTEX_POINT('',#8236);
#8239=VERTEX_POINT('',#8237);
#8240=CARTESIAN_POINT('',(-2.07E1,1.08E1,-3.375E1));
#8241=CARTESIAN_POINT('',(-2.67E1,1.08E1,-3.375E1));
#8242=VERTEX_POINT('',#8240);
#8243=VERTEX_POINT('',#8241);
#8244=CARTESIAN_POINT('',(-2.27E1,-7.3E0,-3.425E1));
#8245=CARTESIAN_POINT('',(-2.77E1,-7.3E0,-3.425E1));
#8246=VERTEX_POINT('',#8244);
#8247=VERTEX_POINT('',#8245);
#8248=CARTESIAN_POINT('',(-2.22E1,-7.3E0,-3.375E1));
#8249=CARTESIAN_POINT('',(-2.82E1,-7.3E0,-3.375E1));
#8250=VERTEX_POINT('',#8248);
#8251=VERTEX_POINT('',#8249);
#8252=CARTESIAN_POINT('',(2.12E1,1.08E1,-3.425E1));
#8253=CARTESIAN_POINT('',(2.62E1,1.08E1,-3.425E1));
#8254=VERTEX_POINT('',#8252);
#8255=VERTEX_POINT('',#8253);
#8256=CARTESIAN_POINT('',(2.07E1,1.08E1,-3.375E1));
#8257=CARTESIAN_POINT('',(2.67E1,1.08E1,-3.375E1));
#8258=VERTEX_POINT('',#8256);
#8259=VERTEX_POINT('',#8257);
#8260=CARTESIAN_POINT('',(2.77E1,-7.3E0,-3.425E1));
#8261=CARTESIAN_POINT('',(2.27E1,-7.3E0,-3.425E1));
#8262=VERTEX_POINT('',#8260);
#8263=VERTEX_POINT('',#8261);
#8264=CARTESIAN_POINT('',(2.82E1,-7.3E0,-3.375E1));
#8265=CARTESIAN_POINT('',(2.22E1,-7.3E0,-3.375E1));
#8266=VERTEX_POINT('',#8264);
#8267=VERTEX_POINT('',#8265);
#8268=CARTESIAN_POINT('',(-1.4E1,4.65E0,-2.6E1));
#8269=CARTESIAN_POINT('',(-1.4E1,3.35E0,-2.6E1));
#8270=VERTEX_POINT('',#8268);
#8271=VERTEX_POINT('',#8269);
#8272=CARTESIAN_POINT('',(-1.E1,4.65E0,-2.6E1));
#8273=CARTESIAN_POINT('',(-1.E1,3.35E0,-2.6E1));
#8274=VERTEX_POINT('',#8272);
#8275=VERTEX_POINT('',#8273);
#8276=CARTESIAN_POINT('',(-6.E0,4.65E0,-2.6E1));
#8277=CARTESIAN_POINT('',(-6.E0,3.35E0,-2.6E1));
#8278=VERTEX_POINT('',#8276);
#8279=VERTEX_POINT('',#8277);
#8280=CARTESIAN_POINT('',(-2.E0,4.65E0,-2.6E1));
#8281=CARTESIAN_POINT('',(-2.E0,3.35E0,-2.6E1));
#8282=VERTEX_POINT('',#8280);
#8283=VERTEX_POINT('',#8281);
#8284=CARTESIAN_POINT('',(2.E0,4.65E0,-2.6E1));
#8285=CARTESIAN_POINT('',(2.E0,3.35E0,-2.6E1));
#8286=VERTEX_POINT('',#8284);
#8287=VERTEX_POINT('',#8285);
#8288=CARTESIAN_POINT('',(6.E0,4.65E0,-2.6E1));
#8289=CARTESIAN_POINT('',(6.E0,3.35E0,-2.6E1));
#8290=VERTEX_POINT('',#8288);
#8291=VERTEX_POINT('',#8289);
#8292=CARTESIAN_POINT('',(1.E1,4.65E0,-2.6E1));
#8293=CARTESIAN_POINT('',(1.E1,3.35E0,-2.6E1));
#8294=VERTEX_POINT('',#8292);
#8295=VERTEX_POINT('',#8293);
#8296=CARTESIAN_POINT('',(1.4E1,4.65E0,-2.6E1));
#8297=CARTESIAN_POINT('',(1.4E1,3.35E0,-2.6E1));
#8298=VERTEX_POINT('',#8296);
#8299=VERTEX_POINT('',#8297);
#8300=CARTESIAN_POINT('',(-1.4E1,-3.35E0,-2.6E1));
#8301=CARTESIAN_POINT('',(-1.4E1,-4.65E0,-2.6E1));
#8302=VERTEX_POINT('',#8300);
#8303=VERTEX_POINT('',#8301);
#8304=CARTESIAN_POINT('',(-1.E1,-3.35E0,-2.6E1));
#8305=CARTESIAN_POINT('',(-1.E1,-4.65E0,-2.6E1));
#8306=VERTEX_POINT('',#8304);
#8307=VERTEX_POINT('',#8305);
#8308=CARTESIAN_POINT('',(-6.E0,-3.35E0,-2.6E1));
#8309=CARTESIAN_POINT('',(-6.E0,-4.65E0,-2.6E1));
#8310=VERTEX_POINT('',#8308);
#8311=VERTEX_POINT('',#8309);
#8312=CARTESIAN_POINT('',(-2.E0,-3.35E0,-2.6E1));
#8313=CARTESIAN_POINT('',(-2.E0,-4.65E0,-2.6E1));
#8314=VERTEX_POINT('',#8312);
#8315=VERTEX_POINT('',#8313);
#8316=CARTESIAN_POINT('',(2.E0,-3.35E0,-2.6E1));
#8317=CARTESIAN_POINT('',(2.E0,-4.65E0,-2.6E1));
#8318=VERTEX_POINT('',#8316);
#8319=VERTEX_POINT('',#8317);
#8320=CARTESIAN_POINT('',(6.E0,-3.35E0,-2.6E1));
#8321=CARTESIAN_POINT('',(6.E0,-4.65E0,-2.6E1));
#8322=VERTEX_POINT('',#8320);
#8323=VERTEX_POINT('',#8321);
#8324=CARTESIAN_POINT('',(1.E1,-3.35E0,-2.6E1));
#8325=CARTESIAN_POINT('',(1.E1,-4.65E0,-2.6E1));
#8326=VERTEX_POINT('',#8324);
#8327=VERTEX_POINT('',#8325);
#8328=CARTESIAN_POINT('',(1.4E1,-3.35E0,-2.6E1));
#8329=CARTESIAN_POINT('',(1.4E1,-4.65E0,-2.6E1));
#8330=VERTEX_POINT('',#8328);
#8331=VERTEX_POINT('',#8329);
#8332=CARTESIAN_POINT('',(-1.135E1,0.E0,-2.6E1));
#8333=CARTESIAN_POINT('',(-1.265E1,0.E0,-2.6E1));
#8334=VERTEX_POINT('',#8332);
#8335=VERTEX_POINT('',#8333);
#8336=CARTESIAN_POINT('',(-7.35E0,0.E0,-2.6E1));
#8337=CARTESIAN_POINT('',(-8.65E0,0.E0,-2.6E1));
#8338=VERTEX_POINT('',#8336);
#8339=VERTEX_POINT('',#8337);
#8340=CARTESIAN_POINT('',(-3.35E0,0.E0,-2.6E1));
#8341=CARTESIAN_POINT('',(-4.65E0,0.E0,-2.6E1));
#8342=VERTEX_POINT('',#8340);
#8343=VERTEX_POINT('',#8341);
#8344=CARTESIAN_POINT('',(6.5E-1,0.E0,-2.6E1));
#8345=CARTESIAN_POINT('',(-6.5E-1,0.E0,-2.6E1));
#8346=VERTEX_POINT('',#8344);
#8347=VERTEX_POINT('',#8345);
#8348=CARTESIAN_POINT('',(4.65E0,0.E0,-2.6E1));
#8349=CARTESIAN_POINT('',(3.35E0,0.E0,-2.6E1));
#8350=VERTEX_POINT('',#8348);
#8351=VERTEX_POINT('',#8349);
#8352=CARTESIAN_POINT('',(8.65E0,0.E0,-2.6E1));
#8353=CARTESIAN_POINT('',(7.35E0,0.E0,-2.6E1));
#8354=VERTEX_POINT('',#8352);
#8355=VERTEX_POINT('',#8353);
#8356=CARTESIAN_POINT('',(1.265E1,0.E0,-2.6E1));
#8357=CARTESIAN_POINT('',(1.135E1,0.E0,-2.6E1));
#8358=VERTEX_POINT('',#8356);
#8359=VERTEX_POINT('',#8357);
#8360=CARTESIAN_POINT('',(-2.7E0,1.18E1,-5.E-1));
#8361=VERTEX_POINT('',#8360);
#8362=CARTESIAN_POINT('',(2.7E0,1.18E1,-5.E-1));
#8363=VERTEX_POINT('',#8362);
#8364=CARTESIAN_POINT('',(4.5E0,1.18E1,-5.E-1));
#8365=VERTEX_POINT('',#8364);
#8366=CARTESIAN_POINT('',(2.874977327052E0,1.38E1,-5.4E0));
#8367=CARTESIAN_POINT('',(2.7E0,1.18E1,-5.4E0));
#8368=VERTEX_POINT('',#8366);
#8369=VERTEX_POINT('',#8367);
#8370=CARTESIAN_POINT('',(4.5E0,1.18E1,-5.4E0));
#8371=CARTESIAN_POINT('',(4.325022672948E0,1.38E1,-5.4E0));
#8372=VERTEX_POINT('',#8370);
#8373=VERTEX_POINT('',#8371);
#8374=CARTESIAN_POINT('',(-2.7E0,1.18E1,-5.4E0));
#8375=CARTESIAN_POINT('',(-2.874977327052E0,1.38E1,-5.4E0));
#8376=VERTEX_POINT('',#8374);
#8377=VERTEX_POINT('',#8375);
#8378=CARTESIAN_POINT('',(-4.325022672948E0,1.38E1,-5.4E0));
#8379=CARTESIAN_POINT('',(-4.5E0,1.18E1,-5.4E0));
#8380=VERTEX_POINT('',#8378);
#8381=VERTEX_POINT('',#8379);
#8382=CARTESIAN_POINT('',(2.874977327052E0,1.38E1,-3.9E0));
#8383=VERTEX_POINT('',#8382);
#8384=CARTESIAN_POINT('',(4.325022672948E0,1.38E1,-3.9E0));
#8385=VERTEX_POINT('',#8384);
#8386=CARTESIAN_POINT('',(-2.874977327052E0,1.38E1,-3.9E0));
#8387=VERTEX_POINT('',#8386);
#8388=CARTESIAN_POINT('',(-4.325022672948E0,1.38E1,-3.9E0));
#8389=VERTEX_POINT('',#8388);
#8390=CARTESIAN_POINT('',(-3.04E1,-6.2E0,-2.15E1));
#8391=CARTESIAN_POINT('',(-3.04E1,9.7E0,-2.15E1));
#8392=VERTEX_POINT('',#8390);
#8393=VERTEX_POINT('',#8391);
#8394=CARTESIAN_POINT('',(-2.99E1,-6.2E0,-2.2E1));
#8395=CARTESIAN_POINT('',(-2.99E1,9.7E0,-2.2E1));
#8396=VERTEX_POINT('',#8394);
#8397=VERTEX_POINT('',#8395);
#8398=CARTESIAN_POINT('',(-3.04E1,-1.104999999994E1,-2.15E1));
#8399=CARTESIAN_POINT('',(-3.04E1,-8.4E0,-2.15E1));
#8400=VERTEX_POINT('',#8398);
#8401=VERTEX_POINT('',#8399);
#8402=CARTESIAN_POINT('',(-2.99E1,-1.105E1,-2.2E1));
#8403=CARTESIAN_POINT('',(-2.99E1,-8.4E0,-2.2E1));
#8404=VERTEX_POINT('',#8402);
#8405=VERTEX_POINT('',#8403);
#8406=CARTESIAN_POINT('',(-2.54E1,-1.555E1,-2.2E1));
#8407=VERTEX_POINT('',#8406);
#8408=CARTESIAN_POINT('',(-2.54E1,-1.605E1,-2.15E1));
#8409=VERTEX_POINT('',#8408);
#8410=CARTESIAN_POINT('',(2.54E1,-1.555E1,-2.2E1));
#8411=VERTEX_POINT('',#8410);
#8412=CARTESIAN_POINT('',(2.539999999994E1,-1.605E1,-2.15E1));
#8413=VERTEX_POINT('',#8412);
#8414=CARTESIAN_POINT('',(2.99E1,-1.105E1,-2.2E1));
#8415=VERTEX_POINT('',#8414);
#8416=CARTESIAN_POINT('',(3.04E1,-1.105E1,-2.15E1));
#8417=VERTEX_POINT('',#8416);
#8418=CARTESIAN_POINT('',(2.99E1,-8.4E0,-2.2E1));
#8419=VERTEX_POINT('',#8418);
#8420=CARTESIAN_POINT('',(3.04E1,-8.4E0,-2.15E1));
#8421=VERTEX_POINT('',#8420);
#8422=CARTESIAN_POINT('',(3.04E1,9.7E0,-2.15E1));
#8423=CARTESIAN_POINT('',(3.04E1,-6.2E0,-2.15E1));
#8424=VERTEX_POINT('',#8422);
#8425=VERTEX_POINT('',#8423);
#8426=CARTESIAN_POINT('',(2.99E1,9.7E0,-2.2E1));
#8427=CARTESIAN_POINT('',(2.99E1,-6.2E0,-2.2E1));
#8428=VERTEX_POINT('',#8426);
#8429=VERTEX_POINT('',#8427);
#8430=CARTESIAN_POINT('',(2.54E1,1.605E1,-2.15E1));
#8431=CARTESIAN_POINT('',(3.032722031167E1,1.190000000017E1,-2.15E1));
#8432=VERTEX_POINT('',#8430);
#8433=VERTEX_POINT('',#8431);
#8434=CARTESIAN_POINT('',(2.54E1,1.554999999806E1,-2.2E1));
#8435=CARTESIAN_POINT('',(2.981899309607E1,1.189999999963E1,-2.2E1));
#8436=VERTEX_POINT('',#8434);
#8437=VERTEX_POINT('',#8435);
#8438=CARTESIAN_POINT('',(-2.54E1,1.555E1,-2.2E1));
#8439=VERTEX_POINT('',#8438);
#8440=CARTESIAN_POINT('',(-2.539999999952E1,1.604999999963E1,-2.15E1));
#8441=VERTEX_POINT('',#8440);
#8442=CARTESIAN_POINT('',(-2.981899309653E1,1.189999999972E1,-2.2E1));
#8443=VERTEX_POINT('',#8442);
#8444=CARTESIAN_POINT('',(-3.032722031168E1,1.190000000013E1,-2.15E1));
#8445=VERTEX_POINT('',#8444);
#8446=CARTESIAN_POINT('',(-2.54E1,1.555E1,-2.E1));
#8447=CARTESIAN_POINT('',(-2.99E1,1.105E1,-2.E1));
#8448=VERTEX_POINT('',#8446);
#8449=VERTEX_POINT('',#8447);
#8450=CARTESIAN_POINT('',(-2.54E1,1.605E1,-2.05E1));
#8451=CARTESIAN_POINT('',(-3.04E1,1.105E1,-2.05E1));
#8452=VERTEX_POINT('',#8450);
#8453=VERTEX_POINT('',#8451);
#8454=CARTESIAN_POINT('',(-2.99E1,-1.105E1,-2.E1));
#8455=VERTEX_POINT('',#8454);
#8456=CARTESIAN_POINT('',(-3.04E1,-1.104999999994E1,-2.05E1));
#8457=VERTEX_POINT('',#8456);
#8458=CARTESIAN_POINT('',(-2.54E1,-1.555E1,-2.E1));
#8459=VERTEX_POINT('',#8458);
#8460=CARTESIAN_POINT('',(-2.54E1,-1.605E1,-2.05E1));
#8461=VERTEX_POINT('',#8460);
#8462=CARTESIAN_POINT('',(2.54E1,-1.555E1,-2.E1));
#8463=VERTEX_POINT('',#8462);
#8464=CARTESIAN_POINT('',(2.539999999994E1,-1.605E1,-2.05E1));
#8465=VERTEX_POINT('',#8464);
#8466=CARTESIAN_POINT('',(2.99E1,-1.105E1,-2.E1));
#8467=VERTEX_POINT('',#8466);
#8468=CARTESIAN_POINT('',(3.04E1,-1.105E1,-2.05E1));
#8469=VERTEX_POINT('',#8468);
#8470=CARTESIAN_POINT('',(2.99E1,1.105E1,-2.E1));
#8471=VERTEX_POINT('',#8470);
#8472=CARTESIAN_POINT('',(3.04E1,1.104999999994E1,-2.05E1));
#8473=VERTEX_POINT('',#8472);
#8474=CARTESIAN_POINT('',(2.54E1,1.555E1,-2.E1));
#8475=VERTEX_POINT('',#8474);
#8476=CARTESIAN_POINT('',(2.54E1,1.605E1,-2.05E1));
#8477=VERTEX_POINT('',#8476);
#8478=CARTESIAN_POINT('',(-1.70575E1,5.375E0,-1.98E1));
#8479=CARTESIAN_POINT('',(-1.70575E1,6.625E0,-1.98E1));
#8480=VERTEX_POINT('',#8478);
#8481=VERTEX_POINT('',#8479);
#8482=CARTESIAN_POINT('',(-1.721375E1,6.625E0,-1.98E1));
#8483=VERTEX_POINT('',#8482);
#8484=CARTESIAN_POINT('',(-1.737E1,6.438829809427E0,-1.98E1));
#8485=VERTEX_POINT('',#8484);
#8486=CARTESIAN_POINT('',(-1.737E1,6.226063802838E0,-1.98E1));
#8487=VERTEX_POINT('',#8486);
#8488=CARTESIAN_POINT('',(-1.721375E1,6.412234067917E0,-1.98E1));
#8489=VERTEX_POINT('',#8488);
#8490=CARTESIAN_POINT('',(-1.721375E1,5.375E0,-1.98E1));
#8491=VERTEX_POINT('',#8490);
#8492=CARTESIAN_POINT('',(-1.744791666511E1,-3.324468061328E-1,-1.98E1));
#8493=CARTESIAN_POINT('',(-1.7421875E1,-4.122340492904E-1,-1.98E1));
#8494=VERTEX_POINT('',#8492);
#8495=VERTEX_POINT('',#8493);
#8496=CARTESIAN_POINT('',(-1.734375E1,-5.186170246452E-1,-1.98E1));
#8497=VERTEX_POINT('',#8496);
#8498=CARTESIAN_POINT('',(-1.721354166046E1,-5.984042561613E-1,-1.98E1));
#8499=VERTEX_POINT('',#8498);
#8500=CARTESIAN_POINT('',(-1.708333332092E1,-6.25E-1,-1.98E1));
#8501=VERTEX_POINT('',#8500);
#8502=CARTESIAN_POINT('',(-1.697916667908E1,-6.25E-1,-1.98E1));
#8503=VERTEX_POINT('',#8502);
#8504=CARTESIAN_POINT('',(-1.684895835817E1,-5.984042561613E-1,-1.98E1));
#8505=VERTEX_POINT('',#8504);
#8506=CARTESIAN_POINT('',(-1.671875E1,-5.186170246452E-1,-1.98E1));
#8507=VERTEX_POINT('',#8506);
#8508=CARTESIAN_POINT('',(-1.6640625E1,-4.122340492904E-1,-1.98E1));
#8509=VERTEX_POINT('',#8508);
#8510=CARTESIAN_POINT('',(-1.658854164183E1,-2.792553231120E-1,-1.98E1));
#8511=VERTEX_POINT('',#8510);
#8512=CARTESIAN_POINT('',(-1.65625E1,-9.308509528637E-2,-1.98E1));
#8513=VERTEX_POINT('',#8512);
#8514=CARTESIAN_POINT('',(-1.65625E1,9.308509528637E-2,-1.98E1));
#8515=VERTEX_POINT('',#8514);
#8516=CARTESIAN_POINT('',(-1.658854164183E1,2.792552858591E-1,-1.98E1));
#8517=VERTEX_POINT('',#8516);
#8518=CARTESIAN_POINT('',(-1.6640625E1,4.122340679169E-1,-1.98E1));
#8519=VERTEX_POINT('',#8518);
#8520=CARTESIAN_POINT('',(-1.671875E1,5.186170339584E-1,-1.98E1));
#8521=VERTEX_POINT('',#8520);
#8522=CARTESIAN_POINT('',(-1.684895835817E1,5.984042584896E-1,-1.98E1));
#8523=VERTEX_POINT('',#8522);
#8524=CARTESIAN_POINT('',(-1.697916667908E1,6.25E-1,-1.98E1));
#8525=VERTEX_POINT('',#8524);
#8526=CARTESIAN_POINT('',(-1.7109375E1,6.25E-1,-1.98E1));
#8527=VERTEX_POINT('',#8526);
#8528=CARTESIAN_POINT('',(-1.723958333954E1,5.984042584896E-1,-1.98E1));
#8529=VERTEX_POINT('',#8528);
#8530=CARTESIAN_POINT('',(-1.736979166977E1,5.186170339584E-1,-1.98E1));
#8531=VERTEX_POINT('',#8530);
#8532=CARTESIAN_POINT('',(-1.744791666511E1,4.122340679169E-1,-1.98E1));
#8533=VERTEX_POINT('',#8532);
#8534=CARTESIAN_POINT('',(-1.75E1,2.792552858591E-1,-1.98E1));
#8535=VERTEX_POINT('',#8534);
#8536=CARTESIAN_POINT('',(-1.75E1,1.728723198175E-1,-1.98E1));
#8537=VERTEX_POINT('',#8536);
#8538=CARTESIAN_POINT('',(-1.744791666511E1,3.989361226559E-2,-1.98E1));
#8539=VERTEX_POINT('',#8538);
#8540=CARTESIAN_POINT('',(-1.736979166977E1,-6.648935377598E-2,-1.98E1));
#8541=VERTEX_POINT('',#8540);
#8542=CARTESIAN_POINT('',(-1.723958333954E1,-1.462765783072E-1,-1.98E1));
#8543=VERTEX_POINT('',#8542);
#8544=CARTESIAN_POINT('',(-1.7109375E1,-1.728723570704E-1,-1.98E1));
#8545=VERTEX_POINT('',#8544);
#8546=CARTESIAN_POINT('',(-1.697916667908E1,-1.728723570704E-1,-1.98E1));
#8547=VERTEX_POINT('',#8546);
#8548=CARTESIAN_POINT('',(-1.684895835817E1,-1.462765783072E-1,-1.98E1));
#8549=VERTEX_POINT('',#8548);
#8550=CARTESIAN_POINT('',(-1.669270835817E1,-3.989361226559E-2,-1.98E1));
#8551=VERTEX_POINT('',#8550);
#8552=CARTESIAN_POINT('',(-1.669270835817E1,-9.308509528637E-2,-1.98E1));
#8553=VERTEX_POINT('',#8552);
#8554=CARTESIAN_POINT('',(-1.671875E1,-2.526595816016E-1,-1.98E1));
#8555=VERTEX_POINT('',#8554);
#8556=CARTESIAN_POINT('',(-1.674479164183E1,-3.324468061328E-1,-1.98E1));
#8557=VERTEX_POINT('',#8556);
#8558=CARTESIAN_POINT('',(-1.6796875E1,-4.122340492904E-1,-1.98E1));
#8559=VERTEX_POINT('',#8558);
#8560=CARTESIAN_POINT('',(-1.6875E1,-4.654255323112E-1,-1.98E1));
#8561=VERTEX_POINT('',#8560);
#8562=CARTESIAN_POINT('',(-1.6953125E1,-4.920212738216E-1,-1.98E1));
#8563=VERTEX_POINT('',#8562);
#8564=CARTESIAN_POINT('',(-1.7109375E1,-4.920212738216E-1,-1.98E1));
#8565=VERTEX_POINT('',#8564);
#8566=CARTESIAN_POINT('',(-1.71875E1,-4.654255323112E-1,-1.98E1));
#8567=VERTEX_POINT('',#8566);
#8568=CARTESIAN_POINT('',(-1.7265625E1,-4.122340492904E-1,-1.98E1));
#8569=VERTEX_POINT('',#8568);
#8570=CARTESIAN_POINT('',(-1.731770833954E1,-3.324468061328E-1,-1.98E1));
#8571=VERTEX_POINT('',#8570);
#8572=CARTESIAN_POINT('',(-1.649791671634E1,-6.093085095286E0,-1.98E1));
#8573=CARTESIAN_POINT('',(-1.6471875E1,-6.172872357070E0,-1.98E1));
#8574=VERTEX_POINT('',#8572);
#8575=VERTEX_POINT('',#8573);
#8576=CARTESIAN_POINT('',(-1.6471875E1,-6.252659581602E0,-1.98E1));
#8577=VERTEX_POINT('',#8576);
#8578=CARTESIAN_POINT('',(-1.649791671634E1,-6.332446806133E0,-1.98E1));
#8579=VERTEX_POINT('',#8578);
#8580=CARTESIAN_POINT('',(-1.655E1,-6.412234049290E0,-1.98E1));
#8581=VERTEX_POINT('',#8580);
#8582=CARTESIAN_POINT('',(-1.6628125E1,-6.465425532311E0,-1.98E1));
#8583=VERTEX_POINT('',#8582);
#8584=CARTESIAN_POINT('',(-1.670625E1,-6.492021273822E0,-1.98E1));
#8585=VERTEX_POINT('',#8584);
#8586=CARTESIAN_POINT('',(-1.688854164183E1,-6.492021273822E0,-1.98E1));
#8587=VERTEX_POINT('',#8586);
#8588=CARTESIAN_POINT('',(-1.696666664183E1,-6.465425532311E0,-1.98E1));
#8589=VERTEX_POINT('',#8588);
#8590=CARTESIAN_POINT('',(-1.704479164183E1,-6.412234049290E0,-1.98E1));
#8591=VERTEX_POINT('',#8590);
#8592=CARTESIAN_POINT('',(-1.7096875E1,-6.332446806133E0,-1.98E1));
#8593=VERTEX_POINT('',#8592);
#8594=CARTESIAN_POINT('',(-1.712291664183E1,-6.252659581602E0,-1.98E1));
#8595=VERTEX_POINT('',#8594);
#8596=CARTESIAN_POINT('',(-1.712291664183E1,-6.172872357070E0,-1.98E1));
#8597=VERTEX_POINT('',#8596);
#8598=CARTESIAN_POINT('',(-1.7096875E1,-6.093085095286E0,-1.98E1));
#8599=VERTEX_POINT('',#8598);
#8600=CARTESIAN_POINT('',(-1.704479164183E1,-6.039893612266E0,-1.98E1));
#8601=VERTEX_POINT('',#8600);
#8602=CARTESIAN_POINT('',(-1.696666664183E1,-5.986702129245E0,-1.98E1));
#8603=VERTEX_POINT('',#8602);
#8604=CARTESIAN_POINT('',(-1.688854164183E1,-5.960106387734E0,-1.98E1));
#8605=VERTEX_POINT('',#8604);
#8606=CARTESIAN_POINT('',(-1.670625E1,-5.960106387734E0,-1.98E1));
#8607=VERTEX_POINT('',#8606);
#8608=CARTESIAN_POINT('',(-1.6628125E1,-5.986702129245E0,-1.98E1));
#8609=VERTEX_POINT('',#8608);
#8610=CARTESIAN_POINT('',(-1.655E1,-6.039893612266E0,-1.98E1));
#8611=VERTEX_POINT('',#8610);
#8612=CARTESIAN_POINT('',(-1.74875E1,-6.625E0,-1.98E1));
#8613=CARTESIAN_POINT('',(-1.74875E1,-5.375E0,-1.98E1));
#8614=VERTEX_POINT('',#8612);
#8615=VERTEX_POINT('',#8613);
#8616=CARTESIAN_POINT('',(-1.764375E1,-5.375E0,-1.98E1));
#8617=VERTEX_POINT('',#8616);
#8618=CARTESIAN_POINT('',(-1.78E1,-5.561170190573E0,-1.98E1));
#8619=VERTEX_POINT('',#8618);
#8620=CARTESIAN_POINT('',(-1.78E1,-5.773936197162E0,-1.98E1));
#8621=VERTEX_POINT('',#8620);
#8622=CARTESIAN_POINT('',(-1.764375E1,-5.587765932083E0,-1.98E1));
#8623=VERTEX_POINT('',#8622);
#8624=CARTESIAN_POINT('',(-1.764375E1,-6.625E0,-1.98E1));
#8625=VERTEX_POINT('',#8624);
#8626=CARTESIAN_POINT('',(-1.639375E1,-6.013297870755E0,-1.98E1));
#8627=CARTESIAN_POINT('',(-1.6471875E1,-5.933510646224E0,-1.98E1));
#8628=VERTEX_POINT('',#8626);
#8629=VERTEX_POINT('',#8627);
#8630=CARTESIAN_POINT('',(-1.660208335817E1,-5.853723421693E0,-1.98E1));
#8631=VERTEX_POINT('',#8630);
#8632=CARTESIAN_POINT('',(-1.673229164183E1,-5.827127680182E0,-1.98E1));
#8633=VERTEX_POINT('',#8632);
#8634=CARTESIAN_POINT('',(-1.68625E1,-5.827127680182E0,-1.98E1));
#8635=VERTEX_POINT('',#8634);
#8636=CARTESIAN_POINT('',(-1.699270835817E1,-5.853723421693E0,-1.98E1));
#8637=VERTEX_POINT('',#8636);
#8638=CARTESIAN_POINT('',(-1.714895835817E1,-5.960106387734E0,-1.98E1));
#8639=VERTEX_POINT('',#8638);
#8640=CARTESIAN_POINT('',(-1.714895835817E1,-5.906914904714E0,-1.98E1));
#8641=VERTEX_POINT('',#8640);
#8642=CARTESIAN_POINT('',(-1.712291664183E1,-5.747340455651E0,-1.98E1));
#8643=VERTEX_POINT('',#8642);
#8644=CARTESIAN_POINT('',(-1.7096875E1,-5.667553156614E0,-1.98E1));
#8645=VERTEX_POINT('',#8644);
#8646=CARTESIAN_POINT('',(-1.704479164183E1,-5.587765932083E0,-1.98E1));
#8647=VERTEX_POINT('',#8646);
#8648=CARTESIAN_POINT('',(-1.696666664183E1,-5.534574449062E0,-1.98E1));
#8649=VERTEX_POINT('',#8648);
#8650=CARTESIAN_POINT('',(-1.688854164183E1,-5.507978707552E0,-1.98E1));
#8651=VERTEX_POINT('',#8650);
#8652=CARTESIAN_POINT('',(-1.673229164183E1,-5.507978707552E0,-1.98E1));
#8653=VERTEX_POINT('',#8652);
#8654=CARTESIAN_POINT('',(-1.665416664183E1,-5.534574449062E0,-1.98E1));
#8655=VERTEX_POINT('',#8654);
#8656=CARTESIAN_POINT('',(-1.657604164183E1,-5.587765932083E0,-1.98E1));
#8657=VERTEX_POINT('',#8656);
#8658=CARTESIAN_POINT('',(-1.652395828366E1,-5.667553156614E0,-1.98E1));
#8659=VERTEX_POINT('',#8658);
#8660=CARTESIAN_POINT('',(-1.639375E1,-5.667553156614E0,-1.98E1));
#8661=VERTEX_POINT('',#8660);
#8662=CARTESIAN_POINT('',(-1.641979171634E1,-5.587765932083E0,-1.98E1));
#8663=VERTEX_POINT('',#8662);
#8664=CARTESIAN_POINT('',(-1.649791671634E1,-5.481382966042E0,-1.98E1));
#8665=VERTEX_POINT('',#8664);
#8666=CARTESIAN_POINT('',(-1.6628125E1,-5.401595741510E0,-1.98E1));
#8667=VERTEX_POINT('',#8666);
#8668=CARTESIAN_POINT('',(-1.675833335817E1,-5.375E0,-1.98E1));
#8669=VERTEX_POINT('',#8668);
#8670=CARTESIAN_POINT('',(-1.68625E1,-5.375E0,-1.98E1));
#8671=VERTEX_POINT('',#8670);
#8672=CARTESIAN_POINT('',(-1.699270835817E1,-5.401595741510E0,-1.98E1));
#8673=VERTEX_POINT('',#8672);
#8674=CARTESIAN_POINT('',(-1.712291664183E1,-5.481382966042E0,-1.98E1));
#8675=VERTEX_POINT('',#8674);
#8676=CARTESIAN_POINT('',(-1.720104167908E1,-5.587765932083E0,-1.98E1));
#8677=VERTEX_POINT('',#8676);
#8678=CARTESIAN_POINT('',(-1.7253125E1,-5.720744714141E0,-1.98E1));
#8679=VERTEX_POINT('',#8678);
#8680=CARTESIAN_POINT('',(-1.727916667908E1,-5.906914904714E0,-1.98E1));
#8681=VERTEX_POINT('',#8680);
#8682=CARTESIAN_POINT('',(-1.727916667908E1,-6.093085095286E0,-1.98E1));
#8683=VERTEX_POINT('',#8682);
#8684=CARTESIAN_POINT('',(-1.7253125E1,-6.279255323112E0,-1.98E1));
#8685=VERTEX_POINT('',#8684);
#8686=CARTESIAN_POINT('',(-1.720104167908E1,-6.412234049290E0,-1.98E1));
#8687=VERTEX_POINT('',#8686);
#8688=CARTESIAN_POINT('',(-1.712291664183E1,-6.518617024645E0,-1.98E1));
#8689=VERTEX_POINT('',#8688);
#8690=CARTESIAN_POINT('',(-1.699270835817E1,-6.598404256161E0,-1.98E1));
#8691=VERTEX_POINT('',#8690);
#8692=CARTESIAN_POINT('',(-1.68625E1,-6.625E0,-1.98E1));
#8693=VERTEX_POINT('',#8692);
#8694=CARTESIAN_POINT('',(-1.673229164183E1,-6.625E0,-1.98E1));
#8695=VERTEX_POINT('',#8694);
#8696=CARTESIAN_POINT('',(-1.660208335817E1,-6.598404256161E0,-1.98E1));
#8697=VERTEX_POINT('',#8696);
#8698=CARTESIAN_POINT('',(-1.6471875E1,-6.518617024645E0,-1.98E1));
#8699=VERTEX_POINT('',#8698);
#8700=CARTESIAN_POINT('',(-1.639375E1,-6.412234049290E0,-1.98E1));
#8701=VERTEX_POINT('',#8700);
#8702=CARTESIAN_POINT('',(-1.634166671634E1,-6.279255323112E0,-1.98E1));
#8703=VERTEX_POINT('',#8702);
#8704=CARTESIAN_POINT('',(-1.634166671634E1,-6.146276578307E0,-1.98E1));
#8705=VERTEX_POINT('',#8704);
#8706=CARTESIAN_POINT('',(1.275E1,-1.03E1,-2.E1));
#8707=VERTEX_POINT('',#8706);
#8708=CARTESIAN_POINT('',(1.275E1,-9.1E0,-2.E1));
#8709=VERTEX_POINT('',#8708);
#8710=CARTESIAN_POINT('',(1.175E1,-9.1E0,-2.E1));
#8711=VERTEX_POINT('',#8710);
#8712=CARTESIAN_POINT('',(1.175E1,-1.03E1,-2.E1));
#8713=VERTEX_POINT('',#8712);
#8714=CARTESIAN_POINT('',(1.265E1,-1.02E1,-1.E1));
#8715=CARTESIAN_POINT('',(1.265E1,-9.1E0,-1.E1));
#8716=VERTEX_POINT('',#8714);
#8717=VERTEX_POINT('',#8715);
#8718=CARTESIAN_POINT('',(1.275E1,-1.02E1,-1.01E1));
#8719=CARTESIAN_POINT('',(1.275E1,-9.099999988208E0,-1.01E1));
#8720=VERTEX_POINT('',#8718);
#8721=VERTEX_POINT('',#8719);
#8722=CARTESIAN_POINT('',(1.185E1,-9.1E0,-1.E1));
#8723=VERTEX_POINT('',#8722);
#8724=CARTESIAN_POINT('',(1.175E1,-9.1E0,-1.01E1));
#8725=VERTEX_POINT('',#8724);
#8726=CARTESIAN_POINT('',(1.175E1,-1.02E1,-1.01E1));
#8727=VERTEX_POINT('',#8726);
#8728=CARTESIAN_POINT('',(1.185E1,-1.02E1,-1.E1));
#8729=VERTEX_POINT('',#8728);
#8730=CARTESIAN_POINT('',(1.185E1,-1.03E1,-9.9E0));
#8731=CARTESIAN_POINT('',(1.265E1,-1.03E1,-9.9E0));
#8732=VERTEX_POINT('',#8730);
#8733=VERTEX_POINT('',#8731);
#8734=CARTESIAN_POINT('',(1.175E1,-1.03E1,-1.007320508076E1));
#8735=VERTEX_POINT('',#8734);
#8736=CARTESIAN_POINT('',(1.275E1,-1.03E1,-1.007320508076E1));
#8737=VERTEX_POINT('',#8736);
#8738=CARTESIAN_POINT('',(1.175E1,1.03E1,-2.E1));
#8739=CARTESIAN_POINT('',(1.175E1,9.1E0,-2.E1));
#8740=VERTEX_POINT('',#8738);
#8741=VERTEX_POINT('',#8739);
#8742=CARTESIAN_POINT('',(1.275E1,9.1E0,-2.E1));
#8743=VERTEX_POINT('',#8742);
#8744=CARTESIAN_POINT('',(1.275E1,1.03E1,-2.E1));
#8745=VERTEX_POINT('',#8744);
#8746=CARTESIAN_POINT('',(1.185E1,1.02E1,-1.E1));
#8747=CARTESIAN_POINT('',(1.185E1,9.1E0,-1.E1));
#8748=VERTEX_POINT('',#8746);
#8749=VERTEX_POINT('',#8747);
#8750=CARTESIAN_POINT('',(1.175E1,1.02E1,-1.01E1));
#8751=CARTESIAN_POINT('',(1.175E1,9.099999988208E0,-1.01E1));
#8752=VERTEX_POINT('',#8750);
#8753=VERTEX_POINT('',#8751);
#8754=CARTESIAN_POINT('',(1.265E1,9.1E0,-1.E1));
#8755=VERTEX_POINT('',#8754);
#8756=CARTESIAN_POINT('',(1.275E1,9.1E0,-1.01E1));
#8757=VERTEX_POINT('',#8756);
#8758=CARTESIAN_POINT('',(1.275E1,1.02E1,-1.01E1));
#8759=VERTEX_POINT('',#8758);
#8760=CARTESIAN_POINT('',(1.265E1,1.02E1,-1.E1));
#8761=VERTEX_POINT('',#8760);
#8762=CARTESIAN_POINT('',(1.265E1,1.03E1,-9.9E0));
#8763=CARTESIAN_POINT('',(1.185E1,1.03E1,-9.9E0));
#8764=VERTEX_POINT('',#8762);
#8765=VERTEX_POINT('',#8763);
#8766=CARTESIAN_POINT('',(1.275E1,1.03E1,-1.007320508076E1));
#8767=VERTEX_POINT('',#8766);
#8768=CARTESIAN_POINT('',(1.175E1,1.03E1,-1.007320508076E1));
#8769=VERTEX_POINT('',#8768);
#8770=CARTESIAN_POINT('',(9.25E0,-1.03E1,-2.E1));
#8771=CARTESIAN_POINT('',(9.25E0,-9.1E0,-2.E1));
#8772=VERTEX_POINT('',#8770);
#8773=VERTEX_POINT('',#8771);
#8774=CARTESIAN_POINT('',(8.25E0,-9.1E0,-2.E1));
#8775=VERTEX_POINT('',#8774);
#8776=CARTESIAN_POINT('',(8.25E0,-1.03E1,-2.E1));
#8777=VERTEX_POINT('',#8776);
#8778=CARTESIAN_POINT('',(8.25E0,1.03E1,-2.E1));
#8779=CARTESIAN_POINT('',(8.25E0,9.1E0,-2.E1));
#8780=VERTEX_POINT('',#8778);
#8781=VERTEX_POINT('',#8779);
#8782=CARTESIAN_POINT('',(9.25E0,9.1E0,-2.E1));
#8783=VERTEX_POINT('',#8782);
#8784=CARTESIAN_POINT('',(9.25E0,1.03E1,-2.E1));
#8785=VERTEX_POINT('',#8784);
#8786=CARTESIAN_POINT('',(8.35E0,1.02E1,-1.E1));
#8787=CARTESIAN_POINT('',(8.350000000001E0,9.1E0,-1.E1));
#8788=VERTEX_POINT('',#8786);
#8789=VERTEX_POINT('',#8787);
#8790=CARTESIAN_POINT('',(8.25E0,1.02E1,-1.01E1));
#8791=CARTESIAN_POINT('',(8.25E0,9.099999988208E0,-1.01E1));
#8792=VERTEX_POINT('',#8790);
#8793=VERTEX_POINT('',#8791);
#8794=CARTESIAN_POINT('',(9.15E0,9.1E0,-1.E1));
#8795=VERTEX_POINT('',#8794);
#8796=CARTESIAN_POINT('',(9.25E0,9.1E0,-1.01E1));
#8797=VERTEX_POINT('',#8796);
#8798=CARTESIAN_POINT('',(9.25E0,1.02E1,-1.01E1));
#8799=VERTEX_POINT('',#8798);
#8800=CARTESIAN_POINT('',(9.15E0,1.02E1,-1.E1));
#8801=VERTEX_POINT('',#8800);
#8802=CARTESIAN_POINT('',(9.15E0,1.03E1,-9.9E0));
#8803=CARTESIAN_POINT('',(8.35E0,1.03E1,-9.9E0));
#8804=VERTEX_POINT('',#8802);
#8805=VERTEX_POINT('',#8803);
#8806=CARTESIAN_POINT('',(9.25E0,1.03E1,-1.007320508076E1));
#8807=VERTEX_POINT('',#8806);
#8808=CARTESIAN_POINT('',(8.25E0,1.03E1,-1.007320508076E1));
#8809=VERTEX_POINT('',#8808);
#8810=CARTESIAN_POINT('',(9.15E0,-1.02E1,-1.E1));
#8811=CARTESIAN_POINT('',(9.149999999999E0,-9.1E0,-1.E1));
#8812=VERTEX_POINT('',#8810);
#8813=VERTEX_POINT('',#8811);
#8814=CARTESIAN_POINT('',(9.25E0,-1.02E1,-1.01E1));
#8815=CARTESIAN_POINT('',(9.25E0,-9.099999988208E0,-1.01E1));
#8816=VERTEX_POINT('',#8814);
#8817=VERTEX_POINT('',#8815);
#8818=CARTESIAN_POINT('',(8.35E0,-9.1E0,-1.E1));
#8819=VERTEX_POINT('',#8818);
#8820=CARTESIAN_POINT('',(8.25E0,-9.1E0,-1.01E1));
#8821=VERTEX_POINT('',#8820);
#8822=CARTESIAN_POINT('',(8.25E0,-1.02E1,-1.01E1));
#8823=VERTEX_POINT('',#8822);
#8824=CARTESIAN_POINT('',(8.35E0,-1.02E1,-1.E1));
#8825=VERTEX_POINT('',#8824);
#8826=CARTESIAN_POINT('',(8.35E0,-1.03E1,-9.9E0));
#8827=CARTESIAN_POINT('',(9.15E0,-1.03E1,-9.9E0));
#8828=VERTEX_POINT('',#8826);
#8829=VERTEX_POINT('',#8827);
#8830=CARTESIAN_POINT('',(8.25E0,-1.03E1,-1.007320508076E1));
#8831=VERTEX_POINT('',#8830);
#8832=CARTESIAN_POINT('',(9.25E0,-1.03E1,-1.007320508076E1));
#8833=VERTEX_POINT('',#8832);
#8834=CARTESIAN_POINT('',(4.75E0,1.03E1,-2.E1));
#8835=CARTESIAN_POINT('',(4.75E0,9.1E0,-2.E1));
#8836=VERTEX_POINT('',#8834);
#8837=VERTEX_POINT('',#8835);
#8838=CARTESIAN_POINT('',(5.75E0,9.1E0,-2.E1));
#8839=VERTEX_POINT('',#8838);
#8840=CARTESIAN_POINT('',(5.75E0,1.03E1,-2.E1));
#8841=VERTEX_POINT('',#8840);
#8842=CARTESIAN_POINT('',(4.85E0,1.02E1,-1.E1));
#8843=CARTESIAN_POINT('',(4.850000000001E0,9.1E0,-1.E1));
#8844=VERTEX_POINT('',#8842);
#8845=VERTEX_POINT('',#8843);
#8846=CARTESIAN_POINT('',(4.75E0,1.02E1,-1.01E1));
#8847=CARTESIAN_POINT('',(4.75E0,9.099999988208E0,-1.01E1));
#8848=VERTEX_POINT('',#8846);
#8849=VERTEX_POINT('',#8847);
#8850=CARTESIAN_POINT('',(5.65E0,9.1E0,-1.E1));
#8851=VERTEX_POINT('',#8850);
#8852=CARTESIAN_POINT('',(5.75E0,9.1E0,-1.01E1));
#8853=VERTEX_POINT('',#8852);
#8854=CARTESIAN_POINT('',(5.75E0,1.02E1,-1.01E1));
#8855=VERTEX_POINT('',#8854);
#8856=CARTESIAN_POINT('',(5.65E0,1.02E1,-1.E1));
#8857=VERTEX_POINT('',#8856);
#8858=CARTESIAN_POINT('',(5.65E0,1.03E1,-9.9E0));
#8859=CARTESIAN_POINT('',(4.85E0,1.03E1,-9.9E0));
#8860=VERTEX_POINT('',#8858);
#8861=VERTEX_POINT('',#8859);
#8862=CARTESIAN_POINT('',(5.75E0,1.03E1,-1.007320508076E1));
#8863=VERTEX_POINT('',#8862);
#8864=CARTESIAN_POINT('',(4.75E0,1.03E1,-1.007320508076E1));
#8865=VERTEX_POINT('',#8864);
#8866=CARTESIAN_POINT('',(2.25E0,-1.03E1,-2.E1));
#8867=CARTESIAN_POINT('',(2.25E0,-9.1E0,-2.E1));
#8868=VERTEX_POINT('',#8866);
#8869=VERTEX_POINT('',#8867);
#8870=CARTESIAN_POINT('',(1.25E0,-9.1E0,-2.E1));
#8871=VERTEX_POINT('',#8870);
#8872=CARTESIAN_POINT('',(1.25E0,-1.03E1,-2.E1));
#8873=VERTEX_POINT('',#8872);
#8874=CARTESIAN_POINT('',(1.25E0,1.03E1,-2.E1));
#8875=CARTESIAN_POINT('',(1.25E0,9.1E0,-2.E1));
#8876=VERTEX_POINT('',#8874);
#8877=VERTEX_POINT('',#8875);
#8878=CARTESIAN_POINT('',(2.25E0,9.1E0,-2.E1));
#8879=VERTEX_POINT('',#8878);
#8880=CARTESIAN_POINT('',(2.25E0,1.03E1,-2.E1));
#8881=VERTEX_POINT('',#8880);
#8882=CARTESIAN_POINT('',(1.35E0,1.02E1,-1.E1));
#8883=CARTESIAN_POINT('',(1.350000000001E0,9.1E0,-1.E1));
#8884=VERTEX_POINT('',#8882);
#8885=VERTEX_POINT('',#8883);
#8886=CARTESIAN_POINT('',(1.25E0,1.02E1,-1.01E1));
#8887=CARTESIAN_POINT('',(1.25E0,9.099999988208E0,-1.01E1));
#8888=VERTEX_POINT('',#8886);
#8889=VERTEX_POINT('',#8887);
#8890=CARTESIAN_POINT('',(2.15E0,9.1E0,-1.E1));
#8891=VERTEX_POINT('',#8890);
#8892=CARTESIAN_POINT('',(2.25E0,9.1E0,-1.01E1));
#8893=VERTEX_POINT('',#8892);
#8894=CARTESIAN_POINT('',(2.25E0,1.02E1,-1.01E1));
#8895=VERTEX_POINT('',#8894);
#8896=CARTESIAN_POINT('',(2.15E0,1.02E1,-1.E1));
#8897=VERTEX_POINT('',#8896);
#8898=CARTESIAN_POINT('',(2.15E0,1.03E1,-9.9E0));
#8899=CARTESIAN_POINT('',(1.35E0,1.03E1,-9.9E0));
#8900=VERTEX_POINT('',#8898);
#8901=VERTEX_POINT('',#8899);
#8902=CARTESIAN_POINT('',(2.25E0,1.03E1,-1.007320508076E1));
#8903=VERTEX_POINT('',#8902);
#8904=CARTESIAN_POINT('',(1.25E0,1.03E1,-1.007320508076E1));
#8905=VERTEX_POINT('',#8904);
#8906=CARTESIAN_POINT('',(2.15E0,-1.02E1,-1.E1));
#8907=CARTESIAN_POINT('',(2.149999999999E0,-9.1E0,-1.E1));
#8908=VERTEX_POINT('',#8906);
#8909=VERTEX_POINT('',#8907);
#8910=CARTESIAN_POINT('',(2.25E0,-1.02E1,-1.01E1));
#8911=CARTESIAN_POINT('',(2.25E0,-9.099999988208E0,-1.01E1));
#8912=VERTEX_POINT('',#8910);
#8913=VERTEX_POINT('',#8911);
#8914=CARTESIAN_POINT('',(1.35E0,-9.1E0,-1.E1));
#8915=VERTEX_POINT('',#8914);
#8916=CARTESIAN_POINT('',(1.25E0,-9.1E0,-1.01E1));
#8917=VERTEX_POINT('',#8916);
#8918=CARTESIAN_POINT('',(1.25E0,-1.02E1,-1.01E1));
#8919=VERTEX_POINT('',#8918);
#8920=CARTESIAN_POINT('',(1.35E0,-1.02E1,-1.E1));
#8921=VERTEX_POINT('',#8920);
#8922=CARTESIAN_POINT('',(1.35E0,-1.03E1,-9.9E0));
#8923=CARTESIAN_POINT('',(2.15E0,-1.03E1,-9.9E0));
#8924=VERTEX_POINT('',#8922);
#8925=VERTEX_POINT('',#8923);
#8926=CARTESIAN_POINT('',(1.25E0,-1.03E1,-1.007320508076E1));
#8927=VERTEX_POINT('',#8926);
#8928=CARTESIAN_POINT('',(2.25E0,-1.03E1,-1.007320508076E1));
#8929=VERTEX_POINT('',#8928);
#8930=CARTESIAN_POINT('',(-1.25E0,-1.03E1,-2.E1));
#8931=CARTESIAN_POINT('',(-1.25E0,-9.1E0,-2.E1));
#8932=VERTEX_POINT('',#8930);
#8933=VERTEX_POINT('',#8931);
#8934=CARTESIAN_POINT('',(-2.25E0,-9.1E0,-2.E1));
#8935=VERTEX_POINT('',#8934);
#8936=CARTESIAN_POINT('',(-2.25E0,-1.03E1,-2.E1));
#8937=VERTEX_POINT('',#8936);
#8938=CARTESIAN_POINT('',(-1.35E0,-1.02E1,-1.E1));
#8939=CARTESIAN_POINT('',(-1.350000000001E0,-9.1E0,-1.E1));
#8940=VERTEX_POINT('',#8938);
#8941=VERTEX_POINT('',#8939);
#8942=CARTESIAN_POINT('',(-1.25E0,-1.02E1,-1.01E1));
#8943=CARTESIAN_POINT('',(-1.25E0,-9.099999988208E0,-1.01E1));
#8944=VERTEX_POINT('',#8942);
#8945=VERTEX_POINT('',#8943);
#8946=CARTESIAN_POINT('',(-2.15E0,-9.1E0,-1.E1));
#8947=VERTEX_POINT('',#8946);
#8948=CARTESIAN_POINT('',(-2.25E0,-9.1E0,-1.01E1));
#8949=VERTEX_POINT('',#8948);
#8950=CARTESIAN_POINT('',(-2.25E0,-1.02E1,-1.01E1));
#8951=VERTEX_POINT('',#8950);
#8952=CARTESIAN_POINT('',(-2.15E0,-1.02E1,-1.E1));
#8953=VERTEX_POINT('',#8952);
#8954=CARTESIAN_POINT('',(-2.15E0,-1.03E1,-9.9E0));
#8955=CARTESIAN_POINT('',(-1.35E0,-1.03E1,-9.9E0));
#8956=VERTEX_POINT('',#8954);
#8957=VERTEX_POINT('',#8955);
#8958=CARTESIAN_POINT('',(-2.25E0,-1.03E1,-1.007320508076E1));
#8959=VERTEX_POINT('',#8958);
#8960=CARTESIAN_POINT('',(-1.25E0,-1.03E1,-1.007320508076E1));
#8961=VERTEX_POINT('',#8960);
#8962=CARTESIAN_POINT('',(-4.75E0,-1.03E1,-2.E1));
#8963=CARTESIAN_POINT('',(-4.75E0,-9.1E0,-2.E1));
#8964=VERTEX_POINT('',#8962);
#8965=VERTEX_POINT('',#8963);
#8966=CARTESIAN_POINT('',(-5.75E0,-9.1E0,-2.E1));
#8967=VERTEX_POINT('',#8966);
#8968=CARTESIAN_POINT('',(-5.75E0,-1.03E1,-2.E1));
#8969=VERTEX_POINT('',#8968);
#8970=CARTESIAN_POINT('',(-5.75E0,1.03E1,-2.E1));
#8971=CARTESIAN_POINT('',(-5.75E0,9.1E0,-2.E1));
#8972=VERTEX_POINT('',#8970);
#8973=VERTEX_POINT('',#8971);
#8974=CARTESIAN_POINT('',(-4.75E0,9.1E0,-2.E1));
#8975=VERTEX_POINT('',#8974);
#8976=CARTESIAN_POINT('',(-4.75E0,1.03E1,-2.E1));
#8977=VERTEX_POINT('',#8976);
#8978=CARTESIAN_POINT('',(-5.65E0,1.02E1,-1.E1));
#8979=CARTESIAN_POINT('',(-5.649999999999E0,9.1E0,-1.E1));
#8980=VERTEX_POINT('',#8978);
#8981=VERTEX_POINT('',#8979);
#8982=CARTESIAN_POINT('',(-5.75E0,1.02E1,-1.01E1));
#8983=CARTESIAN_POINT('',(-5.75E0,9.099999988208E0,-1.01E1));
#8984=VERTEX_POINT('',#8982);
#8985=VERTEX_POINT('',#8983);
#8986=CARTESIAN_POINT('',(-4.85E0,9.1E0,-1.E1));
#8987=VERTEX_POINT('',#8986);
#8988=CARTESIAN_POINT('',(-4.75E0,9.1E0,-1.01E1));
#8989=VERTEX_POINT('',#8988);
#8990=CARTESIAN_POINT('',(-4.75E0,1.02E1,-1.01E1));
#8991=VERTEX_POINT('',#8990);
#8992=CARTESIAN_POINT('',(-4.85E0,1.02E1,-1.E1));
#8993=VERTEX_POINT('',#8992);
#8994=CARTESIAN_POINT('',(-4.85E0,1.03E1,-9.9E0));
#8995=CARTESIAN_POINT('',(-5.65E0,1.03E1,-9.9E0));
#8996=VERTEX_POINT('',#8994);
#8997=VERTEX_POINT('',#8995);
#8998=CARTESIAN_POINT('',(-4.75E0,1.03E1,-1.007320508076E1));
#8999=VERTEX_POINT('',#8998);
#9000=CARTESIAN_POINT('',(-5.75E0,1.03E1,-1.007320508076E1));
#9001=VERTEX_POINT('',#9000);
#9002=CARTESIAN_POINT('',(-4.85E0,-1.02E1,-1.E1));
#9003=CARTESIAN_POINT('',(-4.850000000001E0,-9.1E0,-1.E1));
#9004=VERTEX_POINT('',#9002);
#9005=VERTEX_POINT('',#9003);
#9006=CARTESIAN_POINT('',(-4.75E0,-1.02E1,-1.01E1));
#9007=CARTESIAN_POINT('',(-4.75E0,-9.099999988208E0,-1.01E1));
#9008=VERTEX_POINT('',#9006);
#9009=VERTEX_POINT('',#9007);
#9010=CARTESIAN_POINT('',(-5.65E0,-9.1E0,-1.E1));
#9011=VERTEX_POINT('',#9010);
#9012=CARTESIAN_POINT('',(-5.75E0,-9.1E0,-1.01E1));
#9013=VERTEX_POINT('',#9012);
#9014=CARTESIAN_POINT('',(-5.75E0,-1.02E1,-1.01E1));
#9015=VERTEX_POINT('',#9014);
#9016=CARTESIAN_POINT('',(-5.65E0,-1.02E1,-1.E1));
#9017=VERTEX_POINT('',#9016);
#9018=CARTESIAN_POINT('',(-5.65E0,-1.03E1,-9.9E0));
#9019=CARTESIAN_POINT('',(-4.85E0,-1.03E1,-9.9E0));
#9020=VERTEX_POINT('',#9018);
#9021=VERTEX_POINT('',#9019);
#9022=CARTESIAN_POINT('',(-5.75E0,-1.03E1,-1.007320508076E1));
#9023=VERTEX_POINT('',#9022);
#9024=CARTESIAN_POINT('',(-4.75E0,-1.03E1,-1.007320508076E1));
#9025=VERTEX_POINT('',#9024);
#9026=CARTESIAN_POINT('',(-8.25E0,-1.03E1,-2.E1));
#9027=CARTESIAN_POINT('',(-8.25E0,-9.1E0,-2.E1));
#9028=VERTEX_POINT('',#9026);
#9029=VERTEX_POINT('',#9027);
#9030=CARTESIAN_POINT('',(-9.25E0,-9.1E0,-2.E1));
#9031=VERTEX_POINT('',#9030);
#9032=CARTESIAN_POINT('',(-9.25E0,-1.03E1,-2.E1));
#9033=VERTEX_POINT('',#9032);
#9034=CARTESIAN_POINT('',(-9.25E0,1.03E1,-2.E1));
#9035=CARTESIAN_POINT('',(-9.25E0,9.1E0,-2.E1));
#9036=VERTEX_POINT('',#9034);
#9037=VERTEX_POINT('',#9035);
#9038=CARTESIAN_POINT('',(-8.25E0,9.1E0,-2.E1));
#9039=VERTEX_POINT('',#9038);
#9040=CARTESIAN_POINT('',(-8.25E0,1.03E1,-2.E1));
#9041=VERTEX_POINT('',#9040);
#9042=CARTESIAN_POINT('',(-9.15E0,1.02E1,-1.E1));
#9043=CARTESIAN_POINT('',(-9.149999999999E0,9.1E0,-1.E1));
#9044=VERTEX_POINT('',#9042);
#9045=VERTEX_POINT('',#9043);
#9046=CARTESIAN_POINT('',(-9.25E0,1.02E1,-1.01E1));
#9047=CARTESIAN_POINT('',(-9.25E0,9.099999988208E0,-1.01E1));
#9048=VERTEX_POINT('',#9046);
#9049=VERTEX_POINT('',#9047);
#9050=CARTESIAN_POINT('',(-8.35E0,9.1E0,-1.E1));
#9051=VERTEX_POINT('',#9050);
#9052=CARTESIAN_POINT('',(-8.25E0,9.1E0,-1.01E1));
#9053=VERTEX_POINT('',#9052);
#9054=CARTESIAN_POINT('',(-8.25E0,1.02E1,-1.01E1));
#9055=VERTEX_POINT('',#9054);
#9056=CARTESIAN_POINT('',(-8.35E0,1.02E1,-1.E1));
#9057=VERTEX_POINT('',#9056);
#9058=CARTESIAN_POINT('',(-8.35E0,1.03E1,-9.9E0));
#9059=CARTESIAN_POINT('',(-9.15E0,1.03E1,-9.9E0));
#9060=VERTEX_POINT('',#9058);
#9061=VERTEX_POINT('',#9059);
#9062=CARTESIAN_POINT('',(-8.25E0,1.03E1,-1.007320508076E1));
#9063=VERTEX_POINT('',#9062);
#9064=CARTESIAN_POINT('',(-9.25E0,1.03E1,-1.007320508076E1));
#9065=VERTEX_POINT('',#9064);
#9066=CARTESIAN_POINT('',(-8.35E0,-1.02E1,-1.E1));
#9067=CARTESIAN_POINT('',(-8.350000000001E0,-9.1E0,-1.E1));
#9068=VERTEX_POINT('',#9066);
#9069=VERTEX_POINT('',#9067);
#9070=CARTESIAN_POINT('',(-8.25E0,-1.02E1,-1.01E1));
#9071=CARTESIAN_POINT('',(-8.25E0,-9.099999988208E0,-1.01E1));
#9072=VERTEX_POINT('',#9070);
#9073=VERTEX_POINT('',#9071);
#9074=CARTESIAN_POINT('',(-9.15E0,-9.1E0,-1.E1));
#9075=VERTEX_POINT('',#9074);
#9076=CARTESIAN_POINT('',(-9.25E0,-9.1E0,-1.01E1));
#9077=VERTEX_POINT('',#9076);
#9078=CARTESIAN_POINT('',(-9.25E0,-1.02E1,-1.01E1));
#9079=VERTEX_POINT('',#9078);
#9080=CARTESIAN_POINT('',(-9.15E0,-1.02E1,-1.E1));
#9081=VERTEX_POINT('',#9080);
#9082=CARTESIAN_POINT('',(-9.15E0,-1.03E1,-9.9E0));
#9083=CARTESIAN_POINT('',(-8.35E0,-1.03E1,-9.9E0));
#9084=VERTEX_POINT('',#9082);
#9085=VERTEX_POINT('',#9083);
#9086=CARTESIAN_POINT('',(-9.25E0,-1.03E1,-1.007320508076E1));
#9087=VERTEX_POINT('',#9086);
#9088=CARTESIAN_POINT('',(-8.25E0,-1.03E1,-1.007320508076E1));
#9089=VERTEX_POINT('',#9088);
#9090=CARTESIAN_POINT('',(-1.175E1,-1.03E1,-2.E1));
#9091=CARTESIAN_POINT('',(-1.175E1,-9.1E0,-2.E1));
#9092=VERTEX_POINT('',#9090);
#9093=VERTEX_POINT('',#9091);
#9094=CARTESIAN_POINT('',(-1.275E1,-9.1E0,-2.E1));
#9095=VERTEX_POINT('',#9094);
#9096=CARTESIAN_POINT('',(-1.275E1,-1.03E1,-2.E1));
#9097=VERTEX_POINT('',#9096);
#9098=CARTESIAN_POINT('',(-1.275E1,1.03E1,-2.E1));
#9099=CARTESIAN_POINT('',(-1.275E1,9.1E0,-2.E1));
#9100=VERTEX_POINT('',#9098);
#9101=VERTEX_POINT('',#9099);
#9102=CARTESIAN_POINT('',(-1.175E1,9.1E0,-2.E1));
#9103=VERTEX_POINT('',#9102);
#9104=CARTESIAN_POINT('',(-1.175E1,1.03E1,-2.E1));
#9105=VERTEX_POINT('',#9104);
#9106=CARTESIAN_POINT('',(-1.265E1,1.02E1,-1.E1));
#9107=CARTESIAN_POINT('',(-1.265E1,9.1E0,-1.E1));
#9108=VERTEX_POINT('',#9106);
#9109=VERTEX_POINT('',#9107);
#9110=CARTESIAN_POINT('',(-1.275E1,1.02E1,-1.01E1));
#9111=CARTESIAN_POINT('',(-1.275E1,9.099999988208E0,-1.01E1));
#9112=VERTEX_POINT('',#9110);
#9113=VERTEX_POINT('',#9111);
#9114=CARTESIAN_POINT('',(-1.185E1,9.1E0,-1.E1));
#9115=VERTEX_POINT('',#9114);
#9116=CARTESIAN_POINT('',(-1.175E1,9.1E0,-1.01E1));
#9117=VERTEX_POINT('',#9116);
#9118=CARTESIAN_POINT('',(-1.175E1,1.02E1,-1.01E1));
#9119=VERTEX_POINT('',#9118);
#9120=CARTESIAN_POINT('',(-1.185E1,1.02E1,-1.E1));
#9121=VERTEX_POINT('',#9120);
#9122=CARTESIAN_POINT('',(-1.185E1,1.03E1,-9.9E0));
#9123=CARTESIAN_POINT('',(-1.265E1,1.03E1,-9.9E0));
#9124=VERTEX_POINT('',#9122);
#9125=VERTEX_POINT('',#9123);
#9126=CARTESIAN_POINT('',(-1.175E1,1.03E1,-1.007320508076E1));
#9127=VERTEX_POINT('',#9126);
#9128=CARTESIAN_POINT('',(-1.275E1,1.03E1,-1.007320508076E1));
#9129=VERTEX_POINT('',#9128);
#9130=CARTESIAN_POINT('',(-1.185E1,-1.02E1,-1.E1));
#9131=CARTESIAN_POINT('',(-1.185E1,-9.1E0,-1.E1));
#9132=VERTEX_POINT('',#9130);
#9133=VERTEX_POINT('',#9131);
#9134=CARTESIAN_POINT('',(-1.175E1,-1.02E1,-1.01E1));
#9135=CARTESIAN_POINT('',(-1.175E1,-9.099999988208E0,-1.01E1));
#9136=VERTEX_POINT('',#9134);
#9137=VERTEX_POINT('',#9135);
#9138=CARTESIAN_POINT('',(-1.265E1,-9.1E0,-1.E1));
#9139=VERTEX_POINT('',#9138);
#9140=CARTESIAN_POINT('',(-1.275E1,-9.1E0,-1.01E1));
#9141=VERTEX_POINT('',#9140);
#9142=CARTESIAN_POINT('',(-1.275E1,-1.02E1,-1.01E1));
#9143=VERTEX_POINT('',#9142);
#9144=CARTESIAN_POINT('',(-1.265E1,-1.02E1,-1.E1));
#9145=VERTEX_POINT('',#9144);
#9146=CARTESIAN_POINT('',(-1.265E1,-1.03E1,-9.9E0));
#9147=CARTESIAN_POINT('',(-1.185E1,-1.03E1,-9.9E0));
#9148=VERTEX_POINT('',#9146);
#9149=VERTEX_POINT('',#9147);
#9150=CARTESIAN_POINT('',(-1.275E1,-1.03E1,-1.007320508076E1));
#9151=VERTEX_POINT('',#9150);
#9152=CARTESIAN_POINT('',(-1.175E1,-1.03E1,-1.007320508076E1));
#9153=VERTEX_POINT('',#9152);
#9154=CARTESIAN_POINT('',(-2.02E1,-5.2E0,-2.E1));
#9155=CARTESIAN_POINT('',(-1.9E1,-5.2E0,-2.E1));
#9156=VERTEX_POINT('',#9154);
#9157=VERTEX_POINT('',#9155);
#9158=CARTESIAN_POINT('',(-1.9E1,-4.2E0,-2.E1));
#9159=VERTEX_POINT('',#9158);
#9160=CARTESIAN_POINT('',(-2.02E1,-4.2E0,-2.E1));
#9161=VERTEX_POINT('',#9160);
#9162=CARTESIAN_POINT('',(-2.02E1,4.2E0,-2.E1));
#9163=VERTEX_POINT('',#9162);
#9164=CARTESIAN_POINT('',(-1.9E1,4.2E0,-2.E1));
#9165=VERTEX_POINT('',#9164);
#9166=CARTESIAN_POINT('',(-1.9E1,5.2E0,-2.E1));
#9167=VERTEX_POINT('',#9166);
#9168=CARTESIAN_POINT('',(-2.02E1,5.2E0,-2.E1));
#9169=VERTEX_POINT('',#9168);
#9170=CARTESIAN_POINT('',(2.02E1,-4.2E0,-2.E1));
#9171=CARTESIAN_POINT('',(1.9E1,-4.2E0,-2.E1));
#9172=VERTEX_POINT('',#9170);
#9173=VERTEX_POINT('',#9171);
#9174=CARTESIAN_POINT('',(1.9E1,-5.2E0,-2.E1));
#9175=VERTEX_POINT('',#9174);
#9176=CARTESIAN_POINT('',(2.02E1,-5.2E0,-2.E1));
#9177=VERTEX_POINT('',#9176);
#9178=CARTESIAN_POINT('',(2.02E1,5.2E0,-2.E1));
#9179=CARTESIAN_POINT('',(1.9E1,5.2E0,-2.E1));
#9180=VERTEX_POINT('',#9178);
#9181=VERTEX_POINT('',#9179);
#9182=CARTESIAN_POINT('',(1.9E1,4.2E0,-2.E1));
#9183=VERTEX_POINT('',#9182);
#9184=CARTESIAN_POINT('',(2.02E1,4.2E0,-2.E1));
#9185=VERTEX_POINT('',#9184);
#9186=CARTESIAN_POINT('',(2.01E1,-4.3E0,-1.E1));
#9187=CARTESIAN_POINT('',(1.9E1,-4.300000000001E0,-1.E1));
#9188=VERTEX_POINT('',#9186);
#9189=VERTEX_POINT('',#9187);
#9190=CARTESIAN_POINT('',(2.01E1,-4.2E0,-1.01E1));
#9191=CARTESIAN_POINT('',(1.899999998821E1,-4.2E0,-1.01E1));
#9192=VERTEX_POINT('',#9190);
#9193=VERTEX_POINT('',#9191);
#9194=CARTESIAN_POINT('',(1.9E1,-5.1E0,-1.E1));
#9195=VERTEX_POINT('',#9194);
#9196=CARTESIAN_POINT('',(1.9E1,-5.2E0,-1.01E1));
#9197=VERTEX_POINT('',#9196);
#9198=CARTESIAN_POINT('',(2.01E1,-5.2E0,-1.01E1));
#9199=VERTEX_POINT('',#9198);
#9200=CARTESIAN_POINT('',(2.01E1,-5.1E0,-1.E1));
#9201=VERTEX_POINT('',#9200);
#9202=CARTESIAN_POINT('',(2.02E1,-5.1E0,-9.9E0));
#9203=CARTESIAN_POINT('',(2.02E1,-4.3E0,-9.9E0));
#9204=VERTEX_POINT('',#9202);
#9205=VERTEX_POINT('',#9203);
#9206=CARTESIAN_POINT('',(2.02E1,-5.2E0,-1.007320508076E1));
#9207=VERTEX_POINT('',#9206);
#9208=CARTESIAN_POINT('',(2.02E1,-4.2E0,-1.007320508076E1));
#9209=VERTEX_POINT('',#9208);
#9210=CARTESIAN_POINT('',(2.01E1,5.1E0,-1.E1));
#9211=CARTESIAN_POINT('',(1.9E1,5.099999999999E0,-1.E1));
#9212=VERTEX_POINT('',#9210);
#9213=VERTEX_POINT('',#9211);
#9214=CARTESIAN_POINT('',(2.01E1,5.2E0,-1.01E1));
#9215=CARTESIAN_POINT('',(1.899999998821E1,5.2E0,-1.01E1));
#9216=VERTEX_POINT('',#9214);
#9217=VERTEX_POINT('',#9215);
#9218=CARTESIAN_POINT('',(1.9E1,4.3E0,-1.E1));
#9219=VERTEX_POINT('',#9218);
#9220=CARTESIAN_POINT('',(1.9E1,4.2E0,-1.01E1));
#9221=VERTEX_POINT('',#9220);
#9222=CARTESIAN_POINT('',(2.01E1,4.2E0,-1.01E1));
#9223=VERTEX_POINT('',#9222);
#9224=CARTESIAN_POINT('',(2.01E1,4.3E0,-1.E1));
#9225=VERTEX_POINT('',#9224);
#9226=CARTESIAN_POINT('',(2.02E1,4.3E0,-9.9E0));
#9227=CARTESIAN_POINT('',(2.02E1,5.1E0,-9.9E0));
#9228=VERTEX_POINT('',#9226);
#9229=VERTEX_POINT('',#9227);
#9230=CARTESIAN_POINT('',(2.02E1,4.2E0,-1.007320508076E1));
#9231=VERTEX_POINT('',#9230);
#9232=CARTESIAN_POINT('',(2.02E1,5.2E0,-1.007320508076E1));
#9233=VERTEX_POINT('',#9232);
#9234=CARTESIAN_POINT('',(-2.01E1,-5.1E0,-1.E1));
#9235=CARTESIAN_POINT('',(-1.9E1,-5.099999999999E0,-1.E1));
#9236=VERTEX_POINT('',#9234);
#9237=VERTEX_POINT('',#9235);
#9238=CARTESIAN_POINT('',(-2.01E1,-5.2E0,-1.01E1));
#9239=CARTESIAN_POINT('',(-1.899999998821E1,-5.2E0,-1.01E1));
#9240=VERTEX_POINT('',#9238);
#9241=VERTEX_POINT('',#9239);
#9242=CARTESIAN_POINT('',(-1.9E1,-4.3E0,-1.E1));
#9243=VERTEX_POINT('',#9242);
#9244=CARTESIAN_POINT('',(-1.9E1,-4.2E0,-1.01E1));
#9245=VERTEX_POINT('',#9244);
#9246=CARTESIAN_POINT('',(-2.01E1,-4.2E0,-1.01E1));
#9247=VERTEX_POINT('',#9246);
#9248=CARTESIAN_POINT('',(-2.01E1,-4.3E0,-1.E1));
#9249=VERTEX_POINT('',#9248);
#9250=CARTESIAN_POINT('',(-2.02E1,-4.3E0,-9.9E0));
#9251=CARTESIAN_POINT('',(-2.02E1,-5.1E0,-9.9E0));
#9252=VERTEX_POINT('',#9250);
#9253=VERTEX_POINT('',#9251);
#9254=CARTESIAN_POINT('',(-2.02E1,-4.2E0,-1.007320508076E1));
#9255=VERTEX_POINT('',#9254);
#9256=CARTESIAN_POINT('',(-2.02E1,-5.2E0,-1.007320508076E1));
#9257=VERTEX_POINT('',#9256);
#9258=CARTESIAN_POINT('',(-2.02E1,5.1E0,-9.9E0));
#9259=CARTESIAN_POINT('',(-2.02E1,4.3E0,-9.9E0));
#9260=VERTEX_POINT('',#9258);
#9261=VERTEX_POINT('',#9259);
#9262=CARTESIAN_POINT('',(-2.01E1,5.1E0,-1.E1));
#9263=CARTESIAN_POINT('',(-2.01E1,4.3E0,-1.E1));
#9264=VERTEX_POINT('',#9262);
#9265=VERTEX_POINT('',#9263);
#9266=CARTESIAN_POINT('',(-1.9E1,4.300000000001E0,-1.E1));
#9267=VERTEX_POINT('',#9266);
#9268=CARTESIAN_POINT('',(-2.01E1,4.2E0,-1.01E1));
#9269=CARTESIAN_POINT('',(-1.899999998821E1,4.2E0,-1.01E1));
#9270=VERTEX_POINT('',#9268);
#9271=VERTEX_POINT('',#9269);
#9272=CARTESIAN_POINT('',(-1.9E1,5.1E0,-1.E1));
#9273=VERTEX_POINT('',#9272);
#9274=CARTESIAN_POINT('',(-1.9E1,5.2E0,-1.01E1));
#9275=VERTEX_POINT('',#9274);
#9276=CARTESIAN_POINT('',(-2.01E1,5.2E0,-1.01E1));
#9277=VERTEX_POINT('',#9276);
#9278=CARTESIAN_POINT('',(-2.02E1,5.2E0,-1.007320508076E1));
#9279=VERTEX_POINT('',#9278);
#9280=CARTESIAN_POINT('',(-2.02E1,4.2E0,-1.007320508076E1));
#9281=VERTEX_POINT('',#9280);
#9282=CARTESIAN_POINT('',(-1.075E0,8.074999996492E0,-1.01E1));
#9283=CARTESIAN_POINT('',(-1.075E0,1.02E1,-1.01E1));
#9284=VERTEX_POINT('',#9282);
#9285=VERTEX_POINT('',#9283);
#9286=CARTESIAN_POINT('',(-1.175E0,8.075E0,-1.E1));
#9287=CARTESIAN_POINT('',(-1.175E0,1.02E1,-1.E1));
#9288=VERTEX_POINT('',#9286);
#9289=VERTEX_POINT('',#9287);
#9290=CARTESIAN_POINT('',(-2.325E0,8.075E0,-1.E1));
#9291=VERTEX_POINT('',#9290);
#9292=CARTESIAN_POINT('',(-2.425E0,8.075E0,-1.01E1));
#9293=VERTEX_POINT('',#9292);
#9294=CARTESIAN_POINT('',(-2.325E0,1.02E1,-1.E1));
#9295=VERTEX_POINT('',#9294);
#9296=CARTESIAN_POINT('',(-2.425E0,1.02E1,-1.01E1));
#9297=VERTEX_POINT('',#9296);
#9298=CARTESIAN_POINT('',(-2.425E0,1.03E1,-1.007320508076E1));
#9299=VERTEX_POINT('',#9298);
#9300=CARTESIAN_POINT('',(-1.075E0,1.03E1,-1.007320508076E1));
#9301=VERTEX_POINT('',#9300);
#9302=CARTESIAN_POINT('',(4.575E0,-8.074999996492E0,-1.01E1));
#9303=CARTESIAN_POINT('',(4.575E0,-1.02E1,-1.01E1));
#9304=VERTEX_POINT('',#9302);
#9305=VERTEX_POINT('',#9303);
#9306=CARTESIAN_POINT('',(4.675E0,-8.075E0,-1.E1));
#9307=CARTESIAN_POINT('',(4.675E0,-1.02E1,-1.E1));
#9308=VERTEX_POINT('',#9306);
#9309=VERTEX_POINT('',#9307);
#9310=CARTESIAN_POINT('',(5.825E0,-8.075E0,-1.E1));
#9311=VERTEX_POINT('',#9310);
#9312=CARTESIAN_POINT('',(5.925E0,-8.075E0,-1.01E1));
#9313=VERTEX_POINT('',#9312);
#9314=CARTESIAN_POINT('',(5.825E0,-1.02E1,-1.E1));
#9315=VERTEX_POINT('',#9314);
#9316=CARTESIAN_POINT('',(5.925E0,-1.02E1,-1.01E1));
#9317=VERTEX_POINT('',#9316);
#9318=CARTESIAN_POINT('',(5.925E0,-1.03E1,-1.007320508076E1));
#9319=VERTEX_POINT('',#9318);
#9320=CARTESIAN_POINT('',(4.575E0,-1.03E1,-1.007320508076E1));
#9321=VERTEX_POINT('',#9320);
#9322=CARTESIAN_POINT('',(5.825E0,-1.03E1,-9.9E0));
#9323=VERTEX_POINT('',#9322);
#9324=CARTESIAN_POINT('',(4.675E0,-1.03E1,-9.9E0));
#9325=VERTEX_POINT('',#9324);
#9326=CARTESIAN_POINT('',(-2.325E0,1.03E1,-9.9E0));
#9327=VERTEX_POINT('',#9326);
#9328=CARTESIAN_POINT('',(-1.175E0,1.03E1,-9.9E0));
#9329=VERTEX_POINT('',#9328);
#9330=CARTESIAN_POINT('',(-1.699270835817E1,-5.401595741510E0,-2.E1));
#9331=DIRECTION('',(2.001233184181E-1,-9.797707167625E-1,0.E0));
#9332=DIRECTION('',(9.797707167625E-1,2.001233184181E-1,0.E0));
#9333=AXIS2_PLACEMENT_3D('',#9330,#9331,#9332);
#9334=PLANE('',#9333);
#9336=ORIENTED_EDGE('',*,*,#9335,.T.);
#9338=ORIENTED_EDGE('',*,*,#9337,.T.);
#9340=ORIENTED_EDGE('',*,*,#9339,.F.);
#9342=ORIENTED_EDGE('',*,*,#9341,.T.);
#9343=EDGE_LOOP('',(#9336,#9338,#9340,#9342));
#9344=FACE_OUTER_BOUND('',#9343,.F.);
#9346=CARTESIAN_POINT('',(-1.68625E1,-5.375E0,-2.E1));
#9347=DIRECTION('',(0.E0,-1.E0,0.E0));
#9348=DIRECTION('',(1.E0,0.E0,0.E0));
#9349=AXIS2_PLACEMENT_3D('',#9346,#9347,#9348);
#9350=PLANE('',#9349);
#9352=ORIENTED_EDGE('',*,*,#9351,.T.);
#9354=ORIENTED_EDGE('',*,*,#9353,.T.);
#9355=ORIENTED_EDGE('',*,*,#9335,.F.);
#9357=ORIENTED_EDGE('',*,*,#9356,.T.);
#9358=EDGE_LOOP('',(#9352,#9354,#9355,#9357));
#9359=FACE_OUTER_BOUND('',#9358,.F.);
#9361=CARTESIAN_POINT('',(-1.675833335817E1,-5.375E0,-2.E1));
#9362=DIRECTION('',(-2.001233184181E-1,-9.797707167625E-1,0.E0));
#9363=DIRECTION('',(9.797707167625E-1,-2.001233184181E-1,0.E0));
#9364=AXIS2_PLACEMENT_3D('',#9361,#9362,#9363);
#9365=PLANE('',#9364);
#9367=ORIENTED_EDGE('',*,*,#9366,.T.);
#9369=ORIENTED_EDGE('',*,*,#9368,.T.);
#9370=ORIENTED_EDGE('',*,*,#9351,.F.);
#9372=ORIENTED_EDGE('',*,*,#9371,.T.);
#9373=EDGE_LOOP('',(#9367,#9369,#9370,#9372));
#9374=FACE_OUTER_BOUND('',#9373,.F.);
#9376=CARTESIAN_POINT('',(-1.6628125E1,-5.401595741510E0,-2.E1));
#9377=DIRECTION('',(-5.224770734933E-1,-8.526533338197E-1,0.E0));
#9378=DIRECTION('',(8.526533338197E-1,-5.224770734933E-1,0.E0));
#9379=AXIS2_PLACEMENT_3D('',#9376,#9377,#9378);
#9380=PLANE('',#9379);
#9382=ORIENTED_EDGE('',*,*,#9381,.T.);
#9384=ORIENTED_EDGE('',*,*,#9383,.T.);
#9385=ORIENTED_EDGE('',*,*,#9366,.F.);
#9387=ORIENTED_EDGE('',*,*,#9386,.T.);
#9388=EDGE_LOOP('',(#9382,#9384,#9385,#9387));
#9389=FACE_OUTER_BOUND('',#9388,.F.);
#9391=CARTESIAN_POINT('',(-1.649791671634E1,-5.481382966042E0,-2.E1));
#9392=DIRECTION('',(-8.060043958311E-1,-5.919095487496E-1,0.E0));
#9393=DIRECTION('',(5.919095487496E-1,-8.060043958311E-1,0.E0));
#9394=AXIS2_PLACEMENT_3D('',#9391,#9392,#9393);
#9395=PLANE('',#9394);
#9397=ORIENTED_EDGE('',*,*,#9396,.T.);
#9399=ORIENTED_EDGE('',*,*,#9398,.T.);
#9400=ORIENTED_EDGE('',*,*,#9381,.F.);
#9402=ORIENTED_EDGE('',*,*,#9401,.T.);
#9403=EDGE_LOOP('',(#9397,#9399,#9400,#9402));
#9404=FACE_OUTER_BOUND('',#9403,.F.);
#9406=CARTESIAN_POINT('',(-1.641979171634E1,-5.587765932083E0,-2.E1));
#9407=DIRECTION('',(-9.506450175458E-1,-3.102805998049E-1,0.E0));
#9408=DIRECTION('',(3.102805998049E-1,-9.506450175458E-1,0.E0));
#9409=AXIS2_PLACEMENT_3D('',#9406,#9407,#9408);
#9410=PLANE('',#9409);
#9412=ORIENTED_EDGE('',*,*,#9411,.T.);
#9414=ORIENTED_EDGE('',*,*,#9413,.T.);
#9415=ORIENTED_EDGE('',*,*,#9396,.F.);
#9417=ORIENTED_EDGE('',*,*,#9416,.T.);
#9418=EDGE_LOOP('',(#9412,#9414,#9415,#9417));
#9419=FACE_OUTER_BOUND('',#9418,.F.);
#9421=CARTESIAN_POINT('',(-1.639375E1,-5.667553156614E0,-2.E1));
#9422=DIRECTION('',(0.E0,1.E0,0.E0));
#9423=DIRECTION('',(-1.E0,0.E0,0.E0));
#9424=AXIS2_PLACEMENT_3D('',#9421,#9422,#9423);
#9425=PLANE('',#9424);
#9427=ORIENTED_EDGE('',*,*,#9426,.T.);
#9429=ORIENTED_EDGE('',*,*,#9428,.T.);
#9430=ORIENTED_EDGE('',*,*,#9411,.F.);
#9432=ORIENTED_EDGE('',*,*,#9431,.T.);
#9433=EDGE_LOOP('',(#9427,#9429,#9430,#9432));
#9434=FACE_OUTER_BOUND('',#9433,.F.);
#9436=CARTESIAN_POINT('',(-1.652395828366E1,-5.667553156614E0,-2.E1));
#9437=DIRECTION('',(8.373790012342E-1,5.466227293958E-1,0.E0));
#9438=DIRECTION('',(-5.466227293958E-1,8.373790012342E-1,0.E0));
#9439=AXIS2_PLACEMENT_3D('',#9436,#9437,#9438);
#9440=PLANE('',#9439);
#9442=ORIENTED_EDGE('',*,*,#9441,.T.);
#9444=ORIENTED_EDGE('',*,*,#9443,.T.);
#9445=ORIENTED_EDGE('',*,*,#9426,.F.);
#9447=ORIENTED_EDGE('',*,*,#9446,.T.);
#9448=EDGE_LOOP('',(#9442,#9444,#9445,#9447));
#9449=FACE_OUTER_BOUND('',#9448,.F.);
#9451=CARTESIAN_POINT('',(-1.657604164183E1,-5.587765932083E0,-2.E1));
#9452=DIRECTION('',(5.627909312417E-1,8.265992787996E-1,0.E0));
#9453=DIRECTION('',(-8.265992787996E-1,5.627909312417E-1,0.E0));
#9454=AXIS2_PLACEMENT_3D('',#9451,#9452,#9453);
#9455=PLANE('',#9454);
#9457=ORIENTED_EDGE('',*,*,#9456,.T.);
#9459=ORIENTED_EDGE('',*,*,#9458,.T.);
#9460=ORIENTED_EDGE('',*,*,#9441,.F.);
#9462=ORIENTED_EDGE('',*,*,#9461,.T.);
#9463=EDGE_LOOP('',(#9457,#9459,#9460,#9462));
#9464=FACE_OUTER_BOUND('',#9463,.F.);
#9466=CARTESIAN_POINT('',(-1.665416664183E1,-5.534574449062E0,-2.E1));
#9467=DIRECTION('',(3.222637633772E-1,9.466499177700E-1,0.E0));
#9468=DIRECTION('',(-9.466499177700E-1,3.222637633772E-1,0.E0));
#9469=AXIS2_PLACEMENT_3D('',#9466,#9467,#9468);
#9470=PLANE('',#9469);
#9472=ORIENTED_EDGE('',*,*,#9471,.T.);
#9474=ORIENTED_EDGE('',*,*,#9473,.T.);
#9475=ORIENTED_EDGE('',*,*,#9456,.F.);
#9477=ORIENTED_EDGE('',*,*,#9476,.T.);
#9478=EDGE_LOOP('',(#9472,#9474,#9475,#9477));
#9479=FACE_OUTER_BOUND('',#9478,.F.);
#9481=CARTESIAN_POINT('',(-1.673229164183E1,-5.507978707552E0,-2.E1));
#9482=DIRECTION('',(0.E0,1.E0,0.E0));
#9483=DIRECTION('',(-1.E0,0.E0,0.E0));
#9484=AXIS2_PLACEMENT_3D('',#9481,#9482,#9483);
#9485=PLANE('',#9484);
#9487=ORIENTED_EDGE('',*,*,#9486,.T.);
#9489=ORIENTED_EDGE('',*,*,#9488,.T.);
#9490=ORIENTED_EDGE('',*,*,#9471,.F.);
#9492=ORIENTED_EDGE('',*,*,#9491,.T.);
#9493=EDGE_LOOP('',(#9487,#9489,#9490,#9492));
#9494=FACE_OUTER_BOUND('',#9493,.F.);
#9496=CARTESIAN_POINT('',(-1.688854164183E1,-5.507978707552E0,-2.E1));
#9497=DIRECTION('',(-3.222637633772E-1,9.466499177700E-1,0.E0));
#9498=DIRECTION('',(-9.466499177700E-1,-3.222637633772E-1,0.E0));
#9499=AXIS2_PLACEMENT_3D('',#9496,#9497,#9498);
#9500=PLANE('',#9499);
#9502=ORIENTED_EDGE('',*,*,#9501,.T.);
#9504=ORIENTED_EDGE('',*,*,#9503,.T.);
#9505=ORIENTED_EDGE('',*,*,#9486,.F.);
#9507=ORIENTED_EDGE('',*,*,#9506,.T.);
#9508=EDGE_LOOP('',(#9502,#9504,#9505,#9507));
#9509=FACE_OUTER_BOUND('',#9508,.F.);
#9511=CARTESIAN_POINT('',(-1.696666664183E1,-5.534574449062E0,-2.E1));
#9512=DIRECTION('',(-5.627909312417E-1,8.265992787996E-1,0.E0));
#9513=DIRECTION('',(-8.265992787996E-1,-5.627909312417E-1,0.E0));
#9514=AXIS2_PLACEMENT_3D('',#9511,#9512,#9513);
#9515=PLANE('',#9514);
#9517=ORIENTED_EDGE('',*,*,#9516,.T.);
#9519=ORIENTED_EDGE('',*,*,#9518,.T.);
#9520=ORIENTED_EDGE('',*,*,#9501,.F.);
#9522=ORIENTED_EDGE('',*,*,#9521,.T.);
#9523=EDGE_LOOP('',(#9517,#9519,#9520,#9522));
#9524=FACE_OUTER_BOUND('',#9523,.F.);
#9526=CARTESIAN_POINT('',(-1.704479164183E1,-5.587765932083E0,-2.E1));
#9527=DIRECTION('',(-8.373790012342E-1,5.466227293958E-1,0.E0));
#9528=DIRECTION('',(-5.466227293958E-1,-8.373790012342E-1,0.E0));
#9529=AXIS2_PLACEMENT_3D('',#9526,#9527,#9528);
#9530=PLANE('',#9529);
#9532=ORIENTED_EDGE('',*,*,#9531,.T.);
#9534=ORIENTED_EDGE('',*,*,#9533,.T.);
#9535=ORIENTED_EDGE('',*,*,#9516,.F.);
#9537=ORIENTED_EDGE('',*,*,#9536,.T.);
#9538=EDGE_LOOP('',(#9532,#9534,#9535,#9537));
#9539=FACE_OUTER_BOUND('',#9538,.F.);
#9541=CARTESIAN_POINT('',(-1.7096875E1,-5.667553156614E0,-2.E1));
#9542=DIRECTION('',(-9.506453648566E-1,3.102795357040E-1,0.E0));
#9543=DIRECTION('',(-3.102795357040E-1,-9.506453648566E-1,0.E0));
#9544=AXIS2_PLACEMENT_3D('',#9541,#9542,#9543);
#9545=PLANE('',#9544);
#9547=ORIENTED_EDGE('',*,*,#9546,.T.);
#9549=ORIENTED_EDGE('',*,*,#9548,.T.);
#9550=ORIENTED_EDGE('',*,*,#9531,.F.);
#9552=ORIENTED_EDGE('',*,*,#9551,.T.);
#9553=EDGE_LOOP('',(#9547,#9549,#9550,#9552));
#9554=FACE_OUTER_BOUND('',#9553,.F.);
#9556=CARTESIAN_POINT('',(-1.712291664183E1,-5.747340455651E0,-2.E1));
#9557=DIRECTION('',(-9.869439482880E-1,1.610640957438E-1,0.E0));
#9558=DIRECTION('',(-1.610640957438E-1,-9.869439482880E-1,0.E0));
#9559=AXIS2_PLACEMENT_3D('',#9556,#9557,#9558);
#9560=PLANE('',#9559);
#9562=ORIENTED_EDGE('',*,*,#9561,.T.);
#9564=ORIENTED_EDGE('',*,*,#9563,.T.);
#9565=ORIENTED_EDGE('',*,*,#9546,.F.);
#9567=ORIENTED_EDGE('',*,*,#9566,.T.);
#9568=EDGE_LOOP('',(#9562,#9564,#9565,#9567));
#9569=FACE_OUTER_BOUND('',#9568,.F.);
#9571=CARTESIAN_POINT('',(-1.714895835817E1,-5.906914904714E0,-2.E1));
#9572=DIRECTION('',(-1.E0,0.E0,0.E0));
#9573=DIRECTION('',(0.E0,-1.E0,0.E0));
#9574=AXIS2_PLACEMENT_3D('',#9571,#9572,#9573);
#9575=PLANE('',#9574);
#9577=ORIENTED_EDGE('',*,*,#9576,.T.);
#9579=ORIENTED_EDGE('',*,*,#9578,.T.);
#9580=ORIENTED_EDGE('',*,*,#9561,.F.);
#9582=ORIENTED_EDGE('',*,*,#9581,.T.);
#9583=EDGE_LOOP('',(#9577,#9579,#9580,#9582));
#9584=FACE_OUTER_BOUND('',#9583,.F.);
#9586=CARTESIAN_POINT('',(-1.714895835817E1,-5.960106387734E0,-2.E1));
#9587=DIRECTION('',(5.627909312417E-1,-8.265992787996E-1,0.E0));
#9588=DIRECTION('',(8.265992787996E-1,5.627909312417E-1,0.E0));
#9589=AXIS2_PLACEMENT_3D('',#9586,#9587,#9588);
#9590=PLANE('',#9589);
#9592=ORIENTED_EDGE('',*,*,#9591,.T.);
#9594=ORIENTED_EDGE('',*,*,#9593,.T.);
#9595=ORIENTED_EDGE('',*,*,#9576,.F.);
#9597=ORIENTED_EDGE('',*,*,#9596,.T.);
#9598=EDGE_LOOP('',(#9592,#9594,#9595,#9597));
#9599=FACE_OUTER_BOUND('',#9598,.F.);
#9601=CARTESIAN_POINT('',(-1.699270835817E1,-5.853723421693E0,-2.E1));
#9602=DIRECTION('',(2.001233184181E-1,-9.797707167625E-1,0.E0));
#9603=DIRECTION('',(9.797707167625E-1,2.001233184181E-1,0.E0));
#9604=AXIS2_PLACEMENT_3D('',#9601,#9602,#9603);
#9605=PLANE('',#9604);
#9607=ORIENTED_EDGE('',*,*,#9606,.T.);
#9609=ORIENTED_EDGE('',*,*,#9608,.T.);
#9610=ORIENTED_EDGE('',*,*,#9591,.F.);
#9612=ORIENTED_EDGE('',*,*,#9611,.T.);
#9613=EDGE_LOOP('',(#9607,#9609,#9610,#9612));
#9614=FACE_OUTER_BOUND('',#9613,.F.);
#9616=CARTESIAN_POINT('',(-1.68625E1,-5.827127680182E0,-2.E1));
#9617=DIRECTION('',(0.E0,-1.E0,0.E0));
#9618=DIRECTION('',(1.E0,0.E0,0.E0));
#9619=AXIS2_PLACEMENT_3D('',#9616,#9617,#9618);
#9620=PLANE('',#9619);
#9622=ORIENTED_EDGE('',*,*,#9621,.T.);
#9624=ORIENTED_EDGE('',*,*,#9623,.T.);
#9625=ORIENTED_EDGE('',*,*,#9606,.F.);
#9627=ORIENTED_EDGE('',*,*,#9626,.T.);
#9628=EDGE_LOOP('',(#9622,#9624,#9625,#9627));
#9629=FACE_OUTER_BOUND('',#9628,.F.);
#9631=CARTESIAN_POINT('',(-1.673229164183E1,-5.827127680182E0,-2.E1));
#9632=DIRECTION('',(-2.001234283435E-1,-9.797706943097E-1,0.E0));
#9633=DIRECTION('',(9.797706943097E-1,-2.001234283435E-1,0.E0));
#9634=AXIS2_PLACEMENT_3D('',#9631,#9632,#9633);
#9635=PLANE('',#9634);
#9637=ORIENTED_EDGE('',*,*,#9636,.T.);
#9639=ORIENTED_EDGE('',*,*,#9638,.T.);
#9640=ORIENTED_EDGE('',*,*,#9621,.F.);
#9642=ORIENTED_EDGE('',*,*,#9641,.T.);
#9643=EDGE_LOOP('',(#9637,#9639,#9640,#9642));
#9644=FACE_OUTER_BOUND('',#9643,.F.);
#9646=CARTESIAN_POINT('',(-1.660208335817E1,-5.853723421693E0,-2.E1));
#9647=DIRECTION('',(-5.224768561414E-1,-8.526534670056E-1,0.E0));
#9648=DIRECTION('',(8.526534670056E-1,-5.224768561414E-1,0.E0));
#9649=AXIS2_PLACEMENT_3D('',#9646,#9647,#9648);
#9650=PLANE('',#9649);
#9652=ORIENTED_EDGE('',*,*,#9651,.T.);
#9654=ORIENTED_EDGE('',*,*,#9653,.T.);
#9655=ORIENTED_EDGE('',*,*,#9636,.F.);
#9657=ORIENTED_EDGE('',*,*,#9656,.T.);
#9658=EDGE_LOOP('',(#9652,#9654,#9655,#9657));
#9659=FACE_OUTER_BOUND('',#9658,.F.);
#9661=CARTESIAN_POINT('',(-1.6471875E1,-5.933510646224E0,-2.E1));
#9662=DIRECTION('',(-7.145103848018E-1,-6.996248351869E-1,0.E0));
#9663=DIRECTION('',(6.996248351869E-1,-7.145103848018E-1,0.E0));
#9664=AXIS2_PLACEMENT_3D('',#9661,#9662,#9663);
#9665=PLANE('',#9664);
#9667=ORIENTED_EDGE('',*,*,#9666,.F.);
#9669=ORIENTED_EDGE('',*,*,#9668,.T.);
#9670=ORIENTED_EDGE('',*,*,#9651,.F.);
#9672=ORIENTED_EDGE('',*,*,#9671,.T.);
#9673=EDGE_LOOP('',(#9667,#9669,#9670,#9672));
#9674=FACE_OUTER_BOUND('',#9673,.F.);
#9676=CARTESIAN_POINT('',(-1.639375E1,-6.013297870755E0,-2.E1));
#9677=DIRECTION('',(-9.311283541066E-1,-3.646916343690E-1,0.E0));
#9678=DIRECTION('',(3.646916343690E-1,-9.311283541066E-1,0.E0));
#9679=AXIS2_PLACEMENT_3D('',#9676,#9677,#9678);
#9680=PLANE('',#9679);
#9682=ORIENTED_EDGE('',*,*,#9681,.T.);
#9684=ORIENTED_EDGE('',*,*,#9683,.T.);
#9685=ORIENTED_EDGE('',*,*,#9666,.T.);
#9687=ORIENTED_EDGE('',*,*,#9686,.T.);
#9688=EDGE_LOOP('',(#9682,#9684,#9685,#9687));
#9689=FACE_OUTER_BOUND('',#9688,.F.);
#9691=CARTESIAN_POINT('',(-1.634166671634E1,-6.146276578307E0,-2.E1));
#9692=DIRECTION('',(-1.E0,0.E0,0.E0));
#9693=DIRECTION('',(0.E0,-1.E0,0.E0));
#9694=AXIS2_PLACEMENT_3D('',#9691,#9692,#9693);
#9695=PLANE('',#9694);
#9697=ORIENTED_EDGE('',*,*,#9696,.T.);
#9699=ORIENTED_EDGE('',*,*,#9698,.T.);
#9700=ORIENTED_EDGE('',*,*,#9681,.F.);
#9702=ORIENTED_EDGE('',*,*,#9701,.T.);
#9703=EDGE_LOOP('',(#9697,#9699,#9700,#9702));
#9704=FACE_OUTER_BOUND('',#9703,.F.);
#9706=CARTESIAN_POINT('',(-1.634166671634E1,-6.279255323112E0,-2.E1));
#9707=DIRECTION('',(-9.311283714530E-1,3.646915900803E-1,0.E0));
#9708=DIRECTION('',(-3.646915900803E-1,-9.311283714530E-1,0.E0));
#9709=AXIS2_PLACEMENT_3D('',#9706,#9707,#9708);
#9710=PLANE('',#9709);
#9712=ORIENTED_EDGE('',*,*,#9711,.T.);
#9714=ORIENTED_EDGE('',*,*,#9713,.T.);
#9715=ORIENTED_EDGE('',*,*,#9696,.F.);
#9717=ORIENTED_EDGE('',*,*,#9716,.T.);
#9718=EDGE_LOOP('',(#9712,#9714,#9715,#9717));
#9719=FACE_OUTER_BOUND('',#9718,.F.);
#9721=CARTESIAN_POINT('',(-1.639375E1,-6.412234049290E0,-2.E1));
#9722=DIRECTION('',(-8.060044205527E-1,5.919095150862E-1,0.E0));
#9723=DIRECTION('',(-5.919095150862E-1,-8.060044205527E-1,0.E0));
#9724=AXIS2_PLACEMENT_3D('',#9721,#9722,#9723);
#9725=PLANE('',#9724);
#9727=ORIENTED_EDGE('',*,*,#9726,.T.);
#9729=ORIENTED_EDGE('',*,*,#9728,.T.);
#9730=ORIENTED_EDGE('',*,*,#9711,.F.);
#9732=ORIENTED_EDGE('',*,*,#9731,.T.);
#9733=EDGE_LOOP('',(#9727,#9729,#9730,#9732));
#9734=FACE_OUTER_BOUND('',#9733,.F.);
#9736=CARTESIAN_POINT('',(-1.6471875E1,-6.518617024645E0,-2.E1));
#9737=DIRECTION('',(-5.224768893951E-1,8.526534466288E-1,0.E0));
#9738=DIRECTION('',(-8.526534466288E-1,-5.224768893951E-1,0.E0));
#9739=AXIS2_PLACEMENT_3D('',#9736,#9737,#9738);
#9740=PLANE('',#9739);
#9742=ORIENTED_EDGE('',*,*,#9741,.T.);
#9744=ORIENTED_EDGE('',*,*,#9743,.T.);
#9745=ORIENTED_EDGE('',*,*,#9726,.F.);
#9747=ORIENTED_EDGE('',*,*,#9746,.T.);
#9748=EDGE_LOOP('',(#9742,#9744,#9745,#9747));
#9749=FACE_OUTER_BOUND('',#9748,.F.);
#9751=CARTESIAN_POINT('',(-1.660208335817E1,-6.598404256161E0,-2.E1));
#9752=DIRECTION('',(-2.001234451615E-1,9.797706908745E-1,0.E0));
#9753=DIRECTION('',(-9.797706908745E-1,-2.001234451615E-1,0.E0));
#9754=AXIS2_PLACEMENT_3D('',#9751,#9752,#9753);
#9755=PLANE('',#9754);
#9757=ORIENTED_EDGE('',*,*,#9756,.T.);
#9759=ORIENTED_EDGE('',*,*,#9758,.T.);
#9760=ORIENTED_EDGE('',*,*,#9741,.F.);
#9762=ORIENTED_EDGE('',*,*,#9761,.T.);
#9763=EDGE_LOOP('',(#9757,#9759,#9760,#9762));
#9764=FACE_OUTER_BOUND('',#9763,.F.);
#9766=CARTESIAN_POINT('',(-1.673229164183E1,-6.625E0,-2.E1));
#9767=DIRECTION('',(0.E0,1.E0,0.E0));
#9768=DIRECTION('',(-1.E0,0.E0,0.E0));
#9769=AXIS2_PLACEMENT_3D('',#9766,#9767,#9768);
#9770=PLANE('',#9769);
#9772=ORIENTED_EDGE('',*,*,#9771,.T.);
#9774=ORIENTED_EDGE('',*,*,#9773,.T.);
#9775=ORIENTED_EDGE('',*,*,#9756,.F.);
#9777=ORIENTED_EDGE('',*,*,#9776,.T.);
#9778=EDGE_LOOP('',(#9772,#9774,#9775,#9777));
#9779=FACE_OUTER_BOUND('',#9778,.F.);
#9781=CARTESIAN_POINT('',(-1.68625E1,-6.625E0,-2.E1));
#9782=DIRECTION('',(2.001233352361E-1,9.797707133274E-1,0.E0));
#9783=DIRECTION('',(-9.797707133274E-1,2.001233352361E-1,0.E0));
#9784=AXIS2_PLACEMENT_3D('',#9781,#9782,#9783);
#9785=PLANE('',#9784);
#9787=ORIENTED_EDGE('',*,*,#9786,.T.);
#9789=ORIENTED_EDGE('',*,*,#9788,.T.);
#9790=ORIENTED_EDGE('',*,*,#9771,.F.);
#9792=ORIENTED_EDGE('',*,*,#9791,.T.);
#9793=EDGE_LOOP('',(#9787,#9789,#9790,#9792));
#9794=FACE_OUTER_BOUND('',#9793,.F.);
#9796=CARTESIAN_POINT('',(-1.699270835817E1,-6.598404256161E0,-2.E1));
#9797=DIRECTION('',(5.224771067470E-1,8.526533134429E-1,0.E0));
#9798=DIRECTION('',(-8.526533134429E-1,5.224771067470E-1,0.E0));
#9799=AXIS2_PLACEMENT_3D('',#9796,#9797,#9798);
#9800=PLANE('',#9799);
#9802=ORIENTED_EDGE('',*,*,#9801,.T.);
#9804=ORIENTED_EDGE('',*,*,#9803,.T.);
#9805=ORIENTED_EDGE('',*,*,#9786,.F.);
#9807=ORIENTED_EDGE('',*,*,#9806,.T.);
#9808=EDGE_LOOP('',(#9802,#9804,#9805,#9807));
#9809=FACE_OUTER_BOUND('',#9808,.F.);
#9811=CARTESIAN_POINT('',(-1.712291664183E1,-6.518617024645E0,-2.E1));
#9812=DIRECTION('',(8.060042858990E-1,5.919096984443E-1,0.E0));
#9813=DIRECTION('',(-5.919096984443E-1,8.060042858990E-1,0.E0));
#9814=AXIS2_PLACEMENT_3D('',#9811,#9812,#9813);
#9815=PLANE('',#9814);
#9817=ORIENTED_EDGE('',*,*,#9816,.T.);
#9819=ORIENTED_EDGE('',*,*,#9818,.T.);
#9820=ORIENTED_EDGE('',*,*,#9801,.F.);
#9822=ORIENTED_EDGE('',*,*,#9821,.T.);
#9823=EDGE_LOOP('',(#9817,#9819,#9820,#9822));
#9824=FACE_OUTER_BOUND('',#9823,.F.);
#9826=CARTESIAN_POINT('',(-1.720104167908E1,-6.412234049290E0,-2.E1));
#9827=DIRECTION('',(9.311282828756E-1,3.646918162355E-1,0.E0));
#9828=DIRECTION('',(-3.646918162355E-1,9.311282828756E-1,0.E0));
#9829=AXIS2_PLACEMENT_3D('',#9826,#9827,#9828);
#9830=PLANE('',#9829);
#9832=ORIENTED_EDGE('',*,*,#9831,.T.);
#9834=ORIENTED_EDGE('',*,*,#9833,.T.);
#9835=ORIENTED_EDGE('',*,*,#9816,.F.);
#9837=ORIENTED_EDGE('',*,*,#9836,.T.);
#9838=EDGE_LOOP('',(#9832,#9834,#9835,#9837));
#9839=FACE_OUTER_BOUND('',#9838,.F.);
#9841=CARTESIAN_POINT('',(-1.7253125E1,-6.279255323112E0,-2.E1));
#9842=DIRECTION('',(9.903579210658E-1,1.385322640479E-1,0.E0));
#9843=DIRECTION('',(-1.385322640479E-1,9.903579210658E-1,0.E0));
#9844=AXIS2_PLACEMENT_3D('',#9841,#9842,#9843);
#9845=PLANE('',#9844);
#9847=ORIENTED_EDGE('',*,*,#9846,.T.);
#9849=ORIENTED_EDGE('',*,*,#9848,.T.);
#9850=ORIENTED_EDGE('',*,*,#9831,.F.);
#9852=ORIENTED_EDGE('',*,*,#9851,.T.);
#9853=EDGE_LOOP('',(#9847,#9849,#9850,#9852));
#9854=FACE_OUTER_BOUND('',#9853,.F.);
#9856=CARTESIAN_POINT('',(-1.727916667908E1,-6.093085095286E0,-2.E1));
#9857=DIRECTION('',(1.E0,0.E0,0.E0));
#9858=DIRECTION('',(0.E0,1.E0,0.E0));
#9859=AXIS2_PLACEMENT_3D('',#9856,#9857,#9858);
#9860=PLANE('',#9859);
#9862=ORIENTED_EDGE('',*,*,#9861,.T.);
#9864=ORIENTED_EDGE('',*,*,#9863,.T.);
#9865=ORIENTED_EDGE('',*,*,#9846,.F.);
#9867=ORIENTED_EDGE('',*,*,#9866,.T.);
#9868=EDGE_LOOP('',(#9862,#9864,#9865,#9867));
#9869=FACE_OUTER_BOUND('',#9868,.F.);
#9871=CARTESIAN_POINT('',(-1.727916667908E1,-5.906914904714E0,-2.E1));
#9872=DIRECTION('',(9.903579172626E-1,-1.385322912364E-1,0.E0));
#9873=DIRECTION('',(1.385322912364E-1,9.903579172626E-1,0.E0));
#9874=AXIS2_PLACEMENT_3D('',#9871,#9872,#9873);
#9875=PLANE('',#9874);
#9877=ORIENTED_EDGE('',*,*,#9876,.T.);
#9879=ORIENTED_EDGE('',*,*,#9878,.T.);
#9880=ORIENTED_EDGE('',*,*,#9861,.F.);
#9882=ORIENTED_EDGE('',*,*,#9881,.T.);
#9883=EDGE_LOOP('',(#9877,#9879,#9880,#9882));
#9884=FACE_OUTER_BOUND('',#9883,.F.);
#9886=CARTESIAN_POINT('',(-1.7253125E1,-5.720744714141E0,-2.E1));
#9887=DIRECTION('',(9.311283349148E-1,-3.646916833695E-1,0.E0));
#9888=DIRECTION('',(3.646916833695E-1,9.311283349148E-1,0.E0));
#9889=AXIS2_PLACEMENT_3D('',#9886,#9887,#9888);
#9890=PLANE('',#9889);
#9892=ORIENTED_EDGE('',*,*,#9891,.T.);
#9894=ORIENTED_EDGE('',*,*,#9893,.T.);
#9895=ORIENTED_EDGE('',*,*,#9876,.F.);
#9897=ORIENTED_EDGE('',*,*,#9896,.T.);
#9898=EDGE_LOOP('',(#9892,#9894,#9895,#9897));
#9899=FACE_OUTER_BOUND('',#9898,.F.);
#9901=CARTESIAN_POINT('',(-1.720104167908E1,-5.587765932083E0,-2.E1));
#9902=DIRECTION('',(8.060042611774E-1,-5.919097321077E-1,0.E0));
#9903=DIRECTION('',(5.919097321077E-1,8.060042611774E-1,0.E0));
#9904=AXIS2_PLACEMENT_3D('',#9901,#9902,#9903);
#9905=PLANE('',#9904);
#9907=ORIENTED_EDGE('',*,*,#9906,.T.);
#9909=ORIENTED_EDGE('',*,*,#9908,.T.);
#9910=ORIENTED_EDGE('',*,*,#9891,.F.);
#9912=ORIENTED_EDGE('',*,*,#9911,.T.);
#9913=EDGE_LOOP('',(#9907,#9909,#9910,#9912));
#9914=FACE_OUTER_BOUND('',#9913,.F.);
#9916=CARTESIAN_POINT('',(-1.712291664183E1,-5.481382966042E0,-2.E1));
#9917=DIRECTION('',(5.224770734933E-1,-8.526533338197E-1,0.E0));
#9918=DIRECTION('',(8.526533338197E-1,5.224770734933E-1,0.E0));
#9919=AXIS2_PLACEMENT_3D('',#9916,#9917,#9918);
#9920=PLANE('',#9919);
#9921=ORIENTED_EDGE('',*,*,#9339,.T.);
#9923=ORIENTED_EDGE('',*,*,#9922,.T.);
#9924=ORIENTED_EDGE('',*,*,#9906,.F.);
#9926=ORIENTED_EDGE('',*,*,#9925,.T.);
#9927=EDGE_LOOP('',(#9921,#9923,#9924,#9926));
#9928=FACE_OUTER_BOUND('',#9927,.F.);
#9930=CARTESIAN_POINT('',(0.E0,0.E0,-1.98E1));
#9931=DIRECTION('',(0.E0,0.E0,1.E0));
#9932=DIRECTION('',(1.E0,0.E0,0.E0));
#9933=AXIS2_PLACEMENT_3D('',#9930,#9931,#9932);
#9934=PLANE('',#9933);
#9936=ORIENTED_EDGE('',*,*,#9935,.F.);
#9938=ORIENTED_EDGE('',*,*,#9937,.F.);
#9940=ORIENTED_EDGE('',*,*,#9939,.F.);
#9942=ORIENTED_EDGE('',*,*,#9941,.F.);
#9944=ORIENTED_EDGE('',*,*,#9943,.F.);
#9946=ORIENTED_EDGE('',*,*,#9945,.F.);
#9948=ORIENTED_EDGE('',*,*,#9947,.F.);
#9949=EDGE_LOOP('',(#9936,#9938,#9940,#9942,#9944,#9946,#9948));
#9950=FACE_OUTER_BOUND('',#9949,.F.);
#9952=CARTESIAN_POINT('',(0.E0,0.E0,-1.98E1));
#9953=DIRECTION('',(0.E0,0.E0,1.E0));
#9954=DIRECTION('',(1.E0,0.E0,0.E0));
#9955=AXIS2_PLACEMENT_3D('',#9952,#9953,#9954);
#9956=PLANE('',#9955);
#9958=ORIENTED_EDGE('',*,*,#9957,.F.);
#9960=ORIENTED_EDGE('',*,*,#9959,.F.);
#9962=ORIENTED_EDGE('',*,*,#9961,.F.);
#9964=ORIENTED_EDGE('',*,*,#9963,.F.);
#9966=ORIENTED_EDGE('',*,*,#9965,.F.);
#9968=ORIENTED_EDGE('',*,*,#9967,.F.);
#9970=ORIENTED_EDGE('',*,*,#9969,.F.);
#9972=ORIENTED_EDGE('',*,*,#9971,.F.);
#9974=ORIENTED_EDGE('',*,*,#9973,.F.);
#9976=ORIENTED_EDGE('',*,*,#9975,.F.);
#9978=ORIENTED_EDGE('',*,*,#9977,.F.);
#9980=ORIENTED_EDGE('',*,*,#9979,.F.);
#9982=ORIENTED_EDGE('',*,*,#9981,.F.);
#9984=ORIENTED_EDGE('',*,*,#9983,.F.);
#9986=ORIENTED_EDGE('',*,*,#9985,.F.);
#9988=ORIENTED_EDGE('',*,*,#9987,.F.);
#9990=ORIENTED_EDGE('',*,*,#9989,.F.);
#9992=ORIENTED_EDGE('',*,*,#9991,.F.);
#9994=ORIENTED_EDGE('',*,*,#9993,.F.);
#9996=ORIENTED_EDGE('',*,*,#9995,.F.);
#9998=ORIENTED_EDGE('',*,*,#9997,.F.);
#10000=ORIENTED_EDGE('',*,*,#9999,.F.);
#10002=ORIENTED_EDGE('',*,*,#10001,.F.);
#10004=ORIENTED_EDGE('',*,*,#10003,.F.);
#10006=ORIENTED_EDGE('',*,*,#10005,.F.);
#10008=ORIENTED_EDGE('',*,*,#10007,.F.);
#10010=ORIENTED_EDGE('',*,*,#10009,.F.);
#10012=ORIENTED_EDGE('',*,*,#10011,.F.);
#10014=ORIENTED_EDGE('',*,*,#10013,.F.);
#10016=ORIENTED_EDGE('',*,*,#10015,.F.);
#10018=ORIENTED_EDGE('',*,*,#10017,.F.);
#10020=ORIENTED_EDGE('',*,*,#10019,.F.);
#10022=ORIENTED_EDGE('',*,*,#10021,.F.);
#10024=ORIENTED_EDGE('',*,*,#10023,.F.);
#10026=ORIENTED_EDGE('',*,*,#10025,.F.);
#10028=ORIENTED_EDGE('',*,*,#10027,.F.);
#10030=ORIENTED_EDGE('',*,*,#10029,.F.);
#10032=ORIENTED_EDGE('',*,*,#10031,.F.);
#10034=ORIENTED_EDGE('',*,*,#10033,.F.);
#10036=ORIENTED_EDGE('',*,*,#10035,.F.);
#10037=EDGE_LOOP('',(#9958,#9960,#9962,#9964,#9966,#9968,#9970,#9972,#9974,
#9976,#9978,#9980,#9982,#9984,#9986,#9988,#9990,#9992,#9994,#9996,#9998,#10000,
#10002,#10004,#10006,#10008,#10010,#10012,#10014,#10016,#10018,#10020,#10022,
#10024,#10026,#10028,#10030,#10032,#10034,#10036));
#10038=FACE_OUTER_BOUND('',#10037,.F.);
#10040=CARTESIAN_POINT('',(0.E0,0.E0,-1.98E1));
#10041=DIRECTION('',(0.E0,0.E0,1.E0));
#10042=DIRECTION('',(1.E0,0.E0,0.E0));
#10043=AXIS2_PLACEMENT_3D('',#10040,#10041,#10042);
#10044=PLANE('',#10043);
#10046=ORIENTED_EDGE('',*,*,#10045,.F.);
#10048=ORIENTED_EDGE('',*,*,#10047,.F.);
#10050=ORIENTED_EDGE('',*,*,#10049,.F.);
#10052=ORIENTED_EDGE('',*,*,#10051,.F.);
#10054=ORIENTED_EDGE('',*,*,#10053,.F.);
#10056=ORIENTED_EDGE('',*,*,#10055,.F.);
#10058=ORIENTED_EDGE('',*,*,#10057,.F.);
#10059=EDGE_LOOP('',(#10046,#10048,#10050,#10052,#10054,#10056,#10058));
#10060=FACE_OUTER_BOUND('',#10059,.F.);
#10062=CARTESIAN_POINT('',(0.E0,0.E0,-1.98E1));
#10063=DIRECTION('',(0.E0,0.E0,1.E0));
#10064=DIRECTION('',(1.E0,0.E0,0.E0));
#10065=AXIS2_PLACEMENT_3D('',#10062,#10063,#10064);
#10066=PLANE('',#10065);
#10067=ORIENTED_EDGE('',*,*,#9668,.F.);
#10068=ORIENTED_EDGE('',*,*,#9683,.F.);
#10069=ORIENTED_EDGE('',*,*,#9698,.F.);
#10070=ORIENTED_EDGE('',*,*,#9713,.F.);
#10071=ORIENTED_EDGE('',*,*,#9728,.F.);
#10072=ORIENTED_EDGE('',*,*,#9743,.F.);
#10073=ORIENTED_EDGE('',*,*,#9758,.F.);
#10074=ORIENTED_EDGE('',*,*,#9773,.F.);
#10075=ORIENTED_EDGE('',*,*,#9788,.F.);
#10076=ORIENTED_EDGE('',*,*,#9803,.F.);
#10077=ORIENTED_EDGE('',*,*,#9818,.F.);
#10078=ORIENTED_EDGE('',*,*,#9833,.F.);
#10079=ORIENTED_EDGE('',*,*,#9848,.F.);
#10080=ORIENTED_EDGE('',*,*,#9863,.F.);
#10081=ORIENTED_EDGE('',*,*,#9878,.F.);
#10082=ORIENTED_EDGE('',*,*,#9893,.F.);
#10083=ORIENTED_EDGE('',*,*,#9908,.F.);
#10084=ORIENTED_EDGE('',*,*,#9922,.F.);
#10085=ORIENTED_EDGE('',*,*,#9337,.F.);
#10086=ORIENTED_EDGE('',*,*,#9353,.F.);
#10087=ORIENTED_EDGE('',*,*,#9368,.F.);
#10088=ORIENTED_EDGE('',*,*,#9383,.F.);
#10089=ORIENTED_EDGE('',*,*,#9398,.F.);
#10090=ORIENTED_EDGE('',*,*,#9413,.F.);
#10091=ORIENTED_EDGE('',*,*,#9428,.F.);
#10092=ORIENTED_EDGE('',*,*,#9443,.F.);
#10093=ORIENTED_EDGE('',*,*,#9458,.F.);
#10094=ORIENTED_EDGE('',*,*,#9473,.F.);
#10095=ORIENTED_EDGE('',*,*,#9488,.F.);
#10096=ORIENTED_EDGE('',*,*,#9503,.F.);
#10097=ORIENTED_EDGE('',*,*,#9518,.F.);
#10098=ORIENTED_EDGE('',*,*,#9533,.F.);
#10099=ORIENTED_EDGE('',*,*,#9548,.F.);
#10100=ORIENTED_EDGE('',*,*,#9563,.F.);
#10101=ORIENTED_EDGE('',*,*,#9578,.F.);
#10102=ORIENTED_EDGE('',*,*,#9593,.F.);
#10103=ORIENTED_EDGE('',*,*,#9608,.F.);
#10104=ORIENTED_EDGE('',*,*,#9623,.F.);
#10105=ORIENTED_EDGE('',*,*,#9638,.F.);
#10106=ORIENTED_EDGE('',*,*,#9653,.F.);
#10107=EDGE_LOOP('',(#10067,#10068,#10069,#10070,#10071,#10072,#10073,#10074,
#10075,#10076,#10077,#10078,#10079,#10080,#10081,#10082,#10083,#10084,#10085,
#10086,#10087,#10088,#10089,#10090,#10091,#10092,#10093,#10094,#10095,#10096,
#10097,#10098,#10099,#10100,#10101,#10102,#10103,#10104,#10105,#10106));
#10108=FACE_OUTER_BOUND('',#10107,.F.);
#10110=ORIENTED_EDGE('',*,*,#10109,.F.);
#10112=ORIENTED_EDGE('',*,*,#10111,.F.);
#10114=ORIENTED_EDGE('',*,*,#10113,.F.);
#10116=ORIENTED_EDGE('',*,*,#10115,.F.);
#10118=ORIENTED_EDGE('',*,*,#10117,.F.);
#10120=ORIENTED_EDGE('',*,*,#10119,.F.);
#10122=ORIENTED_EDGE('',*,*,#10121,.F.);
#10124=ORIENTED_EDGE('',*,*,#10123,.F.);
#10126=ORIENTED_EDGE('',*,*,#10125,.F.);
#10128=ORIENTED_EDGE('',*,*,#10127,.F.);
#10130=ORIENTED_EDGE('',*,*,#10129,.F.);
#10132=ORIENTED_EDGE('',*,*,#10131,.F.);
#10134=ORIENTED_EDGE('',*,*,#10133,.F.);
#10136=ORIENTED_EDGE('',*,*,#10135,.F.);
#10138=ORIENTED_EDGE('',*,*,#10137,.F.);
#10140=ORIENTED_EDGE('',*,*,#10139,.F.);
#10142=ORIENTED_EDGE('',*,*,#10141,.F.);
#10144=ORIENTED_EDGE('',*,*,#10143,.F.);
#10146=ORIENTED_EDGE('',*,*,#10145,.F.);
#10148=ORIENTED_EDGE('',*,*,#10147,.F.);
#10149=EDGE_LOOP('',(#10110,#10112,#10114,#10116,#10118,#10120,#10122,#10124,
#10126,#10128,#10130,#10132,#10134,#10136,#10138,#10140,#10142,#10144,#10146,
#10148));
#10150=FACE_BOUND('',#10149,.F.);
#10152=CARTESIAN_POINT('',(-1.70575E1,6.625E0,-2.E1));
#10153=DIRECTION('',(-1.E0,0.E0,0.E0));
#10154=DIRECTION('',(0.E0,-1.E0,0.E0));
#10155=AXIS2_PLACEMENT_3D('',#10152,#10153,#10154);
#10156=PLANE('',#10155);
#10158=ORIENTED_EDGE('',*,*,#10157,.F.);
#10159=ORIENTED_EDGE('',*,*,#9935,.T.);
#10161=ORIENTED_EDGE('',*,*,#10160,.F.);
#10163=ORIENTED_EDGE('',*,*,#10162,.T.);
#10164=EDGE_LOOP('',(#10158,#10159,#10161,#10163));
#10165=FACE_OUTER_BOUND('',#10164,.F.);
#10167=CARTESIAN_POINT('',(-1.70575E1,5.375E0,-2.E1));
#10168=DIRECTION('',(0.E0,1.E0,0.E0));
#10169=DIRECTION('',(-1.E0,0.E0,0.E0));
#10170=AXIS2_PLACEMENT_3D('',#10167,#10168,#10169);
#10171=PLANE('',#10170);
#10173=ORIENTED_EDGE('',*,*,#10172,.T.);
#10174=ORIENTED_EDGE('',*,*,#9937,.T.);
#10175=ORIENTED_EDGE('',*,*,#10157,.T.);
#10177=ORIENTED_EDGE('',*,*,#10176,.T.);
#10178=EDGE_LOOP('',(#10173,#10174,#10175,#10177));
#10179=FACE_OUTER_BOUND('',#10178,.F.);
#10181=CARTESIAN_POINT('',(-1.721375E1,5.375E0,-2.E1));
#10182=DIRECTION('',(1.E0,0.E0,0.E0));
#10183=DIRECTION('',(0.E0,1.E0,0.E0));
#10184=AXIS2_PLACEMENT_3D('',#10181,#10182,#10183);
#10185=PLANE('',#10184);
#10187=ORIENTED_EDGE('',*,*,#10186,.T.);
#10188=ORIENTED_EDGE('',*,*,#9939,.T.);
#10189=ORIENTED_EDGE('',*,*,#10172,.F.);
#10191=ORIENTED_EDGE('',*,*,#10190,.T.);
#10192=EDGE_LOOP('',(#10187,#10188,#10189,#10191));
#10193=FACE_OUTER_BOUND('',#10192,.F.);
#10195=CARTESIAN_POINT('',(-1.721375E1,6.412234067917E0,-2.E1));
#10196=DIRECTION('',(-7.659743427825E-1,6.428711427642E-1,0.E0));
#10197=DIRECTION('',(-6.428711427642E-1,-7.659743427825E-1,0.E0));
#10198=AXIS2_PLACEMENT_3D('',#10195,#10196,#10197);
#10199=PLANE('',#10198);
#10201=ORIENTED_EDGE('',*,*,#10200,.T.);
#10202=ORIENTED_EDGE('',*,*,#9941,.T.);
#10203=ORIENTED_EDGE('',*,*,#10186,.F.);
#10205=ORIENTED_EDGE('',*,*,#10204,.T.);
#10206=EDGE_LOOP('',(#10201,#10202,#10203,#10205));
#10207=FACE_OUTER_BOUND('',#10206,.F.);
#10209=CARTESIAN_POINT('',(-1.737E1,6.226063802838E0,-2.E1));
#10210=DIRECTION('',(1.E0,0.E0,0.E0));
#10211=DIRECTION('',(0.E0,1.E0,0.E0));
#10212=AXIS2_PLACEMENT_3D('',#10209,#10210,#10211);
#10213=PLANE('',#10212);
#10215=ORIENTED_EDGE('',*,*,#10214,.T.);
#10216=ORIENTED_EDGE('',*,*,#9943,.T.);
#10217=ORIENTED_EDGE('',*,*,#10200,.F.);
#10219=ORIENTED_EDGE('',*,*,#10218,.T.);
#10220=EDGE_LOOP('',(#10215,#10216,#10217,#10219));
#10221=FACE_OUTER_BOUND('',#10220,.F.);
#10223=CARTESIAN_POINT('',(-1.737E1,6.438829809427E0,-2.E1));
#10224=DIRECTION('',(7.659742160926E-1,-6.428712937139E-1,0.E0));
#10225=DIRECTION('',(6.428712937139E-1,7.659742160926E-1,0.E0));
#10226=AXIS2_PLACEMENT_3D('',#10223,#10224,#10225);
#10227=PLANE('',#10226);
#10229=ORIENTED_EDGE('',*,*,#10228,.T.);
#10230=ORIENTED_EDGE('',*,*,#9945,.T.);
#10231=ORIENTED_EDGE('',*,*,#10214,.F.);
#10233=ORIENTED_EDGE('',*,*,#10232,.T.);
#10234=EDGE_LOOP('',(#10229,#10230,#10231,#10233));
#10235=FACE_OUTER_BOUND('',#10234,.F.);
#10237=CARTESIAN_POINT('',(-1.721375E1,6.625E0,-2.E1));
#10238=DIRECTION('',(0.E0,-1.E0,0.E0));
#10239=DIRECTION('',(1.E0,0.E0,0.E0));
#10240=AXIS2_PLACEMENT_3D('',#10237,#10238,#10239);
#10241=PLANE('',#10240);
#10242=ORIENTED_EDGE('',*,*,#10160,.T.);
#10243=ORIENTED_EDGE('',*,*,#9947,.T.);
#10244=ORIENTED_EDGE('',*,*,#10228,.F.);
#10246=ORIENTED_EDGE('',*,*,#10245,.T.);
#10247=EDGE_LOOP('',(#10242,#10243,#10244,#10246));
#10248=FACE_OUTER_BOUND('',#10247,.F.);
#10250=CARTESIAN_POINT('',(0.E0,0.E0,-2.020000000640E1));
#10251=DIRECTION('',(0.E0,0.E0,1.E0));
#10252=DIRECTION('',(1.E0,0.E0,0.E0));
#10253=AXIS2_PLACEMENT_3D('',#10250,#10251,#10252);
#10254=PLANE('',#10253);
#10256=ORIENTED_EDGE('',*,*,#10255,.F.);
#10258=ORIENTED_EDGE('',*,*,#10257,.F.);
#10259=EDGE_LOOP('',(#10256,#10258));
#10260=FACE_OUTER_BOUND('',#10259,.F.);
#10261=ORIENTED_EDGE('',*,*,#10176,.F.);
#10262=ORIENTED_EDGE('',*,*,#10162,.F.);
#10263=ORIENTED_EDGE('',*,*,#10245,.F.);
#10264=ORIENTED_EDGE('',*,*,#10232,.F.);
#10265=ORIENTED_EDGE('',*,*,#10218,.F.);
#10266=ORIENTED_EDGE('',*,*,#10204,.F.);
#10267=ORIENTED_EDGE('',*,*,#10190,.F.);
#10268=EDGE_LOOP('',(#10261,#10262,#10263,#10264,#10265,#10266,#10267));
#10269=FACE_BOUND('',#10268,.F.);
#10271=CARTESIAN_POINT('',(0.E0,0.E0,-2.020000000640E1));
#10272=DIRECTION('',(0.E0,0.E0,1.E0));
#10273=DIRECTION('',(1.E0,0.E0,0.E0));
#10274=AXIS2_PLACEMENT_3D('',#10271,#10272,#10273);
#10275=PLANE('',#10274);
#10277=ORIENTED_EDGE('',*,*,#10276,.F.);
#10279=ORIENTED_EDGE('',*,*,#10278,.F.);
#10280=EDGE_LOOP('',(#10277,#10279));
#10281=FACE_OUTER_BOUND('',#10280,.F.);
#10283=ORIENTED_EDGE('',*,*,#10282,.F.);
#10285=ORIENTED_EDGE('',*,*,#10284,.F.);
#10287=ORIENTED_EDGE('',*,*,#10286,.F.);
#10289=ORIENTED_EDGE('',*,*,#10288,.F.);
#10291=ORIENTED_EDGE('',*,*,#10290,.F.);
#10293=ORIENTED_EDGE('',*,*,#10292,.F.);
#10295=ORIENTED_EDGE('',*,*,#10294,.F.);
#10297=ORIENTED_EDGE('',*,*,#10296,.F.);
#10299=ORIENTED_EDGE('',*,*,#10298,.F.);
#10301=ORIENTED_EDGE('',*,*,#10300,.F.);
#10303=ORIENTED_EDGE('',*,*,#10302,.F.);
#10305=ORIENTED_EDGE('',*,*,#10304,.F.);
#10307=ORIENTED_EDGE('',*,*,#10306,.F.);
#10309=ORIENTED_EDGE('',*,*,#10308,.F.);
#10311=ORIENTED_EDGE('',*,*,#10310,.F.);
#10313=ORIENTED_EDGE('',*,*,#10312,.F.);
#10315=ORIENTED_EDGE('',*,*,#10314,.F.);
#10317=ORIENTED_EDGE('',*,*,#10316,.F.);
#10319=ORIENTED_EDGE('',*,*,#10318,.F.);
#10321=ORIENTED_EDGE('',*,*,#10320,.F.);
#10323=ORIENTED_EDGE('',*,*,#10322,.F.);
#10325=ORIENTED_EDGE('',*,*,#10324,.F.);
#10327=ORIENTED_EDGE('',*,*,#10326,.F.);
#10329=ORIENTED_EDGE('',*,*,#10328,.F.);
#10331=ORIENTED_EDGE('',*,*,#10330,.F.);
#10333=ORIENTED_EDGE('',*,*,#10332,.F.);
#10335=ORIENTED_EDGE('',*,*,#10334,.F.);
#10337=ORIENTED_EDGE('',*,*,#10336,.F.);
#10339=ORIENTED_EDGE('',*,*,#10338,.F.);
#10341=ORIENTED_EDGE('',*,*,#10340,.F.);
#10343=ORIENTED_EDGE('',*,*,#10342,.F.);
#10345=ORIENTED_EDGE('',*,*,#10344,.F.);
#10347=ORIENTED_EDGE('',*,*,#10346,.F.);
#10349=ORIENTED_EDGE('',*,*,#10348,.F.);
#10351=ORIENTED_EDGE('',*,*,#10350,.F.);
#10353=ORIENTED_EDGE('',*,*,#10352,.F.);
#10355=ORIENTED_EDGE('',*,*,#10354,.F.);
#10357=ORIENTED_EDGE('',*,*,#10356,.F.);
#10359=ORIENTED_EDGE('',*,*,#10358,.F.);
#10361=ORIENTED_EDGE('',*,*,#10360,.F.);
#10362=EDGE_LOOP('',(#10283,#10285,#10287,#10289,#10291,#10293,#10295,#10297,
#10299,#10301,#10303,#10305,#10307,#10309,#10311,#10313,#10315,#10317,#10319,
#10321,#10323,#10325,#10327,#10329,#10331,#10333,#10335,#10337,#10339,#10341,
#10343,#10345,#10347,#10349,#10351,#10353,#10355,#10357,#10359,#10361));
#10363=FACE_BOUND('',#10362,.F.);
#10365=CARTESIAN_POINT('',(0.E0,0.E0,-2.020000000640E1));
#10366=DIRECTION('',(0.E0,0.E0,1.E0));
#10367=DIRECTION('',(1.E0,0.E0,0.E0));
#10368=AXIS2_PLACEMENT_3D('',#10365,#10366,#10367);
#10369=PLANE('',#10368);
#10371=ORIENTED_EDGE('',*,*,#10370,.F.);
#10373=ORIENTED_EDGE('',*,*,#10372,.F.);
#10374=EDGE_LOOP('',(#10371,#10373));
#10375=FACE_OUTER_BOUND('',#10374,.F.);
#10377=ORIENTED_EDGE('',*,*,#10376,.F.);
#10379=ORIENTED_EDGE('',*,*,#10378,.F.);
#10381=ORIENTED_EDGE('',*,*,#10380,.F.);
#10383=ORIENTED_EDGE('',*,*,#10382,.F.);
#10385=ORIENTED_EDGE('',*,*,#10384,.F.);
#10387=ORIENTED_EDGE('',*,*,#10386,.F.);
#10389=ORIENTED_EDGE('',*,*,#10388,.F.);
#10390=EDGE_LOOP('',(#10377,#10379,#10381,#10383,#10385,#10387,#10389));
#10391=FACE_BOUND('',#10390,.F.);
#10392=ORIENTED_EDGE('',*,*,#9686,.F.);
#10393=ORIENTED_EDGE('',*,*,#9671,.F.);
#10394=ORIENTED_EDGE('',*,*,#9656,.F.);
#10395=ORIENTED_EDGE('',*,*,#9641,.F.);
#10396=ORIENTED_EDGE('',*,*,#9626,.F.);
#10397=ORIENTED_EDGE('',*,*,#9611,.F.);
#10398=ORIENTED_EDGE('',*,*,#9596,.F.);
#10399=ORIENTED_EDGE('',*,*,#9581,.F.);
#10400=ORIENTED_EDGE('',*,*,#9566,.F.);
#10401=ORIENTED_EDGE('',*,*,#9551,.F.);
#10402=ORIENTED_EDGE('',*,*,#9536,.F.);
#10403=ORIENTED_EDGE('',*,*,#9521,.F.);
#10404=ORIENTED_EDGE('',*,*,#9506,.F.);
#10405=ORIENTED_EDGE('',*,*,#9491,.F.);
#10406=ORIENTED_EDGE('',*,*,#9476,.F.);
#10407=ORIENTED_EDGE('',*,*,#9461,.F.);
#10408=ORIENTED_EDGE('',*,*,#9446,.F.);
#10409=ORIENTED_EDGE('',*,*,#9431,.F.);
#10410=ORIENTED_EDGE('',*,*,#9416,.F.);
#10411=ORIENTED_EDGE('',*,*,#9401,.F.);
#10412=ORIENTED_EDGE('',*,*,#9386,.F.);
#10413=ORIENTED_EDGE('',*,*,#9371,.F.);
#10414=ORIENTED_EDGE('',*,*,#9356,.F.);
#10415=ORIENTED_EDGE('',*,*,#9341,.F.);
#10416=ORIENTED_EDGE('',*,*,#9925,.F.);
#10417=ORIENTED_EDGE('',*,*,#9911,.F.);
#10418=ORIENTED_EDGE('',*,*,#9896,.F.);
#10419=ORIENTED_EDGE('',*,*,#9881,.F.);
#10420=ORIENTED_EDGE('',*,*,#9866,.F.);
#10421=ORIENTED_EDGE('',*,*,#9851,.F.);
#10422=ORIENTED_EDGE('',*,*,#9836,.F.);
#10423=ORIENTED_EDGE('',*,*,#9821,.F.);
#10424=ORIENTED_EDGE('',*,*,#9806,.F.);
#10425=ORIENTED_EDGE('',*,*,#9791,.F.);
#10426=ORIENTED_EDGE('',*,*,#9776,.F.);
#10427=ORIENTED_EDGE('',*,*,#9761,.F.);
#10428=ORIENTED_EDGE('',*,*,#9746,.F.);
#10429=ORIENTED_EDGE('',*,*,#9731,.F.);
#10430=ORIENTED_EDGE('',*,*,#9716,.F.);
#10431=ORIENTED_EDGE('',*,*,#9701,.F.);
#10432=EDGE_LOOP('',(#10392,#10393,#10394,#10395,#10396,#10397,#10398,#10399,
#10400,#10401,#10402,#10403,#10404,#10405,#10406,#10407,#10408,#10409,#10410,
#10411,#10412,#10413,#10414,#10415,#10416,#10417,#10418,#10419,#10420,#10421,
#10422,#10423,#10424,#10425,#10426,#10427,#10428,#10429,#10430,#10431));
#10433=FACE_BOUND('',#10432,.F.);
#10435=CARTESIAN_POINT('',(0.E0,0.E0,-2.020000000640E1));
#10436=DIRECTION('',(0.E0,0.E0,1.E0));
#10437=DIRECTION('',(1.E0,0.E0,0.E0));
#10438=AXIS2_PLACEMENT_3D('',#10435,#10436,#10437);
#10439=PLANE('',#10438);
#10441=ORIENTED_EDGE('',*,*,#10440,.F.);
#10443=ORIENTED_EDGE('',*,*,#10442,.F.);
#10445=ORIENTED_EDGE('',*,*,#10444,.F.);
#10447=ORIENTED_EDGE('',*,*,#10446,.F.);
#10449=ORIENTED_EDGE('',*,*,#10448,.F.);
#10451=ORIENTED_EDGE('',*,*,#10450,.F.);
#10453=ORIENTED_EDGE('',*,*,#10452,.F.);
#10455=ORIENTED_EDGE('',*,*,#10454,.F.);
#10457=ORIENTED_EDGE('',*,*,#10456,.F.);
#10459=ORIENTED_EDGE('',*,*,#10458,.F.);
#10461=ORIENTED_EDGE('',*,*,#10460,.F.);
#10463=ORIENTED_EDGE('',*,*,#10462,.F.);
#10465=ORIENTED_EDGE('',*,*,#10464,.F.);
#10467=ORIENTED_EDGE('',*,*,#10466,.F.);
#10469=ORIENTED_EDGE('',*,*,#10468,.F.);
#10471=ORIENTED_EDGE('',*,*,#10470,.F.);
#10473=ORIENTED_EDGE('',*,*,#10472,.F.);
#10475=ORIENTED_EDGE('',*,*,#10474,.F.);
#10477=ORIENTED_EDGE('',*,*,#10476,.F.);
#10479=ORIENTED_EDGE('',*,*,#10478,.F.);
#10480=EDGE_LOOP('',(#10441,#10443,#10445,#10447,#10449,#10451,#10453,#10455,
#10457,#10459,#10461,#10463,#10465,#10467,#10469,#10471,#10473,#10475,#10477,
#10479));
#10481=FACE_OUTER_BOUND('',#10480,.F.);
#10483=CARTESIAN_POINT('',(-1.7E1,6.E0,-2.E1));
#10484=DIRECTION('',(0.E0,0.E0,1.E0));
#10485=DIRECTION('',(1.E0,0.E0,0.E0));
#10486=AXIS2_PLACEMENT_3D('',#10483,#10484,#10485);
#10487=CYLINDRICAL_SURFACE('',#10486,1.5E0);
#10489=ORIENTED_EDGE('',*,*,#10488,.F.);
#10491=ORIENTED_EDGE('',*,*,#10490,.T.);
#10492=ORIENTED_EDGE('',*,*,#10255,.T.);
#10494=ORIENTED_EDGE('',*,*,#10493,.F.);
#10495=EDGE_LOOP('',(#10489,#10491,#10492,#10494));
#10496=FACE_OUTER_BOUND('',#10495,.F.);
#10498=CARTESIAN_POINT('',(0.E0,0.E0,-2.E1));
#10499=DIRECTION('',(0.E0,0.E0,1.E0));
#10500=DIRECTION('',(1.E0,0.E0,0.E0));
#10501=AXIS2_PLACEMENT_3D('',#10498,#10499,#10500);
#10502=PLANE('',#10501);
#10504=ORIENTED_EDGE('',*,*,#10503,.F.);
#10506=ORIENTED_EDGE('',*,*,#10505,.F.);
#10508=ORIENTED_EDGE('',*,*,#10507,.F.);
#10510=ORIENTED_EDGE('',*,*,#10509,.F.);
#10512=ORIENTED_EDGE('',*,*,#10511,.F.);
#10514=ORIENTED_EDGE('',*,*,#10513,.F.);
#10516=ORIENTED_EDGE('',*,*,#10515,.F.);
#10518=ORIENTED_EDGE('',*,*,#10517,.F.);
#10519=EDGE_LOOP('',(#10504,#10506,#10508,#10510,#10512,#10514,#10516,#10518));
#10520=FACE_OUTER_BOUND('',#10519,.F.);
#10522=ORIENTED_EDGE('',*,*,#10521,.T.);
#10524=ORIENTED_EDGE('',*,*,#10523,.F.);
#10526=ORIENTED_EDGE('',*,*,#10525,.F.);
#10528=ORIENTED_EDGE('',*,*,#10527,.F.);
#10530=ORIENTED_EDGE('',*,*,#10529,.F.);
#10532=ORIENTED_EDGE('',*,*,#10531,.T.);
#10534=ORIENTED_EDGE('',*,*,#10533,.T.);
#10536=ORIENTED_EDGE('',*,*,#10535,.T.);
#10538=ORIENTED_EDGE('',*,*,#10537,.T.);
#10540=ORIENTED_EDGE('',*,*,#10539,.T.);
#10542=ORIENTED_EDGE('',*,*,#10541,.F.);
#10544=ORIENTED_EDGE('',*,*,#10543,.F.);
#10546=ORIENTED_EDGE('',*,*,#10545,.F.);
#10548=ORIENTED_EDGE('',*,*,#10547,.T.);
#10550=ORIENTED_EDGE('',*,*,#10549,.T.);
#10552=ORIENTED_EDGE('',*,*,#10551,.T.);
#10554=ORIENTED_EDGE('',*,*,#10553,.T.);
#10556=ORIENTED_EDGE('',*,*,#10555,.T.);
#10558=ORIENTED_EDGE('',*,*,#10557,.F.);
#10560=ORIENTED_EDGE('',*,*,#10559,.F.);
#10562=ORIENTED_EDGE('',*,*,#10561,.F.);
#10564=ORIENTED_EDGE('',*,*,#10563,.F.);
#10566=ORIENTED_EDGE('',*,*,#10565,.T.);
#10568=ORIENTED_EDGE('',*,*,#10567,.T.);
#10570=ORIENTED_EDGE('',*,*,#10569,.T.);
#10572=ORIENTED_EDGE('',*,*,#10571,.F.);
#10574=ORIENTED_EDGE('',*,*,#10573,.T.);
#10576=ORIENTED_EDGE('',*,*,#10575,.F.);
#10578=ORIENTED_EDGE('',*,*,#10577,.F.);
#10580=ORIENTED_EDGE('',*,*,#10579,.F.);
#10582=ORIENTED_EDGE('',*,*,#10581,.T.);
#10584=ORIENTED_EDGE('',*,*,#10583,.F.);
#10586=ORIENTED_EDGE('',*,*,#10585,.T.);
#10588=ORIENTED_EDGE('',*,*,#10587,.T.);
#10589=EDGE_LOOP('',(#10522,#10524,#10526,#10528,#10530,#10532,#10534,#10536,
#10538,#10540,#10542,#10544,#10546,#10548,#10550,#10552,#10554,#10556,#10558,
#10560,#10562,#10564,#10566,#10568,#10570,#10572,#10574,#10576,#10578,#10580,
#10582,#10584,#10586,#10588));
#10590=FACE_BOUND('',#10589,.F.);
#10592=CARTESIAN_POINT('',(0.E0,0.E0,-2.E1));
#10593=DIRECTION('',(0.E0,0.E0,1.E0));
#10594=DIRECTION('',(1.E0,0.E0,0.E0));
#10595=AXIS2_PLACEMENT_3D('',#10592,#10593,#10594);
#10596=PLANE('',#10595);
#10598=ORIENTED_EDGE('',*,*,#10597,.T.);
#10600=ORIENTED_EDGE('',*,*,#10599,.T.);
#10602=ORIENTED_EDGE('',*,*,#10601,.T.);
#10604=ORIENTED_EDGE('',*,*,#10603,.T.);
#10606=ORIENTED_EDGE('',*,*,#10605,.T.);
#10608=ORIENTED_EDGE('',*,*,#10607,.T.);
#10610=ORIENTED_EDGE('',*,*,#10609,.T.);
#10612=ORIENTED_EDGE('',*,*,#10611,.T.);
#10614=ORIENTED_EDGE('',*,*,#10613,.T.);
#10616=ORIENTED_EDGE('',*,*,#10615,.T.);
#10618=ORIENTED_EDGE('',*,*,#10617,.T.);
#10620=ORIENTED_EDGE('',*,*,#10619,.T.);
#10622=ORIENTED_EDGE('',*,*,#10621,.T.);
#10624=ORIENTED_EDGE('',*,*,#10623,.T.);
#10626=ORIENTED_EDGE('',*,*,#10625,.T.);
#10628=ORIENTED_EDGE('',*,*,#10627,.T.);
#10630=ORIENTED_EDGE('',*,*,#10629,.T.);
#10632=ORIENTED_EDGE('',*,*,#10631,.T.);
#10634=ORIENTED_EDGE('',*,*,#10633,.T.);
#10636=ORIENTED_EDGE('',*,*,#10635,.T.);
#10638=ORIENTED_EDGE('',*,*,#10637,.T.);
#10640=ORIENTED_EDGE('',*,*,#10639,.T.);
#10642=ORIENTED_EDGE('',*,*,#10641,.T.);
#10644=ORIENTED_EDGE('',*,*,#10643,.T.);
#10646=ORIENTED_EDGE('',*,*,#10645,.F.);
#10648=ORIENTED_EDGE('',*,*,#10647,.T.);
#10650=ORIENTED_EDGE('',*,*,#10649,.T.);
#10652=ORIENTED_EDGE('',*,*,#10651,.T.);
#10654=ORIENTED_EDGE('',*,*,#10653,.T.);
#10656=ORIENTED_EDGE('',*,*,#10655,.T.);
#10658=ORIENTED_EDGE('',*,*,#10657,.T.);
#10660=ORIENTED_EDGE('',*,*,#10659,.T.);
#10662=ORIENTED_EDGE('',*,*,#10661,.T.);
#10664=ORIENTED_EDGE('',*,*,#10663,.T.);
#10666=ORIENTED_EDGE('',*,*,#10665,.F.);
#10668=ORIENTED_EDGE('',*,*,#10667,.T.);
#10670=ORIENTED_EDGE('',*,*,#10669,.T.);
#10672=ORIENTED_EDGE('',*,*,#10671,.T.);
#10674=ORIENTED_EDGE('',*,*,#10673,.T.);
#10676=ORIENTED_EDGE('',*,*,#10675,.T.);
#10678=ORIENTED_EDGE('',*,*,#10677,.T.);
#10680=ORIENTED_EDGE('',*,*,#10679,.T.);
#10682=ORIENTED_EDGE('',*,*,#10681,.T.);
#10684=ORIENTED_EDGE('',*,*,#10683,.T.);
#10686=ORIENTED_EDGE('',*,*,#10685,.T.);
#10688=ORIENTED_EDGE('',*,*,#10687,.T.);
#10690=ORIENTED_EDGE('',*,*,#10689,.T.);
#10692=ORIENTED_EDGE('',*,*,#10691,.T.);
#10694=ORIENTED_EDGE('',*,*,#10693,.T.);
#10696=ORIENTED_EDGE('',*,*,#10695,.T.);
#10698=ORIENTED_EDGE('',*,*,#10697,.T.);
#10700=ORIENTED_EDGE('',*,*,#10699,.T.);
#10702=ORIENTED_EDGE('',*,*,#10701,.T.);
#10704=ORIENTED_EDGE('',*,*,#10703,.T.);
#10706=ORIENTED_EDGE('',*,*,#10705,.T.);
#10708=ORIENTED_EDGE('',*,*,#10707,.T.);
#10710=ORIENTED_EDGE('',*,*,#10709,.T.);
#10712=ORIENTED_EDGE('',*,*,#10711,.T.);
#10714=ORIENTED_EDGE('',*,*,#10713,.T.);
#10716=ORIENTED_EDGE('',*,*,#10715,.T.);
#10718=ORIENTED_EDGE('',*,*,#10717,.T.);
#10720=ORIENTED_EDGE('',*,*,#10719,.T.);
#10722=ORIENTED_EDGE('',*,*,#10721,.T.);
#10724=ORIENTED_EDGE('',*,*,#10723,.T.);
#10726=ORIENTED_EDGE('',*,*,#10725,.T.);
#10728=ORIENTED_EDGE('',*,*,#10727,.T.);
#10730=ORIENTED_EDGE('',*,*,#10729,.T.);
#10732=ORIENTED_EDGE('',*,*,#10731,.T.);
#10734=ORIENTED_EDGE('',*,*,#10733,.F.);
#10736=ORIENTED_EDGE('',*,*,#10735,.T.);
#10738=ORIENTED_EDGE('',*,*,#10737,.T.);
#10740=ORIENTED_EDGE('',*,*,#10739,.T.);
#10742=ORIENTED_EDGE('',*,*,#10741,.T.);
#10744=ORIENTED_EDGE('',*,*,#10743,.T.);
#10746=ORIENTED_EDGE('',*,*,#10745,.T.);
#10748=ORIENTED_EDGE('',*,*,#10747,.T.);
#10750=ORIENTED_EDGE('',*,*,#10749,.T.);
#10752=ORIENTED_EDGE('',*,*,#10751,.T.);
#10754=ORIENTED_EDGE('',*,*,#10753,.F.);
#10756=ORIENTED_EDGE('',*,*,#10755,.T.);
#10758=ORIENTED_EDGE('',*,*,#10757,.T.);
#10760=ORIENTED_EDGE('',*,*,#10759,.T.);
#10762=ORIENTED_EDGE('',*,*,#10761,.T.);
#10764=ORIENTED_EDGE('',*,*,#10763,.T.);
#10766=ORIENTED_EDGE('',*,*,#10765,.T.);
#10768=ORIENTED_EDGE('',*,*,#10767,.T.);
#10770=ORIENTED_EDGE('',*,*,#10769,.T.);
#10772=ORIENTED_EDGE('',*,*,#10771,.T.);
#10773=EDGE_LOOP('',(#10598,#10600,#10602,#10604,#10606,#10608,#10610,#10612,
#10614,#10616,#10618,#10620,#10622,#10624,#10626,#10628,#10630,#10632,#10634,
#10636,#10638,#10640,#10642,#10644,#10646,#10648,#10650,#10652,#10654,#10656,
#10658,#10660,#10662,#10664,#10666,#10668,#10670,#10672,#10674,#10676,#10678,
#10680,#10682,#10684,#10686,#10688,#10690,#10692,#10694,#10696,#10698,#10700,
#10702,#10704,#10706,#10708,#10710,#10712,#10714,#10716,#10718,#10720,#10722,
#10724,#10726,#10728,#10730,#10732,#10734,#10736,#10738,#10740,#10742,#10744,
#10746,#10748,#10750,#10752,#10754,#10756,#10758,#10760,#10762,#10764,#10766,
#10768,#10770,#10772));
#10774=FACE_OUTER_BOUND('',#10773,.F.);
#10775=ORIENTED_EDGE('',*,*,#10488,.T.);
#10777=ORIENTED_EDGE('',*,*,#10776,.T.);
#10778=EDGE_LOOP('',(#10775,#10777));
#10779=FACE_BOUND('',#10778,.F.);
#10781=ORIENTED_EDGE('',*,*,#10780,.T.);
#10783=ORIENTED_EDGE('',*,*,#10782,.T.);
#10784=EDGE_LOOP('',(#10781,#10783));
#10785=FACE_BOUND('',#10784,.F.);
#10787=ORIENTED_EDGE('',*,*,#10786,.T.);
#10789=ORIENTED_EDGE('',*,*,#10788,.T.);
#10790=EDGE_LOOP('',(#10787,#10789));
#10791=FACE_BOUND('',#10790,.F.);
#10793=ORIENTED_EDGE('',*,*,#10792,.F.);
#10795=ORIENTED_EDGE('',*,*,#10794,.F.);
#10796=EDGE_LOOP('',(#10793,#10795));
#10797=FACE_BOUND('',#10796,.F.);
#10799=ORIENTED_EDGE('',*,*,#10798,.F.);
#10801=ORIENTED_EDGE('',*,*,#10800,.F.);
#10802=EDGE_LOOP('',(#10799,#10801));
#10803=FACE_BOUND('',#10802,.F.);
#10805=ORIENTED_EDGE('',*,*,#10804,.F.);
#10807=ORIENTED_EDGE('',*,*,#10806,.F.);
#10808=EDGE_LOOP('',(#10805,#10807));
#10809=FACE_BOUND('',#10808,.F.);
#10811=ORIENTED_EDGE('',*,*,#10810,.F.);
#10813=ORIENTED_EDGE('',*,*,#10812,.F.);
#10814=EDGE_LOOP('',(#10811,#10813));
#10815=FACE_BOUND('',#10814,.F.);
#10817=ORIENTED_EDGE('',*,*,#10816,.F.);
#10819=ORIENTED_EDGE('',*,*,#10818,.F.);
#10820=EDGE_LOOP('',(#10817,#10819));
#10821=FACE_BOUND('',#10820,.F.);
#10823=ORIENTED_EDGE('',*,*,#10822,.F.);
#10825=ORIENTED_EDGE('',*,*,#10824,.F.);
#10826=EDGE_LOOP('',(#10823,#10825));
#10827=FACE_BOUND('',#10826,.F.);
#10829=ORIENTED_EDGE('',*,*,#10828,.F.);
#10831=ORIENTED_EDGE('',*,*,#10830,.F.);
#10832=EDGE_LOOP('',(#10829,#10831));
#10833=FACE_BOUND('',#10832,.F.);
#10835=ORIENTED_EDGE('',*,*,#10834,.F.);
#10837=ORIENTED_EDGE('',*,*,#10836,.F.);
#10838=EDGE_LOOP('',(#10835,#10837));
#10839=FACE_BOUND('',#10838,.F.);
#10841=ORIENTED_EDGE('',*,*,#10840,.F.);
#10843=ORIENTED_EDGE('',*,*,#10842,.F.);
#10844=EDGE_LOOP('',(#10841,#10843));
#10845=FACE_BOUND('',#10844,.F.);
#10847=ORIENTED_EDGE('',*,*,#10846,.F.);
#10849=ORIENTED_EDGE('',*,*,#10848,.F.);
#10850=EDGE_LOOP('',(#10847,#10849));
#10851=FACE_BOUND('',#10850,.F.);
#10853=ORIENTED_EDGE('',*,*,#10852,.F.);
#10855=ORIENTED_EDGE('',*,*,#10854,.F.);
#10856=EDGE_LOOP('',(#10853,#10855));
#10857=FACE_BOUND('',#10856,.F.);
#10859=ORIENTED_EDGE('',*,*,#10858,.F.);
#10861=ORIENTED_EDGE('',*,*,#10860,.F.);
#10862=EDGE_LOOP('',(#10859,#10861));
#10863=FACE_BOUND('',#10862,.F.);
#10865=ORIENTED_EDGE('',*,*,#10864,.F.);
#10867=ORIENTED_EDGE('',*,*,#10866,.F.);
#10868=EDGE_LOOP('',(#10865,#10867));
#10869=FACE_BOUND('',#10868,.F.);
#10871=ORIENTED_EDGE('',*,*,#10870,.F.);
#10873=ORIENTED_EDGE('',*,*,#10872,.F.);
#10874=EDGE_LOOP('',(#10871,#10873));
#10875=FACE_BOUND('',#10874,.F.);
#10877=ORIENTED_EDGE('',*,*,#10876,.F.);
#10879=ORIENTED_EDGE('',*,*,#10878,.F.);
#10880=EDGE_LOOP('',(#10877,#10879));
#10881=FACE_BOUND('',#10880,.F.);
#10883=ORIENTED_EDGE('',*,*,#10882,.F.);
#10885=ORIENTED_EDGE('',*,*,#10884,.F.);
#10886=EDGE_LOOP('',(#10883,#10885));
#10887=FACE_BOUND('',#10886,.F.);
#10889=ORIENTED_EDGE('',*,*,#10888,.T.);
#10891=ORIENTED_EDGE('',*,*,#10890,.T.);
#10892=EDGE_LOOP('',(#10889,#10891));
#10893=FACE_BOUND('',#10892,.F.);
#10895=ORIENTED_EDGE('',*,*,#10894,.T.);
#10897=ORIENTED_EDGE('',*,*,#10896,.T.);
#10898=EDGE_LOOP('',(#10895,#10897));
#10899=FACE_BOUND('',#10898,.F.);
#10901=ORIENTED_EDGE('',*,*,#10900,.T.);
#10903=ORIENTED_EDGE('',*,*,#10902,.T.);
#10904=EDGE_LOOP('',(#10901,#10903));
#10905=FACE_BOUND('',#10904,.F.);
#10907=ORIENTED_EDGE('',*,*,#10906,.T.);
#10909=ORIENTED_EDGE('',*,*,#10908,.T.);
#10910=EDGE_LOOP('',(#10907,#10909));
#10911=FACE_BOUND('',#10910,.F.);
#10913=ORIENTED_EDGE('',*,*,#10912,.T.);
#10915=ORIENTED_EDGE('',*,*,#10914,.T.);
#10916=EDGE_LOOP('',(#10913,#10915));
#10917=FACE_BOUND('',#10916,.F.);
#10919=ORIENTED_EDGE('',*,*,#10918,.T.);
#10921=ORIENTED_EDGE('',*,*,#10920,.T.);
#10922=EDGE_LOOP('',(#10919,#10921));
#10923=FACE_BOUND('',#10922,.F.);
#10925=ORIENTED_EDGE('',*,*,#10924,.T.);
#10927=ORIENTED_EDGE('',*,*,#10926,.T.);
#10928=EDGE_LOOP('',(#10925,#10927));
#10929=FACE_BOUND('',#10928,.F.);
#10931=CARTESIAN_POINT('',(-2.37E1,1.08E1,-2.E1));
#10932=DIRECTION('',(0.E0,0.E0,1.E0));
#10933=DIRECTION('',(1.E0,0.E0,0.E0));
#10934=AXIS2_PLACEMENT_3D('',#10931,#10932,#10933);
#10935=CYLINDRICAL_SURFACE('',#10934,3.25E0);
#10937=ORIENTED_EDGE('',*,*,#10936,.T.);
#10939=ORIENTED_EDGE('',*,*,#10938,.T.);
#10941=ORIENTED_EDGE('',*,*,#10940,.F.);
#10942=ORIENTED_EDGE('',*,*,#10521,.F.);
#10943=EDGE_LOOP('',(#10937,#10939,#10941,#10942));
#10944=FACE_OUTER_BOUND('',#10943,.F.);
#10946=CARTESIAN_POINT('',(-2.135479212009E1,1.305E1,-2.E1));
#10947=DIRECTION('',(0.E0,1.E0,0.E0));
#10948=DIRECTION('',(-1.E0,0.E0,0.E0));
#10949=AXIS2_PLACEMENT_3D('',#10946,#10947,#10948);
#10950=PLANE('',#10949);
#10951=ORIENTED_EDGE('',*,*,#10936,.F.);
#10952=ORIENTED_EDGE('',*,*,#10587,.F.);
#10954=ORIENTED_EDGE('',*,*,#10953,.T.);
#10956=ORIENTED_EDGE('',*,*,#10955,.T.);
#10957=EDGE_LOOP('',(#10951,#10952,#10954,#10956));
#10958=FACE_OUTER_BOUND('',#10957,.F.);
#10960=CARTESIAN_POINT('',(-2.37E1,1.08E1,-2.E1));
#10961=DIRECTION('',(0.E0,0.E0,1.E0));
#10962=DIRECTION('',(1.E0,0.E0,0.E0));
#10963=AXIS2_PLACEMENT_3D('',#10960,#10961,#10962);
#10964=CYLINDRICAL_SURFACE('',#10963,3.25E0);
#10966=ORIENTED_EDGE('',*,*,#10965,.T.);
#10968=ORIENTED_EDGE('',*,*,#10967,.T.);
#10969=ORIENTED_EDGE('',*,*,#10953,.F.);
#10970=ORIENTED_EDGE('',*,*,#10585,.F.);
#10971=EDGE_LOOP('',(#10966,#10968,#10969,#10970));
#10972=FACE_OUTER_BOUND('',#10971,.F.);
#10974=CARTESIAN_POINT('',(-1.995E1,1.28E1,-2.E1));
#10975=DIRECTION('',(0.E0,0.E0,1.E0));
#10976=DIRECTION('',(1.E0,0.E0,0.E0));
#10977=AXIS2_PLACEMENT_3D('',#10974,#10975,#10976);
#10978=CYLINDRICAL_SURFACE('',#10977,1.E0);
#10980=ORIENTED_EDGE('',*,*,#10979,.T.);
#10982=ORIENTED_EDGE('',*,*,#10981,.T.);
#10983=ORIENTED_EDGE('',*,*,#10965,.F.);
#10984=ORIENTED_EDGE('',*,*,#10583,.T.);
#10985=EDGE_LOOP('',(#10980,#10982,#10983,#10984));
#10986=FACE_OUTER_BOUND('',#10985,.F.);
#10988=CARTESIAN_POINT('',(1.55E1,1.18E1,0.E0));
#10989=DIRECTION('',(0.E0,1.E0,0.E0));
#10990=DIRECTION('',(-1.E0,0.E0,0.E0));
#10991=AXIS2_PLACEMENT_3D('',#10988,#10989,#10990);
#10992=PLANE('',#10991);
#10994=ORIENTED_EDGE('',*,*,#10993,.T.);
#10996=ORIENTED_EDGE('',*,*,#10995,.T.);
#10998=ORIENTED_EDGE('',*,*,#10997,.T.);
#10999=ORIENTED_EDGE('',*,*,#10979,.F.);
#11000=ORIENTED_EDGE('',*,*,#10581,.F.);
#11002=ORIENTED_EDGE('',*,*,#11001,.F.);
#11004=ORIENTED_EDGE('',*,*,#11003,.T.);
#11006=ORIENTED_EDGE('',*,*,#11005,.F.);
#11007=ORIENTED_EDGE('',*,*,#10573,.F.);
#11009=ORIENTED_EDGE('',*,*,#11008,.T.);
#11011=ORIENTED_EDGE('',*,*,#11010,.T.);
#11013=ORIENTED_EDGE('',*,*,#11012,.F.);
#11015=ORIENTED_EDGE('',*,*,#11014,.T.);
#11017=ORIENTED_EDGE('',*,*,#11016,.T.);
#11019=ORIENTED_EDGE('',*,*,#11018,.F.);
#11021=ORIENTED_EDGE('',*,*,#11020,.F.);
#11023=ORIENTED_EDGE('',*,*,#11022,.T.);
#11025=ORIENTED_EDGE('',*,*,#11024,.T.);
#11027=ORIENTED_EDGE('',*,*,#11026,.F.);
#11029=ORIENTED_EDGE('',*,*,#11028,.F.);
#11030=EDGE_LOOP('',(#10994,#10996,#10998,#10999,#11000,#11002,#11004,#11006,
#11007,#11009,#11011,#11013,#11015,#11017,#11019,#11021,#11023,#11025,#11027,
#11029));
#11031=FACE_OUTER_BOUND('',#11030,.F.);
#11033=CARTESIAN_POINT('',(2.006810784349E1,1.13E1,-5.E-1));
#11034=DIRECTION('',(-1.E0,0.E0,0.E0));
#11035=DIRECTION('',(0.E0,0.E0,1.E0));
#11036=AXIS2_PLACEMENT_3D('',#11033,#11034,#11035);
#11037=CYLINDRICAL_SURFACE('',#11036,5.E-1);
#11039=ORIENTED_EDGE('',*,*,#11038,.T.);
#11041=ORIENTED_EDGE('',*,*,#11040,.T.);
#11042=ORIENTED_EDGE('',*,*,#10993,.F.);
#11044=ORIENTED_EDGE('',*,*,#11043,.F.);
#11045=ORIENTED_EDGE('',*,*,#11022,.F.);
#11047=ORIENTED_EDGE('',*,*,#11046,.F.);
#11048=ORIENTED_EDGE('',*,*,#11014,.F.);
#11050=ORIENTED_EDGE('',*,*,#11049,.F.);
#11051=EDGE_LOOP('',(#11039,#11041,#11042,#11044,#11045,#11047,#11048,#11050));
#11052=FACE_OUTER_BOUND('',#11051,.F.);
#11054=CARTESIAN_POINT('',(0.E0,0.E0,0.E0));
#11055=DIRECTION('',(0.E0,0.E0,1.E0));
#11056=DIRECTION('',(1.E0,0.E0,0.E0));
#11057=AXIS2_PLACEMENT_3D('',#11054,#11055,#11056);
#11058=PLANE('',#11057);
#11060=ORIENTED_EDGE('',*,*,#11059,.F.);
#11062=ORIENTED_EDGE('',*,*,#11061,.F.);
#11064=ORIENTED_EDGE('',*,*,#11063,.F.);
#11066=ORIENTED_EDGE('',*,*,#11065,.F.);
#11068=ORIENTED_EDGE('',*,*,#11067,.F.);
#11070=ORIENTED_EDGE('',*,*,#11069,.F.);
#11072=ORIENTED_EDGE('',*,*,#11071,.F.);
#11073=ORIENTED_EDGE('',*,*,#11038,.F.);
#11074=EDGE_LOOP('',(#11060,#11062,#11064,#11066,#11068,#11070,#11072,#11073));
#11075=FACE_OUTER_BOUND('',#11074,.F.);
#11077=ORIENTED_EDGE('',*,*,#11076,.F.);
#11079=ORIENTED_EDGE('',*,*,#11078,.F.);
#11081=ORIENTED_EDGE('',*,*,#11080,.F.);
#11083=ORIENTED_EDGE('',*,*,#11082,.F.);
#11085=ORIENTED_EDGE('',*,*,#11084,.F.);
#11087=ORIENTED_EDGE('',*,*,#11086,.F.);
#11089=ORIENTED_EDGE('',*,*,#11088,.F.);
#11091=ORIENTED_EDGE('',*,*,#11090,.F.);
#11092=EDGE_LOOP('',(#11077,#11079,#11081,#11083,#11085,#11087,#11089,#11091));
#11093=FACE_BOUND('',#11092,.F.);
#11095=CARTESIAN_POINT('',(-1.55E1,-5.6E0,-1.000022437225E0));
#11096=DIRECTION('',(0.E0,0.E0,1.E0));
#11097=DIRECTION('',(0.E0,-1.E0,0.E0));
#11098=AXIS2_PLACEMENT_3D('',#11095,#11096,#11097);
#11099=CONICAL_SURFACE('',#11098,4.967990178519E0,1.500013550842E1);
#11100=ORIENTED_EDGE('',*,*,#11076,.T.);
#11102=ORIENTED_EDGE('',*,*,#11101,.T.);
#11104=ORIENTED_EDGE('',*,*,#11103,.F.);
#11106=ORIENTED_EDGE('',*,*,#11105,.F.);
#11107=EDGE_LOOP('',(#11100,#11102,#11104,#11106));
#11108=FACE_OUTER_BOUND('',#11107,.F.);
#11110=CARTESIAN_POINT('',(-2.046794919243E1,0.E0,-1.E0));
#11111=DIRECTION('',(9.659258262891E-1,0.E0,2.588190451025E-1));
#11112=DIRECTION('',(0.E0,-1.E0,0.E0));
#11113=AXIS2_PLACEMENT_3D('',#11110,#11111,#11112);
#11114=PLANE('',#11113);
#11115=ORIENTED_EDGE('',*,*,#11090,.T.);
#11117=ORIENTED_EDGE('',*,*,#11116,.T.);
#11119=ORIENTED_EDGE('',*,*,#11118,.F.);
#11120=ORIENTED_EDGE('',*,*,#11101,.F.);
#11121=EDGE_LOOP('',(#11115,#11117,#11119,#11120));
#11122=FACE_OUTER_BOUND('',#11121,.F.);
#11124=CARTESIAN_POINT('',(-1.55E1,5.6E0,-1.000022437225E0));
#11125=DIRECTION('',(0.E0,0.E0,1.E0));
#11126=DIRECTION('',(0.E0,-1.E0,0.E0));
#11127=AXIS2_PLACEMENT_3D('',#11124,#11125,#11126);
#11128=CONICAL_SURFACE('',#11127,4.967990178519E0,1.500013550842E1);
#11129=ORIENTED_EDGE('',*,*,#11088,.T.);
#11131=ORIENTED_EDGE('',*,*,#11130,.T.);
#11133=ORIENTED_EDGE('',*,*,#11132,.F.);
#11134=ORIENTED_EDGE('',*,*,#11116,.F.);
#11135=EDGE_LOOP('',(#11129,#11131,#11133,#11134));
#11136=FACE_OUTER_BOUND('',#11135,.F.);
#11138=CARTESIAN_POINT('',(0.E0,1.056794919243E1,-1.E0));
#11139=DIRECTION('',(0.E0,-9.659258262891E-1,2.588190451025E-1));
#11140=DIRECTION('',(-1.E0,0.E0,0.E0));
#11141=AXIS2_PLACEMENT_3D('',#11138,#11139,#11140);
#11142=PLANE('',#11141);
#11143=ORIENTED_EDGE('',*,*,#11086,.T.);
#11145=ORIENTED_EDGE('',*,*,#11144,.T.);
#11147=ORIENTED_EDGE('',*,*,#11146,.F.);
#11148=ORIENTED_EDGE('',*,*,#11130,.F.);
#11149=EDGE_LOOP('',(#11143,#11145,#11147,#11148));
#11150=FACE_OUTER_BOUND('',#11149,.F.);
#11152=CARTESIAN_POINT('',(1.55E1,5.6E0,-1.000022437225E0));
#11153=DIRECTION('',(0.E0,0.E0,1.E0));
#11154=DIRECTION('',(0.E0,-1.E0,0.E0));
#11155=AXIS2_PLACEMENT_3D('',#11152,#11153,#11154);
#11156=CONICAL_SURFACE('',#11155,4.967990178519E0,1.500013550842E1);
#11157=ORIENTED_EDGE('',*,*,#11084,.T.);
#11159=ORIENTED_EDGE('',*,*,#11158,.T.);
#11161=ORIENTED_EDGE('',*,*,#11160,.F.);
#11162=ORIENTED_EDGE('',*,*,#11144,.F.);
#11163=EDGE_LOOP('',(#11157,#11159,#11161,#11162));
#11164=FACE_OUTER_BOUND('',#11163,.F.);
#11166=CARTESIAN_POINT('',(2.046794919243E1,0.E0,-1.E0));
#11167=DIRECTION('',(-9.659258262891E-1,0.E0,2.588190451025E-1));
#11168=DIRECTION('',(0.E0,-1.E0,0.E0));
#11169=AXIS2_PLACEMENT_3D('',#11166,#11167,#11168);
#11170=PLANE('',#11169);
#11171=ORIENTED_EDGE('',*,*,#11082,.T.);
#11173=ORIENTED_EDGE('',*,*,#11172,.T.);
#11175=ORIENTED_EDGE('',*,*,#11174,.F.);
#11176=ORIENTED_EDGE('',*,*,#11158,.F.);
#11177=EDGE_LOOP('',(#11171,#11173,#11175,#11176));
#11178=FACE_OUTER_BOUND('',#11177,.F.);
#11180=CARTESIAN_POINT('',(1.55E1,-5.6E0,-1.000022437225E0));
#11181=DIRECTION('',(0.E0,0.E0,1.E0));
#11182=DIRECTION('',(0.E0,-1.E0,0.E0));
#11183=AXIS2_PLACEMENT_3D('',#11180,#11181,#11182);
#11184=CONICAL_SURFACE('',#11183,4.967990178519E0,1.500013550842E1);
#11185=ORIENTED_EDGE('',*,*,#11080,.T.);
#11187=ORIENTED_EDGE('',*,*,#11186,.T.);
#11189=ORIENTED_EDGE('',*,*,#11188,.F.);
#11190=ORIENTED_EDGE('',*,*,#11172,.F.);
#11191=EDGE_LOOP('',(#11185,#11187,#11189,#11190));
#11192=FACE_OUTER_BOUND('',#11191,.F.);
#11194=CARTESIAN_POINT('',(0.E0,-1.056794919243E1,-1.E0));
#11195=DIRECTION('',(0.E0,9.659258262891E-1,2.588190451025E-1));
#11196=DIRECTION('',(-1.E0,0.E0,0.E0));
#11197=AXIS2_PLACEMENT_3D('',#11194,#11195,#11196);
#11198=PLANE('',#11197);
#11199=ORIENTED_EDGE('',*,*,#11078,.T.);
#11200=ORIENTED_EDGE('',*,*,#11105,.T.);
#11202=ORIENTED_EDGE('',*,*,#11201,.F.);
#11203=ORIENTED_EDGE('',*,*,#11186,.F.);
#11204=EDGE_LOOP('',(#11199,#11200,#11202,#11203));
#11205=FACE_OUTER_BOUND('',#11204,.F.);
#11207=CARTESIAN_POINT('',(1.55E1,-1.03E1,0.E0));
#11208=DIRECTION('',(0.E0,1.E0,0.E0));
#11209=DIRECTION('',(-1.E0,0.E0,0.E0));
#11210=AXIS2_PLACEMENT_3D('',#11207,#11208,#11209);
#11211=PLANE('',#11210);
#11213=ORIENTED_EDGE('',*,*,#11212,.T.);
#11215=ORIENTED_EDGE('',*,*,#11214,.T.);
#11217=ORIENTED_EDGE('',*,*,#11216,.F.);
#11219=ORIENTED_EDGE('',*,*,#11218,.T.);
#11221=ORIENTED_EDGE('',*,*,#11220,.F.);
#11222=ORIENTED_EDGE('',*,*,#10771,.F.);
#11224=ORIENTED_EDGE('',*,*,#11223,.T.);
#11226=ORIENTED_EDGE('',*,*,#11225,.T.);
#11228=ORIENTED_EDGE('',*,*,#11227,.T.);
#11230=ORIENTED_EDGE('',*,*,#11229,.T.);
#11232=ORIENTED_EDGE('',*,*,#11231,.F.);
#11233=ORIENTED_EDGE('',*,*,#10763,.F.);
#11235=ORIENTED_EDGE('',*,*,#11234,.T.);
#11237=ORIENTED_EDGE('',*,*,#11236,.T.);
#11239=ORIENTED_EDGE('',*,*,#11238,.T.);
#11241=ORIENTED_EDGE('',*,*,#11240,.T.);
#11243=ORIENTED_EDGE('',*,*,#11242,.F.);
#11244=ORIENTED_EDGE('',*,*,#10755,.F.);
#11246=ORIENTED_EDGE('',*,*,#11245,.F.);
#11247=ORIENTED_EDGE('',*,*,#11201,.T.);
#11249=ORIENTED_EDGE('',*,*,#11248,.T.);
#11250=ORIENTED_EDGE('',*,*,#10643,.F.);
#11252=ORIENTED_EDGE('',*,*,#11251,.T.);
#11254=ORIENTED_EDGE('',*,*,#11253,.T.);
#11256=ORIENTED_EDGE('',*,*,#11255,.T.);
#11258=ORIENTED_EDGE('',*,*,#11257,.T.);
#11260=ORIENTED_EDGE('',*,*,#11259,.F.);
#11261=ORIENTED_EDGE('',*,*,#10635,.F.);
#11263=ORIENTED_EDGE('',*,*,#11262,.T.);
#11265=ORIENTED_EDGE('',*,*,#11264,.T.);
#11267=ORIENTED_EDGE('',*,*,#11266,.T.);
#11269=ORIENTED_EDGE('',*,*,#11268,.T.);
#11271=ORIENTED_EDGE('',*,*,#11270,.F.);
#11272=ORIENTED_EDGE('',*,*,#10627,.F.);
#11274=ORIENTED_EDGE('',*,*,#11273,.T.);
#11276=ORIENTED_EDGE('',*,*,#11275,.T.);
#11278=ORIENTED_EDGE('',*,*,#11277,.T.);
#11280=ORIENTED_EDGE('',*,*,#11279,.T.);
#11282=ORIENTED_EDGE('',*,*,#11281,.F.);
#11283=ORIENTED_EDGE('',*,*,#10619,.F.);
#11285=ORIENTED_EDGE('',*,*,#11284,.T.);
#11287=ORIENTED_EDGE('',*,*,#11286,.T.);
#11289=ORIENTED_EDGE('',*,*,#11288,.T.);
#11291=ORIENTED_EDGE('',*,*,#11290,.T.);
#11293=ORIENTED_EDGE('',*,*,#11292,.F.);
#11294=ORIENTED_EDGE('',*,*,#10611,.F.);
#11296=ORIENTED_EDGE('',*,*,#11295,.T.);
#11298=ORIENTED_EDGE('',*,*,#11297,.T.);
#11300=ORIENTED_EDGE('',*,*,#11299,.T.);
#11302=ORIENTED_EDGE('',*,*,#11301,.T.);
#11304=ORIENTED_EDGE('',*,*,#11303,.F.);
#11305=ORIENTED_EDGE('',*,*,#10603,.F.);
#11306=EDGE_LOOP('',(#11213,#11215,#11217,#11219,#11221,#11222,#11224,#11226,
#11228,#11230,#11232,#11233,#11235,#11237,#11239,#11241,#11243,#11244,#11246,
#11247,#11249,#11250,#11252,#11254,#11256,#11258,#11260,#11261,#11263,#11265,
#11267,#11269,#11271,#11272,#11274,#11276,#11278,#11280,#11282,#11283,#11285,
#11287,#11289,#11291,#11293,#11294,#11296,#11298,#11300,#11302,#11304,#11305));
#11307=FACE_OUTER_BOUND('',#11306,.F.);
#11309=CARTESIAN_POINT('',(4.575E0,-8.075E0,-2.E1));
#11310=DIRECTION('',(-1.E0,0.E0,0.E0));
#11311=DIRECTION('',(0.E0,-1.E0,0.E0));
#11312=AXIS2_PLACEMENT_3D('',#11309,#11310,#11311);
#11313=PLANE('',#11312);
#11315=ORIENTED_EDGE('',*,*,#11314,.T.);
#11317=ORIENTED_EDGE('',*,*,#11316,.T.);
#11318=ORIENTED_EDGE('',*,*,#11212,.F.);
#11319=ORIENTED_EDGE('',*,*,#10601,.F.);
#11321=ORIENTED_EDGE('',*,*,#11320,.T.);
#11322=EDGE_LOOP('',(#11315,#11317,#11318,#11319,#11321));
#11323=FACE_OUTER_BOUND('',#11322,.F.);
#11325=CARTESIAN_POINT('',(4.675E0,-7.955489227044E0,-1.01E1));
#11326=DIRECTION('',(0.E0,-1.E0,0.E0));
#11327=DIRECTION('',(0.E0,0.E0,1.E0));
#11328=AXIS2_PLACEMENT_3D('',#11325,#11326,#11327);
#11329=CYLINDRICAL_SURFACE('',#11328,1.E-1);
#11330=ORIENTED_EDGE('',*,*,#11314,.F.);
#11332=ORIENTED_EDGE('',*,*,#11331,.F.);
#11334=ORIENTED_EDGE('',*,*,#11333,.T.);
#11336=ORIENTED_EDGE('',*,*,#11335,.T.);
#11337=EDGE_LOOP('',(#11330,#11332,#11334,#11336));
#11338=FACE_OUTER_BOUND('',#11337,.F.);
#11340=CARTESIAN_POINT('',(5.25E0,-8.075E0,-1.01E1));
#11341=DIRECTION('',(0.E0,0.E0,1.E0));
#11342=DIRECTION('',(9.843670204664E-1,-1.761294098616E-1,0.E0));
#11343=AXIS2_PLACEMENT_3D('',#11340,#11341,#11342);
#11344=TOROIDAL_SURFACE('',#11343,5.75E-1,1.E-1);
#11346=ORIENTED_EDGE('',*,*,#11345,.T.);
#11347=ORIENTED_EDGE('',*,*,#11331,.T.);
#11349=ORIENTED_EDGE('',*,*,#11348,.F.);
#11351=ORIENTED_EDGE('',*,*,#11350,.F.);
#11352=EDGE_LOOP('',(#11346,#11347,#11349,#11351));
#11353=FACE_OUTER_BOUND('',#11352,.F.);
#11355=CARTESIAN_POINT('',(0.E0,0.E0,-1.E1));
#11356=DIRECTION('',(0.E0,0.E0,1.E0));
#11357=DIRECTION('',(1.E0,0.E0,0.E0));
#11358=AXIS2_PLACEMENT_3D('',#11355,#11356,#11357);
#11359=PLANE('',#11358);
#11361=ORIENTED_EDGE('',*,*,#11360,.F.);
#11363=ORIENTED_EDGE('',*,*,#11362,.F.);
#11365=ORIENTED_EDGE('',*,*,#11364,.F.);
#11367=ORIENTED_EDGE('',*,*,#11366,.F.);
#11368=EDGE_LOOP('',(#11361,#11363,#11365,#11367));
#11369=FACE_OUTER_BOUND('',#11368,.F.);
#11371=CARTESIAN_POINT('',(0.E0,0.E0,-1.E1));
#11372=DIRECTION('',(0.E0,0.E0,1.E0));
#11373=DIRECTION('',(1.E0,0.E0,0.E0));
#11374=AXIS2_PLACEMENT_3D('',#11371,#11372,#11373);
#11375=PLANE('',#11374);
#11377=ORIENTED_EDGE('',*,*,#11376,.F.);
#11379=ORIENTED_EDGE('',*,*,#11378,.F.);
#11381=ORIENTED_EDGE('',*,*,#11380,.F.);
#11383=ORIENTED_EDGE('',*,*,#11382,.F.);
#11384=EDGE_LOOP('',(#11377,#11379,#11381,#11383));
#11385=FACE_OUTER_BOUND('',#11384,.F.);
#11387=CARTESIAN_POINT('',(0.E0,0.E0,-1.E1));
#11388=DIRECTION('',(0.E0,0.E0,1.E0));
#11389=DIRECTION('',(1.E0,0.E0,0.E0));
#11390=AXIS2_PLACEMENT_3D('',#11387,#11388,#11389);
#11391=PLANE('',#11390);
#11393=ORIENTED_EDGE('',*,*,#11392,.F.);
#11395=ORIENTED_EDGE('',*,*,#11394,.F.);
#11397=ORIENTED_EDGE('',*,*,#11396,.F.);
#11399=ORIENTED_EDGE('',*,*,#11398,.F.);
#11400=EDGE_LOOP('',(#11393,#11395,#11397,#11399));
#11401=FACE_OUTER_BOUND('',#11400,.F.);
#11403=CARTESIAN_POINT('',(0.E0,0.E0,-1.E1));
#11404=DIRECTION('',(0.E0,0.E0,1.E0));
#11405=DIRECTION('',(1.E0,0.E0,0.E0));
#11406=AXIS2_PLACEMENT_3D('',#11403,#11404,#11405);
#11407=PLANE('',#11406);
#11409=ORIENTED_EDGE('',*,*,#11408,.F.);
#11410=ORIENTED_EDGE('',*,*,#11333,.F.);
#11411=ORIENTED_EDGE('',*,*,#11345,.F.);
#11413=ORIENTED_EDGE('',*,*,#11412,.F.);
#11414=EDGE_LOOP('',(#11409,#11410,#11411,#11413));
#11415=FACE_OUTER_BOUND('',#11414,.F.);
#11417=CARTESIAN_POINT('',(-1.35E0,-5.789556E1,-1.01E1));
#11418=DIRECTION('',(0.E0,1.E0,0.E0));
#11419=DIRECTION('',(0.E0,0.E0,1.E0));
#11420=AXIS2_PLACEMENT_3D('',#11417,#11418,#11419);
#11421=CYLINDRICAL_SURFACE('',#11420,1.E-1);
#11422=ORIENTED_EDGE('',*,*,#11360,.T.);
#11424=ORIENTED_EDGE('',*,*,#11423,.T.);
#11426=ORIENTED_EDGE('',*,*,#11425,.F.);
#11428=ORIENTED_EDGE('',*,*,#11427,.T.);
#11429=EDGE_LOOP('',(#11422,#11424,#11426,#11428));
#11430=FACE_OUTER_BOUND('',#11429,.F.);
#11432=CARTESIAN_POINT('',(-1.75E0,-9.1E0,-1.01E1));
#11433=DIRECTION('',(0.E0,0.E0,1.E0));
#11434=DIRECTION('',(9.722305585795E-1,-2.340250861855E-1,0.E0));
#11435=AXIS2_PLACEMENT_3D('',#11432,#11433,#11434);
#11436=TOROIDAL_SURFACE('',#11435,4.E-1,1.E-1);
#11437=ORIENTED_EDGE('',*,*,#11366,.T.);
#11439=ORIENTED_EDGE('',*,*,#11438,.T.);
#11441=ORIENTED_EDGE('',*,*,#11440,.F.);
#11442=ORIENTED_EDGE('',*,*,#11423,.F.);
#11443=EDGE_LOOP('',(#11437,#11439,#11441,#11442));
#11444=FACE_OUTER_BOUND('',#11443,.F.);
#11446=CARTESIAN_POINT('',(-2.15E0,-8.981892156510E0,-1.01E1));
#11447=DIRECTION('',(0.E0,-1.E0,0.E0));
#11448=DIRECTION('',(0.E0,0.E0,1.E0));
#11449=AXIS2_PLACEMENT_3D('',#11446,#11447,#11448);
#11450=CYLINDRICAL_SURFACE('',#11449,1.E-1);
#11452=ORIENTED_EDGE('',*,*,#11451,.F.);
#11453=ORIENTED_EDGE('',*,*,#11438,.F.);
#11454=ORIENTED_EDGE('',*,*,#11364,.T.);
#11456=ORIENTED_EDGE('',*,*,#11455,.T.);
#11457=EDGE_LOOP('',(#11452,#11453,#11454,#11456));
#11458=FACE_OUTER_BOUND('',#11457,.F.);
#11460=CARTESIAN_POINT('',(-2.25E0,-9.1E0,-2.E1));
#11461=DIRECTION('',(-1.E0,0.E0,0.E0));
#11462=DIRECTION('',(0.E0,-1.E0,0.E0));
#11463=AXIS2_PLACEMENT_3D('',#11460,#11461,#11462);
#11464=PLANE('',#11463);
#11465=ORIENTED_EDGE('',*,*,#11451,.T.);
#11467=ORIENTED_EDGE('',*,*,#11466,.T.);
#11468=ORIENTED_EDGE('',*,*,#11284,.F.);
#11469=ORIENTED_EDGE('',*,*,#10617,.F.);
#11471=ORIENTED_EDGE('',*,*,#11470,.T.);
#11472=EDGE_LOOP('',(#11465,#11467,#11468,#11469,#11471));
#11473=FACE_OUTER_BOUND('',#11472,.F.);
#11475=CARTESIAN_POINT('',(-2.15E0,-1.02E1,-9.9E0));
#11476=DIRECTION('',(1.E0,0.E0,0.E0));
#11477=DIRECTION('',(2.886579864025E-14,5.485369585398E-1,-8.361263093074E-1));
#11478=AXIS2_PLACEMENT_3D('',#11475,#11476,#11477);
#11479=TOROIDAL_SURFACE('',#11478,2.E-1,1.E-1);
#11480=ORIENTED_EDGE('',*,*,#11466,.F.);
#11481=ORIENTED_EDGE('',*,*,#11455,.F.);
#11483=ORIENTED_EDGE('',*,*,#11482,.F.);
#11484=ORIENTED_EDGE('',*,*,#11286,.F.);
#11485=EDGE_LOOP('',(#11480,#11481,#11483,#11484));
#11486=FACE_OUTER_BOUND('',#11485,.F.);
#11488=CARTESIAN_POINT('',(-9.488406350206E1,-1.02E1,-9.9E0));
#11489=DIRECTION('',(1.E0,0.E0,0.E0));
#11490=DIRECTION('',(0.E0,-1.E0,0.E0));
#11491=AXIS2_PLACEMENT_3D('',#11488,#11489,#11490);
#11492=CYLINDRICAL_SURFACE('',#11491,1.E-1);
#11493=ORIENTED_EDGE('',*,*,#11288,.F.);
#11494=ORIENTED_EDGE('',*,*,#11482,.T.);
#11495=ORIENTED_EDGE('',*,*,#11362,.T.);
#11497=ORIENTED_EDGE('',*,*,#11496,.T.);
#11498=EDGE_LOOP('',(#11493,#11494,#11495,#11497));
#11499=FACE_OUTER_BOUND('',#11498,.F.);
#11501=CARTESIAN_POINT('',(-1.35E0,-1.02E1,-9.9E0));
#11502=DIRECTION('',(1.E0,0.E0,0.E0));
#11503=DIRECTION('',(-2.886579864025E-14,7.564028598729E-1,-6.541060415376E-1));
#11504=AXIS2_PLACEMENT_3D('',#11501,#11502,#11503);
#11505=TOROIDAL_SURFACE('',#11504,2.E-1,1.E-1);
#11507=ORIENTED_EDGE('',*,*,#11506,.T.);
#11508=ORIENTED_EDGE('',*,*,#11290,.F.);
#11509=ORIENTED_EDGE('',*,*,#11496,.F.);
#11510=ORIENTED_EDGE('',*,*,#11427,.F.);
#11511=EDGE_LOOP('',(#11507,#11508,#11509,#11510));
#11512=FACE_OUTER_BOUND('',#11511,.F.);
#11514=CARTESIAN_POINT('',(-1.25E0,-1.03E1,-2.E1));
#11515=DIRECTION('',(1.E0,0.E0,0.E0));
#11516=DIRECTION('',(0.E0,1.E0,0.E0));
#11517=AXIS2_PLACEMENT_3D('',#11514,#11515,#11516);
#11518=PLANE('',#11517);
#11519=ORIENTED_EDGE('',*,*,#11425,.T.);
#11521=ORIENTED_EDGE('',*,*,#11520,.F.);
#11522=ORIENTED_EDGE('',*,*,#10613,.F.);
#11523=ORIENTED_EDGE('',*,*,#11292,.T.);
#11524=ORIENTED_EDGE('',*,*,#11506,.F.);
#11525=EDGE_LOOP('',(#11519,#11521,#11522,#11523,#11524));
#11526=FACE_OUTER_BOUND('',#11525,.F.);
#11528=CARTESIAN_POINT('',(-1.75E0,-9.1E0,-2.E1));
#11529=DIRECTION('',(0.E0,0.E0,1.E0));
#11530=DIRECTION('',(1.E0,0.E0,0.E0));
#11531=AXIS2_PLACEMENT_3D('',#11528,#11529,#11530);
#11532=CYLINDRICAL_SURFACE('',#11531,5.E-1);
#11533=ORIENTED_EDGE('',*,*,#11440,.T.);
#11534=ORIENTED_EDGE('',*,*,#11470,.F.);
#11535=ORIENTED_EDGE('',*,*,#10615,.F.);
#11536=ORIENTED_EDGE('',*,*,#11520,.T.);
#11537=EDGE_LOOP('',(#11533,#11534,#11535,#11536));
#11538=FACE_OUTER_BOUND('',#11537,.F.);
#11540=CARTESIAN_POINT('',(4.85E0,5.789556E1,-1.01E1));
#11541=DIRECTION('',(0.E0,-1.E0,0.E0));
#11542=DIRECTION('',(0.E0,0.E0,1.E0));
#11543=AXIS2_PLACEMENT_3D('',#11540,#11541,#11542);
#11544=CYLINDRICAL_SURFACE('',#11543,1.E-1);
#11545=ORIENTED_EDGE('',*,*,#11376,.T.);
#11547=ORIENTED_EDGE('',*,*,#11546,.T.);
#11549=ORIENTED_EDGE('',*,*,#11548,.F.);
#11551=ORIENTED_EDGE('',*,*,#11550,.T.);
#11552=EDGE_LOOP('',(#11545,#11547,#11549,#11551));
#11553=FACE_OUTER_BOUND('',#11552,.F.);
#11555=CARTESIAN_POINT('',(5.25E0,9.1E0,-1.01E1));
#11556=DIRECTION('',(0.E0,0.E0,1.E0));
#11557=DIRECTION('',(-9.722305585795E-1,2.340250861855E-1,0.E0));
#11558=AXIS2_PLACEMENT_3D('',#11555,#11556,#11557);
#11559=TOROIDAL_SURFACE('',#11558,4.E-1,1.E-1);
#11560=ORIENTED_EDGE('',*,*,#11382,.T.);
#11562=ORIENTED_EDGE('',*,*,#11561,.T.);
#11564=ORIENTED_EDGE('',*,*,#11563,.F.);
#11565=ORIENTED_EDGE('',*,*,#11546,.F.);
#11566=EDGE_LOOP('',(#11560,#11562,#11564,#11565));
#11567=FACE_OUTER_BOUND('',#11566,.F.);
#11569=CARTESIAN_POINT('',(5.65E0,8.981892156510E0,-1.01E1));
#11570=DIRECTION('',(0.E0,1.E0,0.E0));
#11571=DIRECTION('',(0.E0,0.E0,1.E0));
#11572=AXIS2_PLACEMENT_3D('',#11569,#11570,#11571);
#11573=CYLINDRICAL_SURFACE('',#11572,1.E-1);
#11575=ORIENTED_EDGE('',*,*,#11574,.F.);
#11576=ORIENTED_EDGE('',*,*,#11561,.F.);
#11577=ORIENTED_EDGE('',*,*,#11380,.T.);
#11579=ORIENTED_EDGE('',*,*,#11578,.T.);
#11580=EDGE_LOOP('',(#11575,#11576,#11577,#11579));
#11581=FACE_OUTER_BOUND('',#11580,.F.);
#11583=CARTESIAN_POINT('',(5.75E0,9.1E0,-2.E1));
#11584=DIRECTION('',(1.E0,0.E0,0.E0));
#11585=DIRECTION('',(0.E0,1.E0,0.E0));
#11586=AXIS2_PLACEMENT_3D('',#11583,#11584,#11585);
#11587=PLANE('',#11586);
#11588=ORIENTED_EDGE('',*,*,#11574,.T.);
#11590=ORIENTED_EDGE('',*,*,#11589,.T.);
#11592=ORIENTED_EDGE('',*,*,#11591,.F.);
#11593=ORIENTED_EDGE('',*,*,#10713,.F.);
#11595=ORIENTED_EDGE('',*,*,#11594,.T.);
#11596=EDGE_LOOP('',(#11588,#11590,#11592,#11593,#11595));
#11597=FACE_OUTER_BOUND('',#11596,.F.);
#11599=CARTESIAN_POINT('',(5.65E0,1.02E1,-9.9E0));
#11600=DIRECTION('',(-1.E0,0.E0,0.E0));
#11601=DIRECTION('',(-2.664535259100E-14,-5.485369585398E-1,
-8.361263093074E-1));
#11602=AXIS2_PLACEMENT_3D('',#11599,#11600,#11601);
#11603=TOROIDAL_SURFACE('',#11602,2.E-1,1.E-1);
#11604=ORIENTED_EDGE('',*,*,#11589,.F.);
#11605=ORIENTED_EDGE('',*,*,#11578,.F.);
#11607=ORIENTED_EDGE('',*,*,#11606,.F.);
#11609=ORIENTED_EDGE('',*,*,#11608,.F.);
#11610=EDGE_LOOP('',(#11604,#11605,#11607,#11609));
#11611=FACE_OUTER_BOUND('',#11610,.F.);
#11613=CARTESIAN_POINT('',(1.079357648977E2,1.02E1,-9.9E0));
#11614=DIRECTION('',(-1.E0,0.E0,0.E0));
#11615=DIRECTION('',(0.E0,1.E0,0.E0));
#11616=AXIS2_PLACEMENT_3D('',#11613,#11614,#11615);
#11617=CYLINDRICAL_SURFACE('',#11616,1.E-1);
#11619=ORIENTED_EDGE('',*,*,#11618,.F.);
#11620=ORIENTED_EDGE('',*,*,#11606,.T.);
#11621=ORIENTED_EDGE('',*,*,#11378,.T.);
#11623=ORIENTED_EDGE('',*,*,#11622,.T.);
#11624=EDGE_LOOP('',(#11619,#11620,#11621,#11623));
#11625=FACE_OUTER_BOUND('',#11624,.F.);
#11627=CARTESIAN_POINT('',(-1.55E1,1.03E1,0.E0));
#11628=DIRECTION('',(0.E0,-1.E0,0.E0));
#11629=DIRECTION('',(1.E0,0.E0,0.E0));
#11630=AXIS2_PLACEMENT_3D('',#11627,#11628,#11629);
#11631=PLANE('',#11630);
#11633=ORIENTED_EDGE('',*,*,#11632,.T.);
#11635=ORIENTED_EDGE('',*,*,#11634,.T.);
#11637=ORIENTED_EDGE('',*,*,#11636,.F.);
#11639=ORIENTED_EDGE('',*,*,#11638,.T.);
#11641=ORIENTED_EDGE('',*,*,#11640,.F.);
#11642=ORIENTED_EDGE('',*,*,#10691,.F.);
#11644=ORIENTED_EDGE('',*,*,#11643,.T.);
#11646=ORIENTED_EDGE('',*,*,#11645,.T.);
#11648=ORIENTED_EDGE('',*,*,#11647,.T.);
#11650=ORIENTED_EDGE('',*,*,#11649,.T.);
#11652=ORIENTED_EDGE('',*,*,#11651,.F.);
#11653=ORIENTED_EDGE('',*,*,#10683,.F.);
#11655=ORIENTED_EDGE('',*,*,#11654,.T.);
#11657=ORIENTED_EDGE('',*,*,#11656,.T.);
#11659=ORIENTED_EDGE('',*,*,#11658,.T.);
#11661=ORIENTED_EDGE('',*,*,#11660,.T.);
#11663=ORIENTED_EDGE('',*,*,#11662,.F.);
#11664=ORIENTED_EDGE('',*,*,#10675,.F.);
#11666=ORIENTED_EDGE('',*,*,#11665,.T.);
#11668=ORIENTED_EDGE('',*,*,#11667,.T.);
#11670=ORIENTED_EDGE('',*,*,#11669,.T.);
#11672=ORIENTED_EDGE('',*,*,#11671,.T.);
#11674=ORIENTED_EDGE('',*,*,#11673,.F.);
#11675=ORIENTED_EDGE('',*,*,#10667,.F.);
#11677=ORIENTED_EDGE('',*,*,#11676,.F.);
#11678=ORIENTED_EDGE('',*,*,#11146,.T.);
#11680=ORIENTED_EDGE('',*,*,#11679,.T.);
#11681=ORIENTED_EDGE('',*,*,#10731,.F.);
#11683=ORIENTED_EDGE('',*,*,#11682,.T.);
#11685=ORIENTED_EDGE('',*,*,#11684,.T.);
#11687=ORIENTED_EDGE('',*,*,#11686,.T.);
#11689=ORIENTED_EDGE('',*,*,#11688,.T.);
#11691=ORIENTED_EDGE('',*,*,#11690,.F.);
#11692=ORIENTED_EDGE('',*,*,#10723,.F.);
#11694=ORIENTED_EDGE('',*,*,#11693,.T.);
#11696=ORIENTED_EDGE('',*,*,#11695,.T.);
#11698=ORIENTED_EDGE('',*,*,#11697,.T.);
#11700=ORIENTED_EDGE('',*,*,#11699,.T.);
#11702=ORIENTED_EDGE('',*,*,#11701,.F.);
#11703=ORIENTED_EDGE('',*,*,#10715,.F.);
#11704=ORIENTED_EDGE('',*,*,#11591,.T.);
#11705=ORIENTED_EDGE('',*,*,#11608,.T.);
#11706=ORIENTED_EDGE('',*,*,#11618,.T.);
#11708=ORIENTED_EDGE('',*,*,#11707,.T.);
#11710=ORIENTED_EDGE('',*,*,#11709,.F.);
#11711=ORIENTED_EDGE('',*,*,#10707,.F.);
#11713=ORIENTED_EDGE('',*,*,#11712,.T.);
#11715=ORIENTED_EDGE('',*,*,#11714,.T.);
#11717=ORIENTED_EDGE('',*,*,#11716,.T.);
#11719=ORIENTED_EDGE('',*,*,#11718,.T.);
#11721=ORIENTED_EDGE('',*,*,#11720,.F.);
#11722=ORIENTED_EDGE('',*,*,#10699,.F.);
#11723=EDGE_LOOP('',(#11633,#11635,#11637,#11639,#11641,#11642,#11644,#11646,
#11648,#11650,#11652,#11653,#11655,#11657,#11659,#11661,#11663,#11664,#11666,
#11668,#11670,#11672,#11674,#11675,#11677,#11678,#11680,#11681,#11683,#11685,
#11687,#11689,#11691,#11692,#11694,#11696,#11698,#11700,#11702,#11703,#11704,
#11705,#11706,#11708,#11710,#11711,#11713,#11715,#11717,#11719,#11721,#11722));
#11724=FACE_OUTER_BOUND('',#11723,.F.);
#11726=CARTESIAN_POINT('',(-1.075E0,8.075E0,-2.E1));
#11727=DIRECTION('',(1.E0,0.E0,0.E0));
#11728=DIRECTION('',(0.E0,1.E0,0.E0));
#11729=AXIS2_PLACEMENT_3D('',#11726,#11727,#11728);
#11730=PLANE('',#11729);
#11732=ORIENTED_EDGE('',*,*,#11731,.T.);
#11734=ORIENTED_EDGE('',*,*,#11733,.T.);
#11735=ORIENTED_EDGE('',*,*,#11632,.F.);
#11736=ORIENTED_EDGE('',*,*,#10697,.F.);
#11738=ORIENTED_EDGE('',*,*,#11737,.T.);
#11739=EDGE_LOOP('',(#11732,#11734,#11735,#11736,#11738));
#11740=FACE_OUTER_BOUND('',#11739,.F.);
#11742=CARTESIAN_POINT('',(-1.175E0,7.955489227044E0,-1.01E1));
#11743=DIRECTION('',(0.E0,1.E0,0.E0));
#11744=DIRECTION('',(0.E0,0.E0,1.E0));
#11745=AXIS2_PLACEMENT_3D('',#11742,#11743,#11744);
#11746=CYLINDRICAL_SURFACE('',#11745,1.E-1);
#11747=ORIENTED_EDGE('',*,*,#11731,.F.);
#11749=ORIENTED_EDGE('',*,*,#11748,.F.);
#11750=ORIENTED_EDGE('',*,*,#11394,.T.);
#11752=ORIENTED_EDGE('',*,*,#11751,.T.);
#11753=EDGE_LOOP('',(#11747,#11749,#11750,#11752));
#11754=FACE_OUTER_BOUND('',#11753,.F.);
#11756=CARTESIAN_POINT('',(-1.75E0,8.075E0,-1.01E1));
#11757=DIRECTION('',(0.E0,0.E0,1.E0));
#11758=DIRECTION('',(-9.843670204664E-1,1.761294098616E-1,0.E0));
#11759=AXIS2_PLACEMENT_3D('',#11756,#11757,#11758);
#11760=TOROIDAL_SURFACE('',#11759,5.75E-1,1.E-1);
#11761=ORIENTED_EDGE('',*,*,#11396,.T.);
#11762=ORIENTED_EDGE('',*,*,#11748,.T.);
#11764=ORIENTED_EDGE('',*,*,#11763,.F.);
#11766=ORIENTED_EDGE('',*,*,#11765,.F.);
#11767=EDGE_LOOP('',(#11761,#11762,#11764,#11766));
#11768=FACE_OUTER_BOUND('',#11767,.F.);
#11770=CARTESIAN_POINT('',(-1.75E0,8.075E0,-2.E1));
#11771=DIRECTION('',(0.E0,0.E0,1.E0));
#11772=DIRECTION('',(1.E0,0.E0,0.E0));
#11773=AXIS2_PLACEMENT_3D('',#11770,#11771,#11772);
#11774=CYLINDRICAL_SURFACE('',#11773,6.75E-1);
#11775=ORIENTED_EDGE('',*,*,#11763,.T.);
#11776=ORIENTED_EDGE('',*,*,#11737,.F.);
#11777=ORIENTED_EDGE('',*,*,#10695,.F.);
#11779=ORIENTED_EDGE('',*,*,#11778,.T.);
#11780=EDGE_LOOP('',(#11775,#11776,#11777,#11779));
#11781=FACE_OUTER_BOUND('',#11780,.F.);
#11783=CARTESIAN_POINT('',(-2.425E0,1.03E1,-2.E1));
#11784=DIRECTION('',(-1.E0,0.E0,0.E0));
#11785=DIRECTION('',(0.E0,-1.E0,0.E0));
#11786=AXIS2_PLACEMENT_3D('',#11783,#11784,#11785);
#11787=PLANE('',#11786);
#11789=ORIENTED_EDGE('',*,*,#11788,.T.);
#11790=ORIENTED_EDGE('',*,*,#11778,.F.);
#11791=ORIENTED_EDGE('',*,*,#10693,.F.);
#11792=ORIENTED_EDGE('',*,*,#11640,.T.);
#11794=ORIENTED_EDGE('',*,*,#11793,.F.);
#11795=EDGE_LOOP('',(#11789,#11790,#11791,#11792,#11794));
#11796=FACE_OUTER_BOUND('',#11795,.F.);
#11798=CARTESIAN_POINT('',(-2.325E0,5.789556E1,-1.01E1));
#11799=DIRECTION('',(0.E0,-1.E0,0.E0));
#11800=DIRECTION('',(0.E0,0.E0,1.E0));
#11801=AXIS2_PLACEMENT_3D('',#11798,#11799,#11800);
#11802=CYLINDRICAL_SURFACE('',#11801,1.E-1);
#11803=ORIENTED_EDGE('',*,*,#11398,.T.);
#11804=ORIENTED_EDGE('',*,*,#11765,.T.);
#11805=ORIENTED_EDGE('',*,*,#11788,.F.);
#11807=ORIENTED_EDGE('',*,*,#11806,.T.);
#11808=EDGE_LOOP('',(#11803,#11804,#11805,#11807));
#11809=FACE_OUTER_BOUND('',#11808,.F.);
#11811=CARTESIAN_POINT('',(-2.325E0,1.02E1,-9.9E0));
#11812=DIRECTION('',(-1.E0,0.E0,0.E0));
#11813=DIRECTION('',(1.554312234475E-14,-7.564028598729E-1,-6.541060415376E-1));
#11814=AXIS2_PLACEMENT_3D('',#11811,#11812,#11813);
#11815=TOROIDAL_SURFACE('',#11814,2.E-1,1.E-1);
#11816=ORIENTED_EDGE('',*,*,#11793,.T.);
#11817=ORIENTED_EDGE('',*,*,#11638,.F.);
#11819=ORIENTED_EDGE('',*,*,#11818,.F.);
#11820=ORIENTED_EDGE('',*,*,#11806,.F.);
#11821=EDGE_LOOP('',(#11816,#11817,#11819,#11820));
#11822=FACE_OUTER_BOUND('',#11821,.F.);
#11824=CARTESIAN_POINT('',(9.149380753989E1,1.02E1,-9.9E0));
#11825=DIRECTION('',(-1.E0,0.E0,0.E0));
#11826=DIRECTION('',(0.E0,1.E0,0.E0));
#11827=AXIS2_PLACEMENT_3D('',#11824,#11825,#11826);
#11828=CYLINDRICAL_SURFACE('',#11827,1.E-1);
#11829=ORIENTED_EDGE('',*,*,#11636,.T.);
#11831=ORIENTED_EDGE('',*,*,#11830,.T.);
#11832=ORIENTED_EDGE('',*,*,#11392,.T.);
#11833=ORIENTED_EDGE('',*,*,#11818,.T.);
#11834=EDGE_LOOP('',(#11829,#11831,#11832,#11833));
#11835=FACE_OUTER_BOUND('',#11834,.F.);
#11837=CARTESIAN_POINT('',(-1.175E0,1.02E1,-9.9E0));
#11838=DIRECTION('',(-1.E0,0.E0,0.E0));
#11839=DIRECTION('',(-1.443289932013E-14,-5.485369585398E-1,
-8.361263093074E-1));
#11840=AXIS2_PLACEMENT_3D('',#11837,#11838,#11839);
#11841=TOROIDAL_SURFACE('',#11840,2.E-1,1.E-1);
#11842=ORIENTED_EDGE('',*,*,#11733,.F.);
#11843=ORIENTED_EDGE('',*,*,#11751,.F.);
#11844=ORIENTED_EDGE('',*,*,#11830,.F.);
#11845=ORIENTED_EDGE('',*,*,#11634,.F.);
#11846=EDGE_LOOP('',(#11842,#11843,#11844,#11845));
#11847=FACE_OUTER_BOUND('',#11846,.F.);
#11849=CARTESIAN_POINT('',(-4.75E0,9.1E0,-2.E1));
#11850=DIRECTION('',(1.E0,0.E0,0.E0));
#11851=DIRECTION('',(0.E0,1.E0,0.E0));
#11852=AXIS2_PLACEMENT_3D('',#11849,#11850,#11851);
#11853=PLANE('',#11852);
#11855=ORIENTED_EDGE('',*,*,#11854,.T.);
#11857=ORIENTED_EDGE('',*,*,#11856,.T.);
#11858=ORIENTED_EDGE('',*,*,#11643,.F.);
#11859=ORIENTED_EDGE('',*,*,#10689,.F.);
#11861=ORIENTED_EDGE('',*,*,#11860,.T.);
#11862=EDGE_LOOP('',(#11855,#11857,#11858,#11859,#11861));
#11863=FACE_OUTER_BOUND('',#11862,.F.);
#11865=CARTESIAN_POINT('',(-4.85E0,8.981892156510E0,-1.01E1));
#11866=DIRECTION('',(0.E0,1.E0,0.E0));
#11867=DIRECTION('',(0.E0,0.E0,1.E0));
#11868=AXIS2_PLACEMENT_3D('',#11865,#11866,#11867);
#11869=CYLINDRICAL_SURFACE('',#11868,1.E-1);
#11870=ORIENTED_EDGE('',*,*,#11854,.F.);
#11872=ORIENTED_EDGE('',*,*,#11871,.F.);
#11874=ORIENTED_EDGE('',*,*,#11873,.T.);
#11876=ORIENTED_EDGE('',*,*,#11875,.T.);
#11877=EDGE_LOOP('',(#11870,#11872,#11874,#11876));
#11878=FACE_OUTER_BOUND('',#11877,.F.);
#11880=CARTESIAN_POINT('',(-5.25E0,9.1E0,-1.01E1));
#11881=DIRECTION('',(0.E0,0.E0,1.E0));
#11882=DIRECTION('',(-9.722305585795E-1,2.340250861855E-1,0.E0));
#11883=AXIS2_PLACEMENT_3D('',#11880,#11881,#11882);
#11884=TOROIDAL_SURFACE('',#11883,4.E-1,1.E-1);
#11886=ORIENTED_EDGE('',*,*,#11885,.T.);
#11887=ORIENTED_EDGE('',*,*,#11871,.T.);
#11889=ORIENTED_EDGE('',*,*,#11888,.F.);
#11891=ORIENTED_EDGE('',*,*,#11890,.F.);
#11892=EDGE_LOOP('',(#11886,#11887,#11889,#11891));
#11893=FACE_OUTER_BOUND('',#11892,.F.);
#11895=CARTESIAN_POINT('',(-1.75E1,0.E0,-1.E1));
#11896=DIRECTION('',(0.E0,0.E0,1.E0));
#11897=DIRECTION('',(1.E0,0.E0,0.E0));
#11898=AXIS2_PLACEMENT_3D('',#11895,#11896,#11897);
#11899=PLANE('',#11898);
#11901=ORIENTED_EDGE('',*,*,#11900,.F.);
#11903=ORIENTED_EDGE('',*,*,#11902,.F.);
#11904=ORIENTED_EDGE('',*,*,#11873,.F.);
#11905=ORIENTED_EDGE('',*,*,#11885,.F.);
#11906=EDGE_LOOP('',(#11901,#11903,#11904,#11905));
#11907=FACE_OUTER_BOUND('',#11906,.F.);
#11909=CARTESIAN_POINT('',(-1.75E1,0.E0,-1.E1));
#11910=DIRECTION('',(0.E0,0.E0,1.E0));
#11911=DIRECTION('',(1.E0,0.E0,0.E0));
#11912=AXIS2_PLACEMENT_3D('',#11909,#11910,#11911);
#11913=PLANE('',#11912);
#11915=ORIENTED_EDGE('',*,*,#11914,.F.);
#11917=ORIENTED_EDGE('',*,*,#11916,.F.);
#11919=ORIENTED_EDGE('',*,*,#11918,.F.);
#11921=ORIENTED_EDGE('',*,*,#11920,.F.);
#11922=EDGE_LOOP('',(#11915,#11917,#11919,#11921));
#11923=FACE_OUTER_BOUND('',#11922,.F.);
#11925=CARTESIAN_POINT('',(-5.65E0,5.789556E1,-1.01E1));
#11926=DIRECTION('',(0.E0,-1.E0,0.E0));
#11927=DIRECTION('',(0.E0,0.E0,1.E0));
#11928=AXIS2_PLACEMENT_3D('',#11925,#11926,#11927);
#11929=CYLINDRICAL_SURFACE('',#11928,1.E-1);
#11930=ORIENTED_EDGE('',*,*,#11900,.T.);
#11931=ORIENTED_EDGE('',*,*,#11890,.T.);
#11933=ORIENTED_EDGE('',*,*,#11932,.F.);
#11935=ORIENTED_EDGE('',*,*,#11934,.T.);
#11936=EDGE_LOOP('',(#11930,#11931,#11933,#11935));
#11937=FACE_OUTER_BOUND('',#11936,.F.);
#11939=CARTESIAN_POINT('',(-5.75E0,1.03E1,-2.E1));
#11940=DIRECTION('',(-1.E0,0.E0,0.E0));
#11941=DIRECTION('',(0.E0,-1.E0,0.E0));
#11942=AXIS2_PLACEMENT_3D('',#11939,#11940,#11941);
#11943=PLANE('',#11942);
#11944=ORIENTED_EDGE('',*,*,#11932,.T.);
#11946=ORIENTED_EDGE('',*,*,#11945,.F.);
#11947=ORIENTED_EDGE('',*,*,#10685,.F.);
#11948=ORIENTED_EDGE('',*,*,#11651,.T.);
#11950=ORIENTED_EDGE('',*,*,#11949,.F.);
#11951=EDGE_LOOP('',(#11944,#11946,#11947,#11948,#11950));
#11952=FACE_OUTER_BOUND('',#11951,.F.);
#11954=CARTESIAN_POINT('',(-5.25E0,9.1E0,-2.E1));
#11955=DIRECTION('',(0.E0,0.E0,1.E0));
#11956=DIRECTION('',(1.E0,0.E0,0.E0));
#11957=AXIS2_PLACEMENT_3D('',#11954,#11955,#11956);
#11958=CYLINDRICAL_SURFACE('',#11957,5.E-1);
#11959=ORIENTED_EDGE('',*,*,#11888,.T.);
#11960=ORIENTED_EDGE('',*,*,#11860,.F.);
#11961=ORIENTED_EDGE('',*,*,#10687,.F.);
#11962=ORIENTED_EDGE('',*,*,#11945,.T.);
#11963=EDGE_LOOP('',(#11959,#11960,#11961,#11962));
#11964=FACE_OUTER_BOUND('',#11963,.F.);
#11966=CARTESIAN_POINT('',(-5.65E0,1.02E1,-9.9E0));
#11967=DIRECTION('',(-1.E0,0.E0,0.E0));
#11968=DIRECTION('',(2.664535259100E-14,-7.564028598729E-1,-6.541060415376E-1));
#11969=AXIS2_PLACEMENT_3D('',#11966,#11967,#11968);
#11970=TOROIDAL_SURFACE('',#11969,2.E-1,1.E-1);
#11971=ORIENTED_EDGE('',*,*,#11949,.T.);
#11972=ORIENTED_EDGE('',*,*,#11649,.F.);
#11974=ORIENTED_EDGE('',*,*,#11973,.F.);
#11975=ORIENTED_EDGE('',*,*,#11934,.F.);
#11976=EDGE_LOOP('',(#11971,#11972,#11974,#11975));
#11977=FACE_OUTER_BOUND('',#11976,.F.);
#11979=CARTESIAN_POINT('',(8.731916536134E1,1.02E1,-9.9E0));
#11980=DIRECTION('',(-1.E0,0.E0,0.E0));
#11981=DIRECTION('',(0.E0,1.E0,0.E0));
#11982=AXIS2_PLACEMENT_3D('',#11979,#11980,#11981);
#11983=CYLINDRICAL_SURFACE('',#11982,1.E-1);
#11984=ORIENTED_EDGE('',*,*,#11647,.F.);
#11986=ORIENTED_EDGE('',*,*,#11985,.T.);
#11987=ORIENTED_EDGE('',*,*,#11902,.T.);
#11988=ORIENTED_EDGE('',*,*,#11973,.T.);
#11989=EDGE_LOOP('',(#11984,#11986,#11987,#11988));
#11990=FACE_OUTER_BOUND('',#11989,.F.);
#11992=CARTESIAN_POINT('',(-4.85E0,1.02E1,-9.9E0));
#11993=DIRECTION('',(-1.E0,0.E0,0.E0));
#11994=DIRECTION('',(-2.664535259100E-14,-5.485369585398E-1,
-8.361263093074E-1));
#11995=AXIS2_PLACEMENT_3D('',#11992,#11993,#11994);
#11996=TOROIDAL_SURFACE('',#11995,2.E-1,1.E-1);
#11997=ORIENTED_EDGE('',*,*,#11856,.F.);
#11998=ORIENTED_EDGE('',*,*,#11875,.F.);
#11999=ORIENTED_EDGE('',*,*,#11985,.F.);
#12000=ORIENTED_EDGE('',*,*,#11645,.F.);
#12001=EDGE_LOOP('',(#11997,#11998,#11999,#12000));
#12002=FACE_OUTER_BOUND('',#12001,.F.);
#12004=CARTESIAN_POINT('',(-4.85E0,-5.789556E1,-1.01E1));
#12005=DIRECTION('',(0.E0,1.E0,0.E0));
#12006=DIRECTION('',(0.E0,0.E0,1.E0));
#12007=AXIS2_PLACEMENT_3D('',#12004,#12005,#12006);
#12008=CYLINDRICAL_SURFACE('',#12007,1.E-1);
#12009=ORIENTED_EDGE('',*,*,#11914,.T.);
#12011=ORIENTED_EDGE('',*,*,#12010,.T.);
#12013=ORIENTED_EDGE('',*,*,#12012,.F.);
#12015=ORIENTED_EDGE('',*,*,#12014,.T.);
#12016=EDGE_LOOP('',(#12009,#12011,#12013,#12015));
#12017=FACE_OUTER_BOUND('',#12016,.F.);
#12019=CARTESIAN_POINT('',(-5.25E0,-9.1E0,-1.01E1));
#12020=DIRECTION('',(0.E0,0.E0,1.E0));
#12021=DIRECTION('',(9.722305585795E-1,-2.340250861855E-1,0.E0));
#12022=AXIS2_PLACEMENT_3D('',#12019,#12020,#12021);
#12023=TOROIDAL_SURFACE('',#12022,4.E-1,1.E-1);
#12024=ORIENTED_EDGE('',*,*,#11920,.T.);
#12026=ORIENTED_EDGE('',*,*,#12025,.T.);
#12028=ORIENTED_EDGE('',*,*,#12027,.F.);
#12029=ORIENTED_EDGE('',*,*,#12010,.F.);
#12030=EDGE_LOOP('',(#12024,#12026,#12028,#12029));
#12031=FACE_OUTER_BOUND('',#12030,.F.);
#12033=CARTESIAN_POINT('',(-5.65E0,-8.981892156510E0,-1.01E1));
#12034=DIRECTION('',(0.E0,-1.E0,0.E0));
#12035=DIRECTION('',(0.E0,0.E0,1.E0));
#12036=AXIS2_PLACEMENT_3D('',#12033,#12034,#12035);
#12037=CYLINDRICAL_SURFACE('',#12036,1.E-1);
#12039=ORIENTED_EDGE('',*,*,#12038,.F.);
#12040=ORIENTED_EDGE('',*,*,#12025,.F.);
#12041=ORIENTED_EDGE('',*,*,#11918,.T.);
#12043=ORIENTED_EDGE('',*,*,#12042,.T.);
#12044=EDGE_LOOP('',(#12039,#12040,#12041,#12043));
#12045=FACE_OUTER_BOUND('',#12044,.F.);
#12047=CARTESIAN_POINT('',(-5.75E0,-9.1E0,-2.E1));
#12048=DIRECTION('',(-1.E0,0.E0,0.E0));
#12049=DIRECTION('',(0.E0,-1.E0,0.E0));
#12050=AXIS2_PLACEMENT_3D('',#12047,#12048,#12049);
#12051=PLANE('',#12050);
#12052=ORIENTED_EDGE('',*,*,#12038,.T.);
#12054=ORIENTED_EDGE('',*,*,#12053,.T.);
#12055=ORIENTED_EDGE('',*,*,#11273,.F.);
#12056=ORIENTED_EDGE('',*,*,#10625,.F.);
#12058=ORIENTED_EDGE('',*,*,#12057,.T.);
#12059=EDGE_LOOP('',(#12052,#12054,#12055,#12056,#12058));
#12060=FACE_OUTER_BOUND('',#12059,.F.);
#12062=CARTESIAN_POINT('',(-5.65E0,-1.02E1,-9.9E0));
#12063=DIRECTION('',(1.E0,0.E0,0.E0));
#12064=DIRECTION('',(2.664535259100E-14,5.485369585398E-1,-8.361263093074E-1));
#12065=AXIS2_PLACEMENT_3D('',#12062,#12063,#12064);
#12066=TOROIDAL_SURFACE('',#12065,2.E-1,1.E-1);
#12067=ORIENTED_EDGE('',*,*,#12053,.F.);
#12068=ORIENTED_EDGE('',*,*,#12042,.F.);
#12070=ORIENTED_EDGE('',*,*,#12069,.F.);
#12071=ORIENTED_EDGE('',*,*,#11275,.F.);
#12072=EDGE_LOOP('',(#12067,#12068,#12070,#12071));
#12073=FACE_OUTER_BOUND('',#12072,.F.);
#12075=CARTESIAN_POINT('',(-9.770985608329E1,-1.02E1,-9.9E0));
#12076=DIRECTION('',(1.E0,0.E0,0.E0));
#12077=DIRECTION('',(0.E0,-1.E0,0.E0));
#12078=AXIS2_PLACEMENT_3D('',#12075,#12076,#12077);
#12079=CYLINDRICAL_SURFACE('',#12078,1.E-1);
#12080=ORIENTED_EDGE('',*,*,#11277,.F.);
#12081=ORIENTED_EDGE('',*,*,#12069,.T.);
#12082=ORIENTED_EDGE('',*,*,#11916,.T.);
#12084=ORIENTED_EDGE('',*,*,#12083,.T.);
#12085=EDGE_LOOP('',(#12080,#12081,#12082,#12084));
#12086=FACE_OUTER_BOUND('',#12085,.F.);
#12088=CARTESIAN_POINT('',(-4.85E0,-1.02E1,-9.9E0));
#12089=DIRECTION('',(1.E0,0.E0,0.E0));
#12090=DIRECTION('',(-2.664535259100E-14,7.564028598729E-1,-6.541060415376E-1));
#12091=AXIS2_PLACEMENT_3D('',#12088,#12089,#12090);
#12092=TOROIDAL_SURFACE('',#12091,2.E-1,1.E-1);
#12094=ORIENTED_EDGE('',*,*,#12093,.T.);
#12095=ORIENTED_EDGE('',*,*,#11279,.F.);
#12096=ORIENTED_EDGE('',*,*,#12083,.F.);
#12097=ORIENTED_EDGE('',*,*,#12014,.F.);
#12098=EDGE_LOOP('',(#12094,#12095,#12096,#12097));
#12099=FACE_OUTER_BOUND('',#12098,.F.);
#12101=CARTESIAN_POINT('',(-4.75E0,-1.03E1,-2.E1));
#12102=DIRECTION('',(1.E0,0.E0,0.E0));
#12103=DIRECTION('',(0.E0,1.E0,0.E0));
#12104=AXIS2_PLACEMENT_3D('',#12101,#12102,#12103);
#12105=PLANE('',#12104);
#12106=ORIENTED_EDGE('',*,*,#12012,.T.);
#12108=ORIENTED_EDGE('',*,*,#12107,.F.);
#12109=ORIENTED_EDGE('',*,*,#10621,.F.);
#12110=ORIENTED_EDGE('',*,*,#11281,.T.);
#12111=ORIENTED_EDGE('',*,*,#12093,.F.);
#12112=EDGE_LOOP('',(#12106,#12108,#12109,#12110,#12111));
#12113=FACE_OUTER_BOUND('',#12112,.F.);
#12115=CARTESIAN_POINT('',(-5.25E0,-9.1E0,-2.E1));
#12116=DIRECTION('',(0.E0,0.E0,1.E0));
#12117=DIRECTION('',(1.E0,0.E0,0.E0));
#12118=AXIS2_PLACEMENT_3D('',#12115,#12116,#12117);
#12119=CYLINDRICAL_SURFACE('',#12118,5.E-1);
#12120=ORIENTED_EDGE('',*,*,#12027,.T.);
#12121=ORIENTED_EDGE('',*,*,#12057,.F.);
#12122=ORIENTED_EDGE('',*,*,#10623,.F.);
#12123=ORIENTED_EDGE('',*,*,#12107,.T.);
#12124=EDGE_LOOP('',(#12120,#12121,#12122,#12123));
#12125=FACE_OUTER_BOUND('',#12124,.F.);
#12127=CARTESIAN_POINT('',(-8.25E0,9.1E0,-2.E1));
#12128=DIRECTION('',(1.E0,0.E0,0.E0));
#12129=DIRECTION('',(0.E0,1.E0,0.E0));
#12130=AXIS2_PLACEMENT_3D('',#12127,#12128,#12129);
#12131=PLANE('',#12130);
#12133=ORIENTED_EDGE('',*,*,#12132,.T.);
#12135=ORIENTED_EDGE('',*,*,#12134,.T.);
#12136=ORIENTED_EDGE('',*,*,#11654,.F.);
#12137=ORIENTED_EDGE('',*,*,#10681,.F.);
#12139=ORIENTED_EDGE('',*,*,#12138,.T.);
#12140=EDGE_LOOP('',(#12133,#12135,#12136,#12137,#12139));
#12141=FACE_OUTER_BOUND('',#12140,.F.);
#12143=CARTESIAN_POINT('',(-8.35E0,8.981892156510E0,-1.01E1));
#12144=DIRECTION('',(0.E0,1.E0,0.E0));
#12145=DIRECTION('',(0.E0,0.E0,1.E0));
#12146=AXIS2_PLACEMENT_3D('',#12143,#12144,#12145);
#12147=CYLINDRICAL_SURFACE('',#12146,1.E-1);
#12148=ORIENTED_EDGE('',*,*,#12132,.F.);
#12150=ORIENTED_EDGE('',*,*,#12149,.F.);
#12152=ORIENTED_EDGE('',*,*,#12151,.T.);
#12154=ORIENTED_EDGE('',*,*,#12153,.T.);
#12155=EDGE_LOOP('',(#12148,#12150,#12152,#12154));
#12156=FACE_OUTER_BOUND('',#12155,.F.);
#12158=CARTESIAN_POINT('',(-8.75E0,9.1E0,-1.01E1));
#12159=DIRECTION('',(0.E0,0.E0,1.E0));
#12160=DIRECTION('',(-9.722305585795E-1,2.340250861855E-1,0.E0));
#12161=AXIS2_PLACEMENT_3D('',#12158,#12159,#12160);
#12162=TOROIDAL_SURFACE('',#12161,4.E-1,1.E-1);
#12164=ORIENTED_EDGE('',*,*,#12163,.T.);
#12165=ORIENTED_EDGE('',*,*,#12149,.T.);
#12167=ORIENTED_EDGE('',*,*,#12166,.F.);
#12169=ORIENTED_EDGE('',*,*,#12168,.F.);
#12170=EDGE_LOOP('',(#12164,#12165,#12167,#12169));
#12171=FACE_OUTER_BOUND('',#12170,.F.);
#12173=CARTESIAN_POINT('',(-2.1E1,0.E0,-1.E1));
#12174=DIRECTION('',(0.E0,0.E0,1.E0));
#12175=DIRECTION('',(1.E0,0.E0,0.E0));
#12176=AXIS2_PLACEMENT_3D('',#12173,#12174,#12175);
#12177=PLANE('',#12176);
#12179=ORIENTED_EDGE('',*,*,#12178,.F.);
#12181=ORIENTED_EDGE('',*,*,#12180,.F.);
#12182=ORIENTED_EDGE('',*,*,#12151,.F.);
#12183=ORIENTED_EDGE('',*,*,#12163,.F.);
#12184=EDGE_LOOP('',(#12179,#12181,#12182,#12183));
#12185=FACE_OUTER_BOUND('',#12184,.F.);
#12187=CARTESIAN_POINT('',(-2.1E1,0.E0,-1.E1));
#12188=DIRECTION('',(0.E0,0.E0,1.E0));
#12189=DIRECTION('',(1.E0,0.E0,0.E0));
#12190=AXIS2_PLACEMENT_3D('',#12187,#12188,#12189);
#12191=PLANE('',#12190);
#12193=ORIENTED_EDGE('',*,*,#12192,.F.);
#12195=ORIENTED_EDGE('',*,*,#12194,.F.);
#12197=ORIENTED_EDGE('',*,*,#12196,.F.);
#12199=ORIENTED_EDGE('',*,*,#12198,.F.);
#12200=EDGE_LOOP('',(#12193,#12195,#12197,#12199));
#12201=FACE_OUTER_BOUND('',#12200,.F.);
#12203=CARTESIAN_POINT('',(-9.15E0,5.789556E1,-1.01E1));
#12204=DIRECTION('',(0.E0,-1.E0,0.E0));
#12205=DIRECTION('',(0.E0,0.E0,1.E0));
#12206=AXIS2_PLACEMENT_3D('',#12203,#12204,#12205);
#12207=CYLINDRICAL_SURFACE('',#12206,1.E-1);
#12208=ORIENTED_EDGE('',*,*,#12178,.T.);
#12209=ORIENTED_EDGE('',*,*,#12168,.T.);
#12211=ORIENTED_EDGE('',*,*,#12210,.F.);
#12213=ORIENTED_EDGE('',*,*,#12212,.T.);
#12214=EDGE_LOOP('',(#12208,#12209,#12211,#12213));
#12215=FACE_OUTER_BOUND('',#12214,.F.);
#12217=CARTESIAN_POINT('',(-9.25E0,1.03E1,-2.E1));
#12218=DIRECTION('',(-1.E0,0.E0,0.E0));
#12219=DIRECTION('',(0.E0,-1.E0,0.E0));
#12220=AXIS2_PLACEMENT_3D('',#12217,#12218,#12219);
#12221=PLANE('',#12220);
#12222=ORIENTED_EDGE('',*,*,#12210,.T.);
#12224=ORIENTED_EDGE('',*,*,#12223,.F.);
#12225=ORIENTED_EDGE('',*,*,#10677,.F.);
#12226=ORIENTED_EDGE('',*,*,#11662,.T.);
#12228=ORIENTED_EDGE('',*,*,#12227,.F.);
#12229=EDGE_LOOP('',(#12222,#12224,#12225,#12226,#12228));
#12230=FACE_OUTER_BOUND('',#12229,.F.);
#12232=CARTESIAN_POINT('',(-8.75E0,9.1E0,-2.E1));
#12233=DIRECTION('',(0.E0,0.E0,1.E0));
#12234=DIRECTION('',(1.E0,0.E0,0.E0));
#12235=AXIS2_PLACEMENT_3D('',#12232,#12233,#12234);
#12236=CYLINDRICAL_SURFACE('',#12235,5.E-1);
#12237=ORIENTED_EDGE('',*,*,#12166,.T.);
#12238=ORIENTED_EDGE('',*,*,#12138,.F.);
#12239=ORIENTED_EDGE('',*,*,#10679,.F.);
#12240=ORIENTED_EDGE('',*,*,#12223,.T.);
#12241=EDGE_LOOP('',(#12237,#12238,#12239,#12240));
#12242=FACE_OUTER_BOUND('',#12241,.F.);
#12244=CARTESIAN_POINT('',(-9.15E0,1.02E1,-9.9E0));
#12245=DIRECTION('',(-1.E0,0.E0,0.E0));
#12246=DIRECTION('',(2.664535259100E-14,-7.564028598729E-1,-6.541060415376E-1));
#12247=AXIS2_PLACEMENT_3D('',#12244,#12245,#12246);
#12248=TOROIDAL_SURFACE('',#12247,2.E-1,1.E-1);
#12249=ORIENTED_EDGE('',*,*,#12227,.T.);
#12250=ORIENTED_EDGE('',*,*,#11660,.F.);
#12252=ORIENTED_EDGE('',*,*,#12251,.F.);
#12253=ORIENTED_EDGE('',*,*,#12212,.F.);
#12254=EDGE_LOOP('',(#12249,#12250,#12252,#12253));
#12255=FACE_OUTER_BOUND('',#12254,.F.);
#12257=CARTESIAN_POINT('',(8.944858905433E1,1.02E1,-9.9E0));
#12258=DIRECTION('',(-1.E0,0.E0,0.E0));
#12259=DIRECTION('',(0.E0,1.E0,0.E0));
#12260=AXIS2_PLACEMENT_3D('',#12257,#12258,#12259);
#12261=CYLINDRICAL_SURFACE('',#12260,1.E-1);
#12262=ORIENTED_EDGE('',*,*,#11658,.F.);
#12264=ORIENTED_EDGE('',*,*,#12263,.T.);
#12265=ORIENTED_EDGE('',*,*,#12180,.T.);
#12266=ORIENTED_EDGE('',*,*,#12251,.T.);
#12267=EDGE_LOOP('',(#12262,#12264,#12265,#12266));
#12268=FACE_OUTER_BOUND('',#12267,.F.);
#12270=CARTESIAN_POINT('',(-8.35E0,1.02E1,-9.9E0));
#12271=DIRECTION('',(-1.E0,0.E0,0.E0));
#12272=DIRECTION('',(-2.664535259100E-14,-5.485369585398E-1,
-8.361263093074E-1));
#12273=AXIS2_PLACEMENT_3D('',#12270,#12271,#12272);
#12274=TOROIDAL_SURFACE('',#12273,2.E-1,1.E-1);
#12275=ORIENTED_EDGE('',*,*,#12134,.F.);
#12276=ORIENTED_EDGE('',*,*,#12153,.F.);
#12277=ORIENTED_EDGE('',*,*,#12263,.F.);
#12278=ORIENTED_EDGE('',*,*,#11656,.F.);
#12279=EDGE_LOOP('',(#12275,#12276,#12277,#12278));
#12280=FACE_OUTER_BOUND('',#12279,.F.);
#12282=CARTESIAN_POINT('',(-8.35E0,-5.789556E1,-1.01E1));
#12283=DIRECTION('',(0.E0,1.E0,0.E0));
#12284=DIRECTION('',(0.E0,0.E0,1.E0));
#12285=AXIS2_PLACEMENT_3D('',#12282,#12283,#12284);
#12286=CYLINDRICAL_SURFACE('',#12285,1.E-1);
#12287=ORIENTED_EDGE('',*,*,#12192,.T.);
#12289=ORIENTED_EDGE('',*,*,#12288,.T.);
#12291=ORIENTED_EDGE('',*,*,#12290,.F.);
#12293=ORIENTED_EDGE('',*,*,#12292,.T.);
#12294=EDGE_LOOP('',(#12287,#12289,#12291,#12293));
#12295=FACE_OUTER_BOUND('',#12294,.F.);
#12297=CARTESIAN_POINT('',(-8.75E0,-9.1E0,-1.01E1));
#12298=DIRECTION('',(0.E0,0.E0,1.E0));
#12299=DIRECTION('',(9.722305585795E-1,-2.340250861855E-1,0.E0));
#12300=AXIS2_PLACEMENT_3D('',#12297,#12298,#12299);
#12301=TOROIDAL_SURFACE('',#12300,4.E-1,1.E-1);
#12302=ORIENTED_EDGE('',*,*,#12198,.T.);
#12304=ORIENTED_EDGE('',*,*,#12303,.T.);
#12306=ORIENTED_EDGE('',*,*,#12305,.F.);
#12307=ORIENTED_EDGE('',*,*,#12288,.F.);
#12308=EDGE_LOOP('',(#12302,#12304,#12306,#12307));
#12309=FACE_OUTER_BOUND('',#12308,.F.);
#12311=CARTESIAN_POINT('',(-9.15E0,-8.981892156510E0,-1.01E1));
#12312=DIRECTION('',(0.E0,-1.E0,0.E0));
#12313=DIRECTION('',(0.E0,0.E0,1.E0));
#12314=AXIS2_PLACEMENT_3D('',#12311,#12312,#12313);
#12315=CYLINDRICAL_SURFACE('',#12314,1.E-1);
#12317=ORIENTED_EDGE('',*,*,#12316,.F.);
#12318=ORIENTED_EDGE('',*,*,#12303,.F.);
#12319=ORIENTED_EDGE('',*,*,#12196,.T.);
#12321=ORIENTED_EDGE('',*,*,#12320,.T.);
#12322=EDGE_LOOP('',(#12317,#12318,#12319,#12321));
#12323=FACE_OUTER_BOUND('',#12322,.F.);
#12325=CARTESIAN_POINT('',(-9.25E0,-9.1E0,-2.E1));
#12326=DIRECTION('',(-1.E0,0.E0,0.E0));
#12327=DIRECTION('',(0.E0,-1.E0,0.E0));
#12328=AXIS2_PLACEMENT_3D('',#12325,#12326,#12327);
#12329=PLANE('',#12328);
#12330=ORIENTED_EDGE('',*,*,#12316,.T.);
#12332=ORIENTED_EDGE('',*,*,#12331,.T.);
#12333=ORIENTED_EDGE('',*,*,#11262,.F.);
#12334=ORIENTED_EDGE('',*,*,#10633,.F.);
#12336=ORIENTED_EDGE('',*,*,#12335,.T.);
#12337=EDGE_LOOP('',(#12330,#12332,#12333,#12334,#12336));
#12338=FACE_OUTER_BOUND('',#12337,.F.);
#12340=CARTESIAN_POINT('',(-9.15E0,-1.02E1,-9.9E0));
#12341=DIRECTION('',(1.E0,0.E0,0.E0));
#12342=DIRECTION('',(2.664535259100E-14,5.485369585398E-1,-8.361263093074E-1));
#12343=AXIS2_PLACEMENT_3D('',#12340,#12341,#12342);
#12344=TOROIDAL_SURFACE('',#12343,2.E-1,1.E-1);
#12345=ORIENTED_EDGE('',*,*,#12331,.F.);
#12346=ORIENTED_EDGE('',*,*,#12320,.F.);
#12348=ORIENTED_EDGE('',*,*,#12347,.F.);
#12349=ORIENTED_EDGE('',*,*,#11264,.F.);
#12350=EDGE_LOOP('',(#12345,#12346,#12348,#12349));
#12351=FACE_OUTER_BOUND('',#12350,.F.);
#12353=CARTESIAN_POINT('',(-1.068356520058E2,-1.02E1,-9.9E0));
#12354=DIRECTION('',(1.E0,0.E0,0.E0));
#12355=DIRECTION('',(0.E0,-1.E0,0.E0));
#12356=AXIS2_PLACEMENT_3D('',#12353,#12354,#12355);
#12357=CYLINDRICAL_SURFACE('',#12356,1.E-1);
#12358=ORIENTED_EDGE('',*,*,#11266,.F.);
#12359=ORIENTED_EDGE('',*,*,#12347,.T.);
#12360=ORIENTED_EDGE('',*,*,#12194,.T.);
#12362=ORIENTED_EDGE('',*,*,#12361,.T.);
#12363=EDGE_LOOP('',(#12358,#12359,#12360,#12362));
#12364=FACE_OUTER_BOUND('',#12363,.F.);
#12366=CARTESIAN_POINT('',(-8.35E0,-1.02E1,-9.9E0));
#12367=DIRECTION('',(1.E0,0.E0,0.E0));
#12368=DIRECTION('',(-2.664535259100E-14,7.564028598729E-1,-6.541060415376E-1));
#12369=AXIS2_PLACEMENT_3D('',#12366,#12367,#12368);
#12370=TOROIDAL_SURFACE('',#12369,2.E-1,1.E-1);
#12372=ORIENTED_EDGE('',*,*,#12371,.T.);
#12373=ORIENTED_EDGE('',*,*,#11268,.F.);
#12374=ORIENTED_EDGE('',*,*,#12361,.F.);
#12375=ORIENTED_EDGE('',*,*,#12292,.F.);
#12376=EDGE_LOOP('',(#12372,#12373,#12374,#12375));
#12377=FACE_OUTER_BOUND('',#12376,.F.);
#12379=CARTESIAN_POINT('',(-8.25E0,-1.03E1,-2.E1));
#12380=DIRECTION('',(1.E0,0.E0,0.E0));
#12381=DIRECTION('',(0.E0,1.E0,0.E0));
#12382=AXIS2_PLACEMENT_3D('',#12379,#12380,#12381);
#12383=PLANE('',#12382);
#12384=ORIENTED_EDGE('',*,*,#12290,.T.);
#12386=ORIENTED_EDGE('',*,*,#12385,.F.);
#12387=ORIENTED_EDGE('',*,*,#10629,.F.);
#12388=ORIENTED_EDGE('',*,*,#11270,.T.);
#12389=ORIENTED_EDGE('',*,*,#12371,.F.);
#12390=EDGE_LOOP('',(#12384,#12386,#12387,#12388,#12389));
#12391=FACE_OUTER_BOUND('',#12390,.F.);
#12393=CARTESIAN_POINT('',(-8.75E0,-9.1E0,-2.E1));
#12394=DIRECTION('',(0.E0,0.E0,1.E0));
#12395=DIRECTION('',(1.E0,0.E0,0.E0));
#12396=AXIS2_PLACEMENT_3D('',#12393,#12394,#12395);
#12397=CYLINDRICAL_SURFACE('',#12396,5.E-1);
#12398=ORIENTED_EDGE('',*,*,#12305,.T.);
#12399=ORIENTED_EDGE('',*,*,#12335,.F.);
#12400=ORIENTED_EDGE('',*,*,#10631,.F.);
#12401=ORIENTED_EDGE('',*,*,#12385,.T.);
#12402=EDGE_LOOP('',(#12398,#12399,#12400,#12401));
#12403=FACE_OUTER_BOUND('',#12402,.F.);
#12405=CARTESIAN_POINT('',(-1.175E1,9.1E0,-2.E1));
#12406=DIRECTION('',(1.E0,0.E0,0.E0));
#12407=DIRECTION('',(0.E0,1.E0,0.E0));
#12408=AXIS2_PLACEMENT_3D('',#12405,#12406,#12407);
#12409=PLANE('',#12408);
#12411=ORIENTED_EDGE('',*,*,#12410,.T.);
#12413=ORIENTED_EDGE('',*,*,#12412,.T.);
#12414=ORIENTED_EDGE('',*,*,#11665,.F.);
#12415=ORIENTED_EDGE('',*,*,#10673,.F.);
#12417=ORIENTED_EDGE('',*,*,#12416,.T.);
#12418=EDGE_LOOP('',(#12411,#12413,#12414,#12415,#12417));
#12419=FACE_OUTER_BOUND('',#12418,.F.);
#12421=CARTESIAN_POINT('',(-1.185E1,8.981892156510E0,-1.01E1));
#12422=DIRECTION('',(0.E0,1.E0,0.E0));
#12423=DIRECTION('',(0.E0,0.E0,1.E0));
#12424=AXIS2_PLACEMENT_3D('',#12421,#12422,#12423);
#12425=CYLINDRICAL_SURFACE('',#12424,1.E-1);
#12426=ORIENTED_EDGE('',*,*,#12410,.F.);
#12428=ORIENTED_EDGE('',*,*,#12427,.F.);
#12430=ORIENTED_EDGE('',*,*,#12429,.T.);
#12432=ORIENTED_EDGE('',*,*,#12431,.T.);
#12433=EDGE_LOOP('',(#12426,#12428,#12430,#12432));
#12434=FACE_OUTER_BOUND('',#12433,.F.);
#12436=CARTESIAN_POINT('',(-1.225E1,9.1E0,-1.01E1));
#12437=DIRECTION('',(0.E0,0.E0,1.E0));
#12438=DIRECTION('',(-9.722305585795E-1,2.340250861855E-1,0.E0));
#12439=AXIS2_PLACEMENT_3D('',#12436,#12437,#12438);
#12440=TOROIDAL_SURFACE('',#12439,4.E-1,1.E-1);
#12442=ORIENTED_EDGE('',*,*,#12441,.T.);
#12443=ORIENTED_EDGE('',*,*,#12427,.T.);
#12445=ORIENTED_EDGE('',*,*,#12444,.F.);
#12447=ORIENTED_EDGE('',*,*,#12446,.F.);
#12448=EDGE_LOOP('',(#12442,#12443,#12445,#12447));
#12449=FACE_OUTER_BOUND('',#12448,.F.);
#12451=CARTESIAN_POINT('',(-2.45E1,0.E0,-1.E1));
#12452=DIRECTION('',(0.E0,0.E0,1.E0));
#12453=DIRECTION('',(1.E0,0.E0,0.E0));
#12454=AXIS2_PLACEMENT_3D('',#12451,#12452,#12453);
#12455=PLANE('',#12454);
#12457=ORIENTED_EDGE('',*,*,#12456,.F.);
#12459=ORIENTED_EDGE('',*,*,#12458,.F.);
#12460=ORIENTED_EDGE('',*,*,#12429,.F.);
#12461=ORIENTED_EDGE('',*,*,#12441,.F.);
#12462=EDGE_LOOP('',(#12457,#12459,#12460,#12461));
#12463=FACE_OUTER_BOUND('',#12462,.F.);
#12465=CARTESIAN_POINT('',(-2.45E1,0.E0,-1.E1));
#12466=DIRECTION('',(0.E0,0.E0,1.E0));
#12467=DIRECTION('',(1.E0,0.E0,0.E0));
#12468=AXIS2_PLACEMENT_3D('',#12465,#12466,#12467);
#12469=PLANE('',#12468);
#12471=ORIENTED_EDGE('',*,*,#12470,.F.);
#12473=ORIENTED_EDGE('',*,*,#12472,.F.);
#12475=ORIENTED_EDGE('',*,*,#12474,.F.);
#12477=ORIENTED_EDGE('',*,*,#12476,.F.);
#12478=EDGE_LOOP('',(#12471,#12473,#12475,#12477));
#12479=FACE_OUTER_BOUND('',#12478,.F.);
#12481=CARTESIAN_POINT('',(-1.265E1,5.789556E1,-1.01E1));
#12482=DIRECTION('',(0.E0,-1.E0,0.E0));
#12483=DIRECTION('',(0.E0,0.E0,1.E0));
#12484=AXIS2_PLACEMENT_3D('',#12481,#12482,#12483);
#12485=CYLINDRICAL_SURFACE('',#12484,1.E-1);
#12486=ORIENTED_EDGE('',*,*,#12456,.T.);
#12487=ORIENTED_EDGE('',*,*,#12446,.T.);
#12489=ORIENTED_EDGE('',*,*,#12488,.F.);
#12491=ORIENTED_EDGE('',*,*,#12490,.T.);
#12492=EDGE_LOOP('',(#12486,#12487,#12489,#12491));
#12493=FACE_OUTER_BOUND('',#12492,.F.);
#12495=CARTESIAN_POINT('',(-1.275E1,1.03E1,-2.E1));
#12496=DIRECTION('',(-1.E0,0.E0,0.E0));
#12497=DIRECTION('',(0.E0,-1.E0,0.E0));
#12498=AXIS2_PLACEMENT_3D('',#12495,#12496,#12497);
#12499=PLANE('',#12498);
#12500=ORIENTED_EDGE('',*,*,#12488,.T.);
#12502=ORIENTED_EDGE('',*,*,#12501,.F.);
#12503=ORIENTED_EDGE('',*,*,#10669,.F.);
#12504=ORIENTED_EDGE('',*,*,#11673,.T.);
#12506=ORIENTED_EDGE('',*,*,#12505,.F.);
#12507=EDGE_LOOP('',(#12500,#12502,#12503,#12504,#12506));
#12508=FACE_OUTER_BOUND('',#12507,.F.);
#12510=CARTESIAN_POINT('',(-1.225E1,9.1E0,-2.E1));
#12511=DIRECTION('',(0.E0,0.E0,1.E0));
#12512=DIRECTION('',(1.E0,0.E0,0.E0));
#12513=AXIS2_PLACEMENT_3D('',#12510,#12511,#12512);
#12514=CYLINDRICAL_SURFACE('',#12513,5.E-1);
#12515=ORIENTED_EDGE('',*,*,#12444,.T.);
#12516=ORIENTED_EDGE('',*,*,#12416,.F.);
#12517=ORIENTED_EDGE('',*,*,#10671,.F.);
#12518=ORIENTED_EDGE('',*,*,#12501,.T.);
#12519=EDGE_LOOP('',(#12515,#12516,#12517,#12518));
#12520=FACE_OUTER_BOUND('',#12519,.F.);
#12522=CARTESIAN_POINT('',(-1.265E1,1.02E1,-9.9E0));
#12523=DIRECTION('',(-1.E0,0.E0,0.E0));
#12524=DIRECTION('',(2.664535259100E-14,-7.564028598729E-1,-6.541060415376E-1));
#12525=AXIS2_PLACEMENT_3D('',#12522,#12523,#12524);
#12526=TOROIDAL_SURFACE('',#12525,2.E-1,1.E-1);
#12527=ORIENTED_EDGE('',*,*,#12505,.T.);
#12528=ORIENTED_EDGE('',*,*,#11671,.F.);
#12530=ORIENTED_EDGE('',*,*,#12529,.F.);
#12531=ORIENTED_EDGE('',*,*,#12490,.F.);
#12532=EDGE_LOOP('',(#12527,#12528,#12530,#12531));
#12533=FACE_OUTER_BOUND('',#12532,.F.);
#12535=CARTESIAN_POINT('',(9.174798549577E1,1.02E1,-9.9E0));
#12536=DIRECTION('',(-1.E0,0.E0,0.E0));
#12537=DIRECTION('',(0.E0,1.E0,0.E0));
#12538=AXIS2_PLACEMENT_3D('',#12535,#12536,#12537);
#12539=CYLINDRICAL_SURFACE('',#12538,1.E-1);
#12540=ORIENTED_EDGE('',*,*,#11669,.F.);
#12542=ORIENTED_EDGE('',*,*,#12541,.T.);
#12543=ORIENTED_EDGE('',*,*,#12458,.T.);
#12544=ORIENTED_EDGE('',*,*,#12529,.T.);
#12545=EDGE_LOOP('',(#12540,#12542,#12543,#12544));
#12546=FACE_OUTER_BOUND('',#12545,.F.);
#12548=CARTESIAN_POINT('',(-1.185E1,1.02E1,-9.9E0));
#12549=DIRECTION('',(-1.E0,0.E0,0.E0));
#12550=DIRECTION('',(-2.664535259100E-14,-5.485369585398E-1,
-8.361263093074E-1));
#12551=AXIS2_PLACEMENT_3D('',#12548,#12549,#12550);
#12552=TOROIDAL_SURFACE('',#12551,2.E-1,1.E-1);
#12553=ORIENTED_EDGE('',*,*,#12412,.F.);
#12554=ORIENTED_EDGE('',*,*,#12431,.F.);
#12555=ORIENTED_EDGE('',*,*,#12541,.F.);
#12556=ORIENTED_EDGE('',*,*,#11667,.F.);
#12557=EDGE_LOOP('',(#12553,#12554,#12555,#12556));
#12558=FACE_OUTER_BOUND('',#12557,.F.);
#12560=CARTESIAN_POINT('',(-1.185E1,-5.789556E1,-1.01E1));
#12561=DIRECTION('',(0.E0,1.E0,0.E0));
#12562=DIRECTION('',(0.E0,0.E0,1.E0));
#12563=AXIS2_PLACEMENT_3D('',#12560,#12561,#12562);
#12564=CYLINDRICAL_SURFACE('',#12563,1.E-1);
#12565=ORIENTED_EDGE('',*,*,#12470,.T.);
#12567=ORIENTED_EDGE('',*,*,#12566,.T.);
#12569=ORIENTED_EDGE('',*,*,#12568,.F.);
#12571=ORIENTED_EDGE('',*,*,#12570,.T.);
#12572=EDGE_LOOP('',(#12565,#12567,#12569,#12571));
#12573=FACE_OUTER_BOUND('',#12572,.F.);
#12575=CARTESIAN_POINT('',(-1.225E1,-9.1E0,-1.01E1));
#12576=DIRECTION('',(0.E0,0.E0,1.E0));
#12577=DIRECTION('',(9.722305585795E-1,-2.340250861855E-1,0.E0));
#12578=AXIS2_PLACEMENT_3D('',#12575,#12576,#12577);
#12579=TOROIDAL_SURFACE('',#12578,4.E-1,1.E-1);
#12580=ORIENTED_EDGE('',*,*,#12476,.T.);
#12582=ORIENTED_EDGE('',*,*,#12581,.T.);
#12584=ORIENTED_EDGE('',*,*,#12583,.F.);
#12585=ORIENTED_EDGE('',*,*,#12566,.F.);
#12586=EDGE_LOOP('',(#12580,#12582,#12584,#12585));
#12587=FACE_OUTER_BOUND('',#12586,.F.);
#12589=CARTESIAN_POINT('',(-1.265E1,-8.981892156510E0,-1.01E1));
#12590=DIRECTION('',(0.E0,-1.E0,0.E0));
#12591=DIRECTION('',(0.E0,0.E0,1.E0));
#12592=AXIS2_PLACEMENT_3D('',#12589,#12590,#12591);
#12593=CYLINDRICAL_SURFACE('',#12592,1.E-1);
#12595=ORIENTED_EDGE('',*,*,#12594,.F.);
#12596=ORIENTED_EDGE('',*,*,#12581,.F.);
#12597=ORIENTED_EDGE('',*,*,#12474,.T.);
#12599=ORIENTED_EDGE('',*,*,#12598,.T.);
#12600=EDGE_LOOP('',(#12595,#12596,#12597,#12599));
#12601=FACE_OUTER_BOUND('',#12600,.F.);
#12603=CARTESIAN_POINT('',(-1.275E1,-9.1E0,-2.E1));
#12604=DIRECTION('',(-1.E0,0.E0,0.E0));
#12605=DIRECTION('',(0.E0,-1.E0,0.E0));
#12606=AXIS2_PLACEMENT_3D('',#12603,#12604,#12605);
#12607=PLANE('',#12606);
#12608=ORIENTED_EDGE('',*,*,#12594,.T.);
#12610=ORIENTED_EDGE('',*,*,#12609,.T.);
#12611=ORIENTED_EDGE('',*,*,#11251,.F.);
#12612=ORIENTED_EDGE('',*,*,#10641,.F.);
#12614=ORIENTED_EDGE('',*,*,#12613,.T.);
#12615=EDGE_LOOP('',(#12608,#12610,#12611,#12612,#12614));
#12616=FACE_OUTER_BOUND('',#12615,.F.);
#12618=CARTESIAN_POINT('',(-1.265E1,-1.02E1,-9.9E0));
#12619=DIRECTION('',(1.E0,0.E0,0.E0));
#12620=DIRECTION('',(2.664535259100E-14,5.485369585398E-1,-8.361263093074E-1));
#12621=AXIS2_PLACEMENT_3D('',#12618,#12619,#12620);
#12622=TOROIDAL_SURFACE('',#12621,2.E-1,1.E-1);
#12623=ORIENTED_EDGE('',*,*,#12609,.F.);
#12624=ORIENTED_EDGE('',*,*,#12598,.F.);
#12626=ORIENTED_EDGE('',*,*,#12625,.F.);
#12627=ORIENTED_EDGE('',*,*,#11253,.F.);
#12628=EDGE_LOOP('',(#12623,#12624,#12626,#12627));
#12629=FACE_OUTER_BOUND('',#12628,.F.);
#12631=CARTESIAN_POINT('',(-1.0965888E2,-1.02E1,-9.9E0));
#12632=DIRECTION('',(1.E0,0.E0,0.E0));
#12633=DIRECTION('',(0.E0,-1.E0,0.E0));
#12634=AXIS2_PLACEMENT_3D('',#12631,#12632,#12633);
#12635=CYLINDRICAL_SURFACE('',#12634,1.E-1);
#12636=ORIENTED_EDGE('',*,*,#11255,.F.);
#12637=ORIENTED_EDGE('',*,*,#12625,.T.);
#12638=ORIENTED_EDGE('',*,*,#12472,.T.);
#12640=ORIENTED_EDGE('',*,*,#12639,.T.);
#12641=EDGE_LOOP('',(#12636,#12637,#12638,#12640));
#12642=FACE_OUTER_BOUND('',#12641,.F.);
#12644=CARTESIAN_POINT('',(-1.185E1,-1.02E1,-9.9E0));
#12645=DIRECTION('',(1.E0,0.E0,0.E0));
#12646=DIRECTION('',(-2.664535259100E-14,7.564028598729E-1,-6.541060415376E-1));
#12647=AXIS2_PLACEMENT_3D('',#12644,#12645,#12646);
#12648=TOROIDAL_SURFACE('',#12647,2.E-1,1.E-1);
#12650=ORIENTED_EDGE('',*,*,#12649,.T.);
#12651=ORIENTED_EDGE('',*,*,#11257,.F.);
#12652=ORIENTED_EDGE('',*,*,#12639,.F.);
#12653=ORIENTED_EDGE('',*,*,#12570,.F.);
#12654=EDGE_LOOP('',(#12650,#12651,#12652,#12653));
#12655=FACE_OUTER_BOUND('',#12654,.F.);
#12657=CARTESIAN_POINT('',(-1.175E1,-1.03E1,-2.E1));
#12658=DIRECTION('',(1.E0,0.E0,0.E0));
#12659=DIRECTION('',(0.E0,1.E0,0.E0));
#12660=AXIS2_PLACEMENT_3D('',#12657,#12658,#12659);
#12661=PLANE('',#12660);
#12662=ORIENTED_EDGE('',*,*,#12568,.T.);
#12664=ORIENTED_EDGE('',*,*,#12663,.F.);
#12665=ORIENTED_EDGE('',*,*,#10637,.F.);
#12666=ORIENTED_EDGE('',*,*,#11259,.T.);
#12667=ORIENTED_EDGE('',*,*,#12649,.F.);
#12668=EDGE_LOOP('',(#12662,#12664,#12665,#12666,#12667));
#12669=FACE_OUTER_BOUND('',#12668,.F.);
#12671=CARTESIAN_POINT('',(-1.225E1,-9.1E0,-2.E1));
#12672=DIRECTION('',(0.E0,0.E0,1.E0));
#12673=DIRECTION('',(1.E0,0.E0,0.E0));
#12674=AXIS2_PLACEMENT_3D('',#12671,#12672,#12673);
#12675=CYLINDRICAL_SURFACE('',#12674,5.E-1);
#12676=ORIENTED_EDGE('',*,*,#12583,.T.);
#12677=ORIENTED_EDGE('',*,*,#12613,.F.);
#12678=ORIENTED_EDGE('',*,*,#10639,.F.);
#12679=ORIENTED_EDGE('',*,*,#12663,.T.);
#12680=EDGE_LOOP('',(#12676,#12677,#12678,#12679));
#12681=FACE_OUTER_BOUND('',#12680,.F.);
#12683=CARTESIAN_POINT('',(-1.55E1,5.6E0,0.E0));
#12684=DIRECTION('',(0.E0,0.E0,1.E0));
#12685=DIRECTION('',(1.E0,0.E0,0.E0));
#12686=AXIS2_PLACEMENT_3D('',#12683,#12684,#12685);
#12687=CYLINDRICAL_SURFACE('',#12686,4.7E0);
#12688=ORIENTED_EDGE('',*,*,#11132,.T.);
#12689=ORIENTED_EDGE('',*,*,#11676,.T.);
#12690=ORIENTED_EDGE('',*,*,#10665,.T.);
#12692=ORIENTED_EDGE('',*,*,#12691,.F.);
#12693=EDGE_LOOP('',(#12688,#12689,#12690,#12692));
#12694=FACE_OUTER_BOUND('',#12693,.F.);
#12696=CARTESIAN_POINT('',(-2.02E1,-5.6E0,0.E0));
#12697=DIRECTION('',(1.E0,0.E0,0.E0));
#12698=DIRECTION('',(0.E0,1.E0,0.E0));
#12699=AXIS2_PLACEMENT_3D('',#12696,#12697,#12698);
#12700=PLANE('',#12699);
#12702=ORIENTED_EDGE('',*,*,#12701,.T.);
#12704=ORIENTED_EDGE('',*,*,#12703,.F.);
#12705=ORIENTED_EDGE('',*,*,#10647,.F.);
#12707=ORIENTED_EDGE('',*,*,#12706,.F.);
#12708=ORIENTED_EDGE('',*,*,#11118,.T.);
#12709=ORIENTED_EDGE('',*,*,#12691,.T.);
#12710=ORIENTED_EDGE('',*,*,#10663,.F.);
#12712=ORIENTED_EDGE('',*,*,#12711,.T.);
#12714=ORIENTED_EDGE('',*,*,#12713,.T.);
#12716=ORIENTED_EDGE('',*,*,#12715,.T.);
#12718=ORIENTED_EDGE('',*,*,#12717,.T.);
#12720=ORIENTED_EDGE('',*,*,#12719,.F.);
#12721=ORIENTED_EDGE('',*,*,#10655,.F.);
#12723=ORIENTED_EDGE('',*,*,#12722,.T.);
#12725=ORIENTED_EDGE('',*,*,#12724,.T.);
#12727=ORIENTED_EDGE('',*,*,#12726,.T.);
#12728=EDGE_LOOP('',(#12702,#12704,#12705,#12707,#12708,#12709,#12710,#12712,
#12714,#12716,#12718,#12720,#12721,#12723,#12725,#12727));
#12729=FACE_OUTER_BOUND('',#12728,.F.);
#12731=CARTESIAN_POINT('',(-2.01E1,-5.1E0,-9.9E0));
#12732=DIRECTION('',(0.E0,-1.E0,0.E0));
#12733=DIRECTION('',(7.564028598729E-1,0.E0,-6.541060415376E-1));
#12734=AXIS2_PLACEMENT_3D('',#12731,#12732,#12733);
#12735=TOROIDAL_SURFACE('',#12734,2.E-1,1.E-1);
#12737=ORIENTED_EDGE('',*,*,#12736,.T.);
#12738=ORIENTED_EDGE('',*,*,#12701,.F.);
#12740=ORIENTED_EDGE('',*,*,#12739,.F.);
#12742=ORIENTED_EDGE('',*,*,#12741,.F.);
#12743=EDGE_LOOP('',(#12737,#12738,#12740,#12742));
#12744=FACE_OUTER_BOUND('',#12743,.F.);
#12746=CARTESIAN_POINT('',(-2.02E1,-5.2E0,-2.E1));
#12747=DIRECTION('',(0.E0,-1.E0,0.E0));
#12748=DIRECTION('',(1.E0,0.E0,0.E0));
#12749=AXIS2_PLACEMENT_3D('',#12746,#12747,#12748);
#12750=PLANE('',#12749);
#12752=ORIENTED_EDGE('',*,*,#12751,.T.);
#12754=ORIENTED_EDGE('',*,*,#12753,.F.);
#12755=ORIENTED_EDGE('',*,*,#10649,.F.);
#12756=ORIENTED_EDGE('',*,*,#12703,.T.);
#12757=ORIENTED_EDGE('',*,*,#12736,.F.);
#12758=EDGE_LOOP('',(#12752,#12754,#12755,#12756,#12757));
#12759=FACE_OUTER_BOUND('',#12758,.F.);
#12761=CARTESIAN_POINT('',(-1.0965888E2,-5.1E0,-1.01E1));
#12762=DIRECTION('',(1.E0,0.E0,0.E0));
#12763=DIRECTION('',(0.E0,0.E0,1.E0));
#12764=AXIS2_PLACEMENT_3D('',#12761,#12762,#12763);
#12765=CYLINDRICAL_SURFACE('',#12764,1.E-1);
#12767=ORIENTED_EDGE('',*,*,#12766,.T.);
#12769=ORIENTED_EDGE('',*,*,#12768,.T.);
#12770=ORIENTED_EDGE('',*,*,#12751,.F.);
#12771=ORIENTED_EDGE('',*,*,#12741,.T.);
#12772=EDGE_LOOP('',(#12767,#12769,#12770,#12771));
#12773=FACE_OUTER_BOUND('',#12772,.F.);
#12775=CARTESIAN_POINT('',(0.E0,0.E0,-1.E1));
#12776=DIRECTION('',(0.E0,0.E0,1.E0));
#12777=DIRECTION('',(1.E0,0.E0,0.E0));
#12778=AXIS2_PLACEMENT_3D('',#12775,#12776,#12777);
#12779=PLANE('',#12778);
#12781=ORIENTED_EDGE('',*,*,#12780,.F.);
#12783=ORIENTED_EDGE('',*,*,#12782,.F.);
#12785=ORIENTED_EDGE('',*,*,#12784,.F.);
#12787=ORIENTED_EDGE('',*,*,#12786,.F.);
#12788=EDGE_LOOP('',(#12781,#12783,#12785,#12787));
#12789=FACE_OUTER_BOUND('',#12788,.F.);
#12791=CARTESIAN_POINT('',(0.E0,0.E0,-1.E1));
#12792=DIRECTION('',(0.E0,0.E0,1.E0));
#12793=DIRECTION('',(1.E0,0.E0,0.E0));
#12794=AXIS2_PLACEMENT_3D('',#12791,#12792,#12793);
#12795=PLANE('',#12794);
#12797=ORIENTED_EDGE('',*,*,#12796,.F.);
#12799=ORIENTED_EDGE('',*,*,#12798,.F.);
#12801=ORIENTED_EDGE('',*,*,#12800,.F.);
#12803=ORIENTED_EDGE('',*,*,#12802,.F.);
#12804=EDGE_LOOP('',(#12797,#12799,#12801,#12803));
#12805=FACE_OUTER_BOUND('',#12804,.F.);
#12807=CARTESIAN_POINT('',(0.E0,0.E0,-1.E1));
#12808=DIRECTION('',(0.E0,0.E0,1.E0));
#12809=DIRECTION('',(1.E0,0.E0,0.E0));
#12810=AXIS2_PLACEMENT_3D('',#12807,#12808,#12809);
#12811=PLANE('',#12810);
#12812=ORIENTED_EDGE('',*,*,#12766,.F.);
#12814=ORIENTED_EDGE('',*,*,#12813,.F.);
#12816=ORIENTED_EDGE('',*,*,#12815,.F.);
#12818=ORIENTED_EDGE('',*,*,#12817,.F.);
#12819=EDGE_LOOP('',(#12812,#12814,#12816,#12818));
#12820=FACE_OUTER_BOUND('',#12819,.F.);
#12822=CARTESIAN_POINT('',(0.E0,0.E0,-1.E1));
#12823=DIRECTION('',(0.E0,0.E0,1.E0));
#12824=DIRECTION('',(1.E0,0.E0,0.E0));
#12825=AXIS2_PLACEMENT_3D('',#12822,#12823,#12824);
#12826=PLANE('',#12825);
#12828=ORIENTED_EDGE('',*,*,#12827,.F.);
#12830=ORIENTED_EDGE('',*,*,#12829,.F.);
#12832=ORIENTED_EDGE('',*,*,#12831,.F.);
#12834=ORIENTED_EDGE('',*,*,#12833,.F.);
#12835=EDGE_LOOP('',(#12828,#12830,#12832,#12834));
#12836=FACE_OUTER_BOUND('',#12835,.F.);
#12838=CARTESIAN_POINT('',(1.0965888E2,-4.3E0,-1.01E1));
#12839=DIRECTION('',(-1.E0,0.E0,0.E0));
#12840=DIRECTION('',(0.E0,0.E0,1.E0));
#12841=AXIS2_PLACEMENT_3D('',#12838,#12839,#12840);
#12842=CYLINDRICAL_SURFACE('',#12841,1.E-1);
#12843=ORIENTED_EDGE('',*,*,#12780,.T.);
#12845=ORIENTED_EDGE('',*,*,#12844,.T.);
#12847=ORIENTED_EDGE('',*,*,#12846,.F.);
#12849=ORIENTED_EDGE('',*,*,#12848,.T.);
#12850=EDGE_LOOP('',(#12843,#12845,#12847,#12849));
#12851=FACE_OUTER_BOUND('',#12850,.F.);
#12853=CARTESIAN_POINT('',(1.9E1,-4.7E0,-1.01E1));
#12854=DIRECTION('',(0.E0,0.E0,1.E0));
#12855=DIRECTION('',(2.340250861855E-1,9.722305585795E-1,0.E0));
#12856=AXIS2_PLACEMENT_3D('',#12853,#12854,#12855);
#12857=TOROIDAL_SURFACE('',#12856,4.E-1,1.E-1);
#12858=ORIENTED_EDGE('',*,*,#12786,.T.);
#12860=ORIENTED_EDGE('',*,*,#12859,.T.);
#12862=ORIENTED_EDGE('',*,*,#12861,.F.);
#12863=ORIENTED_EDGE('',*,*,#12844,.F.);
#12864=EDGE_LOOP('',(#12858,#12860,#12862,#12863));
#12865=FACE_OUTER_BOUND('',#12864,.F.);
#12867=CARTESIAN_POINT('',(1.888189215651E1,-5.1E0,-1.01E1));
#12868=DIRECTION('',(1.E0,0.E0,0.E0));
#12869=DIRECTION('',(0.E0,0.E0,1.E0));
#12870=AXIS2_PLACEMENT_3D('',#12867,#12868,#12869);
#12871=CYLINDRICAL_SURFACE('',#12870,1.E-1);
#12873=ORIENTED_EDGE('',*,*,#12872,.F.);
#12874=ORIENTED_EDGE('',*,*,#12859,.F.);
#12875=ORIENTED_EDGE('',*,*,#12784,.T.);
#12877=ORIENTED_EDGE('',*,*,#12876,.T.);
#12878=EDGE_LOOP('',(#12873,#12874,#12875,#12877));
#12879=FACE_OUTER_BOUND('',#12878,.F.);
#12881=CARTESIAN_POINT('',(1.9E1,-5.2E0,-2.E1));
#12882=DIRECTION('',(0.E0,-1.E0,0.E0));
#12883=DIRECTION('',(1.E0,0.E0,0.E0));
#12884=AXIS2_PLACEMENT_3D('',#12881,#12882,#12883);
#12885=PLANE('',#12884);
#12886=ORIENTED_EDGE('',*,*,#12872,.T.);
#12888=ORIENTED_EDGE('',*,*,#12887,.T.);
#12890=ORIENTED_EDGE('',*,*,#12889,.F.);
#12891=ORIENTED_EDGE('',*,*,#10749,.F.);
#12893=ORIENTED_EDGE('',*,*,#12892,.T.);
#12894=EDGE_LOOP('',(#12886,#12888,#12890,#12891,#12893));
#12895=FACE_OUTER_BOUND('',#12894,.F.);
#12897=CARTESIAN_POINT('',(2.01E1,-5.1E0,-9.9E0));
#12898=DIRECTION('',(0.E0,1.E0,0.E0));
#12899=DIRECTION('',(-5.485369585398E-1,0.E0,-8.361263093073E-1));
#12900=AXIS2_PLACEMENT_3D('',#12897,#12898,#12899);
#12901=TOROIDAL_SURFACE('',#12900,2.E-1,1.E-1);
#12902=ORIENTED_EDGE('',*,*,#12887,.F.);
#12903=ORIENTED_EDGE('',*,*,#12876,.F.);
#12905=ORIENTED_EDGE('',*,*,#12904,.F.);
#12907=ORIENTED_EDGE('',*,*,#12906,.F.);
#12908=EDGE_LOOP('',(#12902,#12903,#12905,#12907));
#12909=FACE_OUTER_BOUND('',#12908,.F.);
#12911=CARTESIAN_POINT('',(2.01E1,-5.789556E1,-9.9E0));
#12912=DIRECTION('',(0.E0,1.E0,0.E0));
#12913=DIRECTION('',(1.E0,0.E0,0.E0));
#12914=AXIS2_PLACEMENT_3D('',#12911,#12912,#12913);
#12915=CYLINDRICAL_SURFACE('',#12914,1.E-1);
#12917=ORIENTED_EDGE('',*,*,#12916,.F.);
#12918=ORIENTED_EDGE('',*,*,#12904,.T.);
#12919=ORIENTED_EDGE('',*,*,#12782,.T.);
#12921=ORIENTED_EDGE('',*,*,#12920,.T.);
#12922=EDGE_LOOP('',(#12917,#12918,#12919,#12921));
#12923=FACE_OUTER_BOUND('',#12922,.F.);
#12925=CARTESIAN_POINT('',(2.02E1,5.6E0,0.E0));
#12926=DIRECTION('',(-1.E0,0.E0,0.E0));
#12927=DIRECTION('',(0.E0,-1.E0,0.E0));
#12928=AXIS2_PLACEMENT_3D('',#12925,#12926,#12927);
#12929=PLANE('',#12928);
#12931=ORIENTED_EDGE('',*,*,#12930,.T.);
#12933=ORIENTED_EDGE('',*,*,#12932,.F.);
#12934=ORIENTED_EDGE('',*,*,#10743,.F.);
#12936=ORIENTED_EDGE('',*,*,#12935,.T.);
#12938=ORIENTED_EDGE('',*,*,#12937,.T.);
#12940=ORIENTED_EDGE('',*,*,#12939,.T.);
#12942=ORIENTED_EDGE('',*,*,#12941,.T.);
#12944=ORIENTED_EDGE('',*,*,#12943,.F.);
#12945=ORIENTED_EDGE('',*,*,#10735,.F.);
#12947=ORIENTED_EDGE('',*,*,#12946,.F.);
#12948=ORIENTED_EDGE('',*,*,#11174,.T.);
#12950=ORIENTED_EDGE('',*,*,#12949,.T.);
#12951=ORIENTED_EDGE('',*,*,#10751,.F.);
#12952=ORIENTED_EDGE('',*,*,#12889,.T.);
#12953=ORIENTED_EDGE('',*,*,#12906,.T.);
#12954=ORIENTED_EDGE('',*,*,#12916,.T.);
#12955=EDGE_LOOP('',(#12931,#12933,#12934,#12936,#12938,#12940,#12942,#12944,
#12945,#12947,#12948,#12950,#12951,#12952,#12953,#12954));
#12956=FACE_OUTER_BOUND('',#12955,.F.);
#12958=CARTESIAN_POINT('',(2.01E1,-4.3E0,-9.9E0));
#12959=DIRECTION('',(0.E0,1.E0,0.E0));
#12960=DIRECTION('',(-7.564028598729E-1,0.E0,-6.541060415376E-1));
#12961=AXIS2_PLACEMENT_3D('',#12958,#12959,#12960);
#12962=TOROIDAL_SURFACE('',#12961,2.E-1,1.E-1);
#12964=ORIENTED_EDGE('',*,*,#12963,.T.);
#12965=ORIENTED_EDGE('',*,*,#12930,.F.);
#12966=ORIENTED_EDGE('',*,*,#12920,.F.);
#12967=ORIENTED_EDGE('',*,*,#12848,.F.);
#12968=EDGE_LOOP('',(#12964,#12965,#12966,#12967));
#12969=FACE_OUTER_BOUND('',#12968,.F.);
#12971=CARTESIAN_POINT('',(2.02E1,-4.2E0,-2.E1));
#12972=DIRECTION('',(0.E0,1.E0,0.E0));
#12973=DIRECTION('',(-1.E0,0.E0,0.E0));
#12974=AXIS2_PLACEMENT_3D('',#12971,#12972,#12973);
#12975=PLANE('',#12974);
#12976=ORIENTED_EDGE('',*,*,#12846,.T.);
#12978=ORIENTED_EDGE('',*,*,#12977,.F.);
#12979=ORIENTED_EDGE('',*,*,#10745,.F.);
#12980=ORIENTED_EDGE('',*,*,#12932,.T.);
#12981=ORIENTED_EDGE('',*,*,#12963,.F.);
#12982=EDGE_LOOP('',(#12976,#12978,#12979,#12980,#12981));
#12983=FACE_OUTER_BOUND('',#12982,.F.);
#12985=CARTESIAN_POINT('',(1.9E1,-4.7E0,-2.E1));
#12986=DIRECTION('',(0.E0,0.E0,1.E0));
#12987=DIRECTION('',(1.E0,0.E0,0.E0));
#12988=AXIS2_PLACEMENT_3D('',#12985,#12986,#12987);
#12989=CYLINDRICAL_SURFACE('',#12988,5.E-1);
#12990=ORIENTED_EDGE('',*,*,#12861,.T.);
#12991=ORIENTED_EDGE('',*,*,#12892,.F.);
#12992=ORIENTED_EDGE('',*,*,#10747,.F.);
#12993=ORIENTED_EDGE('',*,*,#12977,.T.);
#12994=EDGE_LOOP('',(#12990,#12991,#12992,#12993));
#12995=FACE_OUTER_BOUND('',#12994,.F.);
#12997=CARTESIAN_POINT('',(1.9E1,4.2E0,-2.E1));
#12998=DIRECTION('',(0.E0,-1.E0,0.E0));
#12999=DIRECTION('',(1.E0,0.E0,0.E0));
#13000=AXIS2_PLACEMENT_3D('',#12997,#12998,#12999);
#13001=PLANE('',#13000);
#13003=ORIENTED_EDGE('',*,*,#13002,.T.);
#13005=ORIENTED_EDGE('',*,*,#13004,.T.);
#13006=ORIENTED_EDGE('',*,*,#12935,.F.);
#13007=ORIENTED_EDGE('',*,*,#10741,.F.);
#13009=ORIENTED_EDGE('',*,*,#13008,.T.);
#13010=EDGE_LOOP('',(#13003,#13005,#13006,#13007,#13009));
#13011=FACE_OUTER_BOUND('',#13010,.F.);
#13013=CARTESIAN_POINT('',(1.888189215651E1,4.3E0,-1.01E1));
#13014=DIRECTION('',(1.E0,0.E0,0.E0));
#13015=DIRECTION('',(0.E0,0.E0,1.E0));
#13016=AXIS2_PLACEMENT_3D('',#13013,#13014,#13015);
#13017=CYLINDRICAL_SURFACE('',#13016,1.E-1);
#13018=ORIENTED_EDGE('',*,*,#13002,.F.);
#13020=ORIENTED_EDGE('',*,*,#13019,.F.);
#13021=ORIENTED_EDGE('',*,*,#12800,.T.);
#13023=ORIENTED_EDGE('',*,*,#13022,.T.);
#13024=EDGE_LOOP('',(#13018,#13020,#13021,#13023));
#13025=FACE_OUTER_BOUND('',#13024,.F.);
#13027=CARTESIAN_POINT('',(1.9E1,4.7E0,-1.01E1));
#13028=DIRECTION('',(0.E0,0.E0,1.E0));
#13029=DIRECTION('',(2.340250861855E-1,9.722305585795E-1,0.E0));
#13030=AXIS2_PLACEMENT_3D('',#13027,#13028,#13029);
#13031=TOROIDAL_SURFACE('',#13030,4.E-1,1.E-1);
#13032=ORIENTED_EDGE('',*,*,#12802,.T.);
#13033=ORIENTED_EDGE('',*,*,#13019,.T.);
#13035=ORIENTED_EDGE('',*,*,#13034,.F.);
#13037=ORIENTED_EDGE('',*,*,#13036,.F.);
#13038=EDGE_LOOP('',(#13032,#13033,#13035,#13037));
#13039=FACE_OUTER_BOUND('',#13038,.F.);
#13041=CARTESIAN_POINT('',(1.9E1,4.7E0,-2.E1));
#13042=DIRECTION('',(0.E0,0.E0,1.E0));
#13043=DIRECTION('',(1.E0,0.E0,0.E0));
#13044=AXIS2_PLACEMENT_3D('',#13041,#13042,#13043);
#13045=CYLINDRICAL_SURFACE('',#13044,5.E-1);
#13046=ORIENTED_EDGE('',*,*,#13034,.T.);
#13047=ORIENTED_EDGE('',*,*,#13008,.F.);
#13048=ORIENTED_EDGE('',*,*,#10739,.F.);
#13050=ORIENTED_EDGE('',*,*,#13049,.T.);
#13051=EDGE_LOOP('',(#13046,#13047,#13048,#13050));
#13052=FACE_OUTER_BOUND('',#13051,.F.);
#13054=CARTESIAN_POINT('',(2.02E1,5.2E0,-2.E1));
#13055=DIRECTION('',(0.E0,1.E0,0.E0));
#13056=DIRECTION('',(-1.E0,0.E0,0.E0));
#13057=AXIS2_PLACEMENT_3D('',#13054,#13055,#13056);
#13058=PLANE('',#13057);
#13060=ORIENTED_EDGE('',*,*,#13059,.T.);
#13061=ORIENTED_EDGE('',*,*,#13049,.F.);
#13062=ORIENTED_EDGE('',*,*,#10737,.F.);
#13063=ORIENTED_EDGE('',*,*,#12943,.T.);
#13065=ORIENTED_EDGE('',*,*,#13064,.F.);
#13066=EDGE_LOOP('',(#13060,#13061,#13062,#13063,#13065));
#13067=FACE_OUTER_BOUND('',#13066,.F.);
#13069=CARTESIAN_POINT('',(1.0965888E2,5.1E0,-1.01E1));
#13070=DIRECTION('',(-1.E0,0.E0,0.E0));
#13071=DIRECTION('',(0.E0,0.E0,1.E0));
#13072=AXIS2_PLACEMENT_3D('',#13069,#13070,#13071);
#13073=CYLINDRICAL_SURFACE('',#13072,1.E-1);
#13074=ORIENTED_EDGE('',*,*,#12796,.T.);
#13075=ORIENTED_EDGE('',*,*,#13036,.T.);
#13076=ORIENTED_EDGE('',*,*,#13059,.F.);
#13078=ORIENTED_EDGE('',*,*,#13077,.T.);
#13079=EDGE_LOOP('',(#13074,#13075,#13076,#13078));
#13080=FACE_OUTER_BOUND('',#13079,.F.);
#13082=CARTESIAN_POINT('',(2.01E1,5.1E0,-9.9E0));
#13083=DIRECTION('',(0.E0,1.E0,0.E0));
#13084=DIRECTION('',(-7.564028598729E-1,0.E0,-6.541060415376E-1));
#13085=AXIS2_PLACEMENT_3D('',#13082,#13083,#13084);
#13086=TOROIDAL_SURFACE('',#13085,2.E-1,1.E-1);
#13087=ORIENTED_EDGE('',*,*,#13064,.T.);
#13088=ORIENTED_EDGE('',*,*,#12941,.F.);
#13090=ORIENTED_EDGE('',*,*,#13089,.F.);
#13091=ORIENTED_EDGE('',*,*,#13077,.F.);
#13092=EDGE_LOOP('',(#13087,#13088,#13090,#13091));
#13093=FACE_OUTER_BOUND('',#13092,.F.);
#13095=CARTESIAN_POINT('',(2.01E1,-5.789556E1,-9.9E0));
#13096=DIRECTION('',(0.E0,1.E0,0.E0));
#13097=DIRECTION('',(1.E0,0.E0,0.E0));
#13098=AXIS2_PLACEMENT_3D('',#13095,#13096,#13097);
#13099=CYLINDRICAL_SURFACE('',#13098,1.E-1);
#13100=ORIENTED_EDGE('',*,*,#12939,.F.);
#13102=ORIENTED_EDGE('',*,*,#13101,.T.);
#13103=ORIENTED_EDGE('',*,*,#12798,.T.);
#13104=ORIENTED_EDGE('',*,*,#13089,.T.);
#13105=EDGE_LOOP('',(#13100,#13102,#13103,#13104));
#13106=FACE_OUTER_BOUND('',#13105,.F.);
#13108=CARTESIAN_POINT('',(2.01E1,4.3E0,-9.9E0));
#13109=DIRECTION('',(0.E0,1.E0,0.E0));
#13110=DIRECTION('',(-5.485369585398E-1,0.E0,-8.361263093073E-1));
#13111=AXIS2_PLACEMENT_3D('',#13108,#13109,#13110);
#13112=TOROIDAL_SURFACE('',#13111,2.E-1,1.E-1);
#13113=ORIENTED_EDGE('',*,*,#13004,.F.);
#13114=ORIENTED_EDGE('',*,*,#13022,.F.);
#13115=ORIENTED_EDGE('',*,*,#13101,.F.);
#13116=ORIENTED_EDGE('',*,*,#12937,.F.);
#13117=EDGE_LOOP('',(#13113,#13114,#13115,#13116));
#13118=FACE_OUTER_BOUND('',#13117,.F.);
#13120=CARTESIAN_POINT('',(1.55E1,5.6E0,0.E0));
#13121=DIRECTION('',(0.E0,0.E0,1.E0));
#13122=DIRECTION('',(1.E0,0.E0,0.E0));
#13123=AXIS2_PLACEMENT_3D('',#13120,#13121,#13122);
#13124=CYLINDRICAL_SURFACE('',#13123,4.7E0);
#13125=ORIENTED_EDGE('',*,*,#11160,.T.);
#13126=ORIENTED_EDGE('',*,*,#12946,.T.);
#13127=ORIENTED_EDGE('',*,*,#10733,.T.);
#13128=ORIENTED_EDGE('',*,*,#11679,.F.);
#13129=EDGE_LOOP('',(#13125,#13126,#13127,#13128));
#13130=FACE_OUTER_BOUND('',#13129,.F.);
#13132=CARTESIAN_POINT('',(1.55E1,-5.6E0,0.E0));
#13133=DIRECTION('',(0.E0,0.E0,1.E0));
#13134=DIRECTION('',(1.E0,0.E0,0.E0));
#13135=AXIS2_PLACEMENT_3D('',#13132,#13133,#13134);
#13136=CYLINDRICAL_SURFACE('',#13135,4.7E0);
#13137=ORIENTED_EDGE('',*,*,#11188,.T.);
#13138=ORIENTED_EDGE('',*,*,#11245,.T.);
#13139=ORIENTED_EDGE('',*,*,#10753,.T.);
#13140=ORIENTED_EDGE('',*,*,#12949,.F.);
#13141=EDGE_LOOP('',(#13137,#13138,#13139,#13140));
#13142=FACE_OUTER_BOUND('',#13141,.F.);
#13144=CARTESIAN_POINT('',(-2.01E1,5.789556E1,-9.9E0));
#13145=DIRECTION('',(0.E0,-1.E0,0.E0));
#13146=DIRECTION('',(-1.E0,0.E0,0.E0));
#13147=AXIS2_PLACEMENT_3D('',#13144,#13145,#13146);
#13148=CYLINDRICAL_SURFACE('',#13147,1.E-1);
#13149=ORIENTED_EDGE('',*,*,#12726,.F.);
#13151=ORIENTED_EDGE('',*,*,#13150,.T.);
#13152=ORIENTED_EDGE('',*,*,#12813,.T.);
#13153=ORIENTED_EDGE('',*,*,#12739,.T.);
#13154=EDGE_LOOP('',(#13149,#13151,#13152,#13153));
#13155=FACE_OUTER_BOUND('',#13154,.F.);
#13157=CARTESIAN_POINT('',(-2.01E1,-4.3E0,-9.9E0));
#13158=DIRECTION('',(0.E0,-1.E0,0.E0));
#13159=DIRECTION('',(5.485369585398E-1,0.E0,-8.361263093073E-1));
#13160=AXIS2_PLACEMENT_3D('',#13157,#13158,#13159);
#13161=TOROIDAL_SURFACE('',#13160,2.E-1,1.E-1);
#13163=ORIENTED_EDGE('',*,*,#13162,.F.);
#13165=ORIENTED_EDGE('',*,*,#13164,.F.);
#13166=ORIENTED_EDGE('',*,*,#13150,.F.);
#13167=ORIENTED_EDGE('',*,*,#12724,.F.);
#13168=EDGE_LOOP('',(#13163,#13165,#13166,#13167));
#13169=FACE_OUTER_BOUND('',#13168,.F.);
#13171=CARTESIAN_POINT('',(-1.9E1,-4.2E0,-2.E1));
#13172=DIRECTION('',(0.E0,1.E0,0.E0));
#13173=DIRECTION('',(-1.E0,0.E0,0.E0));
#13174=AXIS2_PLACEMENT_3D('',#13171,#13172,#13173);
#13175=PLANE('',#13174);
#13177=ORIENTED_EDGE('',*,*,#13176,.T.);
#13178=ORIENTED_EDGE('',*,*,#13162,.T.);
#13179=ORIENTED_EDGE('',*,*,#12722,.F.);
#13180=ORIENTED_EDGE('',*,*,#10653,.F.);
#13182=ORIENTED_EDGE('',*,*,#13181,.T.);
#13183=EDGE_LOOP('',(#13177,#13178,#13179,#13180,#13182));
#13184=FACE_OUTER_BOUND('',#13183,.F.);
#13186=CARTESIAN_POINT('',(-1.888189215651E1,-4.3E0,-1.01E1));
#13187=DIRECTION('',(-1.E0,0.E0,0.E0));
#13188=DIRECTION('',(0.E0,0.E0,1.E0));
#13189=AXIS2_PLACEMENT_3D('',#13186,#13187,#13188);
#13190=CYLINDRICAL_SURFACE('',#13189,1.E-1);
#13191=ORIENTED_EDGE('',*,*,#13176,.F.);
#13193=ORIENTED_EDGE('',*,*,#13192,.F.);
#13194=ORIENTED_EDGE('',*,*,#12815,.T.);
#13195=ORIENTED_EDGE('',*,*,#13164,.T.);
#13196=EDGE_LOOP('',(#13191,#13193,#13194,#13195));
#13197=FACE_OUTER_BOUND('',#13196,.F.);
#13199=CARTESIAN_POINT('',(-1.9E1,-4.7E0,-1.01E1));
#13200=DIRECTION('',(0.E0,0.E0,1.E0));
#13201=DIRECTION('',(-2.340250861855E-1,-9.722305585795E-1,0.E0));
#13202=AXIS2_PLACEMENT_3D('',#13199,#13200,#13201);
#13203=TOROIDAL_SURFACE('',#13202,4.E-1,1.E-1);
#13204=ORIENTED_EDGE('',*,*,#12817,.T.);
#13205=ORIENTED_EDGE('',*,*,#13192,.T.);
#13207=ORIENTED_EDGE('',*,*,#13206,.F.);
#13208=ORIENTED_EDGE('',*,*,#12768,.F.);
#13209=EDGE_LOOP('',(#13204,#13205,#13207,#13208));
#13210=FACE_OUTER_BOUND('',#13209,.F.);
#13212=CARTESIAN_POINT('',(-1.9E1,-4.7E0,-2.E1));
#13213=DIRECTION('',(0.E0,0.E0,1.E0));
#13214=DIRECTION('',(1.E0,0.E0,0.E0));
#13215=AXIS2_PLACEMENT_3D('',#13212,#13213,#13214);
#13216=CYLINDRICAL_SURFACE('',#13215,5.E-1);
#13217=ORIENTED_EDGE('',*,*,#13206,.T.);
#13218=ORIENTED_EDGE('',*,*,#13181,.F.);
#13219=ORIENTED_EDGE('',*,*,#10651,.F.);
#13220=ORIENTED_EDGE('',*,*,#12753,.T.);
#13221=EDGE_LOOP('',(#13217,#13218,#13219,#13220));
#13222=FACE_OUTER_BOUND('',#13221,.F.);
#13224=CARTESIAN_POINT('',(-2.01E1,5.789556E1,-9.9E0));
#13225=DIRECTION('',(0.E0,-1.E0,0.E0));
#13226=DIRECTION('',(-1.E0,0.E0,0.E0));
#13227=AXIS2_PLACEMENT_3D('',#13224,#13225,#13226);
#13228=CYLINDRICAL_SURFACE('',#13227,1.E-1);
#13229=ORIENTED_EDGE('',*,*,#12715,.F.);
#13231=ORIENTED_EDGE('',*,*,#13230,.T.);
#13232=ORIENTED_EDGE('',*,*,#12827,.T.);
#13234=ORIENTED_EDGE('',*,*,#13233,.T.);
#13235=EDGE_LOOP('',(#13229,#13231,#13232,#13234));
#13236=FACE_OUTER_BOUND('',#13235,.F.);
#13238=CARTESIAN_POINT('',(-2.01E1,5.1E0,-9.9E0));
#13239=DIRECTION('',(0.E0,-1.E0,0.E0));
#13240=DIRECTION('',(5.485369585398E-1,0.E0,-8.361263093073E-1));
#13241=AXIS2_PLACEMENT_3D('',#13238,#13239,#13240);
#13242=TOROIDAL_SURFACE('',#13241,2.E-1,1.E-1);
#13244=ORIENTED_EDGE('',*,*,#13243,.F.);
#13246=ORIENTED_EDGE('',*,*,#13245,.F.);
#13247=ORIENTED_EDGE('',*,*,#13230,.F.);
#13248=ORIENTED_EDGE('',*,*,#12713,.F.);
#13249=EDGE_LOOP('',(#13244,#13246,#13247,#13248));
#13250=FACE_OUTER_BOUND('',#13249,.F.);
#13252=CARTESIAN_POINT('',(-1.9E1,5.2E0,-2.E1));
#13253=DIRECTION('',(0.E0,1.E0,0.E0));
#13254=DIRECTION('',(-1.E0,0.E0,0.E0));
#13255=AXIS2_PLACEMENT_3D('',#13252,#13253,#13254);
#13256=PLANE('',#13255);
#13258=ORIENTED_EDGE('',*,*,#13257,.T.);
#13259=ORIENTED_EDGE('',*,*,#13243,.T.);
#13260=ORIENTED_EDGE('',*,*,#12711,.F.);
#13261=ORIENTED_EDGE('',*,*,#10661,.F.);
#13263=ORIENTED_EDGE('',*,*,#13262,.T.);
#13264=EDGE_LOOP('',(#13258,#13259,#13260,#13261,#13263));
#13265=FACE_OUTER_BOUND('',#13264,.F.);
#13267=CARTESIAN_POINT('',(-1.888189215651E1,5.1E0,-1.01E1));
#13268=DIRECTION('',(-1.E0,0.E0,0.E0));
#13269=DIRECTION('',(0.E0,0.E0,1.E0));
#13270=AXIS2_PLACEMENT_3D('',#13267,#13268,#13269);
#13271=CYLINDRICAL_SURFACE('',#13270,1.E-1);
#13272=ORIENTED_EDGE('',*,*,#13257,.F.);
#13274=ORIENTED_EDGE('',*,*,#13273,.F.);
#13275=ORIENTED_EDGE('',*,*,#12829,.T.);
#13276=ORIENTED_EDGE('',*,*,#13245,.T.);
#13277=EDGE_LOOP('',(#13272,#13274,#13275,#13276));
#13278=FACE_OUTER_BOUND('',#13277,.F.);
#13280=CARTESIAN_POINT('',(-1.9E1,4.7E0,-1.01E1));
#13281=DIRECTION('',(0.E0,0.E0,1.E0));
#13282=DIRECTION('',(-2.340250861855E-1,-9.722305585795E-1,0.E0));
#13283=AXIS2_PLACEMENT_3D('',#13280,#13281,#13282);
#13284=TOROIDAL_SURFACE('',#13283,4.E-1,1.E-1);
#13285=ORIENTED_EDGE('',*,*,#12831,.T.);
#13286=ORIENTED_EDGE('',*,*,#13273,.T.);
#13288=ORIENTED_EDGE('',*,*,#13287,.F.);
#13290=ORIENTED_EDGE('',*,*,#13289,.F.);
#13291=EDGE_LOOP('',(#13285,#13286,#13288,#13290));
#13292=FACE_OUTER_BOUND('',#13291,.F.);
#13294=CARTESIAN_POINT('',(-1.9E1,4.7E0,-2.E1));
#13295=DIRECTION('',(0.E0,0.E0,1.E0));
#13296=DIRECTION('',(1.E0,0.E0,0.E0));
#13297=AXIS2_PLACEMENT_3D('',#13294,#13295,#13296);
#13298=CYLINDRICAL_SURFACE('',#13297,5.E-1);
#13299=ORIENTED_EDGE('',*,*,#13287,.T.);
#13300=ORIENTED_EDGE('',*,*,#13262,.F.);
#13301=ORIENTED_EDGE('',*,*,#10659,.F.);
#13303=ORIENTED_EDGE('',*,*,#13302,.T.);
#13304=EDGE_LOOP('',(#13299,#13300,#13301,#13303));
#13305=FACE_OUTER_BOUND('',#13304,.F.);
#13307=CARTESIAN_POINT('',(-2.02E1,4.2E0,-2.E1));
#13308=DIRECTION('',(0.E0,-1.E0,0.E0));
#13309=DIRECTION('',(1.E0,0.E0,0.E0));
#13310=AXIS2_PLACEMENT_3D('',#13307,#13308,#13309);
#13311=PLANE('',#13310);
#13313=ORIENTED_EDGE('',*,*,#13312,.T.);
#13314=ORIENTED_EDGE('',*,*,#13302,.F.);
#13315=ORIENTED_EDGE('',*,*,#10657,.F.);
#13316=ORIENTED_EDGE('',*,*,#12719,.T.);
#13318=ORIENTED_EDGE('',*,*,#13317,.F.);
#13319=EDGE_LOOP('',(#13313,#13314,#13315,#13316,#13318));
#13320=FACE_OUTER_BOUND('',#13319,.F.);
#13322=CARTESIAN_POINT('',(-1.0965888E2,4.3E0,-1.01E1));
#13323=DIRECTION('',(1.E0,0.E0,0.E0));
#13324=DIRECTION('',(0.E0,0.E0,1.E0));
#13325=AXIS2_PLACEMENT_3D('',#13322,#13323,#13324);
#13326=CYLINDRICAL_SURFACE('',#13325,1.E-1);
#13327=ORIENTED_EDGE('',*,*,#12833,.T.);
#13328=ORIENTED_EDGE('',*,*,#13289,.T.);
#13329=ORIENTED_EDGE('',*,*,#13312,.F.);
#13331=ORIENTED_EDGE('',*,*,#13330,.T.);
#13332=EDGE_LOOP('',(#13327,#13328,#13329,#13331));
#13333=FACE_OUTER_BOUND('',#13332,.F.);
#13335=CARTESIAN_POINT('',(-2.01E1,4.3E0,-9.9E0));
#13336=DIRECTION('',(0.E0,-1.E0,0.E0));
#13337=DIRECTION('',(7.564028598729E-1,0.E0,-6.541060415376E-1));
#13338=AXIS2_PLACEMENT_3D('',#13335,#13336,#13337);
#13339=TOROIDAL_SURFACE('',#13338,2.E-1,1.E-1);
#13340=ORIENTED_EDGE('',*,*,#13317,.T.);
#13341=ORIENTED_EDGE('',*,*,#12717,.F.);
#13342=ORIENTED_EDGE('',*,*,#13233,.F.);
#13343=ORIENTED_EDGE('',*,*,#13330,.F.);
#13344=EDGE_LOOP('',(#13340,#13341,#13342,#13343));
#13345=FACE_OUTER_BOUND('',#13344,.F.);
#13347=CARTESIAN_POINT('',(-1.55E1,-5.6E0,0.E0));
#13348=DIRECTION('',(0.E0,0.E0,1.E0));
#13349=DIRECTION('',(1.E0,0.E0,0.E0));
#13350=AXIS2_PLACEMENT_3D('',#13347,#13348,#13349);
#13351=CYLINDRICAL_SURFACE('',#13350,4.7E0);
#13352=ORIENTED_EDGE('',*,*,#11103,.T.);
#13353=ORIENTED_EDGE('',*,*,#12706,.T.);
#13354=ORIENTED_EDGE('',*,*,#10645,.T.);
#13355=ORIENTED_EDGE('',*,*,#11248,.F.);
#13356=EDGE_LOOP('',(#13352,#13353,#13354,#13355));
#13357=FACE_OUTER_BOUND('',#13356,.F.);
#13359=CARTESIAN_POINT('',(1.275E1,9.1E0,-2.E1));
#13360=DIRECTION('',(1.E0,0.E0,0.E0));
#13361=DIRECTION('',(0.E0,1.E0,0.E0));
#13362=AXIS2_PLACEMENT_3D('',#13359,#13360,#13361);
#13363=PLANE('',#13362);
#13365=ORIENTED_EDGE('',*,*,#13364,.T.);
#13367=ORIENTED_EDGE('',*,*,#13366,.T.);
#13368=ORIENTED_EDGE('',*,*,#11682,.F.);
#13369=ORIENTED_EDGE('',*,*,#10729,.F.);
#13371=ORIENTED_EDGE('',*,*,#13370,.T.);
#13372=EDGE_LOOP('',(#13365,#13367,#13368,#13369,#13371));
#13373=FACE_OUTER_BOUND('',#13372,.F.);
#13375=CARTESIAN_POINT('',(1.265E1,8.981892156510E0,-1.01E1));
#13376=DIRECTION('',(0.E0,1.E0,0.E0));
#13377=DIRECTION('',(0.E0,0.E0,1.E0));
#13378=AXIS2_PLACEMENT_3D('',#13375,#13376,#13377);
#13379=CYLINDRICAL_SURFACE('',#13378,1.E-1);
#13380=ORIENTED_EDGE('',*,*,#13364,.F.);
#13382=ORIENTED_EDGE('',*,*,#13381,.F.);
#13384=ORIENTED_EDGE('',*,*,#13383,.T.);
#13386=ORIENTED_EDGE('',*,*,#13385,.T.);
#13387=EDGE_LOOP('',(#13380,#13382,#13384,#13386));
#13388=FACE_OUTER_BOUND('',#13387,.F.);
#13390=CARTESIAN_POINT('',(1.225E1,9.1E0,-1.01E1));
#13391=DIRECTION('',(0.E0,0.E0,1.E0));
#13392=DIRECTION('',(-9.722305585795E-1,2.340250861855E-1,0.E0));
#13393=AXIS2_PLACEMENT_3D('',#13390,#13391,#13392);
#13394=TOROIDAL_SURFACE('',#13393,4.E-1,1.E-1);
#13396=ORIENTED_EDGE('',*,*,#13395,.T.);
#13397=ORIENTED_EDGE('',*,*,#13381,.T.);
#13399=ORIENTED_EDGE('',*,*,#13398,.F.);
#13401=ORIENTED_EDGE('',*,*,#13400,.F.);
#13402=EDGE_LOOP('',(#13396,#13397,#13399,#13401));
#13403=FACE_OUTER_BOUND('',#13402,.F.);
#13405=CARTESIAN_POINT('',(0.E0,0.E0,-1.E1));
#13406=DIRECTION('',(0.E0,0.E0,1.E0));
#13407=DIRECTION('',(1.E0,0.E0,0.E0));
#13408=AXIS2_PLACEMENT_3D('',#13405,#13406,#13407);
#13409=PLANE('',#13408);
#13411=ORIENTED_EDGE('',*,*,#13410,.F.);
#13413=ORIENTED_EDGE('',*,*,#13412,.F.);
#13415=ORIENTED_EDGE('',*,*,#13414,.F.);
#13417=ORIENTED_EDGE('',*,*,#13416,.F.);
#13418=EDGE_LOOP('',(#13411,#13413,#13415,#13417));
#13419=FACE_OUTER_BOUND('',#13418,.F.);
#13421=CARTESIAN_POINT('',(0.E0,0.E0,-1.E1));
#13422=DIRECTION('',(0.E0,0.E0,1.E0));
#13423=DIRECTION('',(1.E0,0.E0,0.E0));
#13424=AXIS2_PLACEMENT_3D('',#13421,#13422,#13423);
#13425=PLANE('',#13424);
#13427=ORIENTED_EDGE('',*,*,#13426,.F.);
#13429=ORIENTED_EDGE('',*,*,#13428,.F.);
#13430=ORIENTED_EDGE('',*,*,#13383,.F.);
#13431=ORIENTED_EDGE('',*,*,#13395,.F.);
#13432=EDGE_LOOP('',(#13427,#13429,#13430,#13431));
#13433=FACE_OUTER_BOUND('',#13432,.F.);
#13435=CARTESIAN_POINT('',(1.265E1,-5.789556E1,-1.01E1));
#13436=DIRECTION('',(0.E0,1.E0,0.E0));
#13437=DIRECTION('',(0.E0,0.E0,1.E0));
#13438=AXIS2_PLACEMENT_3D('',#13435,#13436,#13437);
#13439=CYLINDRICAL_SURFACE('',#13438,1.E-1);
#13440=ORIENTED_EDGE('',*,*,#13410,.T.);
#13442=ORIENTED_EDGE('',*,*,#13441,.T.);
#13444=ORIENTED_EDGE('',*,*,#13443,.F.);
#13446=ORIENTED_EDGE('',*,*,#13445,.T.);
#13447=EDGE_LOOP('',(#13440,#13442,#13444,#13446));
#13448=FACE_OUTER_BOUND('',#13447,.F.);
#13450=CARTESIAN_POINT('',(1.225E1,-9.1E0,-1.01E1));
#13451=DIRECTION('',(0.E0,0.E0,1.E0));
#13452=DIRECTION('',(9.722305585795E-1,-2.340250861855E-1,0.E0));
#13453=AXIS2_PLACEMENT_3D('',#13450,#13451,#13452);
#13454=TOROIDAL_SURFACE('',#13453,4.E-1,1.E-1);
#13455=ORIENTED_EDGE('',*,*,#13416,.T.);
#13457=ORIENTED_EDGE('',*,*,#13456,.T.);
#13459=ORIENTED_EDGE('',*,*,#13458,.F.);
#13460=ORIENTED_EDGE('',*,*,#13441,.F.);
#13461=EDGE_LOOP('',(#13455,#13457,#13459,#13460));
#13462=FACE_OUTER_BOUND('',#13461,.F.);
#13464=CARTESIAN_POINT('',(1.185E1,-8.981892156510E0,-1.01E1));
#13465=DIRECTION('',(0.E0,-1.E0,0.E0));
#13466=DIRECTION('',(0.E0,0.E0,1.E0));
#13467=AXIS2_PLACEMENT_3D('',#13464,#13465,#13466);
#13468=CYLINDRICAL_SURFACE('',#13467,1.E-1);
#13470=ORIENTED_EDGE('',*,*,#13469,.F.);
#13471=ORIENTED_EDGE('',*,*,#13456,.F.);
#13472=ORIENTED_EDGE('',*,*,#13414,.T.);
#13474=ORIENTED_EDGE('',*,*,#13473,.T.);
#13475=EDGE_LOOP('',(#13470,#13471,#13472,#13474));
#13476=FACE_OUTER_BOUND('',#13475,.F.);
#13478=CARTESIAN_POINT('',(1.175E1,-9.1E0,-2.E1));
#13479=DIRECTION('',(-1.E0,0.E0,0.E0));
#13480=DIRECTION('',(0.E0,-1.E0,0.E0));
#13481=AXIS2_PLACEMENT_3D('',#13478,#13479,#13480);
#13482=PLANE('',#13481);
#13483=ORIENTED_EDGE('',*,*,#13469,.T.);
#13485=ORIENTED_EDGE('',*,*,#13484,.T.);
#13486=ORIENTED_EDGE('',*,*,#11234,.F.);
#13487=ORIENTED_EDGE('',*,*,#10761,.F.);
#13489=ORIENTED_EDGE('',*,*,#13488,.T.);
#13490=EDGE_LOOP('',(#13483,#13485,#13486,#13487,#13489));
#13491=FACE_OUTER_BOUND('',#13490,.F.);
#13493=CARTESIAN_POINT('',(1.185E1,-1.02E1,-9.9E0));
#13494=DIRECTION('',(1.E0,0.E0,0.E0));
#13495=DIRECTION('',(2.664535259100E-14,5.485369585398E-1,-8.361263093074E-1));
#13496=AXIS2_PLACEMENT_3D('',#13493,#13494,#13495);
#13497=TOROIDAL_SURFACE('',#13496,2.E-1,1.E-1);
#13498=ORIENTED_EDGE('',*,*,#13484,.F.);
#13499=ORIENTED_EDGE('',*,*,#13473,.F.);
#13501=ORIENTED_EDGE('',*,*,#13500,.F.);
#13502=ORIENTED_EDGE('',*,*,#11236,.F.);
#13503=EDGE_LOOP('',(#13498,#13499,#13501,#13502));
#13504=FACE_OUTER_BOUND('',#13503,.F.);
#13506=CARTESIAN_POINT('',(-1.007182541775E2,-1.02E1,-9.9E0));
#13507=DIRECTION('',(1.E0,0.E0,0.E0));
#13508=DIRECTION('',(0.E0,-1.E0,0.E0));
#13509=AXIS2_PLACEMENT_3D('',#13506,#13507,#13508);
#13510=CYLINDRICAL_SURFACE('',#13509,1.E-1);
#13511=ORIENTED_EDGE('',*,*,#11238,.F.);
#13512=ORIENTED_EDGE('',*,*,#13500,.T.);
#13513=ORIENTED_EDGE('',*,*,#13412,.T.);
#13515=ORIENTED_EDGE('',*,*,#13514,.T.);
#13516=EDGE_LOOP('',(#13511,#13512,#13513,#13515));
#13517=FACE_OUTER_BOUND('',#13516,.F.);
#13519=CARTESIAN_POINT('',(1.265E1,-1.02E1,-9.9E0));
#13520=DIRECTION('',(1.E0,0.E0,0.E0));
#13521=DIRECTION('',(-2.664535259100E-14,7.564028598729E-1,-6.541060415376E-1));
#13522=AXIS2_PLACEMENT_3D('',#13519,#13520,#13521);
#13523=TOROIDAL_SURFACE('',#13522,2.E-1,1.E-1);
#13525=ORIENTED_EDGE('',*,*,#13524,.T.);
#13526=ORIENTED_EDGE('',*,*,#11240,.F.);
#13527=ORIENTED_EDGE('',*,*,#13514,.F.);
#13528=ORIENTED_EDGE('',*,*,#13445,.F.);
#13529=EDGE_LOOP('',(#13525,#13526,#13527,#13528));
#13530=FACE_OUTER_BOUND('',#13529,.F.);
#13532=CARTESIAN_POINT('',(1.275E1,-1.03E1,-2.E1));
#13533=DIRECTION('',(1.E0,0.E0,0.E0));
#13534=DIRECTION('',(0.E0,1.E0,0.E0));
#13535=AXIS2_PLACEMENT_3D('',#13532,#13533,#13534);
#13536=PLANE('',#13535);
#13537=ORIENTED_EDGE('',*,*,#13443,.T.);
#13539=ORIENTED_EDGE('',*,*,#13538,.F.);
#13540=ORIENTED_EDGE('',*,*,#10757,.F.);
#13541=ORIENTED_EDGE('',*,*,#11242,.T.);
#13542=ORIENTED_EDGE('',*,*,#13524,.F.);
#13543=EDGE_LOOP('',(#13537,#13539,#13540,#13541,#13542));
#13544=FACE_OUTER_BOUND('',#13543,.F.);
#13546=CARTESIAN_POINT('',(1.225E1,-9.1E0,-2.E1));
#13547=DIRECTION('',(0.E0,0.E0,1.E0));
#13548=DIRECTION('',(1.E0,0.E0,0.E0));
#13549=AXIS2_PLACEMENT_3D('',#13546,#13547,#13548);
#13550=CYLINDRICAL_SURFACE('',#13549,5.E-1);
#13551=ORIENTED_EDGE('',*,*,#13458,.T.);
#13552=ORIENTED_EDGE('',*,*,#13488,.F.);
#13553=ORIENTED_EDGE('',*,*,#10759,.F.);
#13554=ORIENTED_EDGE('',*,*,#13538,.T.);
#13555=EDGE_LOOP('',(#13551,#13552,#13553,#13554));
#13556=FACE_OUTER_BOUND('',#13555,.F.);
#13558=CARTESIAN_POINT('',(1.185E1,5.789556E1,-1.01E1));
#13559=DIRECTION('',(0.E0,-1.E0,0.E0));
#13560=DIRECTION('',(0.E0,0.E0,1.E0));
#13561=AXIS2_PLACEMENT_3D('',#13558,#13559,#13560);
#13562=CYLINDRICAL_SURFACE('',#13561,1.E-1);
#13563=ORIENTED_EDGE('',*,*,#13426,.T.);
#13564=ORIENTED_EDGE('',*,*,#13400,.T.);
#13566=ORIENTED_EDGE('',*,*,#13565,.F.);
#13568=ORIENTED_EDGE('',*,*,#13567,.T.);
#13569=EDGE_LOOP('',(#13563,#13564,#13566,#13568));
#13570=FACE_OUTER_BOUND('',#13569,.F.);
#13572=CARTESIAN_POINT('',(1.175E1,1.03E1,-2.E1));
#13573=DIRECTION('',(-1.E0,0.E0,0.E0));
#13574=DIRECTION('',(0.E0,-1.E0,0.E0));
#13575=AXIS2_PLACEMENT_3D('',#13572,#13573,#13574);
#13576=PLANE('',#13575);
#13577=ORIENTED_EDGE('',*,*,#13565,.T.);
#13579=ORIENTED_EDGE('',*,*,#13578,.F.);
#13580=ORIENTED_EDGE('',*,*,#10725,.F.);
#13581=ORIENTED_EDGE('',*,*,#11690,.T.);
#13583=ORIENTED_EDGE('',*,*,#13582,.F.);
#13584=EDGE_LOOP('',(#13577,#13579,#13580,#13581,#13583));
#13585=FACE_OUTER_BOUND('',#13584,.F.);
#13587=CARTESIAN_POINT('',(1.225E1,9.1E0,-2.E1));
#13588=DIRECTION('',(0.E0,0.E0,1.E0));
#13589=DIRECTION('',(1.E0,0.E0,0.E0));
#13590=AXIS2_PLACEMENT_3D('',#13587,#13588,#13589);
#13591=CYLINDRICAL_SURFACE('',#13590,5.E-1);
#13592=ORIENTED_EDGE('',*,*,#13398,.T.);
#13593=ORIENTED_EDGE('',*,*,#13370,.F.);
#13594=ORIENTED_EDGE('',*,*,#10727,.F.);
#13595=ORIENTED_EDGE('',*,*,#13578,.T.);
#13596=EDGE_LOOP('',(#13592,#13593,#13594,#13595));
#13597=FACE_OUTER_BOUND('',#13596,.F.);
#13599=CARTESIAN_POINT('',(1.185E1,1.02E1,-9.9E0));
#13600=DIRECTION('',(-1.E0,0.E0,0.E0));
#13601=DIRECTION('',(2.664535259100E-14,-7.564028598729E-1,-6.541060415376E-1));
#13602=AXIS2_PLACEMENT_3D('',#13599,#13600,#13601);
#13603=TOROIDAL_SURFACE('',#13602,2.E-1,1.E-1);
#13604=ORIENTED_EDGE('',*,*,#13582,.T.);
#13605=ORIENTED_EDGE('',*,*,#11688,.F.);
#13607=ORIENTED_EDGE('',*,*,#13606,.F.);
#13608=ORIENTED_EDGE('',*,*,#13567,.F.);
#13609=EDGE_LOOP('',(#13604,#13605,#13607,#13608));
#13610=FACE_OUTER_BOUND('',#13609,.F.);
#13612=CARTESIAN_POINT('',(1.0965888E2,1.02E1,-9.9E0));
#13613=DIRECTION('',(-1.E0,0.E0,0.E0));
#13614=DIRECTION('',(0.E0,1.E0,0.E0));
#13615=AXIS2_PLACEMENT_3D('',#13612,#13613,#13614);
#13616=CYLINDRICAL_SURFACE('',#13615,1.E-1);
#13617=ORIENTED_EDGE('',*,*,#11686,.F.);
#13619=ORIENTED_EDGE('',*,*,#13618,.T.);
#13620=ORIENTED_EDGE('',*,*,#13428,.T.);
#13621=ORIENTED_EDGE('',*,*,#13606,.T.);
#13622=EDGE_LOOP('',(#13617,#13619,#13620,#13621));
#13623=FACE_OUTER_BOUND('',#13622,.F.);
#13625=CARTESIAN_POINT('',(1.265E1,1.02E1,-9.9E0));
#13626=DIRECTION('',(-1.E0,0.E0,0.E0));
#13627=DIRECTION('',(-2.664535259100E-14,-5.485369585398E-1,
-8.361263093074E-1));
#13628=AXIS2_PLACEMENT_3D('',#13625,#13626,#13627);
#13629=TOROIDAL_SURFACE('',#13628,2.E-1,1.E-1);
#13630=ORIENTED_EDGE('',*,*,#13366,.F.);
#13631=ORIENTED_EDGE('',*,*,#13385,.F.);
#13632=ORIENTED_EDGE('',*,*,#13618,.F.);
#13633=ORIENTED_EDGE('',*,*,#11684,.F.);
#13634=EDGE_LOOP('',(#13630,#13631,#13632,#13633));
#13635=FACE_OUTER_BOUND('',#13634,.F.);
#13637=CARTESIAN_POINT('',(9.25E0,9.1E0,-2.E1));
#13638=DIRECTION('',(1.E0,0.E0,0.E0));
#13639=DIRECTION('',(0.E0,1.E0,0.E0));
#13640=AXIS2_PLACEMENT_3D('',#13637,#13638,#13639);
#13641=PLANE('',#13640);
#13643=ORIENTED_EDGE('',*,*,#13642,.T.);
#13645=ORIENTED_EDGE('',*,*,#13644,.T.);
#13646=ORIENTED_EDGE('',*,*,#11693,.F.);
#13647=ORIENTED_EDGE('',*,*,#10721,.F.);
#13649=ORIENTED_EDGE('',*,*,#13648,.T.);
#13650=EDGE_LOOP('',(#13643,#13645,#13646,#13647,#13649));
#13651=FACE_OUTER_BOUND('',#13650,.F.);
#13653=CARTESIAN_POINT('',(9.15E0,8.981892156510E0,-1.01E1));
#13654=DIRECTION('',(0.E0,1.E0,0.E0));
#13655=DIRECTION('',(0.E0,0.E0,1.E0));
#13656=AXIS2_PLACEMENT_3D('',#13653,#13654,#13655);
#13657=CYLINDRICAL_SURFACE('',#13656,1.E-1);
#13658=ORIENTED_EDGE('',*,*,#13642,.F.);
#13660=ORIENTED_EDGE('',*,*,#13659,.F.);
#13662=ORIENTED_EDGE('',*,*,#13661,.T.);
#13664=ORIENTED_EDGE('',*,*,#13663,.T.);
#13665=EDGE_LOOP('',(#13658,#13660,#13662,#13664));
#13666=FACE_OUTER_BOUND('',#13665,.F.);
#13668=CARTESIAN_POINT('',(8.75E0,9.1E0,-1.01E1));
#13669=DIRECTION('',(0.E0,0.E0,1.E0));
#13670=DIRECTION('',(-9.722305585795E-1,2.340250861855E-1,0.E0));
#13671=AXIS2_PLACEMENT_3D('',#13668,#13669,#13670);
#13672=TOROIDAL_SURFACE('',#13671,4.E-1,1.E-1);
#13674=ORIENTED_EDGE('',*,*,#13673,.T.);
#13675=ORIENTED_EDGE('',*,*,#13659,.T.);
#13677=ORIENTED_EDGE('',*,*,#13676,.F.);
#13679=ORIENTED_EDGE('',*,*,#13678,.F.);
#13680=EDGE_LOOP('',(#13674,#13675,#13677,#13679));
#13681=FACE_OUTER_BOUND('',#13680,.F.);
#13683=CARTESIAN_POINT('',(-3.5E0,0.E0,-1.E1));
#13684=DIRECTION('',(0.E0,0.E0,1.E0));
#13685=DIRECTION('',(1.E0,0.E0,0.E0));
#13686=AXIS2_PLACEMENT_3D('',#13683,#13684,#13685);
#13687=PLANE('',#13686);
#13689=ORIENTED_EDGE('',*,*,#13688,.F.);
#13691=ORIENTED_EDGE('',*,*,#13690,.F.);
#13692=ORIENTED_EDGE('',*,*,#13661,.F.);
#13693=ORIENTED_EDGE('',*,*,#13673,.F.);
#13694=EDGE_LOOP('',(#13689,#13691,#13692,#13693));
#13695=FACE_OUTER_BOUND('',#13694,.F.);
#13697=CARTESIAN_POINT('',(-3.5E0,0.E0,-1.E1));
#13698=DIRECTION('',(0.E0,0.E0,1.E0));
#13699=DIRECTION('',(1.E0,0.E0,0.E0));
#13700=AXIS2_PLACEMENT_3D('',#13697,#13698,#13699);
#13701=PLANE('',#13700);
#13703=ORIENTED_EDGE('',*,*,#13702,.F.);
#13705=ORIENTED_EDGE('',*,*,#13704,.F.);
#13707=ORIENTED_EDGE('',*,*,#13706,.F.);
#13709=ORIENTED_EDGE('',*,*,#13708,.F.);
#13710=EDGE_LOOP('',(#13703,#13705,#13707,#13709));
#13711=FACE_OUTER_BOUND('',#13710,.F.);
#13713=CARTESIAN_POINT('',(8.35E0,5.789556E1,-1.01E1));
#13714=DIRECTION('',(0.E0,-1.E0,0.E0));
#13715=DIRECTION('',(0.E0,0.E0,1.E0));
#13716=AXIS2_PLACEMENT_3D('',#13713,#13714,#13715);
#13717=CYLINDRICAL_SURFACE('',#13716,1.E-1);
#13718=ORIENTED_EDGE('',*,*,#13688,.T.);
#13719=ORIENTED_EDGE('',*,*,#13678,.T.);
#13721=ORIENTED_EDGE('',*,*,#13720,.F.);
#13723=ORIENTED_EDGE('',*,*,#13722,.T.);
#13724=EDGE_LOOP('',(#13718,#13719,#13721,#13723));
#13725=FACE_OUTER_BOUND('',#13724,.F.);
#13727=CARTESIAN_POINT('',(8.25E0,1.03E1,-2.E1));
#13728=DIRECTION('',(-1.E0,0.E0,0.E0));
#13729=DIRECTION('',(0.E0,-1.E0,0.E0));
#13730=AXIS2_PLACEMENT_3D('',#13727,#13728,#13729);
#13731=PLANE('',#13730);
#13732=ORIENTED_EDGE('',*,*,#13720,.T.);
#13734=ORIENTED_EDGE('',*,*,#13733,.F.);
#13735=ORIENTED_EDGE('',*,*,#10717,.F.);
#13736=ORIENTED_EDGE('',*,*,#11701,.T.);
#13738=ORIENTED_EDGE('',*,*,#13737,.F.);
#13739=EDGE_LOOP('',(#13732,#13734,#13735,#13736,#13738));
#13740=FACE_OUTER_BOUND('',#13739,.F.);
#13742=CARTESIAN_POINT('',(8.75E0,9.1E0,-2.E1));
#13743=DIRECTION('',(0.E0,0.E0,1.E0));
#13744=DIRECTION('',(1.E0,0.E0,0.E0));
#13745=AXIS2_PLACEMENT_3D('',#13742,#13743,#13744);
#13746=CYLINDRICAL_SURFACE('',#13745,5.E-1);
#13747=ORIENTED_EDGE('',*,*,#13676,.T.);
#13748=ORIENTED_EDGE('',*,*,#13648,.F.);
#13749=ORIENTED_EDGE('',*,*,#10719,.F.);
#13750=ORIENTED_EDGE('',*,*,#13733,.T.);
#13751=EDGE_LOOP('',(#13747,#13748,#13749,#13750));
#13752=FACE_OUTER_BOUND('',#13751,.F.);
#13754=CARTESIAN_POINT('',(8.35E0,1.02E1,-9.9E0));
#13755=DIRECTION('',(-1.E0,0.E0,0.E0));
#13756=DIRECTION('',(2.664535259100E-14,-7.564028598729E-1,-6.541060415376E-1));
#13757=AXIS2_PLACEMENT_3D('',#13754,#13755,#13756);
#13758=TOROIDAL_SURFACE('',#13757,2.E-1,1.E-1);
#13759=ORIENTED_EDGE('',*,*,#13737,.T.);
#13760=ORIENTED_EDGE('',*,*,#11699,.F.);
#13762=ORIENTED_EDGE('',*,*,#13761,.F.);
#13763=ORIENTED_EDGE('',*,*,#13722,.F.);
#13764=EDGE_LOOP('',(#13759,#13760,#13762,#13763));
#13765=FACE_OUTER_BOUND('',#13764,.F.);
#13767=CARTESIAN_POINT('',(1.0965888E2,1.02E1,-9.9E0));
#13768=DIRECTION('',(-1.E0,0.E0,0.E0));
#13769=DIRECTION('',(0.E0,1.E0,0.E0));
#13770=AXIS2_PLACEMENT_3D('',#13767,#13768,#13769);
#13771=CYLINDRICAL_SURFACE('',#13770,1.E-1);
#13772=ORIENTED_EDGE('',*,*,#11697,.F.);
#13774=ORIENTED_EDGE('',*,*,#13773,.T.);
#13775=ORIENTED_EDGE('',*,*,#13690,.T.);
#13776=ORIENTED_EDGE('',*,*,#13761,.T.);
#13777=EDGE_LOOP('',(#13772,#13774,#13775,#13776));
#13778=FACE_OUTER_BOUND('',#13777,.F.);
#13780=CARTESIAN_POINT('',(9.15E0,1.02E1,-9.9E0));
#13781=DIRECTION('',(-1.E0,0.E0,0.E0));
#13782=DIRECTION('',(-2.664535259100E-14,-5.485369585398E-1,
-8.361263093074E-1));
#13783=AXIS2_PLACEMENT_3D('',#13780,#13781,#13782);
#13784=TOROIDAL_SURFACE('',#13783,2.E-1,1.E-1);
#13785=ORIENTED_EDGE('',*,*,#13644,.F.);
#13786=ORIENTED_EDGE('',*,*,#13663,.F.);
#13787=ORIENTED_EDGE('',*,*,#13773,.F.);
#13788=ORIENTED_EDGE('',*,*,#11695,.F.);
#13789=EDGE_LOOP('',(#13785,#13786,#13787,#13788));
#13790=FACE_OUTER_BOUND('',#13789,.F.);
#13792=CARTESIAN_POINT('',(9.15E0,-5.789556E1,-1.01E1));
#13793=DIRECTION('',(0.E0,1.E0,0.E0));
#13794=DIRECTION('',(0.E0,0.E0,1.E0));
#13795=AXIS2_PLACEMENT_3D('',#13792,#13793,#13794);
#13796=CYLINDRICAL_SURFACE('',#13795,1.E-1);
#13797=ORIENTED_EDGE('',*,*,#13702,.T.);
#13799=ORIENTED_EDGE('',*,*,#13798,.T.);
#13801=ORIENTED_EDGE('',*,*,#13800,.F.);
#13803=ORIENTED_EDGE('',*,*,#13802,.T.);
#13804=EDGE_LOOP('',(#13797,#13799,#13801,#13803));
#13805=FACE_OUTER_BOUND('',#13804,.F.);
#13807=CARTESIAN_POINT('',(8.75E0,-9.1E0,-1.01E1));
#13808=DIRECTION('',(0.E0,0.E0,1.E0));
#13809=DIRECTION('',(9.722305585795E-1,-2.340250861855E-1,0.E0));
#13810=AXIS2_PLACEMENT_3D('',#13807,#13808,#13809);
#13811=TOROIDAL_SURFACE('',#13810,4.E-1,1.E-1);
#13812=ORIENTED_EDGE('',*,*,#13708,.T.);
#13814=ORIENTED_EDGE('',*,*,#13813,.T.);
#13816=ORIENTED_EDGE('',*,*,#13815,.F.);
#13817=ORIENTED_EDGE('',*,*,#13798,.F.);
#13818=EDGE_LOOP('',(#13812,#13814,#13816,#13817));
#13819=FACE_OUTER_BOUND('',#13818,.F.);
#13821=CARTESIAN_POINT('',(8.35E0,-8.981892156510E0,-1.01E1));
#13822=DIRECTION('',(0.E0,-1.E0,0.E0));
#13823=DIRECTION('',(0.E0,0.E0,1.E0));
#13824=AXIS2_PLACEMENT_3D('',#13821,#13822,#13823);
#13825=CYLINDRICAL_SURFACE('',#13824,1.E-1);
#13827=ORIENTED_EDGE('',*,*,#13826,.F.);
#13828=ORIENTED_EDGE('',*,*,#13813,.F.);
#13829=ORIENTED_EDGE('',*,*,#13706,.T.);
#13831=ORIENTED_EDGE('',*,*,#13830,.T.);
#13832=EDGE_LOOP('',(#13827,#13828,#13829,#13831));
#13833=FACE_OUTER_BOUND('',#13832,.F.);
#13835=CARTESIAN_POINT('',(8.25E0,-9.1E0,-2.E1));
#13836=DIRECTION('',(-1.E0,0.E0,0.E0));
#13837=DIRECTION('',(0.E0,-1.E0,0.E0));
#13838=AXIS2_PLACEMENT_3D('',#13835,#13836,#13837);
#13839=PLANE('',#13838);
#13840=ORIENTED_EDGE('',*,*,#13826,.T.);
#13842=ORIENTED_EDGE('',*,*,#13841,.T.);
#13843=ORIENTED_EDGE('',*,*,#11223,.F.);
#13844=ORIENTED_EDGE('',*,*,#10769,.F.);
#13846=ORIENTED_EDGE('',*,*,#13845,.T.);
#13847=EDGE_LOOP('',(#13840,#13842,#13843,#13844,#13846));
#13848=FACE_OUTER_BOUND('',#13847,.F.);
#13850=CARTESIAN_POINT('',(8.35E0,-1.02E1,-9.9E0));
#13851=DIRECTION('',(1.E0,0.E0,0.E0));
#13852=DIRECTION('',(2.664535259100E-14,5.485369585398E-1,-8.361263093074E-1));
#13853=AXIS2_PLACEMENT_3D('',#13850,#13851,#13852);
#13854=TOROIDAL_SURFACE('',#13853,2.E-1,1.E-1);
#13855=ORIENTED_EDGE('',*,*,#13841,.F.);
#13856=ORIENTED_EDGE('',*,*,#13830,.F.);
#13858=ORIENTED_EDGE('',*,*,#13857,.F.);
#13859=ORIENTED_EDGE('',*,*,#11225,.F.);
#13860=EDGE_LOOP('',(#13855,#13856,#13858,#13859));
#13861=FACE_OUTER_BOUND('',#13860,.F.);
#13863=CARTESIAN_POINT('',(-9.891571186161E1,-1.02E1,-9.9E0));
#13864=DIRECTION('',(1.E0,0.E0,0.E0));
#13865=DIRECTION('',(0.E0,-1.E0,0.E0));
#13866=AXIS2_PLACEMENT_3D('',#13863,#13864,#13865);
#13867=CYLINDRICAL_SURFACE('',#13866,1.E-1);
#13868=ORIENTED_EDGE('',*,*,#11227,.F.);
#13869=ORIENTED_EDGE('',*,*,#13857,.T.);
#13870=ORIENTED_EDGE('',*,*,#13704,.T.);
#13872=ORIENTED_EDGE('',*,*,#13871,.T.);
#13873=EDGE_LOOP('',(#13868,#13869,#13870,#13872));
#13874=FACE_OUTER_BOUND('',#13873,.F.);
#13876=CARTESIAN_POINT('',(9.15E0,-1.02E1,-9.9E0));
#13877=DIRECTION('',(1.E0,0.E0,0.E0));
#13878=DIRECTION('',(-2.664535259100E-14,7.564028598729E-1,-6.541060415376E-1));
#13879=AXIS2_PLACEMENT_3D('',#13876,#13877,#13878);
#13880=TOROIDAL_SURFACE('',#13879,2.E-1,1.E-1);
#13882=ORIENTED_EDGE('',*,*,#13881,.T.);
#13883=ORIENTED_EDGE('',*,*,#11229,.F.);
#13884=ORIENTED_EDGE('',*,*,#13871,.F.);
#13885=ORIENTED_EDGE('',*,*,#13802,.F.);
#13886=EDGE_LOOP('',(#13882,#13883,#13884,#13885));
#13887=FACE_OUTER_BOUND('',#13886,.F.);
#13889=CARTESIAN_POINT('',(9.25E0,-1.03E1,-2.E1));
#13890=DIRECTION('',(1.E0,0.E0,0.E0));
#13891=DIRECTION('',(0.E0,1.E0,0.E0));
#13892=AXIS2_PLACEMENT_3D('',#13889,#13890,#13891);
#13893=PLANE('',#13892);
#13894=ORIENTED_EDGE('',*,*,#13800,.T.);
#13896=ORIENTED_EDGE('',*,*,#13895,.F.);
#13897=ORIENTED_EDGE('',*,*,#10765,.F.);
#13898=ORIENTED_EDGE('',*,*,#11231,.T.);
#13899=ORIENTED_EDGE('',*,*,#13881,.F.);
#13900=EDGE_LOOP('',(#13894,#13896,#13897,#13898,#13899));
#13901=FACE_OUTER_BOUND('',#13900,.F.);
#13903=CARTESIAN_POINT('',(8.75E0,-9.1E0,-2.E1));
#13904=DIRECTION('',(0.E0,0.E0,1.E0));
#13905=DIRECTION('',(1.E0,0.E0,0.E0));
#13906=AXIS2_PLACEMENT_3D('',#13903,#13904,#13905);
#13907=CYLINDRICAL_SURFACE('',#13906,5.E-1);
#13908=ORIENTED_EDGE('',*,*,#13815,.T.);
#13909=ORIENTED_EDGE('',*,*,#13845,.F.);
#13910=ORIENTED_EDGE('',*,*,#10767,.F.);
#13911=ORIENTED_EDGE('',*,*,#13895,.T.);
#13912=EDGE_LOOP('',(#13908,#13909,#13910,#13911));
#13913=FACE_OUTER_BOUND('',#13912,.F.);
#13915=CARTESIAN_POINT('',(4.85E0,1.02E1,-9.9E0));
#13916=DIRECTION('',(-1.E0,0.E0,0.E0));
#13917=DIRECTION('',(2.664535259100E-14,-7.564028598729E-1,-6.541060415376E-1));
#13918=AXIS2_PLACEMENT_3D('',#13915,#13916,#13917);
#13919=TOROIDAL_SURFACE('',#13918,2.E-1,1.E-1);
#13921=ORIENTED_EDGE('',*,*,#13920,.T.);
#13922=ORIENTED_EDGE('',*,*,#11707,.F.);
#13923=ORIENTED_EDGE('',*,*,#11622,.F.);
#13924=ORIENTED_EDGE('',*,*,#11550,.F.);
#13925=EDGE_LOOP('',(#13921,#13922,#13923,#13924));
#13926=FACE_OUTER_BOUND('',#13925,.F.);
#13928=CARTESIAN_POINT('',(4.75E0,1.03E1,-2.E1));
#13929=DIRECTION('',(-1.E0,0.E0,0.E0));
#13930=DIRECTION('',(0.E0,-1.E0,0.E0));
#13931=AXIS2_PLACEMENT_3D('',#13928,#13929,#13930);
#13932=PLANE('',#13931);
#13933=ORIENTED_EDGE('',*,*,#11548,.T.);
#13935=ORIENTED_EDGE('',*,*,#13934,.F.);
#13936=ORIENTED_EDGE('',*,*,#10709,.F.);
#13937=ORIENTED_EDGE('',*,*,#11709,.T.);
#13938=ORIENTED_EDGE('',*,*,#13920,.F.);
#13939=EDGE_LOOP('',(#13933,#13935,#13936,#13937,#13938));
#13940=FACE_OUTER_BOUND('',#13939,.F.);
#13942=CARTESIAN_POINT('',(5.25E0,9.1E0,-2.E1));
#13943=DIRECTION('',(0.E0,0.E0,1.E0));
#13944=DIRECTION('',(1.E0,0.E0,0.E0));
#13945=AXIS2_PLACEMENT_3D('',#13942,#13943,#13944);
#13946=CYLINDRICAL_SURFACE('',#13945,5.E-1);
#13947=ORIENTED_EDGE('',*,*,#11563,.T.);
#13948=ORIENTED_EDGE('',*,*,#11594,.F.);
#13949=ORIENTED_EDGE('',*,*,#10711,.F.);
#13950=ORIENTED_EDGE('',*,*,#13934,.T.);
#13951=EDGE_LOOP('',(#13947,#13948,#13949,#13950));
#13952=FACE_OUTER_BOUND('',#13951,.F.);
#13954=CARTESIAN_POINT('',(2.25E0,9.1E0,-2.E1));
#13955=DIRECTION('',(1.E0,0.E0,0.E0));
#13956=DIRECTION('',(0.E0,1.E0,0.E0));
#13957=AXIS2_PLACEMENT_3D('',#13954,#13955,#13956);
#13958=PLANE('',#13957);
#13960=ORIENTED_EDGE('',*,*,#13959,.T.);
#13962=ORIENTED_EDGE('',*,*,#13961,.T.);
#13963=ORIENTED_EDGE('',*,*,#11712,.F.);
#13964=ORIENTED_EDGE('',*,*,#10705,.F.);
#13966=ORIENTED_EDGE('',*,*,#13965,.T.);
#13967=EDGE_LOOP('',(#13960,#13962,#13963,#13964,#13966));
#13968=FACE_OUTER_BOUND('',#13967,.F.);
#13970=CARTESIAN_POINT('',(2.15E0,8.981892156510E0,-1.01E1));
#13971=DIRECTION('',(0.E0,1.E0,0.E0));
#13972=DIRECTION('',(0.E0,0.E0,1.E0));
#13973=AXIS2_PLACEMENT_3D('',#13970,#13971,#13972);
#13974=CYLINDRICAL_SURFACE('',#13973,1.E-1);
#13975=ORIENTED_EDGE('',*,*,#13959,.F.);
#13977=ORIENTED_EDGE('',*,*,#13976,.F.);
#13979=ORIENTED_EDGE('',*,*,#13978,.T.);
#13981=ORIENTED_EDGE('',*,*,#13980,.T.);
#13982=EDGE_LOOP('',(#13975,#13977,#13979,#13981));
#13983=FACE_OUTER_BOUND('',#13982,.F.);
#13985=CARTESIAN_POINT('',(1.75E0,9.1E0,-1.01E1));
#13986=DIRECTION('',(0.E0,0.E0,1.E0));
#13987=DIRECTION('',(-9.722305585795E-1,2.340250861855E-1,0.E0));
#13988=AXIS2_PLACEMENT_3D('',#13985,#13986,#13987);
#13989=TOROIDAL_SURFACE('',#13988,4.E-1,1.E-1);
#13991=ORIENTED_EDGE('',*,*,#13990,.T.);
#13992=ORIENTED_EDGE('',*,*,#13976,.T.);
#13994=ORIENTED_EDGE('',*,*,#13993,.F.);
#13996=ORIENTED_EDGE('',*,*,#13995,.F.);
#13997=EDGE_LOOP('',(#13991,#13992,#13994,#13996));
#13998=FACE_OUTER_BOUND('',#13997,.F.);
#14000=CARTESIAN_POINT('',(-1.05E1,0.E0,-1.E1));
#14001=DIRECTION('',(0.E0,0.E0,1.E0));
#14002=DIRECTION('',(1.E0,0.E0,0.E0));
#14003=AXIS2_PLACEMENT_3D('',#14000,#14001,#14002);
#14004=PLANE('',#14003);
#14006=ORIENTED_EDGE('',*,*,#14005,.F.);
#14008=ORIENTED_EDGE('',*,*,#14007,.F.);
#14009=ORIENTED_EDGE('',*,*,#13978,.F.);
#14010=ORIENTED_EDGE('',*,*,#13990,.F.);
#14011=EDGE_LOOP('',(#14006,#14008,#14009,#14010));
#14012=FACE_OUTER_BOUND('',#14011,.F.);
#14014=CARTESIAN_POINT('',(-1.05E1,0.E0,-1.E1));
#14015=DIRECTION('',(0.E0,0.E0,1.E0));
#14016=DIRECTION('',(1.E0,0.E0,0.E0));
#14017=AXIS2_PLACEMENT_3D('',#14014,#14015,#14016);
#14018=PLANE('',#14017);
#14020=ORIENTED_EDGE('',*,*,#14019,.F.);
#14022=ORIENTED_EDGE('',*,*,#14021,.F.);
#14024=ORIENTED_EDGE('',*,*,#14023,.F.);
#14026=ORIENTED_EDGE('',*,*,#14025,.F.);
#14027=EDGE_LOOP('',(#14020,#14022,#14024,#14026));
#14028=FACE_OUTER_BOUND('',#14027,.F.);
#14030=CARTESIAN_POINT('',(1.35E0,5.789556E1,-1.01E1));
#14031=DIRECTION('',(0.E0,-1.E0,0.E0));
#14032=DIRECTION('',(0.E0,0.E0,1.E0));
#14033=AXIS2_PLACEMENT_3D('',#14030,#14031,#14032);
#14034=CYLINDRICAL_SURFACE('',#14033,1.E-1);
#14035=ORIENTED_EDGE('',*,*,#14005,.T.);
#14036=ORIENTED_EDGE('',*,*,#13995,.T.);
#14038=ORIENTED_EDGE('',*,*,#14037,.F.);
#14040=ORIENTED_EDGE('',*,*,#14039,.T.);
#14041=EDGE_LOOP('',(#14035,#14036,#14038,#14040));
#14042=FACE_OUTER_BOUND('',#14041,.F.);
#14044=CARTESIAN_POINT('',(1.25E0,1.03E1,-2.E1));
#14045=DIRECTION('',(-1.E0,0.E0,0.E0));
#14046=DIRECTION('',(0.E0,-1.E0,0.E0));
#14047=AXIS2_PLACEMENT_3D('',#14044,#14045,#14046);
#14048=PLANE('',#14047);
#14049=ORIENTED_EDGE('',*,*,#14037,.T.);
#14051=ORIENTED_EDGE('',*,*,#14050,.F.);
#14052=ORIENTED_EDGE('',*,*,#10701,.F.);
#14053=ORIENTED_EDGE('',*,*,#11720,.T.);
#14055=ORIENTED_EDGE('',*,*,#14054,.F.);
#14056=EDGE_LOOP('',(#14049,#14051,#14052,#14053,#14055));
#14057=FACE_OUTER_BOUND('',#14056,.F.);
#14059=CARTESIAN_POINT('',(1.75E0,9.1E0,-2.E1));
#14060=DIRECTION('',(0.E0,0.E0,1.E0));
#14061=DIRECTION('',(1.E0,0.E0,0.E0));
#14062=AXIS2_PLACEMENT_3D('',#14059,#14060,#14061);
#14063=CYLINDRICAL_SURFACE('',#14062,5.E-1);
#14064=ORIENTED_EDGE('',*,*,#13993,.T.);
#14065=ORIENTED_EDGE('',*,*,#13965,.F.);
#14066=ORIENTED_EDGE('',*,*,#10703,.F.);
#14067=ORIENTED_EDGE('',*,*,#14050,.T.);
#14068=EDGE_LOOP('',(#14064,#14065,#14066,#14067));
#14069=FACE_OUTER_BOUND('',#14068,.F.);
#14071=CARTESIAN_POINT('',(1.35E0,1.02E1,-9.9E0));
#14072=DIRECTION('',(-1.E0,0.E0,0.E0));
#14073=DIRECTION('',(2.886579864025E-14,-7.564028598729E-1,-6.541060415376E-1));
#14074=AXIS2_PLACEMENT_3D('',#14071,#14072,#14073);
#14075=TOROIDAL_SURFACE('',#14074,2.E-1,1.E-1);
#14076=ORIENTED_EDGE('',*,*,#14054,.T.);
#14077=ORIENTED_EDGE('',*,*,#11718,.F.);
#14079=ORIENTED_EDGE('',*,*,#14078,.F.);
#14080=ORIENTED_EDGE('',*,*,#14039,.F.);
#14081=EDGE_LOOP('',(#14076,#14077,#14079,#14080));
#14082=FACE_OUTER_BOUND('',#14081,.F.);
#14084=CARTESIAN_POINT('',(9.957618471231E1,1.02E1,-9.9E0));
#14085=DIRECTION('',(-1.E0,0.E0,0.E0));
#14086=DIRECTION('',(0.E0,1.E0,0.E0));
#14087=AXIS2_PLACEMENT_3D('',#14084,#14085,#14086);
#14088=CYLINDRICAL_SURFACE('',#14087,1.E-1);
#14089=ORIENTED_EDGE('',*,*,#11716,.F.);
#14091=ORIENTED_EDGE('',*,*,#14090,.T.);
#14092=ORIENTED_EDGE('',*,*,#14007,.T.);
#14093=ORIENTED_EDGE('',*,*,#14078,.T.);
#14094=EDGE_LOOP('',(#14089,#14091,#14092,#14093));
#14095=FACE_OUTER_BOUND('',#14094,.F.);
#14097=CARTESIAN_POINT('',(2.15E0,1.02E1,-9.9E0));
#14098=DIRECTION('',(-1.E0,0.E0,0.E0));
#14099=DIRECTION('',(-2.886579864025E-14,-5.485369585398E-1,
-8.361263093074E-1));
#14100=AXIS2_PLACEMENT_3D('',#14097,#14098,#14099);
#14101=TOROIDAL_SURFACE('',#14100,2.E-1,1.E-1);
#14102=ORIENTED_EDGE('',*,*,#13961,.F.);
#14103=ORIENTED_EDGE('',*,*,#13980,.F.);
#14104=ORIENTED_EDGE('',*,*,#14090,.F.);
#14105=ORIENTED_EDGE('',*,*,#11714,.F.);
#14106=EDGE_LOOP('',(#14102,#14103,#14104,#14105));
#14107=FACE_OUTER_BOUND('',#14106,.F.);
#14109=CARTESIAN_POINT('',(2.15E0,-5.789556E1,-1.01E1));
#14110=DIRECTION('',(0.E0,1.E0,0.E0));
#14111=DIRECTION('',(0.E0,0.E0,1.E0));
#14112=AXIS2_PLACEMENT_3D('',#14109,#14110,#14111);
#14113=CYLINDRICAL_SURFACE('',#14112,1.E-1);
#14114=ORIENTED_EDGE('',*,*,#14019,.T.);
#14116=ORIENTED_EDGE('',*,*,#14115,.T.);
#14118=ORIENTED_EDGE('',*,*,#14117,.F.);
#14120=ORIENTED_EDGE('',*,*,#14119,.T.);
#14121=EDGE_LOOP('',(#14114,#14116,#14118,#14120));
#14122=FACE_OUTER_BOUND('',#14121,.F.);
#14124=CARTESIAN_POINT('',(1.75E0,-9.1E0,-1.01E1));
#14125=DIRECTION('',(0.E0,0.E0,1.E0));
#14126=DIRECTION('',(9.722305585795E-1,-2.340250861855E-1,0.E0));
#14127=AXIS2_PLACEMENT_3D('',#14124,#14125,#14126);
#14128=TOROIDAL_SURFACE('',#14127,4.E-1,1.E-1);
#14129=ORIENTED_EDGE('',*,*,#14025,.T.);
#14131=ORIENTED_EDGE('',*,*,#14130,.T.);
#14133=ORIENTED_EDGE('',*,*,#14132,.F.);
#14134=ORIENTED_EDGE('',*,*,#14115,.F.);
#14135=EDGE_LOOP('',(#14129,#14131,#14133,#14134));
#14136=FACE_OUTER_BOUND('',#14135,.F.);
#14138=CARTESIAN_POINT('',(1.35E0,-8.981892156510E0,-1.01E1));
#14139=DIRECTION('',(0.E0,-1.E0,0.E0));
#14140=DIRECTION('',(0.E0,0.E0,1.E0));
#14141=AXIS2_PLACEMENT_3D('',#14138,#14139,#14140);
#14142=CYLINDRICAL_SURFACE('',#14141,1.E-1);
#14144=ORIENTED_EDGE('',*,*,#14143,.F.);
#14145=ORIENTED_EDGE('',*,*,#14130,.F.);
#14146=ORIENTED_EDGE('',*,*,#14023,.T.);
#14148=ORIENTED_EDGE('',*,*,#14147,.T.);
#14149=EDGE_LOOP('',(#14144,#14145,#14146,#14148));
#14150=FACE_OUTER_BOUND('',#14149,.F.);
#14152=CARTESIAN_POINT('',(1.25E0,-9.1E0,-2.E1));
#14153=DIRECTION('',(-1.E0,0.E0,0.E0));
#14154=DIRECTION('',(0.E0,-1.E0,0.E0));
#14155=AXIS2_PLACEMENT_3D('',#14152,#14153,#14154);
#14156=PLANE('',#14155);
#14157=ORIENTED_EDGE('',*,*,#14143,.T.);
#14159=ORIENTED_EDGE('',*,*,#14158,.T.);
#14160=ORIENTED_EDGE('',*,*,#11295,.F.);
#14161=ORIENTED_EDGE('',*,*,#10609,.F.);
#14163=ORIENTED_EDGE('',*,*,#14162,.T.);
#14164=EDGE_LOOP('',(#14157,#14159,#14160,#14161,#14163));
#14165=FACE_OUTER_BOUND('',#14164,.F.);
#14167=CARTESIAN_POINT('',(1.35E0,-1.02E1,-9.9E0));
#14168=DIRECTION('',(1.E0,0.E0,0.E0));
#14169=DIRECTION('',(2.886579864025E-14,5.485369585398E-1,-8.361263093074E-1));
#14170=AXIS2_PLACEMENT_3D('',#14167,#14168,#14169);
#14171=TOROIDAL_SURFACE('',#14170,2.E-1,1.E-1);
#14172=ORIENTED_EDGE('',*,*,#14158,.F.);
#14173=ORIENTED_EDGE('',*,*,#14147,.F.);
#14175=ORIENTED_EDGE('',*,*,#14174,.F.);
#14176=ORIENTED_EDGE('',*,*,#11297,.F.);
#14177=EDGE_LOOP('',(#14172,#14173,#14175,#14176));
#14178=FACE_OUTER_BOUND('',#14177,.F.);
#14180=CARTESIAN_POINT('',(-9.596348765240E1,-1.02E1,-9.9E0));
#14181=DIRECTION('',(1.E0,0.E0,0.E0));
#14182=DIRECTION('',(0.E0,-1.E0,0.E0));
#14183=AXIS2_PLACEMENT_3D('',#14180,#14181,#14182);
#14184=CYLINDRICAL_SURFACE('',#14183,1.E-1);
#14185=ORIENTED_EDGE('',*,*,#11299,.F.);
#14186=ORIENTED_EDGE('',*,*,#14174,.T.);
#14187=ORIENTED_EDGE('',*,*,#14021,.T.);
#14189=ORIENTED_EDGE('',*,*,#14188,.T.);
#14190=EDGE_LOOP('',(#14185,#14186,#14187,#14189));
#14191=FACE_OUTER_BOUND('',#14190,.F.);
#14193=CARTESIAN_POINT('',(2.15E0,-1.02E1,-9.9E0));
#14194=DIRECTION('',(1.E0,0.E0,0.E0));
#14195=DIRECTION('',(-2.886579864025E-14,7.564028598729E-1,-6.541060415376E-1));
#14196=AXIS2_PLACEMENT_3D('',#14193,#14194,#14195);
#14197=TOROIDAL_SURFACE('',#14196,2.E-1,1.E-1);
#14199=ORIENTED_EDGE('',*,*,#14198,.T.);
#14200=ORIENTED_EDGE('',*,*,#11301,.F.);
#14201=ORIENTED_EDGE('',*,*,#14188,.F.);
#14202=ORIENTED_EDGE('',*,*,#14119,.F.);
#14203=EDGE_LOOP('',(#14199,#14200,#14201,#14202));
#14204=FACE_OUTER_BOUND('',#14203,.F.);
#14206=CARTESIAN_POINT('',(2.25E0,-1.03E1,-2.E1));
#14207=DIRECTION('',(1.E0,0.E0,0.E0));
#14208=DIRECTION('',(0.E0,1.E0,0.E0));
#14209=AXIS2_PLACEMENT_3D('',#14206,#14207,#14208);
#14210=PLANE('',#14209);
#14211=ORIENTED_EDGE('',*,*,#14117,.T.);
#14213=ORIENTED_EDGE('',*,*,#14212,.F.);
#14214=ORIENTED_EDGE('',*,*,#10605,.F.);
#14215=ORIENTED_EDGE('',*,*,#11303,.T.);
#14216=ORIENTED_EDGE('',*,*,#14198,.F.);
#14217=EDGE_LOOP('',(#14211,#14213,#14214,#14215,#14216));
#14218=FACE_OUTER_BOUND('',#14217,.F.);
#14220=CARTESIAN_POINT('',(1.75E0,-9.1E0,-2.E1));
#14221=DIRECTION('',(0.E0,0.E0,1.E0));
#14222=DIRECTION('',(1.E0,0.E0,0.E0));
#14223=AXIS2_PLACEMENT_3D('',#14220,#14221,#14222);
#14224=CYLINDRICAL_SURFACE('',#14223,5.E-1);
#14225=ORIENTED_EDGE('',*,*,#14132,.T.);
#14226=ORIENTED_EDGE('',*,*,#14162,.F.);
#14227=ORIENTED_EDGE('',*,*,#10607,.F.);
#14228=ORIENTED_EDGE('',*,*,#14212,.T.);
#14229=EDGE_LOOP('',(#14225,#14226,#14227,#14228));
#14230=FACE_OUTER_BOUND('',#14229,.F.);
#14232=CARTESIAN_POINT('',(-9.731993617772E1,-1.02E1,-9.9E0));
#14233=DIRECTION('',(1.E0,0.E0,0.E0));
#14234=DIRECTION('',(0.E0,-1.E0,0.E0));
#14235=AXIS2_PLACEMENT_3D('',#14232,#14233,#14234);
#14236=CYLINDRICAL_SURFACE('',#14235,1.E-1);
#14237=ORIENTED_EDGE('',*,*,#11216,.T.);
#14239=ORIENTED_EDGE('',*,*,#14238,.T.);
#14240=ORIENTED_EDGE('',*,*,#11408,.T.);
#14242=ORIENTED_EDGE('',*,*,#14241,.T.);
#14243=EDGE_LOOP('',(#14237,#14239,#14240,#14242));
#14244=FACE_OUTER_BOUND('',#14243,.F.);
#14246=CARTESIAN_POINT('',(4.675E0,-1.02E1,-9.9E0));
#14247=DIRECTION('',(1.E0,0.E0,0.E0));
#14248=DIRECTION('',(1.332267629550E-14,5.485369585398E-1,-8.361263093074E-1));
#14249=AXIS2_PLACEMENT_3D('',#14246,#14247,#14248);
#14250=TOROIDAL_SURFACE('',#14249,2.E-1,1.E-1);
#14251=ORIENTED_EDGE('',*,*,#11316,.F.);
#14252=ORIENTED_EDGE('',*,*,#11335,.F.);
#14253=ORIENTED_EDGE('',*,*,#14238,.F.);
#14254=ORIENTED_EDGE('',*,*,#11214,.F.);
#14255=EDGE_LOOP('',(#14251,#14252,#14253,#14254));
#14256=FACE_OUTER_BOUND('',#14255,.F.);
#14258=CARTESIAN_POINT('',(5.825E0,-1.02E1,-9.9E0));
#14259=DIRECTION('',(1.E0,0.E0,0.E0));
#14260=DIRECTION('',(-1.332267629550E-14,7.564028598729E-1,-6.541060415376E-1));
#14261=AXIS2_PLACEMENT_3D('',#14258,#14259,#14260);
#14262=TOROIDAL_SURFACE('',#14261,2.E-1,1.E-1);
#14264=ORIENTED_EDGE('',*,*,#14263,.T.);
#14265=ORIENTED_EDGE('',*,*,#11218,.F.);
#14266=ORIENTED_EDGE('',*,*,#14241,.F.);
#14268=ORIENTED_EDGE('',*,*,#14267,.F.);
#14269=EDGE_LOOP('',(#14264,#14265,#14266,#14268));
#14270=FACE_OUTER_BOUND('',#14269,.F.);
#14272=CARTESIAN_POINT('',(5.925E0,-1.03E1,-2.E1));
#14273=DIRECTION('',(1.E0,0.E0,0.E0));
#14274=DIRECTION('',(0.E0,1.E0,0.E0));
#14275=AXIS2_PLACEMENT_3D('',#14272,#14273,#14274);
#14276=PLANE('',#14275);
#14278=ORIENTED_EDGE('',*,*,#14277,.T.);
#14280=ORIENTED_EDGE('',*,*,#14279,.F.);
#14281=ORIENTED_EDGE('',*,*,#10597,.F.);
#14282=ORIENTED_EDGE('',*,*,#11220,.T.);
#14283=ORIENTED_EDGE('',*,*,#14263,.F.);
#14284=EDGE_LOOP('',(#14278,#14280,#14281,#14282,#14283));
#14285=FACE_OUTER_BOUND('',#14284,.F.);
#14287=CARTESIAN_POINT('',(5.825E0,-5.789556E1,-1.01E1));
#14288=DIRECTION('',(0.E0,1.E0,0.E0));
#14289=DIRECTION('',(0.E0,0.E0,1.E0));
#14290=AXIS2_PLACEMENT_3D('',#14287,#14288,#14289);
#14291=CYLINDRICAL_SURFACE('',#14290,1.E-1);
#14292=ORIENTED_EDGE('',*,*,#11412,.T.);
#14293=ORIENTED_EDGE('',*,*,#11350,.T.);
#14294=ORIENTED_EDGE('',*,*,#14277,.F.);
#14295=ORIENTED_EDGE('',*,*,#14267,.T.);
#14296=EDGE_LOOP('',(#14292,#14293,#14294,#14295));
#14297=FACE_OUTER_BOUND('',#14296,.F.);
#14299=CARTESIAN_POINT('',(5.25E0,-8.075E0,-2.E1));
#14300=DIRECTION('',(0.E0,0.E0,1.E0));
#14301=DIRECTION('',(1.E0,0.E0,0.E0));
#14302=AXIS2_PLACEMENT_3D('',#14299,#14300,#14301);
#14303=CYLINDRICAL_SURFACE('',#14302,6.75E-1);
#14304=ORIENTED_EDGE('',*,*,#11348,.T.);
#14305=ORIENTED_EDGE('',*,*,#11320,.F.);
#14306=ORIENTED_EDGE('',*,*,#10599,.F.);
#14307=ORIENTED_EDGE('',*,*,#14279,.T.);
#14308=EDGE_LOOP('',(#14304,#14305,#14306,#14307));
#14309=FACE_OUTER_BOUND('',#14308,.F.);
#14311=CARTESIAN_POINT('',(1.55E1,5.6E0,-5.E-1));
#14312=DIRECTION('',(0.E0,0.E0,1.E0));
#14313=DIRECTION('',(9.998185608629E-1,-1.904850004442E-2,0.E0));
#14314=AXIS2_PLACEMENT_3D('',#14311,#14312,#14313);
#14315=TOROIDAL_SURFACE('',#14314,5.7E0,5.E-1);
#14316=ORIENTED_EDGE('',*,*,#11059,.T.);
#14317=ORIENTED_EDGE('',*,*,#11049,.T.);
#14319=ORIENTED_EDGE('',*,*,#14318,.F.);
#14321=ORIENTED_EDGE('',*,*,#14320,.F.);
#14322=EDGE_LOOP('',(#14316,#14317,#14319,#14321));
#14323=FACE_OUTER_BOUND('',#14322,.F.);
#14325=CARTESIAN_POINT('',(1.55E1,5.6E0,0.E0));
#14326=DIRECTION('',(0.E0,0.E0,1.E0));
#14327=DIRECTION('',(1.E0,0.E0,0.E0));
#14328=AXIS2_PLACEMENT_3D('',#14325,#14326,#14327);
#14329=CYLINDRICAL_SURFACE('',#14328,6.2E0);
#14330=ORIENTED_EDGE('',*,*,#14318,.T.);
#14331=ORIENTED_EDGE('',*,*,#11012,.T.);
#14333=ORIENTED_EDGE('',*,*,#14332,.F.);
#14335=ORIENTED_EDGE('',*,*,#14334,.F.);
#14337=ORIENTED_EDGE('',*,*,#14336,.T.);
#14339=ORIENTED_EDGE('',*,*,#14338,.F.);
#14340=EDGE_LOOP('',(#14330,#14331,#14333,#14335,#14337,#14339));
#14341=FACE_OUTER_BOUND('',#14340,.F.);
#14343=CARTESIAN_POINT('',(0.E0,0.E0,-1.925E1));
#14344=DIRECTION('',(0.E0,0.E0,1.E0));
#14345=DIRECTION('',(1.E0,0.E0,0.E0));
#14346=AXIS2_PLACEMENT_3D('',#14343,#14344,#14345);
#14347=PLANE('',#14346);
#14349=ORIENTED_EDGE('',*,*,#14348,.T.);
#14351=ORIENTED_EDGE('',*,*,#14350,.F.);
#14352=ORIENTED_EDGE('',*,*,#10938,.F.);
#14353=ORIENTED_EDGE('',*,*,#10955,.F.);
#14354=ORIENTED_EDGE('',*,*,#10967,.F.);
#14355=ORIENTED_EDGE('',*,*,#10981,.F.);
#14356=ORIENTED_EDGE('',*,*,#10997,.F.);
#14357=EDGE_LOOP('',(#14349,#14351,#14352,#14353,#14354,#14355,#14356));
#14358=FACE_OUTER_BOUND('',#14357,.F.);
#14360=ORIENTED_EDGE('',*,*,#14359,.T.);
#14362=ORIENTED_EDGE('',*,*,#14361,.T.);
#14363=EDGE_LOOP('',(#14360,#14362));
#14364=FACE_BOUND('',#14363,.F.);
#14366=CARTESIAN_POINT('',(0.E0,0.E0,-1.925E1));
#14367=DIRECTION('',(0.E0,0.E0,1.E0));
#14368=DIRECTION('',(1.E0,0.E0,0.E0));
#14369=AXIS2_PLACEMENT_3D('',#14366,#14367,#14368);
#14370=PLANE('',#14369);
#14372=ORIENTED_EDGE('',*,*,#14371,.T.);
#14374=ORIENTED_EDGE('',*,*,#14373,.T.);
#14376=ORIENTED_EDGE('',*,*,#14375,.F.);
#14378=ORIENTED_EDGE('',*,*,#14377,.F.);
#14380=ORIENTED_EDGE('',*,*,#14379,.F.);
#14382=ORIENTED_EDGE('',*,*,#14381,.F.);
#14384=ORIENTED_EDGE('',*,*,#14383,.F.);
#14386=ORIENTED_EDGE('',*,*,#14385,.F.);
#14387=EDGE_LOOP('',(#14372,#14374,#14376,#14378,#14380,#14382,#14384,#14386));
#14388=FACE_OUTER_BOUND('',#14387,.F.);
#14390=ORIENTED_EDGE('',*,*,#14389,.T.);
#14392=ORIENTED_EDGE('',*,*,#14391,.T.);
#14393=EDGE_LOOP('',(#14390,#14392));
#14394=FACE_BOUND('',#14393,.F.);
#14396=CARTESIAN_POINT('',(0.E0,0.E0,-1.925E1));
#14397=DIRECTION('',(0.E0,0.E0,1.E0));
#14398=DIRECTION('',(1.E0,0.E0,0.E0));
#14399=AXIS2_PLACEMENT_3D('',#14396,#14397,#14398);
#14400=PLANE('',#14399);
#14402=ORIENTED_EDGE('',*,*,#14401,.T.);
#14404=ORIENTED_EDGE('',*,*,#14403,.T.);
#14406=ORIENTED_EDGE('',*,*,#14405,.F.);
#14408=ORIENTED_EDGE('',*,*,#14407,.F.);
#14410=ORIENTED_EDGE('',*,*,#14409,.F.);
#14412=ORIENTED_EDGE('',*,*,#14411,.F.);
#14414=ORIENTED_EDGE('',*,*,#14413,.F.);
#14416=ORIENTED_EDGE('',*,*,#14415,.F.);
#14417=EDGE_LOOP('',(#14402,#14404,#14406,#14408,#14410,#14412,#14414,#14416));
#14418=FACE_OUTER_BOUND('',#14417,.F.);
#14420=ORIENTED_EDGE('',*,*,#14419,.T.);
#14422=ORIENTED_EDGE('',*,*,#14421,.T.);
#14423=EDGE_LOOP('',(#14420,#14422));
#14424=FACE_BOUND('',#14423,.F.);
#14426=CARTESIAN_POINT('',(0.E0,0.E0,-1.925E1));
#14427=DIRECTION('',(0.E0,0.E0,1.E0));
#14428=DIRECTION('',(1.E0,0.E0,0.E0));
#14429=AXIS2_PLACEMENT_3D('',#14426,#14427,#14428);
#14430=PLANE('',#14429);
#14431=ORIENTED_EDGE('',*,*,#14332,.T.);
#14432=ORIENTED_EDGE('',*,*,#11010,.F.);
#14434=ORIENTED_EDGE('',*,*,#14433,.F.);
#14436=ORIENTED_EDGE('',*,*,#14435,.F.);
#14438=ORIENTED_EDGE('',*,*,#14437,.F.);
#14440=ORIENTED_EDGE('',*,*,#14439,.F.);
#14442=ORIENTED_EDGE('',*,*,#14441,.F.);
#14443=EDGE_LOOP('',(#14431,#14432,#14434,#14436,#14438,#14440,#14442));
#14444=FACE_OUTER_BOUND('',#14443,.F.);
#14446=ORIENTED_EDGE('',*,*,#14445,.T.);
#14448=ORIENTED_EDGE('',*,*,#14447,.T.);
#14449=EDGE_LOOP('',(#14446,#14448));
#14450=FACE_BOUND('',#14449,.F.);
#14452=CARTESIAN_POINT('',(-1.55E1,5.6E0,0.E0));
#14453=DIRECTION('',(0.E0,0.E0,1.E0));
#14454=DIRECTION('',(1.E0,0.E0,0.E0));
#14455=AXIS2_PLACEMENT_3D('',#14452,#14453,#14454);
#14456=CYLINDRICAL_SURFACE('',#14455,6.2E0);
#14458=ORIENTED_EDGE('',*,*,#14457,.T.);
#14460=ORIENTED_EDGE('',*,*,#14459,.T.);
#14462=ORIENTED_EDGE('',*,*,#14461,.T.);
#14464=ORIENTED_EDGE('',*,*,#14463,.T.);
#14465=ORIENTED_EDGE('',*,*,#14348,.F.);
#14466=ORIENTED_EDGE('',*,*,#10995,.F.);
#14467=EDGE_LOOP('',(#14458,#14460,#14462,#14464,#14465,#14466));
#14468=FACE_OUTER_BOUND('',#14467,.F.);
#14470=CARTESIAN_POINT('',(-1.55E1,5.6E0,-5.E-1));
#14471=DIRECTION('',(0.E0,0.E0,1.E0));
#14472=DIRECTION('',(1.904850004442E-2,9.998185608629E-1,0.E0));
#14473=AXIS2_PLACEMENT_3D('',#14470,#14471,#14472);
#14474=TOROIDAL_SURFACE('',#14473,5.7E0,5.E-1);
#14475=ORIENTED_EDGE('',*,*,#11071,.T.);
#14477=ORIENTED_EDGE('',*,*,#14476,.T.);
#14478=ORIENTED_EDGE('',*,*,#14457,.F.);
#14479=ORIENTED_EDGE('',*,*,#11040,.F.);
#14480=EDGE_LOOP('',(#14475,#14477,#14478,#14479));
#14481=FACE_OUTER_BOUND('',#14480,.F.);
#14483=CARTESIAN_POINT('',(-2.12E1,5.718107843490E0,-5.E-1));
#14484=DIRECTION('',(0.E0,-1.E0,0.E0));
#14485=DIRECTION('',(0.E0,0.E0,1.E0));
#14486=AXIS2_PLACEMENT_3D('',#14483,#14484,#14485);
#14487=CYLINDRICAL_SURFACE('',#14486,5.E-1);
#14488=ORIENTED_EDGE('',*,*,#11069,.T.);
#14490=ORIENTED_EDGE('',*,*,#14489,.T.);
#14492=ORIENTED_EDGE('',*,*,#14491,.F.);
#14493=ORIENTED_EDGE('',*,*,#14476,.F.);
#14494=EDGE_LOOP('',(#14488,#14490,#14492,#14493));
#14495=FACE_OUTER_BOUND('',#14494,.F.);
#14497=CARTESIAN_POINT('',(-1.55E1,-5.6E0,-5.E-1));
#14498=DIRECTION('',(0.E0,0.E0,1.E0));
#14499=DIRECTION('',(-9.998185608629E-1,1.904850004442E-2,0.E0));
#14500=AXIS2_PLACEMENT_3D('',#14497,#14498,#14499);
#14501=TOROIDAL_SURFACE('',#14500,5.7E0,5.E-1);
#14502=ORIENTED_EDGE('',*,*,#11067,.T.);
#14504=ORIENTED_EDGE('',*,*,#14503,.T.);
#14506=ORIENTED_EDGE('',*,*,#14505,.F.);
#14507=ORIENTED_EDGE('',*,*,#14489,.F.);
#14508=EDGE_LOOP('',(#14502,#14504,#14506,#14507));
#14509=FACE_OUTER_BOUND('',#14508,.F.);
#14511=CARTESIAN_POINT('',(-1.561810784349E1,-1.13E1,-5.E-1));
#14512=DIRECTION('',(1.E0,0.E0,0.E0));
#14513=DIRECTION('',(0.E0,0.E0,1.E0));
#14514=AXIS2_PLACEMENT_3D('',#14511,#14512,#14513);
#14515=CYLINDRICAL_SURFACE('',#14514,5.E-1);
#14516=ORIENTED_EDGE('',*,*,#11065,.T.);
#14518=ORIENTED_EDGE('',*,*,#14517,.T.);
#14520=ORIENTED_EDGE('',*,*,#14519,.F.);
#14521=ORIENTED_EDGE('',*,*,#14503,.F.);
#14522=EDGE_LOOP('',(#14516,#14518,#14520,#14521));
#14523=FACE_OUTER_BOUND('',#14522,.F.);
#14525=CARTESIAN_POINT('',(1.55E1,-5.6E0,-5.E-1));
#14526=DIRECTION('',(0.E0,0.E0,1.E0));
#14527=DIRECTION('',(-1.904850004442E-2,-9.998185608629E-1,0.E0));
#14528=AXIS2_PLACEMENT_3D('',#14525,#14526,#14527);
#14529=TOROIDAL_SURFACE('',#14528,5.7E0,5.E-1);
#14530=ORIENTED_EDGE('',*,*,#11063,.T.);
#14532=ORIENTED_EDGE('',*,*,#14531,.T.);
#14534=ORIENTED_EDGE('',*,*,#14533,.F.);
#14535=ORIENTED_EDGE('',*,*,#14517,.F.);
#14536=EDGE_LOOP('',(#14530,#14532,#14534,#14535));
#14537=FACE_OUTER_BOUND('',#14536,.F.);
#14539=CARTESIAN_POINT('',(2.12E1,-5.718107843490E0,-5.E-1));
#14540=DIRECTION('',(0.E0,1.E0,0.E0));
#14541=DIRECTION('',(0.E0,0.E0,1.E0));
#14542=AXIS2_PLACEMENT_3D('',#14539,#14540,#14541);
#14543=CYLINDRICAL_SURFACE('',#14542,5.E-1);
#14544=ORIENTED_EDGE('',*,*,#11061,.T.);
#14545=ORIENTED_EDGE('',*,*,#14320,.T.);
#14547=ORIENTED_EDGE('',*,*,#14546,.F.);
#14548=ORIENTED_EDGE('',*,*,#14531,.F.);
#14549=EDGE_LOOP('',(#14544,#14545,#14547,#14548));
#14550=FACE_OUTER_BOUND('',#14549,.F.);
#14552=CARTESIAN_POINT('',(2.17E1,-5.6E0,0.E0));
#14553=DIRECTION('',(1.E0,0.E0,0.E0));
#14554=DIRECTION('',(0.E0,1.E0,0.E0));
#14555=AXIS2_PLACEMENT_3D('',#14552,#14553,#14554);
#14556=PLANE('',#14555);
#14557=ORIENTED_EDGE('',*,*,#14546,.T.);
#14558=ORIENTED_EDGE('',*,*,#14338,.T.);
#14560=ORIENTED_EDGE('',*,*,#14559,.T.);
#14562=ORIENTED_EDGE('',*,*,#14561,.T.);
#14563=ORIENTED_EDGE('',*,*,#14403,.F.);
#14565=ORIENTED_EDGE('',*,*,#14564,.F.);
#14566=EDGE_LOOP('',(#14557,#14558,#14560,#14562,#14563,#14565));
#14567=FACE_OUTER_BOUND('',#14566,.F.);
#14569=CARTESIAN_POINT('',(2.22E1,5.713563816111E0,-1.95E1));
#14570=DIRECTION('',(0.E0,-1.E0,0.E0));
#14571=DIRECTION('',(-1.E0,0.E0,0.E0));
#14572=AXIS2_PLACEMENT_3D('',#14569,#14570,#14571);
#14573=CYLINDRICAL_SURFACE('',#14572,5.E-1);
#14575=ORIENTED_EDGE('',*,*,#14574,.T.);
#14576=ORIENTED_EDGE('',*,*,#14559,.F.);
#14578=ORIENTED_EDGE('',*,*,#14577,.T.);
#14579=ORIENTED_EDGE('',*,*,#10559,.T.);
#14580=EDGE_LOOP('',(#14575,#14576,#14578,#14579));
#14581=FACE_OUTER_BOUND('',#14580,.F.);
#14583=CARTESIAN_POINT('',(2.27E1,-3.05E0,-2.E1));
#14584=DIRECTION('',(0.E0,0.E0,1.E0));
#14585=DIRECTION('',(1.E0,0.E0,0.E0));
#14586=AXIS2_PLACEMENT_3D('',#14583,#14584,#14585);
#14587=CYLINDRICAL_SURFACE('',#14586,1.E0);
#14588=ORIENTED_EDGE('',*,*,#14561,.F.);
#14589=ORIENTED_EDGE('',*,*,#14574,.F.);
#14590=ORIENTED_EDGE('',*,*,#10557,.T.);
#14592=ORIENTED_EDGE('',*,*,#14591,.T.);
#14593=ORIENTED_EDGE('',*,*,#14405,.T.);
#14594=EDGE_LOOP('',(#14588,#14589,#14590,#14592,#14593));
#14595=FACE_OUTER_BOUND('',#14594,.F.);
#14597=CARTESIAN_POINT('',(2.52E1,-4.05E0,-2.E1));
#14598=DIRECTION('',(0.E0,1.E0,0.E0));
#14599=DIRECTION('',(-1.E0,0.E0,0.E0));
#14600=AXIS2_PLACEMENT_3D('',#14597,#14598,#14599);
#14601=PLANE('',#14600);
#14603=ORIENTED_EDGE('',*,*,#14602,.T.);
#14604=ORIENTED_EDGE('',*,*,#14407,.T.);
#14605=ORIENTED_EDGE('',*,*,#14591,.F.);
#14606=ORIENTED_EDGE('',*,*,#10555,.F.);
#14607=EDGE_LOOP('',(#14603,#14604,#14605,#14606));
#14608=FACE_OUTER_BOUND('',#14607,.F.);
#14610=CARTESIAN_POINT('',(2.52E1,-7.3E0,-2.E1));
#14611=DIRECTION('',(0.E0,0.E0,1.E0));
#14612=DIRECTION('',(1.E0,0.E0,0.E0));
#14613=AXIS2_PLACEMENT_3D('',#14610,#14611,#14612);
#14614=CYLINDRICAL_SURFACE('',#14613,3.25E0);
#14616=ORIENTED_EDGE('',*,*,#14615,.T.);
#14617=ORIENTED_EDGE('',*,*,#14409,.T.);
#14618=ORIENTED_EDGE('',*,*,#14602,.F.);
#14619=ORIENTED_EDGE('',*,*,#10553,.F.);
#14620=EDGE_LOOP('',(#14616,#14617,#14618,#14619));
#14621=FACE_OUTER_BOUND('',#14620,.F.);
#14623=CARTESIAN_POINT('',(2.74E1,-9.692174742781E0,-2.E1));
#14624=DIRECTION('',(1.E0,0.E0,0.E0));
#14625=DIRECTION('',(0.E0,1.E0,0.E0));
#14626=AXIS2_PLACEMENT_3D('',#14623,#14624,#14625);
#14627=PLANE('',#14626);
#14628=ORIENTED_EDGE('',*,*,#14615,.F.);
#14629=ORIENTED_EDGE('',*,*,#10551,.F.);
#14631=ORIENTED_EDGE('',*,*,#14630,.T.);
#14632=ORIENTED_EDGE('',*,*,#14411,.T.);
#14633=EDGE_LOOP('',(#14628,#14629,#14631,#14632));
#14634=FACE_OUTER_BOUND('',#14633,.F.);
#14636=CARTESIAN_POINT('',(2.52E1,-7.3E0,-2.E1));
#14637=DIRECTION('',(0.E0,0.E0,1.E0));
#14638=DIRECTION('',(1.E0,0.E0,0.E0));
#14639=AXIS2_PLACEMENT_3D('',#14636,#14637,#14638);
#14640=CYLINDRICAL_SURFACE('',#14639,3.25E0);
#14642=ORIENTED_EDGE('',*,*,#14641,.T.);
#14643=ORIENTED_EDGE('',*,*,#14413,.T.);
#14644=ORIENTED_EDGE('',*,*,#14630,.F.);
#14645=ORIENTED_EDGE('',*,*,#10549,.F.);
#14646=EDGE_LOOP('',(#14642,#14643,#14644,#14645));
#14647=FACE_OUTER_BOUND('',#14646,.F.);
#14649=CARTESIAN_POINT('',(1.923329613077E1,-1.055E1,-2.E1));
#14650=DIRECTION('',(0.E0,-1.E0,0.E0));
#14651=DIRECTION('',(1.E0,0.E0,0.E0));
#14652=AXIS2_PLACEMENT_3D('',#14649,#14650,#14651);
#14653=PLANE('',#14652);
#14655=ORIENTED_EDGE('',*,*,#14654,.T.);
#14656=ORIENTED_EDGE('',*,*,#14415,.T.);
#14657=ORIENTED_EDGE('',*,*,#14641,.F.);
#14658=ORIENTED_EDGE('',*,*,#10547,.F.);
#14660=ORIENTED_EDGE('',*,*,#14659,.F.);
#14661=EDGE_LOOP('',(#14655,#14656,#14657,#14658,#14660));
#14662=FACE_OUTER_BOUND('',#14661,.F.);
#14664=CARTESIAN_POINT('',(1.55E1,-5.6E0,0.E0));
#14665=DIRECTION('',(0.E0,0.E0,1.E0));
#14666=DIRECTION('',(1.E0,0.E0,0.E0));
#14667=AXIS2_PLACEMENT_3D('',#14664,#14665,#14666);
#14668=CYLINDRICAL_SURFACE('',#14667,6.2E0);
#14669=ORIENTED_EDGE('',*,*,#14533,.T.);
#14670=ORIENTED_EDGE('',*,*,#14564,.T.);
#14671=ORIENTED_EDGE('',*,*,#14401,.F.);
#14672=ORIENTED_EDGE('',*,*,#14654,.F.);
#14674=ORIENTED_EDGE('',*,*,#14673,.T.);
#14676=ORIENTED_EDGE('',*,*,#14675,.F.);
#14677=EDGE_LOOP('',(#14669,#14670,#14671,#14672,#14674,#14676));
#14678=FACE_OUTER_BOUND('',#14677,.F.);
#14680=CARTESIAN_POINT('',(1.55E1,-5.6E0,-1.95E1));
#14681=DIRECTION('',(0.E0,0.E0,1.E0));
#14682=DIRECTION('',(9.998322531249E-1,1.831572033032E-2,0.E0));
#14683=AXIS2_PLACEMENT_3D('',#14680,#14681,#14682);
#14684=TOROIDAL_SURFACE('',#14683,6.7E0,5.E-1);
#14685=ORIENTED_EDGE('',*,*,#14659,.T.);
#14686=ORIENTED_EDGE('',*,*,#10545,.T.);
#14688=ORIENTED_EDGE('',*,*,#14687,.F.);
#14689=ORIENTED_EDGE('',*,*,#14673,.F.);
#14690=EDGE_LOOP('',(#14685,#14686,#14688,#14689));
#14691=FACE_OUTER_BOUND('',#14690,.F.);
#14693=CARTESIAN_POINT('',(1.561356381611E1,-1.23E1,-1.95E1));
#14694=DIRECTION('',(-1.E0,0.E0,0.E0));
#14695=DIRECTION('',(0.E0,1.E0,0.E0));
#14696=AXIS2_PLACEMENT_3D('',#14693,#14694,#14695);
#14697=CYLINDRICAL_SURFACE('',#14696,5.E-1);
#14699=ORIENTED_EDGE('',*,*,#14698,.F.);
#14700=ORIENTED_EDGE('',*,*,#14687,.T.);
#14701=ORIENTED_EDGE('',*,*,#10543,.T.);
#14703=ORIENTED_EDGE('',*,*,#14702,.F.);
#14704=EDGE_LOOP('',(#14699,#14700,#14701,#14703));
#14705=FACE_OUTER_BOUND('',#14704,.F.);
#14707=CARTESIAN_POINT('',(-1.55E1,-1.18E1,0.E0));
#14708=DIRECTION('',(0.E0,-1.E0,0.E0));
#14709=DIRECTION('',(1.E0,0.E0,0.E0));
#14710=AXIS2_PLACEMENT_3D('',#14707,#14708,#14709);
#14711=PLANE('',#14710);
#14712=ORIENTED_EDGE('',*,*,#14519,.T.);
#14713=ORIENTED_EDGE('',*,*,#14675,.T.);
#14714=ORIENTED_EDGE('',*,*,#14698,.T.);
#14716=ORIENTED_EDGE('',*,*,#14715,.F.);
#14717=EDGE_LOOP('',(#14712,#14713,#14714,#14716));
#14718=FACE_OUTER_BOUND('',#14717,.F.);
#14720=CARTESIAN_POINT('',(-1.55E1,-5.6E0,0.E0));
#14721=DIRECTION('',(0.E0,0.E0,1.E0));
#14722=DIRECTION('',(1.E0,0.E0,0.E0));
#14723=AXIS2_PLACEMENT_3D('',#14720,#14721,#14722);
#14724=CYLINDRICAL_SURFACE('',#14723,6.2E0);
#14725=ORIENTED_EDGE('',*,*,#14505,.T.);
#14726=ORIENTED_EDGE('',*,*,#14715,.T.);
#14728=ORIENTED_EDGE('',*,*,#14727,.T.);
#14730=ORIENTED_EDGE('',*,*,#14729,.T.);
#14731=ORIENTED_EDGE('',*,*,#14373,.F.);
#14733=ORIENTED_EDGE('',*,*,#14732,.F.);
#14734=EDGE_LOOP('',(#14725,#14726,#14728,#14730,#14731,#14733));
#14735=FACE_OUTER_BOUND('',#14734,.F.);
#14737=CARTESIAN_POINT('',(-1.55E1,-5.6E0,-1.95E1));
#14738=DIRECTION('',(0.E0,0.E0,1.E0));
#14739=DIRECTION('',(1.831572033032E-2,-9.998322531249E-1,0.E0));
#14740=AXIS2_PLACEMENT_3D('',#14737,#14738,#14739);
#14741=TOROIDAL_SURFACE('',#14740,6.7E0,5.E-1);
#14743=ORIENTED_EDGE('',*,*,#14742,.T.);
#14744=ORIENTED_EDGE('',*,*,#14727,.F.);
#14745=ORIENTED_EDGE('',*,*,#14702,.T.);
#14746=ORIENTED_EDGE('',*,*,#10541,.T.);
#14747=EDGE_LOOP('',(#14743,#14744,#14745,#14746));
#14748=FACE_OUTER_BOUND('',#14747,.F.);
#14750=CARTESIAN_POINT('',(-2.52E1,-1.055E1,-2.E1));
#14751=DIRECTION('',(0.E0,-1.E0,0.E0));
#14752=DIRECTION('',(1.E0,0.E0,0.E0));
#14753=AXIS2_PLACEMENT_3D('',#14750,#14751,#14752);
#14754=PLANE('',#14753);
#14755=ORIENTED_EDGE('',*,*,#14729,.F.);
#14756=ORIENTED_EDGE('',*,*,#14742,.F.);
#14757=ORIENTED_EDGE('',*,*,#10539,.F.);
#14759=ORIENTED_EDGE('',*,*,#14758,.T.);
#14760=ORIENTED_EDGE('',*,*,#14375,.T.);
#14761=EDGE_LOOP('',(#14755,#14756,#14757,#14759,#14760));
#14762=FACE_OUTER_BOUND('',#14761,.F.);
#14764=CARTESIAN_POINT('',(-2.52E1,-7.3E0,-2.E1));
#14765=DIRECTION('',(0.E0,0.E0,1.E0));
#14766=DIRECTION('',(1.E0,0.E0,0.E0));
#14767=AXIS2_PLACEMENT_3D('',#14764,#14765,#14766);
#14768=CYLINDRICAL_SURFACE('',#14767,3.25E0);
#14770=ORIENTED_EDGE('',*,*,#14769,.T.);
#14771=ORIENTED_EDGE('',*,*,#14377,.T.);
#14772=ORIENTED_EDGE('',*,*,#14758,.F.);
#14773=ORIENTED_EDGE('',*,*,#10537,.F.);
#14774=EDGE_LOOP('',(#14770,#14771,#14772,#14773));
#14775=FACE_OUTER_BOUND('',#14774,.F.);
#14777=CARTESIAN_POINT('',(-2.74E1,-4.907825257219E0,-2.E1));
#14778=DIRECTION('',(-1.E0,0.E0,0.E0));
#14779=DIRECTION('',(0.E0,-1.E0,0.E0));
#14780=AXIS2_PLACEMENT_3D('',#14777,#14778,#14779);
#14781=PLANE('',#14780);
#14783=ORIENTED_EDGE('',*,*,#14782,.T.);
#14784=ORIENTED_EDGE('',*,*,#14379,.T.);
#14785=ORIENTED_EDGE('',*,*,#14769,.F.);
#14786=ORIENTED_EDGE('',*,*,#10535,.F.);
#14787=EDGE_LOOP('',(#14783,#14784,#14785,#14786));
#14788=FACE_OUTER_BOUND('',#14787,.F.);
#14790=CARTESIAN_POINT('',(-2.52E1,-7.3E0,-2.E1));
#14791=DIRECTION('',(0.E0,0.E0,1.E0));
#14792=DIRECTION('',(1.E0,0.E0,0.E0));
#14793=AXIS2_PLACEMENT_3D('',#14790,#14791,#14792);
#14794=CYLINDRICAL_SURFACE('',#14793,3.25E0);
#14795=ORIENTED_EDGE('',*,*,#14782,.F.);
#14796=ORIENTED_EDGE('',*,*,#10533,.F.);
#14798=ORIENTED_EDGE('',*,*,#14797,.T.);
#14799=ORIENTED_EDGE('',*,*,#14381,.T.);
#14800=EDGE_LOOP('',(#14795,#14796,#14798,#14799));
#14801=FACE_OUTER_BOUND('',#14800,.F.);
#14803=CARTESIAN_POINT('',(-2.27E1,-4.05E0,-2.E1));
#14804=DIRECTION('',(0.E0,1.E0,0.E0));
#14805=DIRECTION('',(-1.E0,0.E0,0.E0));
#14806=AXIS2_PLACEMENT_3D('',#14803,#14804,#14805);
#14807=PLANE('',#14806);
#14809=ORIENTED_EDGE('',*,*,#14808,.T.);
#14810=ORIENTED_EDGE('',*,*,#14383,.T.);
#14811=ORIENTED_EDGE('',*,*,#14797,.F.);
#14812=ORIENTED_EDGE('',*,*,#10531,.F.);
#14813=EDGE_LOOP('',(#14809,#14810,#14811,#14812));
#14814=FACE_OUTER_BOUND('',#14813,.F.);
#14816=CARTESIAN_POINT('',(-2.27E1,-3.05E0,-2.E1));
#14817=DIRECTION('',(0.E0,0.E0,1.E0));
#14818=DIRECTION('',(1.E0,0.E0,0.E0));
#14819=AXIS2_PLACEMENT_3D('',#14816,#14817,#14818);
#14820=CYLINDRICAL_SURFACE('',#14819,1.E0);
#14822=ORIENTED_EDGE('',*,*,#14821,.T.);
#14823=ORIENTED_EDGE('',*,*,#14385,.T.);
#14824=ORIENTED_EDGE('',*,*,#14808,.F.);
#14825=ORIENTED_EDGE('',*,*,#10529,.T.);
#14827=ORIENTED_EDGE('',*,*,#14826,.F.);
#14828=EDGE_LOOP('',(#14822,#14823,#14824,#14825,#14827));
#14829=FACE_OUTER_BOUND('',#14828,.F.);
#14831=CARTESIAN_POINT('',(-2.17E1,5.6E0,0.E0));
#14832=DIRECTION('',(-1.E0,0.E0,0.E0));
#14833=DIRECTION('',(0.E0,-1.E0,0.E0));
#14834=AXIS2_PLACEMENT_3D('',#14831,#14832,#14833);
#14835=PLANE('',#14834);
#14836=ORIENTED_EDGE('',*,*,#14491,.T.);
#14837=ORIENTED_EDGE('',*,*,#14732,.T.);
#14838=ORIENTED_EDGE('',*,*,#14371,.F.);
#14839=ORIENTED_EDGE('',*,*,#14821,.F.);
#14841=ORIENTED_EDGE('',*,*,#14840,.T.);
#14842=ORIENTED_EDGE('',*,*,#14459,.F.);
#14843=EDGE_LOOP('',(#14836,#14837,#14838,#14839,#14841,#14842));
#14844=FACE_OUTER_BOUND('',#14843,.F.);
#14846=CARTESIAN_POINT('',(-2.22E1,-5.713563816111E0,-1.95E1));
#14847=DIRECTION('',(0.E0,1.E0,0.E0));
#14848=DIRECTION('',(1.E0,0.E0,0.E0));
#14849=AXIS2_PLACEMENT_3D('',#14846,#14847,#14848);
#14850=CYLINDRICAL_SURFACE('',#14849,5.E-1);
#14851=ORIENTED_EDGE('',*,*,#14826,.T.);
#14852=ORIENTED_EDGE('',*,*,#10527,.T.);
#14854=ORIENTED_EDGE('',*,*,#14853,.F.);
#14855=ORIENTED_EDGE('',*,*,#14840,.F.);
#14856=EDGE_LOOP('',(#14851,#14852,#14854,#14855));
#14857=FACE_OUTER_BOUND('',#14856,.F.);
#14859=CARTESIAN_POINT('',(-1.55E1,5.6E0,-1.95E1));
#14860=DIRECTION('',(0.E0,0.E0,1.E0));
#14861=DIRECTION('',(-9.998322531249E-1,-1.831572033031E-2,0.E0));
#14862=AXIS2_PLACEMENT_3D('',#14859,#14860,#14861);
#14863=TOROIDAL_SURFACE('',#14862,6.7E0,5.E-1);
#14865=ORIENTED_EDGE('',*,*,#14864,.T.);
#14866=ORIENTED_EDGE('',*,*,#14461,.F.);
#14867=ORIENTED_EDGE('',*,*,#14853,.T.);
#14868=ORIENTED_EDGE('',*,*,#10525,.T.);
#14869=EDGE_LOOP('',(#14865,#14866,#14867,#14868));
#14870=FACE_OUTER_BOUND('',#14869,.F.);
#14872=CARTESIAN_POINT('',(-1.55E1,5.6E0,-1.95E1));
#14873=DIRECTION('',(0.E0,0.E0,1.E0));
#14874=DIRECTION('',(-9.998322531249E-1,-1.831572033031E-2,0.E0));
#14875=AXIS2_PLACEMENT_3D('',#14872,#14873,#14874);
#14876=TOROIDAL_SURFACE('',#14875,6.7E0,5.E-1);
#14877=ORIENTED_EDGE('',*,*,#11001,.T.);
#14878=ORIENTED_EDGE('',*,*,#10579,.T.);
#14880=ORIENTED_EDGE('',*,*,#14879,.F.);
#14881=EDGE_LOOP('',(#14877,#14878,#14880));
#14882=FACE_OUTER_BOUND('',#14881,.F.);
#14884=CARTESIAN_POINT('',(-2.261696711286E1,6.690311475868E0,-2.E1));
#14885=DIRECTION('',(0.E0,0.E0,1.E0));
#14886=DIRECTION('',(1.E0,0.E0,0.E0));
#14887=AXIS2_PLACEMENT_3D('',#14884,#14885,#14886);
#14888=CYLINDRICAL_SURFACE('',#14887,1.E0);
#14889=ORIENTED_EDGE('',*,*,#14463,.F.);
#14890=ORIENTED_EDGE('',*,*,#14864,.F.);
#14891=ORIENTED_EDGE('',*,*,#10523,.T.);
#14892=ORIENTED_EDGE('',*,*,#10940,.T.);
#14893=ORIENTED_EDGE('',*,*,#14350,.T.);
#14894=EDGE_LOOP('',(#14889,#14890,#14891,#14892,#14893));
#14895=FACE_OUTER_BOUND('',#14894,.F.);
#14897=CARTESIAN_POINT('',(-1.561356381611E1,1.23E1,-1.95E1));
#14898=DIRECTION('',(1.E0,0.E0,0.E0));
#14899=DIRECTION('',(0.E0,-1.E0,0.E0));
#14900=AXIS2_PLACEMENT_3D('',#14897,#14898,#14899);
#14901=CYLINDRICAL_SURFACE('',#14900,5.E-1);
#14902=ORIENTED_EDGE('',*,*,#11003,.F.);
#14903=ORIENTED_EDGE('',*,*,#14879,.T.);
#14904=ORIENTED_EDGE('',*,*,#10577,.T.);
#14906=ORIENTED_EDGE('',*,*,#14905,.F.);
#14907=EDGE_LOOP('',(#14902,#14903,#14904,#14906));
#14908=FACE_OUTER_BOUND('',#14907,.F.);
#14910=CARTESIAN_POINT('',(1.55E1,5.6E0,-1.95E1));
#14911=DIRECTION('',(0.E0,0.E0,1.E0));
#14912=DIRECTION('',(-1.831572033032E-2,9.998322531249E-1,0.E0));
#14913=AXIS2_PLACEMENT_3D('',#14910,#14911,#14912);
#14914=TOROIDAL_SURFACE('',#14913,6.7E0,5.E-1);
#14915=ORIENTED_EDGE('',*,*,#11005,.T.);
#14916=ORIENTED_EDGE('',*,*,#14905,.T.);
#14917=ORIENTED_EDGE('',*,*,#10575,.T.);
#14918=EDGE_LOOP('',(#14915,#14916,#14917));
#14919=FACE_OUTER_BOUND('',#14918,.F.);
#14921=CARTESIAN_POINT('',(1.55E1,5.6E0,-1.95E1));
#14922=DIRECTION('',(0.E0,0.E0,1.E0));
#14923=DIRECTION('',(-1.831572033032E-2,9.998322531249E-1,0.E0));
#14924=AXIS2_PLACEMENT_3D('',#14921,#14922,#14923);
#14925=TOROIDAL_SURFACE('',#14924,6.7E0,5.E-1);
#14927=ORIENTED_EDGE('',*,*,#14926,.T.);
#14928=ORIENTED_EDGE('',*,*,#10561,.T.);
#14929=ORIENTED_EDGE('',*,*,#14577,.F.);
#14930=ORIENTED_EDGE('',*,*,#14336,.F.);
#14931=EDGE_LOOP('',(#14927,#14928,#14929,#14930));
#14932=FACE_OUTER_BOUND('',#14931,.F.);
#14934=CARTESIAN_POINT('',(2.261696711286E1,6.690311475868E0,-2.E1));
#14935=DIRECTION('',(0.E0,0.E0,1.E0));
#14936=DIRECTION('',(1.E0,0.E0,0.E0));
#14937=AXIS2_PLACEMENT_3D('',#14934,#14935,#14936);
#14938=CYLINDRICAL_SURFACE('',#14937,1.E0);
#14939=ORIENTED_EDGE('',*,*,#14334,.T.);
#14940=ORIENTED_EDGE('',*,*,#14441,.T.);
#14942=ORIENTED_EDGE('',*,*,#14941,.F.);
#14943=ORIENTED_EDGE('',*,*,#10563,.T.);
#14944=ORIENTED_EDGE('',*,*,#14926,.F.);
#14945=EDGE_LOOP('',(#14939,#14940,#14942,#14943,#14944));
#14946=FACE_OUTER_BOUND('',#14945,.F.);
#14948=CARTESIAN_POINT('',(2.37E1,1.08E1,-2.E1));
#14949=DIRECTION('',(0.E0,0.E0,1.E0));
#14950=DIRECTION('',(1.E0,0.E0,0.E0));
#14951=AXIS2_PLACEMENT_3D('',#14948,#14949,#14950);
#14952=CYLINDRICAL_SURFACE('',#14951,3.25E0);
#14954=ORIENTED_EDGE('',*,*,#14953,.F.);
#14955=ORIENTED_EDGE('',*,*,#10565,.F.);
#14956=ORIENTED_EDGE('',*,*,#14941,.T.);
#14957=ORIENTED_EDGE('',*,*,#14439,.T.);
#14958=EDGE_LOOP('',(#14954,#14955,#14956,#14957));
#14959=FACE_OUTER_BOUND('',#14958,.F.);
#14961=CARTESIAN_POINT('',(2.604520787991E1,1.305E1,-2.E1));
#14962=DIRECTION('',(0.E0,1.E0,0.E0));
#14963=DIRECTION('',(-1.E0,0.E0,0.E0));
#14964=AXIS2_PLACEMENT_3D('',#14961,#14962,#14963);
#14965=PLANE('',#14964);
#14966=ORIENTED_EDGE('',*,*,#14953,.T.);
#14967=ORIENTED_EDGE('',*,*,#14437,.T.);
#14969=ORIENTED_EDGE('',*,*,#14968,.F.);
#14970=ORIENTED_EDGE('',*,*,#10567,.F.);
#14971=EDGE_LOOP('',(#14966,#14967,#14969,#14970));
#14972=FACE_OUTER_BOUND('',#14971,.F.);
#14974=CARTESIAN_POINT('',(2.37E1,1.08E1,-2.E1));
#14975=DIRECTION('',(0.E0,0.E0,1.E0));
#14976=DIRECTION('',(1.E0,0.E0,0.E0));
#14977=AXIS2_PLACEMENT_3D('',#14974,#14975,#14976);
#14978=CYLINDRICAL_SURFACE('',#14977,3.25E0);
#14979=ORIENTED_EDGE('',*,*,#14968,.T.);
#14980=ORIENTED_EDGE('',*,*,#14435,.T.);
#14982=ORIENTED_EDGE('',*,*,#14981,.F.);
#14983=ORIENTED_EDGE('',*,*,#10569,.F.);
#14984=EDGE_LOOP('',(#14979,#14980,#14982,#14983));
#14985=FACE_OUTER_BOUND('',#14984,.F.);
#14987=CARTESIAN_POINT('',(1.995E1,1.28E1,-2.E1));
#14988=DIRECTION('',(0.E0,0.E0,1.E0));
#14989=DIRECTION('',(1.E0,0.E0,0.E0));
#14990=AXIS2_PLACEMENT_3D('',#14987,#14988,#14989);
#14991=CYLINDRICAL_SURFACE('',#14990,1.E0);
#14992=ORIENTED_EDGE('',*,*,#14981,.T.);
#14993=ORIENTED_EDGE('',*,*,#14433,.T.);
#14994=ORIENTED_EDGE('',*,*,#11008,.F.);
#14995=ORIENTED_EDGE('',*,*,#10571,.T.);
#14996=EDGE_LOOP('',(#14992,#14993,#14994,#14995));
#14997=FACE_OUTER_BOUND('',#14996,.F.);
#14999=CARTESIAN_POINT('',(-2.37E1,1.08E1,-2.E1));
#15000=DIRECTION('',(0.E0,0.E0,1.E0));
#15001=DIRECTION('',(1.E0,0.E0,0.E0));
#15002=AXIS2_PLACEMENT_3D('',#14999,#15000,#15001);
#15003=CYLINDRICAL_SURFACE('',#15002,1.6E0);
#15004=ORIENTED_EDGE('',*,*,#14359,.F.);
#15006=ORIENTED_EDGE('',*,*,#15005,.T.);
#15008=ORIENTED_EDGE('',*,*,#15007,.F.);
#15010=ORIENTED_EDGE('',*,*,#15009,.F.);
#15011=EDGE_LOOP('',(#15004,#15006,#15008,#15010));
#15012=FACE_OUTER_BOUND('',#15011,.F.);
#15014=CARTESIAN_POINT('',(-2.37E1,1.08E1,-2.E1));
#15015=DIRECTION('',(0.E0,0.E0,1.E0));
#15016=DIRECTION('',(1.E0,0.E0,0.E0));
#15017=AXIS2_PLACEMENT_3D('',#15014,#15015,#15016);
#15018=CYLINDRICAL_SURFACE('',#15017,1.6E0);
#15019=ORIENTED_EDGE('',*,*,#14361,.F.);
#15020=ORIENTED_EDGE('',*,*,#15009,.T.);
#15022=ORIENTED_EDGE('',*,*,#15021,.F.);
#15023=ORIENTED_EDGE('',*,*,#15005,.F.);
#15024=EDGE_LOOP('',(#15019,#15020,#15022,#15023));
#15025=FACE_OUTER_BOUND('',#15024,.F.);
#15027=CARTESIAN_POINT('',(0.E0,0.E0,-2.E1));
#15028=DIRECTION('',(0.E0,0.E0,1.E0));
#15029=DIRECTION('',(1.E0,0.E0,0.E0));
#15030=AXIS2_PLACEMENT_3D('',#15027,#15028,#15029);
#15031=PLANE('',#15030);
#15032=ORIENTED_EDGE('',*,*,#15007,.T.);
#15033=ORIENTED_EDGE('',*,*,#15021,.T.);
#15034=EDGE_LOOP('',(#15032,#15033));
#15035=FACE_OUTER_BOUND('',#15034,.F.);
#15037=CARTESIAN_POINT('',(0.E0,0.E0,-2.E1));
#15038=DIRECTION('',(0.E0,0.E0,1.E0));
#15039=DIRECTION('',(1.E0,0.E0,0.E0));
#15040=AXIS2_PLACEMENT_3D('',#15037,#15038,#15039);
#15041=PLANE('',#15040);
#15043=ORIENTED_EDGE('',*,*,#15042,.T.);
#15045=ORIENTED_EDGE('',*,*,#15044,.T.);
#15046=EDGE_LOOP('',(#15043,#15045));
#15047=FACE_OUTER_BOUND('',#15046,.F.);
#15049=CARTESIAN_POINT('',(0.E0,0.E0,-2.E1));
#15050=DIRECTION('',(0.E0,0.E0,1.E0));
#15051=DIRECTION('',(1.E0,0.E0,0.E0));
#15052=AXIS2_PLACEMENT_3D('',#15049,#15050,#15051);
#15053=PLANE('',#15052);
#15055=ORIENTED_EDGE('',*,*,#15054,.T.);
#15057=ORIENTED_EDGE('',*,*,#15056,.T.);
#15058=EDGE_LOOP('',(#15055,#15057));
#15059=FACE_OUTER_BOUND('',#15058,.F.);
#15061=CARTESIAN_POINT('',(0.E0,0.E0,-2.E1));
#15062=DIRECTION('',(0.E0,0.E0,1.E0));
#15063=DIRECTION('',(1.E0,0.E0,0.E0));
#15064=AXIS2_PLACEMENT_3D('',#15061,#15062,#15063);
#15065=PLANE('',#15064);
#15067=ORIENTED_EDGE('',*,*,#15066,.T.);
#15069=ORIENTED_EDGE('',*,*,#15068,.T.);
#15070=EDGE_LOOP('',(#15067,#15069));
#15071=FACE_OUTER_BOUND('',#15070,.F.);
#15073=CARTESIAN_POINT('',(-2.52E1,-7.3E0,-2.E1));
#15074=DIRECTION('',(0.E0,0.E0,1.E0));
#15075=DIRECTION('',(1.E0,0.E0,0.E0));
#15076=AXIS2_PLACEMENT_3D('',#15073,#15074,#15075);
#15077=CYLINDRICAL_SURFACE('',#15076,1.6E0);
#15078=ORIENTED_EDGE('',*,*,#14389,.F.);
#15080=ORIENTED_EDGE('',*,*,#15079,.T.);
#15081=ORIENTED_EDGE('',*,*,#15042,.F.);
#15083=ORIENTED_EDGE('',*,*,#15082,.F.);
#15084=EDGE_LOOP('',(#15078,#15080,#15081,#15083));
#15085=FACE_OUTER_BOUND('',#15084,.F.);
#15087=CARTESIAN_POINT('',(-2.52E1,-7.3E0,-2.E1));
#15088=DIRECTION('',(0.E0,0.E0,1.E0));
#15089=DIRECTION('',(1.E0,0.E0,0.E0));
#15090=AXIS2_PLACEMENT_3D('',#15087,#15088,#15089);
#15091=CYLINDRICAL_SURFACE('',#15090,1.6E0);
#15092=ORIENTED_EDGE('',*,*,#14391,.F.);
#15093=ORIENTED_EDGE('',*,*,#15082,.T.);
#15094=ORIENTED_EDGE('',*,*,#15044,.F.);
#15095=ORIENTED_EDGE('',*,*,#15079,.F.);
#15096=EDGE_LOOP('',(#15092,#15093,#15094,#15095));
#15097=FACE_OUTER_BOUND('',#15096,.F.);
#15099=CARTESIAN_POINT('',(2.37E1,1.08E1,-2.E1));
#15100=DIRECTION('',(0.E0,0.E0,1.E0));
#15101=DIRECTION('',(1.E0,0.E0,0.E0));
#15102=AXIS2_PLACEMENT_3D('',#15099,#15100,#15101);
#15103=CYLINDRICAL_SURFACE('',#15102,1.6E0);
#15104=ORIENTED_EDGE('',*,*,#14445,.F.);
#15106=ORIENTED_EDGE('',*,*,#15105,.T.);
#15107=ORIENTED_EDGE('',*,*,#15054,.F.);
#15109=ORIENTED_EDGE('',*,*,#15108,.F.);
#15110=EDGE_LOOP('',(#15104,#15106,#15107,#15109));
#15111=FACE_OUTER_BOUND('',#15110,.F.);
#15113=CARTESIAN_POINT('',(2.37E1,1.08E1,-2.E1));
#15114=DIRECTION('',(0.E0,0.E0,1.E0));
#15115=DIRECTION('',(1.E0,0.E0,0.E0));
#15116=AXIS2_PLACEMENT_3D('',#15113,#15114,#15115);
#15117=CYLINDRICAL_SURFACE('',#15116,1.6E0);
#15118=ORIENTED_EDGE('',*,*,#14447,.F.);
#15119=ORIENTED_EDGE('',*,*,#15108,.T.);
#15120=ORIENTED_EDGE('',*,*,#15056,.F.);
#15121=ORIENTED_EDGE('',*,*,#15105,.F.);
#15122=EDGE_LOOP('',(#15118,#15119,#15120,#15121));
#15123=FACE_OUTER_BOUND('',#15122,.F.);
#15125=CARTESIAN_POINT('',(2.52E1,-7.3E0,-2.E1));
#15126=DIRECTION('',(0.E0,0.E0,1.E0));
#15127=DIRECTION('',(1.E0,0.E0,0.E0));
#15128=AXIS2_PLACEMENT_3D('',#15125,#15126,#15127);
#15129=CYLINDRICAL_SURFACE('',#15128,1.6E0);
#15130=ORIENTED_EDGE('',*,*,#14419,.F.);
#15132=ORIENTED_EDGE('',*,*,#15131,.T.);
#15133=ORIENTED_EDGE('',*,*,#15066,.F.);
#15135=ORIENTED_EDGE('',*,*,#15134,.F.);
#15136=EDGE_LOOP('',(#15130,#15132,#15133,#15135));
#15137=FACE_OUTER_BOUND('',#15136,.F.);
#15139=CARTESIAN_POINT('',(2.52E1,-7.3E0,-2.E1));
#15140=DIRECTION('',(0.E0,0.E0,1.E0));
#15141=DIRECTION('',(1.E0,0.E0,0.E0));
#15142=AXIS2_PLACEMENT_3D('',#15139,#15140,#15141);
#15143=CYLINDRICAL_SURFACE('',#15142,1.6E0);
#15144=ORIENTED_EDGE('',*,*,#14421,.F.);
#15145=ORIENTED_EDGE('',*,*,#15134,.T.);
#15146=ORIENTED_EDGE('',*,*,#15068,.F.);
#15147=ORIENTED_EDGE('',*,*,#15131,.F.);
#15148=EDGE_LOOP('',(#15144,#15145,#15146,#15147));
#15149=FACE_OUTER_BOUND('',#15148,.F.);
#15151=CARTESIAN_POINT('',(-4.5E0,1.38E1,-3.9E0));
#15152=DIRECTION('',(0.E0,8.619342151578E-1,5.070201265634E-1));
#15153=DIRECTION('',(0.E0,-5.070201265634E-1,8.619342151578E-1));
#15154=AXIS2_PLACEMENT_3D('',#15151,#15152,#15153);
#15155=PLANE('',#15154);
#15156=ORIENTED_EDGE('',*,*,#11043,.T.);
#15158=ORIENTED_EDGE('',*,*,#15157,.F.);
#15160=ORIENTED_EDGE('',*,*,#15159,.T.);
#15162=ORIENTED_EDGE('',*,*,#15161,.T.);
#15163=EDGE_LOOP('',(#15156,#15158,#15160,#15162));
#15164=FACE_OUTER_BOUND('',#15163,.F.);
#15166=CARTESIAN_POINT('',(-4.5E0,1.38E1,-3.9E0));
#15167=DIRECTION('',(0.E0,8.619342151578E-1,5.070201265634E-1));
#15168=DIRECTION('',(0.E0,-5.070201265634E-1,8.619342151578E-1));
#15169=AXIS2_PLACEMENT_3D('',#15166,#15167,#15168);
#15170=PLANE('',#15169);
#15171=ORIENTED_EDGE('',*,*,#11046,.T.);
#15173=ORIENTED_EDGE('',*,*,#15172,.F.);
#15175=ORIENTED_EDGE('',*,*,#15174,.T.);
#15177=ORIENTED_EDGE('',*,*,#15176,.T.);
#15178=EDGE_LOOP('',(#15171,#15173,#15175,#15177));
#15179=FACE_OUTER_BOUND('',#15178,.F.);
#15181=CARTESIAN_POINT('',(-4.325022672948E0,1.38E1,-5.4E0));
#15182=DIRECTION('',(9.961946980917E-1,-8.715574274766E-2,0.E0));
#15183=DIRECTION('',(-8.715574274766E-2,-9.961946980917E-1,0.E0));
#15184=AXIS2_PLACEMENT_3D('',#15181,#15182,#15183);
#15185=PLANE('',#15184);
#15186=ORIENTED_EDGE('',*,*,#11028,.T.);
#15188=ORIENTED_EDGE('',*,*,#15187,.F.);
#15190=ORIENTED_EDGE('',*,*,#15189,.T.);
#15191=ORIENTED_EDGE('',*,*,#15157,.T.);
#15192=EDGE_LOOP('',(#15186,#15188,#15190,#15191));
#15193=FACE_OUTER_BOUND('',#15192,.F.);
#15195=CARTESIAN_POINT('',(-4.5E0,1.18E1,-5.4E0));
#15196=DIRECTION('',(0.E0,0.E0,-1.E0));
#15197=DIRECTION('',(0.E0,1.E0,0.E0));
#15198=AXIS2_PLACEMENT_3D('',#15195,#15196,#15197);
#15199=PLANE('',#15198);
#15201=ORIENTED_EDGE('',*,*,#15200,.T.);
#15202=ORIENTED_EDGE('',*,*,#11018,.T.);
#15204=ORIENTED_EDGE('',*,*,#15203,.T.);
#15206=ORIENTED_EDGE('',*,*,#15205,.F.);
#15207=EDGE_LOOP('',(#15201,#15202,#15204,#15206));
#15208=FACE_OUTER_BOUND('',#15207,.F.);
#15210=CARTESIAN_POINT('',(-4.5E0,1.18E1,-5.4E0));
#15211=DIRECTION('',(0.E0,0.E0,-1.E0));
#15212=DIRECTION('',(0.E0,1.E0,0.E0));
#15213=AXIS2_PLACEMENT_3D('',#15210,#15211,#15212);
#15214=PLANE('',#15213);
#15216=ORIENTED_EDGE('',*,*,#15215,.T.);
#15218=ORIENTED_EDGE('',*,*,#15217,.F.);
#15219=ORIENTED_EDGE('',*,*,#15187,.T.);
#15220=ORIENTED_EDGE('',*,*,#11026,.T.);
#15221=EDGE_LOOP('',(#15216,#15218,#15219,#15220));
#15222=FACE_OUTER_BOUND('',#15221,.F.);
#15224=CARTESIAN_POINT('',(2.874977327052E0,1.38E1,-5.4E0));
#15225=DIRECTION('',(9.961946980917E-1,-8.715574274766E-2,0.E0));
#15226=DIRECTION('',(-8.715574274766E-2,-9.961946980917E-1,0.E0));
#15227=AXIS2_PLACEMENT_3D('',#15224,#15225,#15226);
#15228=PLANE('',#15227);
#15229=ORIENTED_EDGE('',*,*,#11020,.T.);
#15230=ORIENTED_EDGE('',*,*,#15200,.F.);
#15232=ORIENTED_EDGE('',*,*,#15231,.T.);
#15233=ORIENTED_EDGE('',*,*,#15172,.T.);
#15234=EDGE_LOOP('',(#15229,#15230,#15232,#15233));
#15235=FACE_OUTER_BOUND('',#15234,.F.);
#15237=CARTESIAN_POINT('',(-4.5E0,1.38E1,-5.4E0));
#15238=DIRECTION('',(0.E0,1.E0,0.E0));
#15239=DIRECTION('',(0.E0,0.E0,1.E0));
#15240=AXIS2_PLACEMENT_3D('',#15237,#15238,#15239);
#15241=PLANE('',#15240);
#15242=ORIENTED_EDGE('',*,*,#15231,.F.);
#15243=ORIENTED_EDGE('',*,*,#15205,.T.);
#15245=ORIENTED_EDGE('',*,*,#15244,.T.);
#15246=ORIENTED_EDGE('',*,*,#15174,.F.);
#15247=EDGE_LOOP('',(#15242,#15243,#15245,#15246));
#15248=FACE_OUTER_BOUND('',#15247,.F.);
#15250=CARTESIAN_POINT('',(-4.5E0,1.38E1,-5.4E0));
#15251=DIRECTION('',(0.E0,1.E0,0.E0));
#15252=DIRECTION('',(0.E0,0.E0,1.E0));
#15253=AXIS2_PLACEMENT_3D('',#15250,#15251,#15252);
#15254=PLANE('',#15253);
#15256=ORIENTED_EDGE('',*,*,#15255,.T.);
#15257=ORIENTED_EDGE('',*,*,#15159,.F.);
#15258=ORIENTED_EDGE('',*,*,#15189,.F.);
#15259=ORIENTED_EDGE('',*,*,#15217,.T.);
#15260=EDGE_LOOP('',(#15256,#15257,#15258,#15259));
#15261=FACE_OUTER_BOUND('',#15260,.F.);
#15263=CARTESIAN_POINT('',(4.5E0,1.18E1,-5.4E0));
#15264=DIRECTION('',(-9.961946980917E-1,-8.715574274766E-2,0.E0));
#15265=DIRECTION('',(-8.715574274766E-2,9.961946980917E-1,0.E0));
#15266=AXIS2_PLACEMENT_3D('',#15263,#15264,#15265);
#15267=PLANE('',#15266);
#15268=ORIENTED_EDGE('',*,*,#11016,.F.);
#15269=ORIENTED_EDGE('',*,*,#15176,.F.);
#15270=ORIENTED_EDGE('',*,*,#15244,.F.);
#15271=ORIENTED_EDGE('',*,*,#15203,.F.);
#15272=EDGE_LOOP('',(#15268,#15269,#15270,#15271));
#15273=FACE_OUTER_BOUND('',#15272,.F.);
#15275=CARTESIAN_POINT('',(-2.7E0,1.18E1,-5.4E0));
#15276=DIRECTION('',(-9.961946980917E-1,-8.715574274766E-2,0.E0));
#15277=DIRECTION('',(-8.715574274766E-2,9.961946980917E-1,0.E0));
#15278=AXIS2_PLACEMENT_3D('',#15275,#15276,#15277);
#15279=PLANE('',#15278);
#15280=ORIENTED_EDGE('',*,*,#11024,.F.);
#15281=ORIENTED_EDGE('',*,*,#15161,.F.);
#15282=ORIENTED_EDGE('',*,*,#15255,.F.);
#15283=ORIENTED_EDGE('',*,*,#15215,.F.);
#15284=EDGE_LOOP('',(#15280,#15281,#15282,#15283));
#15285=FACE_OUTER_BOUND('',#15284,.F.);
#15287=CARTESIAN_POINT('',(-2.54E1,1.105E1,-2.05E1));
#15288=DIRECTION('',(0.E0,0.E0,1.E0));
#15289=DIRECTION('',(2.361937203805E-2,9.997210237184E-1,0.E0));
#15290=AXIS2_PLACEMENT_3D('',#15287,#15288,#15289);
#15291=TOROIDAL_SURFACE('',#15290,4.5E0,5.E-1);
#15292=ORIENTED_EDGE('',*,*,#10503,.T.);
#15294=ORIENTED_EDGE('',*,*,#15293,.T.);
#15296=ORIENTED_EDGE('',*,*,#15295,.F.);
#15298=ORIENTED_EDGE('',*,*,#15297,.F.);
#15299=EDGE_LOOP('',(#15292,#15294,#15296,#15298));
#15300=FACE_OUTER_BOUND('',#15299,.F.);
#15302=CARTESIAN_POINT('',(-2.99E1,1.116810784349E1,-2.05E1));
#15303=DIRECTION('',(0.E0,-1.E0,0.E0));
#15304=DIRECTION('',(0.E0,0.E0,1.E0));
#15305=AXIS2_PLACEMENT_3D('',#15302,#15303,#15304);
#15306=CYLINDRICAL_SURFACE('',#15305,5.E-1);
#15307=ORIENTED_EDGE('',*,*,#10517,.T.);
#15309=ORIENTED_EDGE('',*,*,#15308,.T.);
#15311=ORIENTED_EDGE('',*,*,#15310,.F.);
#15312=ORIENTED_EDGE('',*,*,#15293,.F.);
#15313=EDGE_LOOP('',(#15307,#15309,#15311,#15312));
#15314=FACE_OUTER_BOUND('',#15313,.F.);
#15316=CARTESIAN_POINT('',(-2.54E1,-1.105E1,-2.05E1));
#15317=DIRECTION('',(0.E0,0.E0,1.E0));
#15318=DIRECTION('',(-9.997210237184E-1,2.361937203805E-2,0.E0));
#15319=AXIS2_PLACEMENT_3D('',#15316,#15317,#15318);
#15320=TOROIDAL_SURFACE('',#15319,4.5E0,5.E-1);
#15321=ORIENTED_EDGE('',*,*,#10515,.T.);
#15323=ORIENTED_EDGE('',*,*,#15322,.T.);
#15325=ORIENTED_EDGE('',*,*,#15324,.F.);
#15326=ORIENTED_EDGE('',*,*,#15308,.F.);
#15327=EDGE_LOOP('',(#15321,#15323,#15325,#15326));
#15328=FACE_OUTER_BOUND('',#15327,.F.);
#15330=CARTESIAN_POINT('',(-2.551810784349E1,-1.555E1,-2.05E1));
#15331=DIRECTION('',(1.E0,0.E0,0.E0));
#15332=DIRECTION('',(0.E0,0.E0,1.E0));
#15333=AXIS2_PLACEMENT_3D('',#15330,#15331,#15332);
#15334=CYLINDRICAL_SURFACE('',#15333,5.E-1);
#15335=ORIENTED_EDGE('',*,*,#10513,.T.);
#15337=ORIENTED_EDGE('',*,*,#15336,.T.);
#15339=ORIENTED_EDGE('',*,*,#15338,.F.);
#15340=ORIENTED_EDGE('',*,*,#15322,.F.);
#15341=EDGE_LOOP('',(#15335,#15337,#15339,#15340));
#15342=FACE_OUTER_BOUND('',#15341,.F.);
#15344=CARTESIAN_POINT('',(2.54E1,-1.105E1,-2.05E1));
#15345=DIRECTION('',(0.E0,0.E0,1.E0));
#15346=DIRECTION('',(-2.361937203805E-2,-9.997210237184E-1,0.E0));
#15347=AXIS2_PLACEMENT_3D('',#15344,#15345,#15346);
#15348=TOROIDAL_SURFACE('',#15347,4.5E0,5.E-1);
#15349=ORIENTED_EDGE('',*,*,#10511,.T.);
#15351=ORIENTED_EDGE('',*,*,#15350,.T.);
#15353=ORIENTED_EDGE('',*,*,#15352,.F.);
#15354=ORIENTED_EDGE('',*,*,#15336,.F.);
#15355=EDGE_LOOP('',(#15349,#15351,#15353,#15354));
#15356=FACE_OUTER_BOUND('',#15355,.F.);
#15358=CARTESIAN_POINT('',(2.99E1,-1.116810784349E1,-2.05E1));
#15359=DIRECTION('',(0.E0,1.E0,0.E0));
#15360=DIRECTION('',(0.E0,0.E0,1.E0));
#15361=AXIS2_PLACEMENT_3D('',#15358,#15359,#15360);
#15362=CYLINDRICAL_SURFACE('',#15361,5.E-1);
#15363=ORIENTED_EDGE('',*,*,#10509,.T.);
#15365=ORIENTED_EDGE('',*,*,#15364,.T.);
#15367=ORIENTED_EDGE('',*,*,#15366,.F.);
#15368=ORIENTED_EDGE('',*,*,#15350,.F.);
#15369=EDGE_LOOP('',(#15363,#15365,#15367,#15368));
#15370=FACE_OUTER_BOUND('',#15369,.F.);
#15372=CARTESIAN_POINT('',(2.54E1,1.105E1,-2.05E1));
#15373=DIRECTION('',(0.E0,0.E0,1.E0));
#15374=DIRECTION('',(9.997210237184E-1,-2.361937203805E-2,0.E0));
#15375=AXIS2_PLACEMENT_3D('',#15372,#15373,#15374);
#15376=TOROIDAL_SURFACE('',#15375,4.5E0,5.E-1);
#15377=ORIENTED_EDGE('',*,*,#10507,.T.);
#15379=ORIENTED_EDGE('',*,*,#15378,.T.);
#15381=ORIENTED_EDGE('',*,*,#15380,.F.);
#15382=ORIENTED_EDGE('',*,*,#15364,.F.);
#15383=EDGE_LOOP('',(#15377,#15379,#15381,#15382));
#15384=FACE_OUTER_BOUND('',#15383,.F.);
#15386=CARTESIAN_POINT('',(2.551810784349E1,1.555E1,-2.05E1));
#15387=DIRECTION('',(-1.E0,0.E0,0.E0));
#15388=DIRECTION('',(0.E0,0.E0,1.E0));
#15389=AXIS2_PLACEMENT_3D('',#15386,#15387,#15388);
#15390=CYLINDRICAL_SURFACE('',#15389,5.E-1);
#15391=ORIENTED_EDGE('',*,*,#10505,.T.);
#15392=ORIENTED_EDGE('',*,*,#15297,.T.);
#15394=ORIENTED_EDGE('',*,*,#15393,.F.);
#15395=ORIENTED_EDGE('',*,*,#15378,.F.);
#15396=EDGE_LOOP('',(#15391,#15392,#15394,#15395));
#15397=FACE_OUTER_BOUND('',#15396,.F.);
#15399=CARTESIAN_POINT('',(2.54E1,1.605E1,-2.E1));
#15400=DIRECTION('',(0.E0,1.E0,0.E0));
#15401=DIRECTION('',(-1.E0,0.E0,0.E0));
#15402=AXIS2_PLACEMENT_3D('',#15399,#15400,#15401);
#15403=PLANE('',#15402);
#15405=ORIENTED_EDGE('',*,*,#15404,.T.);
#15407=ORIENTED_EDGE('',*,*,#15406,.T.);
#15408=ORIENTED_EDGE('',*,*,#15393,.T.);
#15410=ORIENTED_EDGE('',*,*,#15409,.F.);
#15411=EDGE_LOOP('',(#15405,#15407,#15408,#15410));
#15412=FACE_OUTER_BOUND('',#15411,.F.);
#15414=CARTESIAN_POINT('',(-2.556777876347E1,1.555E1,-2.15E1));
#15415=DIRECTION('',(1.E0,0.E0,0.E0));
#15416=DIRECTION('',(0.E0,0.E0,-1.E0));
#15417=AXIS2_PLACEMENT_3D('',#15414,#15415,#15416);
#15418=CYLINDRICAL_SURFACE('',#15417,5.E-1);
#15420=ORIENTED_EDGE('',*,*,#15419,.T.);
#15422=ORIENTED_EDGE('',*,*,#15421,.T.);
#15423=ORIENTED_EDGE('',*,*,#15404,.F.);
#15425=ORIENTED_EDGE('',*,*,#15424,.F.);
#15426=EDGE_LOOP('',(#15420,#15422,#15423,#15425));
#15427=FACE_OUTER_BOUND('',#15426,.F.);
#15429=CARTESIAN_POINT('',(0.E0,0.E0,-2.2E1));
#15430=DIRECTION('',(0.E0,0.E0,1.E0));
#15431=DIRECTION('',(1.E0,0.E0,0.E0));
#15432=AXIS2_PLACEMENT_3D('',#15429,#15430,#15431);
#15433=PLANE('',#15432);
#15435=ORIENTED_EDGE('',*,*,#15434,.F.);
#15437=ORIENTED_EDGE('',*,*,#15436,.T.);
#15439=ORIENTED_EDGE('',*,*,#15438,.F.);
#15441=ORIENTED_EDGE('',*,*,#15440,.F.);
#15443=ORIENTED_EDGE('',*,*,#15442,.F.);
#15445=ORIENTED_EDGE('',*,*,#15444,.F.);
#15447=ORIENTED_EDGE('',*,*,#15446,.F.);
#15449=ORIENTED_EDGE('',*,*,#15448,.F.);
#15451=ORIENTED_EDGE('',*,*,#15450,.F.);
#15453=ORIENTED_EDGE('',*,*,#15452,.F.);
#15455=ORIENTED_EDGE('',*,*,#15454,.F.);
#15457=ORIENTED_EDGE('',*,*,#15456,.F.);
#15459=ORIENTED_EDGE('',*,*,#15458,.T.);
#15461=ORIENTED_EDGE('',*,*,#15460,.F.);
#15463=ORIENTED_EDGE('',*,*,#15462,.F.);
#15465=ORIENTED_EDGE('',*,*,#15464,.F.);
#15467=ORIENTED_EDGE('',*,*,#15466,.F.);
#15469=ORIENTED_EDGE('',*,*,#15468,.F.);
#15471=ORIENTED_EDGE('',*,*,#15470,.F.);
#15473=ORIENTED_EDGE('',*,*,#15472,.T.);
#15475=ORIENTED_EDGE('',*,*,#15474,.F.);
#15477=ORIENTED_EDGE('',*,*,#15476,.F.);
#15479=ORIENTED_EDGE('',*,*,#15478,.F.);
#15481=ORIENTED_EDGE('',*,*,#15480,.F.);
#15483=ORIENTED_EDGE('',*,*,#15482,.F.);
#15485=ORIENTED_EDGE('',*,*,#15484,.F.);
#15486=ORIENTED_EDGE('',*,*,#15419,.F.);
#15488=ORIENTED_EDGE('',*,*,#15487,.F.);
#15490=ORIENTED_EDGE('',*,*,#15489,.T.);
#15492=ORIENTED_EDGE('',*,*,#15491,.F.);
#15494=ORIENTED_EDGE('',*,*,#15493,.F.);
#15496=ORIENTED_EDGE('',*,*,#15495,.F.);
#15498=ORIENTED_EDGE('',*,*,#15497,.F.);
#15500=ORIENTED_EDGE('',*,*,#15499,.F.);
#15501=EDGE_LOOP('',(#15435,#15437,#15439,#15441,#15443,#15445,#15447,#15449,
#15451,#15453,#15455,#15457,#15459,#15461,#15463,#15465,#15467,#15469,#15471,
#15473,#15475,#15477,#15479,#15481,#15483,#15485,#15486,#15488,#15490,#15492,
#15494,#15496,#15498,#15500));
#15502=FACE_OUTER_BOUND('',#15501,.F.);
#15504=ORIENTED_EDGE('',*,*,#15503,.T.);
#15506=ORIENTED_EDGE('',*,*,#15505,.T.);
#15508=ORIENTED_EDGE('',*,*,#15507,.T.);
#15510=ORIENTED_EDGE('',*,*,#15509,.T.);
#15511=EDGE_LOOP('',(#15504,#15506,#15508,#15510));
#15512=FACE_BOUND('',#15511,.F.);
#15514=CARTESIAN_POINT('',(1.67E1,7.E0,-2.2E1));
#15515=DIRECTION('',(1.E0,0.E0,0.E0));
#15516=DIRECTION('',(0.E0,-1.E0,0.E0));
#15517=AXIS2_PLACEMENT_3D('',#15514,#15515,#15516);
#15518=PLANE('',#15517);
#15520=ORIENTED_EDGE('',*,*,#15519,.T.);
#15522=ORIENTED_EDGE('',*,*,#15521,.T.);
#15524=ORIENTED_EDGE('',*,*,#15523,.F.);
#15525=ORIENTED_EDGE('',*,*,#15503,.F.);
#15526=EDGE_LOOP('',(#15520,#15522,#15524,#15525));
#15527=FACE_OUTER_BOUND('',#15526,.F.);
#15529=CARTESIAN_POINT('',(-1.67E1,7.E0,-2.2E1));
#15530=DIRECTION('',(0.E0,1.E0,0.E0));
#15531=DIRECTION('',(1.E0,0.E0,0.E0));
#15532=AXIS2_PLACEMENT_3D('',#15529,#15530,#15531);
#15533=PLANE('',#15532);
#15534=ORIENTED_EDGE('',*,*,#15519,.F.);
#15535=ORIENTED_EDGE('',*,*,#15509,.F.);
#15537=ORIENTED_EDGE('',*,*,#15536,.T.);
#15539=ORIENTED_EDGE('',*,*,#15538,.T.);
#15540=EDGE_LOOP('',(#15534,#15535,#15537,#15539));
#15541=FACE_OUTER_BOUND('',#15540,.F.);
#15543=CARTESIAN_POINT('',(-1.67E1,-7.E0,-2.2E1));
#15544=DIRECTION('',(-1.E0,0.E0,0.E0));
#15545=DIRECTION('',(0.E0,1.E0,0.E0));
#15546=AXIS2_PLACEMENT_3D('',#15543,#15544,#15545);
#15547=PLANE('',#15546);
#15549=ORIENTED_EDGE('',*,*,#15548,.T.);
#15551=ORIENTED_EDGE('',*,*,#15550,.T.);
#15552=ORIENTED_EDGE('',*,*,#15536,.F.);
#15553=ORIENTED_EDGE('',*,*,#15507,.F.);
#15554=EDGE_LOOP('',(#15549,#15551,#15552,#15553));
#15555=FACE_OUTER_BOUND('',#15554,.F.);
#15557=CARTESIAN_POINT('',(1.67E1,-7.E0,-2.2E1));
#15558=DIRECTION('',(0.E0,-1.E0,0.E0));
#15559=DIRECTION('',(-1.E0,0.E0,0.E0));
#15560=AXIS2_PLACEMENT_3D('',#15557,#15558,#15559);
#15561=PLANE('',#15560);
#15562=ORIENTED_EDGE('',*,*,#15523,.T.);
#15564=ORIENTED_EDGE('',*,*,#15563,.T.);
#15565=ORIENTED_EDGE('',*,*,#15548,.F.);
#15566=ORIENTED_EDGE('',*,*,#15505,.F.);
#15567=EDGE_LOOP('',(#15562,#15564,#15565,#15566));
#15568=FACE_OUTER_BOUND('',#15567,.F.);
#15570=CARTESIAN_POINT('',(0.E0,0.E0,-2.6E1));
#15571=DIRECTION('',(0.E0,0.E0,-1.E0));
#15572=DIRECTION('',(-1.E0,0.E0,0.E0));
#15573=AXIS2_PLACEMENT_3D('',#15570,#15571,#15572);
#15574=PLANE('',#15573);
#15575=ORIENTED_EDGE('',*,*,#15521,.F.);
#15576=ORIENTED_EDGE('',*,*,#15538,.F.);
#15577=ORIENTED_EDGE('',*,*,#15550,.F.);
#15578=ORIENTED_EDGE('',*,*,#15563,.F.);
#15579=EDGE_LOOP('',(#15575,#15576,#15577,#15578));
#15580=FACE_OUTER_BOUND('',#15579,.F.);
#15582=ORIENTED_EDGE('',*,*,#15581,.T.);
#15584=ORIENTED_EDGE('',*,*,#15583,.T.);
#15585=EDGE_LOOP('',(#15582,#15584));
#15586=FACE_BOUND('',#15585,.F.);
#15588=ORIENTED_EDGE('',*,*,#15587,.T.);
#15590=ORIENTED_EDGE('',*,*,#15589,.T.);
#15591=EDGE_LOOP('',(#15588,#15590));
#15592=FACE_BOUND('',#15591,.F.);
#15594=ORIENTED_EDGE('',*,*,#15593,.T.);
#15596=ORIENTED_EDGE('',*,*,#15595,.T.);
#15597=EDGE_LOOP('',(#15594,#15596));
#15598=FACE_BOUND('',#15597,.F.);
#15600=ORIENTED_EDGE('',*,*,#15599,.T.);
#15602=ORIENTED_EDGE('',*,*,#15601,.T.);
#15603=EDGE_LOOP('',(#15600,#15602));
#15604=FACE_BOUND('',#15603,.F.);
#15606=ORIENTED_EDGE('',*,*,#15605,.T.);
#15608=ORIENTED_EDGE('',*,*,#15607,.T.);
#15609=EDGE_LOOP('',(#15606,#15608));
#15610=FACE_BOUND('',#15609,.F.);
#15612=ORIENTED_EDGE('',*,*,#15611,.T.);
#15614=ORIENTED_EDGE('',*,*,#15613,.T.);
#15615=EDGE_LOOP('',(#15612,#15614));
#15616=FACE_BOUND('',#15615,.F.);
#15618=ORIENTED_EDGE('',*,*,#15617,.T.);
#15620=ORIENTED_EDGE('',*,*,#15619,.T.);
#15621=EDGE_LOOP('',(#15618,#15620));
#15622=FACE_BOUND('',#15621,.F.);
#15624=ORIENTED_EDGE('',*,*,#15623,.T.);
#15626=ORIENTED_EDGE('',*,*,#15625,.T.);
#15627=EDGE_LOOP('',(#15624,#15626));
#15628=FACE_BOUND('',#15627,.F.);
#15630=ORIENTED_EDGE('',*,*,#15629,.T.);
#15632=ORIENTED_EDGE('',*,*,#15631,.T.);
#15633=EDGE_LOOP('',(#15630,#15632));
#15634=FACE_BOUND('',#15633,.F.);
#15636=ORIENTED_EDGE('',*,*,#15635,.T.);
#15638=ORIENTED_EDGE('',*,*,#15637,.T.);
#15639=EDGE_LOOP('',(#15636,#15638));
#15640=FACE_BOUND('',#15639,.F.);
#15642=ORIENTED_EDGE('',*,*,#15641,.T.);
#15644=ORIENTED_EDGE('',*,*,#15643,.T.);
#15645=EDGE_LOOP('',(#15642,#15644));
#15646=FACE_BOUND('',#15645,.F.);
#15648=ORIENTED_EDGE('',*,*,#15647,.T.);
#15650=ORIENTED_EDGE('',*,*,#15649,.T.);
#15651=EDGE_LOOP('',(#15648,#15650));
#15652=FACE_BOUND('',#15651,.F.);
#15654=ORIENTED_EDGE('',*,*,#15653,.T.);
#15656=ORIENTED_EDGE('',*,*,#15655,.T.);
#15657=EDGE_LOOP('',(#15654,#15656));
#15658=FACE_BOUND('',#15657,.F.);
#15660=ORIENTED_EDGE('',*,*,#15659,.T.);
#15662=ORIENTED_EDGE('',*,*,#15661,.T.);
#15663=EDGE_LOOP('',(#15660,#15662));
#15664=FACE_BOUND('',#15663,.F.);
#15666=ORIENTED_EDGE('',*,*,#15665,.T.);
#15668=ORIENTED_EDGE('',*,*,#15667,.T.);
#15669=EDGE_LOOP('',(#15666,#15668));
#15670=FACE_BOUND('',#15669,.F.);
#15672=ORIENTED_EDGE('',*,*,#15671,.T.);
#15674=ORIENTED_EDGE('',*,*,#15673,.T.);
#15675=EDGE_LOOP('',(#15672,#15674));
#15676=FACE_BOUND('',#15675,.F.);
#15678=ORIENTED_EDGE('',*,*,#15677,.F.);
#15680=ORIENTED_EDGE('',*,*,#15679,.F.);
#15681=EDGE_LOOP('',(#15678,#15680));
#15682=FACE_BOUND('',#15681,.F.);
#15684=ORIENTED_EDGE('',*,*,#15683,.F.);
#15686=ORIENTED_EDGE('',*,*,#15685,.F.);
#15687=EDGE_LOOP('',(#15684,#15686));
#15688=FACE_BOUND('',#15687,.F.);
#15690=ORIENTED_EDGE('',*,*,#15689,.F.);
#15692=ORIENTED_EDGE('',*,*,#15691,.F.);
#15693=EDGE_LOOP('',(#15690,#15692));
#15694=FACE_BOUND('',#15693,.F.);
#15696=ORIENTED_EDGE('',*,*,#15695,.F.);
#15698=ORIENTED_EDGE('',*,*,#15697,.F.);
#15699=EDGE_LOOP('',(#15696,#15698));
#15700=FACE_BOUND('',#15699,.F.);
#15702=ORIENTED_EDGE('',*,*,#15701,.F.);
#15704=ORIENTED_EDGE('',*,*,#15703,.F.);
#15705=EDGE_LOOP('',(#15702,#15704));
#15706=FACE_BOUND('',#15705,.F.);
#15708=ORIENTED_EDGE('',*,*,#15707,.F.);
#15710=ORIENTED_EDGE('',*,*,#15709,.F.);
#15711=EDGE_LOOP('',(#15708,#15710));
#15712=FACE_BOUND('',#15711,.F.);
#15714=ORIENTED_EDGE('',*,*,#15713,.F.);
#15716=ORIENTED_EDGE('',*,*,#15715,.F.);
#15717=EDGE_LOOP('',(#15714,#15716));
#15718=FACE_BOUND('',#15717,.F.);
#15720=CARTESIAN_POINT('',(-1.4E1,4.E0,-1.1195E1));
#15721=DIRECTION('',(0.E0,0.E0,-1.E0));
#15722=DIRECTION('',(0.E0,-1.E0,0.E0));
#15723=AXIS2_PLACEMENT_3D('',#15720,#15721,#15722);
#15724=CYLINDRICAL_SURFACE('',#15723,6.5E-1);
#15725=ORIENTED_EDGE('',*,*,#15581,.F.);
#15727=ORIENTED_EDGE('',*,*,#15726,.F.);
#15729=ORIENTED_EDGE('',*,*,#15728,.T.);
#15731=ORIENTED_EDGE('',*,*,#15730,.T.);
#15732=EDGE_LOOP('',(#15725,#15727,#15729,#15731));
#15733=FACE_OUTER_BOUND('',#15732,.F.);
#15735=CARTESIAN_POINT('',(-1.4E1,4.E0,-1.1195E1));
#15736=DIRECTION('',(0.E0,0.E0,-1.E0));
#15737=DIRECTION('',(0.E0,-1.E0,0.E0));
#15738=AXIS2_PLACEMENT_3D('',#15735,#15736,#15737);
#15739=CYLINDRICAL_SURFACE('',#15738,6.5E-1);
#15740=ORIENTED_EDGE('',*,*,#15583,.F.);
#15741=ORIENTED_EDGE('',*,*,#15730,.F.);
#15743=ORIENTED_EDGE('',*,*,#15742,.F.);
#15744=ORIENTED_EDGE('',*,*,#15726,.T.);
#15745=EDGE_LOOP('',(#15740,#15741,#15743,#15744));
#15746=FACE_OUTER_BOUND('',#15745,.F.);
#15748=CARTESIAN_POINT('',(-1.4E1,4.E0,-3.8075E1));
#15749=DIRECTION('',(0.E0,0.E0,-1.E0));
#15750=DIRECTION('',(0.E0,-1.E0,0.E0));
#15751=AXIS2_PLACEMENT_3D('',#15748,#15749,#15750);
#15752=PLANE('',#15751);
#15753=ORIENTED_EDGE('',*,*,#15742,.T.);
#15754=ORIENTED_EDGE('',*,*,#15728,.F.);
#15755=EDGE_LOOP('',(#15753,#15754));
#15756=FACE_OUTER_BOUND('',#15755,.F.);
#15758=CARTESIAN_POINT('',(-1.E1,4.E0,-1.1195E1));
#15759=DIRECTION('',(0.E0,0.E0,-1.E0));
#15760=DIRECTION('',(0.E0,-1.E0,0.E0));
#15761=AXIS2_PLACEMENT_3D('',#15758,#15759,#15760);
#15762=CYLINDRICAL_SURFACE('',#15761,6.5E-1);
#15763=ORIENTED_EDGE('',*,*,#15587,.F.);
#15765=ORIENTED_EDGE('',*,*,#15764,.F.);
#15767=ORIENTED_EDGE('',*,*,#15766,.T.);
#15769=ORIENTED_EDGE('',*,*,#15768,.T.);
#15770=EDGE_LOOP('',(#15763,#15765,#15767,#15769));
#15771=FACE_OUTER_BOUND('',#15770,.F.);
#15773=CARTESIAN_POINT('',(-1.E1,4.E0,-1.1195E1));
#15774=DIRECTION('',(0.E0,0.E0,-1.E0));
#15775=DIRECTION('',(0.E0,-1.E0,0.E0));
#15776=AXIS2_PLACEMENT_3D('',#15773,#15774,#15775);
#15777=CYLINDRICAL_SURFACE('',#15776,6.5E-1);
#15778=ORIENTED_EDGE('',*,*,#15589,.F.);
#15779=ORIENTED_EDGE('',*,*,#15768,.F.);
#15781=ORIENTED_EDGE('',*,*,#15780,.F.);
#15782=ORIENTED_EDGE('',*,*,#15764,.T.);
#15783=EDGE_LOOP('',(#15778,#15779,#15781,#15782));
#15784=FACE_OUTER_BOUND('',#15783,.F.);
#15786=CARTESIAN_POINT('',(-1.E1,4.E0,-3.8075E1));
#15787=DIRECTION('',(0.E0,0.E0,-1.E0));
#15788=DIRECTION('',(0.E0,-1.E0,0.E0));
#15789=AXIS2_PLACEMENT_3D('',#15786,#15787,#15788);
#15790=PLANE('',#15789);
#15791=ORIENTED_EDGE('',*,*,#15780,.T.);
#15792=ORIENTED_EDGE('',*,*,#15766,.F.);
#15793=EDGE_LOOP('',(#15791,#15792));
#15794=FACE_OUTER_BOUND('',#15793,.F.);
#15796=CARTESIAN_POINT('',(-6.E0,4.E0,-1.1195E1));
#15797=DIRECTION('',(0.E0,0.E0,-1.E0));
#15798=DIRECTION('',(0.E0,-1.E0,0.E0));
#15799=AXIS2_PLACEMENT_3D('',#15796,#15797,#15798);
#15800=CYLINDRICAL_SURFACE('',#15799,6.5E-1);
#15801=ORIENTED_EDGE('',*,*,#15593,.F.);
#15803=ORIENTED_EDGE('',*,*,#15802,.F.);
#15805=ORIENTED_EDGE('',*,*,#15804,.T.);
#15807=ORIENTED_EDGE('',*,*,#15806,.T.);
#15808=EDGE_LOOP('',(#15801,#15803,#15805,#15807));
#15809=FACE_OUTER_BOUND('',#15808,.F.);
#15811=CARTESIAN_POINT('',(-6.E0,4.E0,-1.1195E1));
#15812=DIRECTION('',(0.E0,0.E0,-1.E0));
#15813=DIRECTION('',(0.E0,-1.E0,0.E0));
#15814=AXIS2_PLACEMENT_3D('',#15811,#15812,#15813);
#15815=CYLINDRICAL_SURFACE('',#15814,6.5E-1);
#15816=ORIENTED_EDGE('',*,*,#15595,.F.);
#15817=ORIENTED_EDGE('',*,*,#15806,.F.);
#15819=ORIENTED_EDGE('',*,*,#15818,.F.);
#15820=ORIENTED_EDGE('',*,*,#15802,.T.);
#15821=EDGE_LOOP('',(#15816,#15817,#15819,#15820));
#15822=FACE_OUTER_BOUND('',#15821,.F.);
#15824=CARTESIAN_POINT('',(-6.E0,4.E0,-3.8075E1));
#15825=DIRECTION('',(0.E0,0.E0,-1.E0));
#15826=DIRECTION('',(0.E0,-1.E0,0.E0));
#15827=AXIS2_PLACEMENT_3D('',#15824,#15825,#15826);
#15828=PLANE('',#15827);
#15829=ORIENTED_EDGE('',*,*,#15818,.T.);
#15830=ORIENTED_EDGE('',*,*,#15804,.F.);
#15831=EDGE_LOOP('',(#15829,#15830));
#15832=FACE_OUTER_BOUND('',#15831,.F.);
#15834=CARTESIAN_POINT('',(-2.E0,4.E0,-1.1195E1));
#15835=DIRECTION('',(0.E0,0.E0,-1.E0));
#15836=DIRECTION('',(0.E0,-1.E0,0.E0));
#15837=AXIS2_PLACEMENT_3D('',#15834,#15835,#15836);
#15838=CYLINDRICAL_SURFACE('',#15837,6.5E-1);
#15839=ORIENTED_EDGE('',*,*,#15599,.F.);
#15841=ORIENTED_EDGE('',*,*,#15840,.F.);
#15843=ORIENTED_EDGE('',*,*,#15842,.T.);
#15845=ORIENTED_EDGE('',*,*,#15844,.T.);
#15846=EDGE_LOOP('',(#15839,#15841,#15843,#15845));
#15847=FACE_OUTER_BOUND('',#15846,.F.);
#15849=CARTESIAN_POINT('',(-2.E0,4.E0,-1.1195E1));
#15850=DIRECTION('',(0.E0,0.E0,-1.E0));
#15851=DIRECTION('',(0.E0,-1.E0,0.E0));
#15852=AXIS2_PLACEMENT_3D('',#15849,#15850,#15851);
#15853=CYLINDRICAL_SURFACE('',#15852,6.5E-1);
#15854=ORIENTED_EDGE('',*,*,#15601,.F.);
#15855=ORIENTED_EDGE('',*,*,#15844,.F.);
#15857=ORIENTED_EDGE('',*,*,#15856,.F.);
#15858=ORIENTED_EDGE('',*,*,#15840,.T.);
#15859=EDGE_LOOP('',(#15854,#15855,#15857,#15858));
#15860=FACE_OUTER_BOUND('',#15859,.F.);
#15862=CARTESIAN_POINT('',(-2.E0,4.E0,-3.8075E1));
#15863=DIRECTION('',(0.E0,0.E0,-1.E0));
#15864=DIRECTION('',(0.E0,-1.E0,0.E0));
#15865=AXIS2_PLACEMENT_3D('',#15862,#15863,#15864);
#15866=PLANE('',#15865);
#15867=ORIENTED_EDGE('',*,*,#15856,.T.);
#15868=ORIENTED_EDGE('',*,*,#15842,.F.);
#15869=EDGE_LOOP('',(#15867,#15868));
#15870=FACE_OUTER_BOUND('',#15869,.F.);
#15872=CARTESIAN_POINT('',(2.E0,4.E0,-1.1195E1));
#15873=DIRECTION('',(0.E0,0.E0,-1.E0));
#15874=DIRECTION('',(0.E0,-1.E0,0.E0));
#15875=AXIS2_PLACEMENT_3D('',#15872,#15873,#15874);
#15876=CYLINDRICAL_SURFACE('',#15875,6.5E-1);
#15877=ORIENTED_EDGE('',*,*,#15605,.F.);
#15879=ORIENTED_EDGE('',*,*,#15878,.F.);
#15881=ORIENTED_EDGE('',*,*,#15880,.T.);
#15883=ORIENTED_EDGE('',*,*,#15882,.T.);
#15884=EDGE_LOOP('',(#15877,#15879,#15881,#15883));
#15885=FACE_OUTER_BOUND('',#15884,.F.);
#15887=CARTESIAN_POINT('',(2.E0,4.E0,-1.1195E1));
#15888=DIRECTION('',(0.E0,0.E0,-1.E0));
#15889=DIRECTION('',(0.E0,-1.E0,0.E0));
#15890=AXIS2_PLACEMENT_3D('',#15887,#15888,#15889);
#15891=CYLINDRICAL_SURFACE('',#15890,6.5E-1);
#15892=ORIENTED_EDGE('',*,*,#15607,.F.);
#15893=ORIENTED_EDGE('',*,*,#15882,.F.);
#15895=ORIENTED_EDGE('',*,*,#15894,.F.);
#15896=ORIENTED_EDGE('',*,*,#15878,.T.);
#15897=EDGE_LOOP('',(#15892,#15893,#15895,#15896));
#15898=FACE_OUTER_BOUND('',#15897,.F.);
#15900=CARTESIAN_POINT('',(2.E0,4.E0,-3.8075E1));
#15901=DIRECTION('',(0.E0,0.E0,-1.E0));
#15902=DIRECTION('',(0.E0,-1.E0,0.E0));
#15903=AXIS2_PLACEMENT_3D('',#15900,#15901,#15902);
#15904=PLANE('',#15903);
#15905=ORIENTED_EDGE('',*,*,#15894,.T.);
#15906=ORIENTED_EDGE('',*,*,#15880,.F.);
#15907=EDGE_LOOP('',(#15905,#15906));
#15908=FACE_OUTER_BOUND('',#15907,.F.);
#15910=CARTESIAN_POINT('',(6.E0,4.E0,-1.1195E1));
#15911=DIRECTION('',(0.E0,0.E0,-1.E0));
#15912=DIRECTION('',(0.E0,-1.E0,0.E0));
#15913=AXIS2_PLACEMENT_3D('',#15910,#15911,#15912);
#15914=CYLINDRICAL_SURFACE('',#15913,6.5E-1);
#15915=ORIENTED_EDGE('',*,*,#15611,.F.);
#15917=ORIENTED_EDGE('',*,*,#15916,.F.);
#15919=ORIENTED_EDGE('',*,*,#15918,.T.);
#15921=ORIENTED_EDGE('',*,*,#15920,.T.);
#15922=EDGE_LOOP('',(#15915,#15917,#15919,#15921));
#15923=FACE_OUTER_BOUND('',#15922,.F.);
#15925=CARTESIAN_POINT('',(6.E0,4.E0,-1.1195E1));
#15926=DIRECTION('',(0.E0,0.E0,-1.E0));
#15927=DIRECTION('',(0.E0,-1.E0,0.E0));
#15928=AXIS2_PLACEMENT_3D('',#15925,#15926,#15927);
#15929=CYLINDRICAL_SURFACE('',#15928,6.5E-1);
#15930=ORIENTED_EDGE('',*,*,#15613,.F.);
#15931=ORIENTED_EDGE('',*,*,#15920,.F.);
#15933=ORIENTED_EDGE('',*,*,#15932,.F.);
#15934=ORIENTED_EDGE('',*,*,#15916,.T.);
#15935=EDGE_LOOP('',(#15930,#15931,#15933,#15934));
#15936=FACE_OUTER_BOUND('',#15935,.F.);
#15938=CARTESIAN_POINT('',(6.E0,4.E0,-3.8075E1));
#15939=DIRECTION('',(0.E0,0.E0,-1.E0));
#15940=DIRECTION('',(0.E0,-1.E0,0.E0));
#15941=AXIS2_PLACEMENT_3D('',#15938,#15939,#15940);
#15942=PLANE('',#15941);
#15943=ORIENTED_EDGE('',*,*,#15932,.T.);
#15944=ORIENTED_EDGE('',*,*,#15918,.F.);
#15945=EDGE_LOOP('',(#15943,#15944));
#15946=FACE_OUTER_BOUND('',#15945,.F.);
#15948=CARTESIAN_POINT('',(1.E1,4.E0,-1.1195E1));
#15949=DIRECTION('',(0.E0,0.E0,-1.E0));
#15950=DIRECTION('',(0.E0,-1.E0,0.E0));
#15951=AXIS2_PLACEMENT_3D('',#15948,#15949,#15950);
#15952=CYLINDRICAL_SURFACE('',#15951,6.5E-1);
#15953=ORIENTED_EDGE('',*,*,#15617,.F.);
#15955=ORIENTED_EDGE('',*,*,#15954,.F.);
#15957=ORIENTED_EDGE('',*,*,#15956,.T.);
#15959=ORIENTED_EDGE('',*,*,#15958,.T.);
#15960=EDGE_LOOP('',(#15953,#15955,#15957,#15959));
#15961=FACE_OUTER_BOUND('',#15960,.F.);
#15963=CARTESIAN_POINT('',(1.E1,4.E0,-1.1195E1));
#15964=DIRECTION('',(0.E0,0.E0,-1.E0));
#15965=DIRECTION('',(0.E0,-1.E0,0.E0));
#15966=AXIS2_PLACEMENT_3D('',#15963,#15964,#15965);
#15967=CYLINDRICAL_SURFACE('',#15966,6.5E-1);
#15968=ORIENTED_EDGE('',*,*,#15619,.F.);
#15969=ORIENTED_EDGE('',*,*,#15958,.F.);
#15971=ORIENTED_EDGE('',*,*,#15970,.F.);
#15972=ORIENTED_EDGE('',*,*,#15954,.T.);
#15973=EDGE_LOOP('',(#15968,#15969,#15971,#15972));
#15974=FACE_OUTER_BOUND('',#15973,.F.);
#15976=CARTESIAN_POINT('',(1.E1,4.E0,-3.8075E1));
#15977=DIRECTION('',(0.E0,0.E0,-1.E0));
#15978=DIRECTION('',(0.E0,-1.E0,0.E0));
#15979=AXIS2_PLACEMENT_3D('',#15976,#15977,#15978);
#15980=PLANE('',#15979);
#15981=ORIENTED_EDGE('',*,*,#15970,.T.);
#15982=ORIENTED_EDGE('',*,*,#15956,.F.);
#15983=EDGE_LOOP('',(#15981,#15982));
#15984=FACE_OUTER_BOUND('',#15983,.F.);
#15986=CARTESIAN_POINT('',(1.4E1,4.E0,-1.1195E1));
#15987=DIRECTION('',(0.E0,0.E0,-1.E0));
#15988=DIRECTION('',(0.E0,-1.E0,0.E0));
#15989=AXIS2_PLACEMENT_3D('',#15986,#15987,#15988);
#15990=CYLINDRICAL_SURFACE('',#15989,6.5E-1);
#15991=ORIENTED_EDGE('',*,*,#15623,.F.);
#15993=ORIENTED_EDGE('',*,*,#15992,.F.);
#15995=ORIENTED_EDGE('',*,*,#15994,.T.);
#15997=ORIENTED_EDGE('',*,*,#15996,.T.);
#15998=EDGE_LOOP('',(#15991,#15993,#15995,#15997));
#15999=FACE_OUTER_BOUND('',#15998,.F.);
#16001=CARTESIAN_POINT('',(1.4E1,4.E0,-1.1195E1));
#16002=DIRECTION('',(0.E0,0.E0,-1.E0));
#16003=DIRECTION('',(0.E0,-1.E0,0.E0));
#16004=AXIS2_PLACEMENT_3D('',#16001,#16002,#16003);
#16005=CYLINDRICAL_SURFACE('',#16004,6.5E-1);
#16006=ORIENTED_EDGE('',*,*,#15625,.F.);
#16007=ORIENTED_EDGE('',*,*,#15996,.F.);
#16009=ORIENTED_EDGE('',*,*,#16008,.F.);
#16010=ORIENTED_EDGE('',*,*,#15992,.T.);
#16011=EDGE_LOOP('',(#16006,#16007,#16009,#16010));
#16012=FACE_OUTER_BOUND('',#16011,.F.);
#16014=CARTESIAN_POINT('',(1.4E1,4.E0,-3.8075E1));
#16015=DIRECTION('',(0.E0,0.E0,-1.E0));
#16016=DIRECTION('',(0.E0,-1.E0,0.E0));
#16017=AXIS2_PLACEMENT_3D('',#16014,#16015,#16016);
#16018=PLANE('',#16017);
#16019=ORIENTED_EDGE('',*,*,#16008,.T.);
#16020=ORIENTED_EDGE('',*,*,#15994,.F.);
#16021=EDGE_LOOP('',(#16019,#16020));
#16022=FACE_OUTER_BOUND('',#16021,.F.);
#16024=CARTESIAN_POINT('',(-1.4E1,-4.E0,-1.1195E1));
#16025=DIRECTION('',(0.E0,0.E0,-1.E0));
#16026=DIRECTION('',(0.E0,-1.E0,0.E0));
#16027=AXIS2_PLACEMENT_3D('',#16024,#16025,#16026);
#16028=CYLINDRICAL_SURFACE('',#16027,6.5E-1);
#16029=ORIENTED_EDGE('',*,*,#15629,.F.);
#16031=ORIENTED_EDGE('',*,*,#16030,.F.);
#16033=ORIENTED_EDGE('',*,*,#16032,.T.);
#16035=ORIENTED_EDGE('',*,*,#16034,.T.);
#16036=EDGE_LOOP('',(#16029,#16031,#16033,#16035));
#16037=FACE_OUTER_BOUND('',#16036,.F.);
#16039=CARTESIAN_POINT('',(-1.4E1,-4.E0,-1.1195E1));
#16040=DIRECTION('',(0.E0,0.E0,-1.E0));
#16041=DIRECTION('',(0.E0,-1.E0,0.E0));
#16042=AXIS2_PLACEMENT_3D('',#16039,#16040,#16041);
#16043=CYLINDRICAL_SURFACE('',#16042,6.5E-1);
#16044=ORIENTED_EDGE('',*,*,#15631,.F.);
#16045=ORIENTED_EDGE('',*,*,#16034,.F.);
#16047=ORIENTED_EDGE('',*,*,#16046,.F.);
#16048=ORIENTED_EDGE('',*,*,#16030,.T.);
#16049=EDGE_LOOP('',(#16044,#16045,#16047,#16048));
#16050=FACE_OUTER_BOUND('',#16049,.F.);
#16052=CARTESIAN_POINT('',(-1.4E1,-4.E0,-3.8075E1));
#16053=DIRECTION('',(0.E0,0.E0,-1.E0));
#16054=DIRECTION('',(0.E0,-1.E0,0.E0));
#16055=AXIS2_PLACEMENT_3D('',#16052,#16053,#16054);
#16056=PLANE('',#16055);
#16057=ORIENTED_EDGE('',*,*,#16046,.T.);
#16058=ORIENTED_EDGE('',*,*,#16032,.F.);
#16059=EDGE_LOOP('',(#16057,#16058));
#16060=FACE_OUTER_BOUND('',#16059,.F.);
#16062=CARTESIAN_POINT('',(-1.E1,-4.E0,-1.1195E1));
#16063=DIRECTION('',(0.E0,0.E0,-1.E0));
#16064=DIRECTION('',(0.E0,-1.E0,0.E0));
#16065=AXIS2_PLACEMENT_3D('',#16062,#16063,#16064);
#16066=CYLINDRICAL_SURFACE('',#16065,6.5E-1);
#16067=ORIENTED_EDGE('',*,*,#15635,.F.);
#16069=ORIENTED_EDGE('',*,*,#16068,.F.);
#16071=ORIENTED_EDGE('',*,*,#16070,.T.);
#16073=ORIENTED_EDGE('',*,*,#16072,.T.);
#16074=EDGE_LOOP('',(#16067,#16069,#16071,#16073));
#16075=FACE_OUTER_BOUND('',#16074,.F.);
#16077=CARTESIAN_POINT('',(-1.E1,-4.E0,-1.1195E1));
#16078=DIRECTION('',(0.E0,0.E0,-1.E0));
#16079=DIRECTION('',(0.E0,-1.E0,0.E0));
#16080=AXIS2_PLACEMENT_3D('',#16077,#16078,#16079);
#16081=CYLINDRICAL_SURFACE('',#16080,6.5E-1);
#16082=ORIENTED_EDGE('',*,*,#15637,.F.);
#16083=ORIENTED_EDGE('',*,*,#16072,.F.);
#16085=ORIENTED_EDGE('',*,*,#16084,.F.);
#16086=ORIENTED_EDGE('',*,*,#16068,.T.);
#16087=EDGE_LOOP('',(#16082,#16083,#16085,#16086));
#16088=FACE_OUTER_BOUND('',#16087,.F.);
#16090=CARTESIAN_POINT('',(-1.E1,-4.E0,-3.8075E1));
#16091=DIRECTION('',(0.E0,0.E0,-1.E0));
#16092=DIRECTION('',(0.E0,-1.E0,0.E0));
#16093=AXIS2_PLACEMENT_3D('',#16090,#16091,#16092);
#16094=PLANE('',#16093);
#16095=ORIENTED_EDGE('',*,*,#16084,.T.);
#16096=ORIENTED_EDGE('',*,*,#16070,.F.);
#16097=EDGE_LOOP('',(#16095,#16096));
#16098=FACE_OUTER_BOUND('',#16097,.F.);
#16100=CARTESIAN_POINT('',(-6.E0,-4.E0,-1.1195E1));
#16101=DIRECTION('',(0.E0,0.E0,-1.E0));
#16102=DIRECTION('',(0.E0,-1.E0,0.E0));
#16103=AXIS2_PLACEMENT_3D('',#16100,#16101,#16102);
#16104=CYLINDRICAL_SURFACE('',#16103,6.5E-1);
#16105=ORIENTED_EDGE('',*,*,#15641,.F.);
#16107=ORIENTED_EDGE('',*,*,#16106,.F.);
#16109=ORIENTED_EDGE('',*,*,#16108,.T.);
#16111=ORIENTED_EDGE('',*,*,#16110,.T.);
#16112=EDGE_LOOP('',(#16105,#16107,#16109,#16111));
#16113=FACE_OUTER_BOUND('',#16112,.F.);
#16115=CARTESIAN_POINT('',(-6.E0,-4.E0,-1.1195E1));
#16116=DIRECTION('',(0.E0,0.E0,-1.E0));
#16117=DIRECTION('',(0.E0,-1.E0,0.E0));
#16118=AXIS2_PLACEMENT_3D('',#16115,#16116,#16117);
#16119=CYLINDRICAL_SURFACE('',#16118,6.5E-1);
#16120=ORIENTED_EDGE('',*,*,#15643,.F.);
#16121=ORIENTED_EDGE('',*,*,#16110,.F.);
#16123=ORIENTED_EDGE('',*,*,#16122,.F.);
#16124=ORIENTED_EDGE('',*,*,#16106,.T.);
#16125=EDGE_LOOP('',(#16120,#16121,#16123,#16124));
#16126=FACE_OUTER_BOUND('',#16125,.F.);
#16128=CARTESIAN_POINT('',(-6.E0,-4.E0,-3.8075E1));
#16129=DIRECTION('',(0.E0,0.E0,-1.E0));
#16130=DIRECTION('',(0.E0,-1.E0,0.E0));
#16131=AXIS2_PLACEMENT_3D('',#16128,#16129,#16130);
#16132=PLANE('',#16131);
#16133=ORIENTED_EDGE('',*,*,#16122,.T.);
#16134=ORIENTED_EDGE('',*,*,#16108,.F.);
#16135=EDGE_LOOP('',(#16133,#16134));
#16136=FACE_OUTER_BOUND('',#16135,.F.);
#16138=CARTESIAN_POINT('',(-2.E0,-4.E0,-1.1195E1));
#16139=DIRECTION('',(0.E0,0.E0,-1.E0));
#16140=DIRECTION('',(0.E0,-1.E0,0.E0));
#16141=AXIS2_PLACEMENT_3D('',#16138,#16139,#16140);
#16142=CYLINDRICAL_SURFACE('',#16141,6.5E-1);
#16143=ORIENTED_EDGE('',*,*,#15647,.F.);
#16145=ORIENTED_EDGE('',*,*,#16144,.F.);
#16147=ORIENTED_EDGE('',*,*,#16146,.T.);
#16149=ORIENTED_EDGE('',*,*,#16148,.T.);
#16150=EDGE_LOOP('',(#16143,#16145,#16147,#16149));
#16151=FACE_OUTER_BOUND('',#16150,.F.);
#16153=CARTESIAN_POINT('',(-2.E0,-4.E0,-1.1195E1));
#16154=DIRECTION('',(0.E0,0.E0,-1.E0));
#16155=DIRECTION('',(0.E0,-1.E0,0.E0));
#16156=AXIS2_PLACEMENT_3D('',#16153,#16154,#16155);
#16157=CYLINDRICAL_SURFACE('',#16156,6.5E-1);
#16158=ORIENTED_EDGE('',*,*,#15649,.F.);
#16159=ORIENTED_EDGE('',*,*,#16148,.F.);
#16161=ORIENTED_EDGE('',*,*,#16160,.F.);
#16162=ORIENTED_EDGE('',*,*,#16144,.T.);
#16163=EDGE_LOOP('',(#16158,#16159,#16161,#16162));
#16164=FACE_OUTER_BOUND('',#16163,.F.);
#16166=CARTESIAN_POINT('',(-2.E0,-4.E0,-3.8075E1));
#16167=DIRECTION('',(0.E0,0.E0,-1.E0));
#16168=DIRECTION('',(0.E0,-1.E0,0.E0));
#16169=AXIS2_PLACEMENT_3D('',#16166,#16167,#16168);
#16170=PLANE('',#16169);
#16171=ORIENTED_EDGE('',*,*,#16160,.T.);
#16172=ORIENTED_EDGE('',*,*,#16146,.F.);
#16173=EDGE_LOOP('',(#16171,#16172));
#16174=FACE_OUTER_BOUND('',#16173,.F.);
#16176=CARTESIAN_POINT('',(2.E0,-4.E0,-1.1195E1));
#16177=DIRECTION('',(0.E0,0.E0,-1.E0));
#16178=DIRECTION('',(0.E0,-1.E0,0.E0));
#16179=AXIS2_PLACEMENT_3D('',#16176,#16177,#16178);
#16180=CYLINDRICAL_SURFACE('',#16179,6.5E-1);
#16181=ORIENTED_EDGE('',*,*,#15653,.F.);
#16183=ORIENTED_EDGE('',*,*,#16182,.F.);
#16185=ORIENTED_EDGE('',*,*,#16184,.T.);
#16187=ORIENTED_EDGE('',*,*,#16186,.T.);
#16188=EDGE_LOOP('',(#16181,#16183,#16185,#16187));
#16189=FACE_OUTER_BOUND('',#16188,.F.);
#16191=CARTESIAN_POINT('',(2.E0,-4.E0,-1.1195E1));
#16192=DIRECTION('',(0.E0,0.E0,-1.E0));
#16193=DIRECTION('',(0.E0,-1.E0,0.E0));
#16194=AXIS2_PLACEMENT_3D('',#16191,#16192,#16193);
#16195=CYLINDRICAL_SURFACE('',#16194,6.5E-1);
#16196=ORIENTED_EDGE('',*,*,#15655,.F.);
#16197=ORIENTED_EDGE('',*,*,#16186,.F.);
#16199=ORIENTED_EDGE('',*,*,#16198,.F.);
#16200=ORIENTED_EDGE('',*,*,#16182,.T.);
#16201=EDGE_LOOP('',(#16196,#16197,#16199,#16200));
#16202=FACE_OUTER_BOUND('',#16201,.F.);
#16204=CARTESIAN_POINT('',(2.E0,-4.E0,-3.8075E1));
#16205=DIRECTION('',(0.E0,0.E0,-1.E0));
#16206=DIRECTION('',(0.E0,-1.E0,0.E0));
#16207=AXIS2_PLACEMENT_3D('',#16204,#16205,#16206);
#16208=PLANE('',#16207);
#16209=ORIENTED_EDGE('',*,*,#16198,.T.);
#16210=ORIENTED_EDGE('',*,*,#16184,.F.);
#16211=EDGE_LOOP('',(#16209,#16210));
#16212=FACE_OUTER_BOUND('',#16211,.F.);
#16214=CARTESIAN_POINT('',(6.E0,-4.E0,-1.1195E1));
#16215=DIRECTION('',(0.E0,0.E0,-1.E0));
#16216=DIRECTION('',(0.E0,-1.E0,0.E0));
#16217=AXIS2_PLACEMENT_3D('',#16214,#16215,#16216);
#16218=CYLINDRICAL_SURFACE('',#16217,6.5E-1);
#16219=ORIENTED_EDGE('',*,*,#15659,.F.);
#16221=ORIENTED_EDGE('',*,*,#16220,.F.);
#16223=ORIENTED_EDGE('',*,*,#16222,.T.);
#16225=ORIENTED_EDGE('',*,*,#16224,.T.);
#16226=EDGE_LOOP('',(#16219,#16221,#16223,#16225));
#16227=FACE_OUTER_BOUND('',#16226,.F.);
#16229=CARTESIAN_POINT('',(6.E0,-4.E0,-1.1195E1));
#16230=DIRECTION('',(0.E0,0.E0,-1.E0));
#16231=DIRECTION('',(0.E0,-1.E0,0.E0));
#16232=AXIS2_PLACEMENT_3D('',#16229,#16230,#16231);
#16233=CYLINDRICAL_SURFACE('',#16232,6.5E-1);
#16234=ORIENTED_EDGE('',*,*,#15661,.F.);
#16235=ORIENTED_EDGE('',*,*,#16224,.F.);
#16237=ORIENTED_EDGE('',*,*,#16236,.F.);
#16238=ORIENTED_EDGE('',*,*,#16220,.T.);
#16239=EDGE_LOOP('',(#16234,#16235,#16237,#16238));
#16240=FACE_OUTER_BOUND('',#16239,.F.);
#16242=CARTESIAN_POINT('',(6.E0,-4.E0,-3.8075E1));
#16243=DIRECTION('',(0.E0,0.E0,-1.E0));
#16244=DIRECTION('',(0.E0,-1.E0,0.E0));
#16245=AXIS2_PLACEMENT_3D('',#16242,#16243,#16244);
#16246=PLANE('',#16245);
#16247=ORIENTED_EDGE('',*,*,#16236,.T.);
#16248=ORIENTED_EDGE('',*,*,#16222,.F.);
#16249=EDGE_LOOP('',(#16247,#16248));
#16250=FACE_OUTER_BOUND('',#16249,.F.);
#16252=CARTESIAN_POINT('',(1.E1,-4.E0,-1.1195E1));
#16253=DIRECTION('',(0.E0,0.E0,-1.E0));
#16254=DIRECTION('',(0.E0,-1.E0,0.E0));
#16255=AXIS2_PLACEMENT_3D('',#16252,#16253,#16254);
#16256=CYLINDRICAL_SURFACE('',#16255,6.5E-1);
#16257=ORIENTED_EDGE('',*,*,#15665,.F.);
#16259=ORIENTED_EDGE('',*,*,#16258,.F.);
#16261=ORIENTED_EDGE('',*,*,#16260,.T.);
#16263=ORIENTED_EDGE('',*,*,#16262,.T.);
#16264=EDGE_LOOP('',(#16257,#16259,#16261,#16263));
#16265=FACE_OUTER_BOUND('',#16264,.F.);
#16267=CARTESIAN_POINT('',(1.E1,-4.E0,-1.1195E1));
#16268=DIRECTION('',(0.E0,0.E0,-1.E0));
#16269=DIRECTION('',(0.E0,-1.E0,0.E0));
#16270=AXIS2_PLACEMENT_3D('',#16267,#16268,#16269);
#16271=CYLINDRICAL_SURFACE('',#16270,6.5E-1);
#16272=ORIENTED_EDGE('',*,*,#15667,.F.);
#16273=ORIENTED_EDGE('',*,*,#16262,.F.);
#16275=ORIENTED_EDGE('',*,*,#16274,.F.);
#16276=ORIENTED_EDGE('',*,*,#16258,.T.);
#16277=EDGE_LOOP('',(#16272,#16273,#16275,#16276));
#16278=FACE_OUTER_BOUND('',#16277,.F.);
#16280=CARTESIAN_POINT('',(1.E1,-4.E0,-3.8075E1));
#16281=DIRECTION('',(0.E0,0.E0,-1.E0));
#16282=DIRECTION('',(0.E0,-1.E0,0.E0));
#16283=AXIS2_PLACEMENT_3D('',#16280,#16281,#16282);
#16284=PLANE('',#16283);
#16285=ORIENTED_EDGE('',*,*,#16274,.T.);
#16286=ORIENTED_EDGE('',*,*,#16260,.F.);
#16287=EDGE_LOOP('',(#16285,#16286));
#16288=FACE_OUTER_BOUND('',#16287,.F.);
#16290=CARTESIAN_POINT('',(1.4E1,-4.E0,-1.1195E1));
#16291=DIRECTION('',(0.E0,0.E0,-1.E0));
#16292=DIRECTION('',(0.E0,-1.E0,0.E0));
#16293=AXIS2_PLACEMENT_3D('',#16290,#16291,#16292);
#16294=CYLINDRICAL_SURFACE('',#16293,6.5E-1);
#16295=ORIENTED_EDGE('',*,*,#15671,.F.);
#16297=ORIENTED_EDGE('',*,*,#16296,.F.);
#16299=ORIENTED_EDGE('',*,*,#16298,.T.);
#16301=ORIENTED_EDGE('',*,*,#16300,.T.);
#16302=EDGE_LOOP('',(#16295,#16297,#16299,#16301));
#16303=FACE_OUTER_BOUND('',#16302,.F.);
#16305=CARTESIAN_POINT('',(1.4E1,-4.E0,-1.1195E1));
#16306=DIRECTION('',(0.E0,0.E0,-1.E0));
#16307=DIRECTION('',(0.E0,-1.E0,0.E0));
#16308=AXIS2_PLACEMENT_3D('',#16305,#16306,#16307);
#16309=CYLINDRICAL_SURFACE('',#16308,6.5E-1);
#16310=ORIENTED_EDGE('',*,*,#15673,.F.);
#16311=ORIENTED_EDGE('',*,*,#16300,.F.);
#16313=ORIENTED_EDGE('',*,*,#16312,.F.);
#16314=ORIENTED_EDGE('',*,*,#16296,.T.);
#16315=EDGE_LOOP('',(#16310,#16311,#16313,#16314));
#16316=FACE_OUTER_BOUND('',#16315,.F.);
#16318=CARTESIAN_POINT('',(1.4E1,-4.E0,-3.8075E1));
#16319=DIRECTION('',(0.E0,0.E0,-1.E0));
#16320=DIRECTION('',(0.E0,-1.E0,0.E0));
#16321=AXIS2_PLACEMENT_3D('',#16318,#16319,#16320);
#16322=PLANE('',#16321);
#16323=ORIENTED_EDGE('',*,*,#16312,.T.);
#16324=ORIENTED_EDGE('',*,*,#16298,.F.);
#16325=EDGE_LOOP('',(#16323,#16324));
#16326=FACE_OUTER_BOUND('',#16325,.F.);
#16328=CARTESIAN_POINT('',(-1.2E1,0.E0,-3.9355E1));
#16329=DIRECTION('',(0.E0,0.E0,1.E0));
#16330=DIRECTION('',(1.E0,0.E0,0.E0));
#16331=AXIS2_PLACEMENT_3D('',#16328,#16329,#16330);
#16332=CYLINDRICAL_SURFACE('',#16331,6.5E-1);
#16333=ORIENTED_EDGE('',*,*,#15677,.T.);
#16335=ORIENTED_EDGE('',*,*,#16334,.F.);
#16337=ORIENTED_EDGE('',*,*,#16336,.F.);
#16339=ORIENTED_EDGE('',*,*,#16338,.T.);
#16340=EDGE_LOOP('',(#16333,#16335,#16337,#16339));
#16341=FACE_OUTER_BOUND('',#16340,.F.);
#16343=CARTESIAN_POINT('',(-1.2E1,0.E0,-3.9355E1));
#16344=DIRECTION('',(0.E0,0.E0,1.E0));
#16345=DIRECTION('',(1.E0,0.E0,0.E0));
#16346=AXIS2_PLACEMENT_3D('',#16343,#16344,#16345);
#16347=CYLINDRICAL_SURFACE('',#16346,6.5E-1);
#16348=ORIENTED_EDGE('',*,*,#15679,.T.);
#16349=ORIENTED_EDGE('',*,*,#16338,.F.);
#16351=ORIENTED_EDGE('',*,*,#16350,.T.);
#16352=ORIENTED_EDGE('',*,*,#16334,.T.);
#16353=EDGE_LOOP('',(#16348,#16349,#16351,#16352));
#16354=FACE_OUTER_BOUND('',#16353,.F.);
#16356=CARTESIAN_POINT('',(-1.2E1,0.E0,-3.8075E1));
#16357=DIRECTION('',(0.E0,0.E0,1.E0));
#16358=DIRECTION('',(1.E0,0.E0,0.E0));
#16359=AXIS2_PLACEMENT_3D('',#16356,#16357,#16358);
#16360=PLANE('',#16359);
#16361=ORIENTED_EDGE('',*,*,#16350,.F.);
#16362=ORIENTED_EDGE('',*,*,#16336,.T.);
#16363=EDGE_LOOP('',(#16361,#16362));
#16364=FACE_OUTER_BOUND('',#16363,.F.);
#16366=CARTESIAN_POINT('',(-8.E0,0.E0,-3.9355E1));
#16367=DIRECTION('',(0.E0,0.E0,1.E0));
#16368=DIRECTION('',(1.E0,0.E0,0.E0));
#16369=AXIS2_PLACEMENT_3D('',#16366,#16367,#16368);
#16370=CYLINDRICAL_SURFACE('',#16369,6.5E-1);
#16371=ORIENTED_EDGE('',*,*,#15683,.T.);
#16373=ORIENTED_EDGE('',*,*,#16372,.F.);
#16375=ORIENTED_EDGE('',*,*,#16374,.F.);
#16377=ORIENTED_EDGE('',*,*,#16376,.T.);
#16378=EDGE_LOOP('',(#16371,#16373,#16375,#16377));
#16379=FACE_OUTER_BOUND('',#16378,.F.);
#16381=CARTESIAN_POINT('',(-8.E0,0.E0,-3.9355E1));
#16382=DIRECTION('',(0.E0,0.E0,1.E0));
#16383=DIRECTION('',(1.E0,0.E0,0.E0));
#16384=AXIS2_PLACEMENT_3D('',#16381,#16382,#16383);
#16385=CYLINDRICAL_SURFACE('',#16384,6.5E-1);
#16386=ORIENTED_EDGE('',*,*,#15685,.T.);
#16387=ORIENTED_EDGE('',*,*,#16376,.F.);
#16389=ORIENTED_EDGE('',*,*,#16388,.T.);
#16390=ORIENTED_EDGE('',*,*,#16372,.T.);
#16391=EDGE_LOOP('',(#16386,#16387,#16389,#16390));
#16392=FACE_OUTER_BOUND('',#16391,.F.);
#16394=CARTESIAN_POINT('',(-8.E0,0.E0,-3.8075E1));
#16395=DIRECTION('',(0.E0,0.E0,1.E0));
#16396=DIRECTION('',(1.E0,0.E0,0.E0));
#16397=AXIS2_PLACEMENT_3D('',#16394,#16395,#16396);
#16398=PLANE('',#16397);
#16399=ORIENTED_EDGE('',*,*,#16388,.F.);
#16400=ORIENTED_EDGE('',*,*,#16374,.T.);
#16401=EDGE_LOOP('',(#16399,#16400));
#16402=FACE_OUTER_BOUND('',#16401,.F.);
#16404=CARTESIAN_POINT('',(-4.E0,0.E0,-3.9355E1));
#16405=DIRECTION('',(0.E0,0.E0,1.E0));
#16406=DIRECTION('',(1.E0,0.E0,0.E0));
#16407=AXIS2_PLACEMENT_3D('',#16404,#16405,#16406);
#16408=CYLINDRICAL_SURFACE('',#16407,6.5E-1);
#16409=ORIENTED_EDGE('',*,*,#15689,.T.);
#16411=ORIENTED_EDGE('',*,*,#16410,.F.);
#16413=ORIENTED_EDGE('',*,*,#16412,.F.);
#16415=ORIENTED_EDGE('',*,*,#16414,.T.);
#16416=EDGE_LOOP('',(#16409,#16411,#16413,#16415));
#16417=FACE_OUTER_BOUND('',#16416,.F.);
#16419=CARTESIAN_POINT('',(-4.E0,0.E0,-3.9355E1));
#16420=DIRECTION('',(0.E0,0.E0,1.E0));
#16421=DIRECTION('',(1.E0,0.E0,0.E0));
#16422=AXIS2_PLACEMENT_3D('',#16419,#16420,#16421);
#16423=CYLINDRICAL_SURFACE('',#16422,6.5E-1);
#16424=ORIENTED_EDGE('',*,*,#15691,.T.);
#16425=ORIENTED_EDGE('',*,*,#16414,.F.);
#16427=ORIENTED_EDGE('',*,*,#16426,.T.);
#16428=ORIENTED_EDGE('',*,*,#16410,.T.);
#16429=EDGE_LOOP('',(#16424,#16425,#16427,#16428));
#16430=FACE_OUTER_BOUND('',#16429,.F.);
#16432=CARTESIAN_POINT('',(-4.E0,0.E0,-3.8075E1));
#16433=DIRECTION('',(0.E0,0.E0,1.E0));
#16434=DIRECTION('',(1.E0,0.E0,0.E0));
#16435=AXIS2_PLACEMENT_3D('',#16432,#16433,#16434);
#16436=PLANE('',#16435);
#16437=ORIENTED_EDGE('',*,*,#16426,.F.);
#16438=ORIENTED_EDGE('',*,*,#16412,.T.);
#16439=EDGE_LOOP('',(#16437,#16438));
#16440=FACE_OUTER_BOUND('',#16439,.F.);
#16442=CARTESIAN_POINT('',(0.E0,0.E0,-3.9355E1));
#16443=DIRECTION('',(0.E0,0.E0,1.E0));
#16444=DIRECTION('',(1.E0,0.E0,0.E0));
#16445=AXIS2_PLACEMENT_3D('',#16442,#16443,#16444);
#16446=CYLINDRICAL_SURFACE('',#16445,6.5E-1);
#16447=ORIENTED_EDGE('',*,*,#15695,.T.);
#16449=ORIENTED_EDGE('',*,*,#16448,.F.);
#16451=ORIENTED_EDGE('',*,*,#16450,.F.);
#16453=ORIENTED_EDGE('',*,*,#16452,.T.);
#16454=EDGE_LOOP('',(#16447,#16449,#16451,#16453));
#16455=FACE_OUTER_BOUND('',#16454,.F.);
#16457=CARTESIAN_POINT('',(0.E0,0.E0,-3.9355E1));
#16458=DIRECTION('',(0.E0,0.E0,1.E0));
#16459=DIRECTION('',(1.E0,0.E0,0.E0));
#16460=AXIS2_PLACEMENT_3D('',#16457,#16458,#16459);
#16461=CYLINDRICAL_SURFACE('',#16460,6.5E-1);
#16462=ORIENTED_EDGE('',*,*,#15697,.T.);
#16463=ORIENTED_EDGE('',*,*,#16452,.F.);
#16465=ORIENTED_EDGE('',*,*,#16464,.T.);
#16466=ORIENTED_EDGE('',*,*,#16448,.T.);
#16467=EDGE_LOOP('',(#16462,#16463,#16465,#16466));
#16468=FACE_OUTER_BOUND('',#16467,.F.);
#16470=CARTESIAN_POINT('',(0.E0,0.E0,-3.8075E1));
#16471=DIRECTION('',(0.E0,0.E0,1.E0));
#16472=DIRECTION('',(1.E0,0.E0,0.E0));
#16473=AXIS2_PLACEMENT_3D('',#16470,#16471,#16472);
#16474=PLANE('',#16473);
#16475=ORIENTED_EDGE('',*,*,#16464,.F.);
#16476=ORIENTED_EDGE('',*,*,#16450,.T.);
#16477=EDGE_LOOP('',(#16475,#16476));
#16478=FACE_OUTER_BOUND('',#16477,.F.);
#16480=CARTESIAN_POINT('',(4.E0,0.E0,-3.9355E1));
#16481=DIRECTION('',(0.E0,0.E0,1.E0));
#16482=DIRECTION('',(1.E0,0.E0,0.E0));
#16483=AXIS2_PLACEMENT_3D('',#16480,#16481,#16482);
#16484=CYLINDRICAL_SURFACE('',#16483,6.5E-1);
#16485=ORIENTED_EDGE('',*,*,#15701,.T.);
#16487=ORIENTED_EDGE('',*,*,#16486,.F.);
#16489=ORIENTED_EDGE('',*,*,#16488,.F.);
#16491=ORIENTED_EDGE('',*,*,#16490,.T.);
#16492=EDGE_LOOP('',(#16485,#16487,#16489,#16491));
#16493=FACE_OUTER_BOUND('',#16492,.F.);
#16495=CARTESIAN_POINT('',(4.E0,0.E0,-3.9355E1));
#16496=DIRECTION('',(0.E0,0.E0,1.E0));
#16497=DIRECTION('',(1.E0,0.E0,0.E0));
#16498=AXIS2_PLACEMENT_3D('',#16495,#16496,#16497);
#16499=CYLINDRICAL_SURFACE('',#16498,6.5E-1);
#16500=ORIENTED_EDGE('',*,*,#15703,.T.);
#16501=ORIENTED_EDGE('',*,*,#16490,.F.);
#16503=ORIENTED_EDGE('',*,*,#16502,.T.);
#16504=ORIENTED_EDGE('',*,*,#16486,.T.);
#16505=EDGE_LOOP('',(#16500,#16501,#16503,#16504));
#16506=FACE_OUTER_BOUND('',#16505,.F.);
#16508=CARTESIAN_POINT('',(4.E0,0.E0,-3.8075E1));
#16509=DIRECTION('',(0.E0,0.E0,1.E0));
#16510=DIRECTION('',(1.E0,0.E0,0.E0));
#16511=AXIS2_PLACEMENT_3D('',#16508,#16509,#16510);
#16512=PLANE('',#16511);
#16513=ORIENTED_EDGE('',*,*,#16502,.F.);
#16514=ORIENTED_EDGE('',*,*,#16488,.T.);
#16515=EDGE_LOOP('',(#16513,#16514));
#16516=FACE_OUTER_BOUND('',#16515,.F.);
#16518=CARTESIAN_POINT('',(8.E0,0.E0,-3.9355E1));
#16519=DIRECTION('',(0.E0,0.E0,1.E0));
#16520=DIRECTION('',(1.E0,0.E0,0.E0));
#16521=AXIS2_PLACEMENT_3D('',#16518,#16519,#16520);
#16522=CYLINDRICAL_SURFACE('',#16521,6.5E-1);
#16523=ORIENTED_EDGE('',*,*,#15707,.T.);
#16525=ORIENTED_EDGE('',*,*,#16524,.F.);
#16527=ORIENTED_EDGE('',*,*,#16526,.F.);
#16529=ORIENTED_EDGE('',*,*,#16528,.T.);
#16530=EDGE_LOOP('',(#16523,#16525,#16527,#16529));
#16531=FACE_OUTER_BOUND('',#16530,.F.);
#16533=CARTESIAN_POINT('',(8.E0,0.E0,-3.9355E1));
#16534=DIRECTION('',(0.E0,0.E0,1.E0));
#16535=DIRECTION('',(1.E0,0.E0,0.E0));
#16536=AXIS2_PLACEMENT_3D('',#16533,#16534,#16535);
#16537=CYLINDRICAL_SURFACE('',#16536,6.5E-1);
#16538=ORIENTED_EDGE('',*,*,#15709,.T.);
#16539=ORIENTED_EDGE('',*,*,#16528,.F.);
#16541=ORIENTED_EDGE('',*,*,#16540,.T.);
#16542=ORIENTED_EDGE('',*,*,#16524,.T.);
#16543=EDGE_LOOP('',(#16538,#16539,#16541,#16542));
#16544=FACE_OUTER_BOUND('',#16543,.F.);
#16546=CARTESIAN_POINT('',(8.E0,0.E0,-3.8075E1));
#16547=DIRECTION('',(0.E0,0.E0,1.E0));
#16548=DIRECTION('',(1.E0,0.E0,0.E0));
#16549=AXIS2_PLACEMENT_3D('',#16546,#16547,#16548);
#16550=PLANE('',#16549);
#16551=ORIENTED_EDGE('',*,*,#16540,.F.);
#16552=ORIENTED_EDGE('',*,*,#16526,.T.);
#16553=EDGE_LOOP('',(#16551,#16552));
#16554=FACE_OUTER_BOUND('',#16553,.F.);
#16556=CARTESIAN_POINT('',(1.2E1,0.E0,-3.9355E1));
#16557=DIRECTION('',(0.E0,0.E0,1.E0));
#16558=DIRECTION('',(1.E0,0.E0,0.E0));
#16559=AXIS2_PLACEMENT_3D('',#16556,#16557,#16558);
#16560=CYLINDRICAL_SURFACE('',#16559,6.5E-1);
#16561=ORIENTED_EDGE('',*,*,#15713,.T.);
#16563=ORIENTED_EDGE('',*,*,#16562,.F.);
#16565=ORIENTED_EDGE('',*,*,#16564,.F.);
#16567=ORIENTED_EDGE('',*,*,#16566,.T.);
#16568=EDGE_LOOP('',(#16561,#16563,#16565,#16567));
#16569=FACE_OUTER_BOUND('',#16568,.F.);
#16571=CARTESIAN_POINT('',(1.2E1,0.E0,-3.9355E1));
#16572=DIRECTION('',(0.E0,0.E0,1.E0));
#16573=DIRECTION('',(1.E0,0.E0,0.E0));
#16574=AXIS2_PLACEMENT_3D('',#16571,#16572,#16573);
#16575=CYLINDRICAL_SURFACE('',#16574,6.5E-1);
#16576=ORIENTED_EDGE('',*,*,#15715,.T.);
#16577=ORIENTED_EDGE('',*,*,#16566,.F.);
#16579=ORIENTED_EDGE('',*,*,#16578,.T.);
#16580=ORIENTED_EDGE('',*,*,#16562,.T.);
#16581=EDGE_LOOP('',(#16576,#16577,#16579,#16580));
#16582=FACE_OUTER_BOUND('',#16581,.F.);
#16584=CARTESIAN_POINT('',(1.2E1,0.E0,-3.8075E1));
#16585=DIRECTION('',(0.E0,0.E0,1.E0));
#16586=DIRECTION('',(1.E0,0.E0,0.E0));
#16587=AXIS2_PLACEMENT_3D('',#16584,#16585,#16586);
#16588=PLANE('',#16587);
#16589=ORIENTED_EDGE('',*,*,#16578,.F.);
#16590=ORIENTED_EDGE('',*,*,#16564,.T.);
#16591=EDGE_LOOP('',(#16589,#16590));
#16592=FACE_OUTER_BOUND('',#16591,.F.);
#16594=CARTESIAN_POINT('',(-2.99E1,-5.789556E1,-2.15E1));
#16595=DIRECTION('',(0.E0,1.E0,0.E0));
#16596=DIRECTION('',(0.E0,0.E0,-1.E0));
#16597=AXIS2_PLACEMENT_3D('',#16594,#16595,#16596);
#16598=CYLINDRICAL_SURFACE('',#16597,5.E-1);
#16600=ORIENTED_EDGE('',*,*,#16599,.F.);
#16602=ORIENTED_EDGE('',*,*,#16601,.T.);
#16603=ORIENTED_EDGE('',*,*,#15434,.T.);
#16605=ORIENTED_EDGE('',*,*,#16604,.T.);
#16606=EDGE_LOOP('',(#16600,#16602,#16603,#16605));
#16607=FACE_OUTER_BOUND('',#16606,.F.);
#16609=CARTESIAN_POINT('',(-3.04E1,1.105E1,-2.E1));
#16610=DIRECTION('',(-1.E0,0.E0,0.E0));
#16611=DIRECTION('',(0.E0,-1.E0,0.E0));
#16612=AXIS2_PLACEMENT_3D('',#16609,#16610,#16611);
#16613=PLANE('',#16612);
#16614=ORIENTED_EDGE('',*,*,#16599,.T.);
#16616=ORIENTED_EDGE('',*,*,#16615,.F.);
#16618=ORIENTED_EDGE('',*,*,#16617,.T.);
#16620=ORIENTED_EDGE('',*,*,#16619,.F.);
#16621=ORIENTED_EDGE('',*,*,#15310,.T.);
#16623=ORIENTED_EDGE('',*,*,#16622,.F.);
#16625=ORIENTED_EDGE('',*,*,#16624,.T.);
#16627=ORIENTED_EDGE('',*,*,#16626,.F.);
#16629=ORIENTED_EDGE('',*,*,#16628,.T.);
#16631=ORIENTED_EDGE('',*,*,#16630,.F.);
#16632=EDGE_LOOP('',(#16614,#16616,#16618,#16620,#16621,#16623,#16625,#16627,
#16629,#16631));
#16633=FACE_OUTER_BOUND('',#16632,.F.);
#16635=CARTESIAN_POINT('',(-2.710440890611E1,9.7E0,-2.E1));
#16636=DIRECTION('',(0.E0,-1.E0,0.E0));
#16637=DIRECTION('',(-1.E0,0.E0,0.E0));
#16638=AXIS2_PLACEMENT_3D('',#16635,#16636,#16637);
#16639=PLANE('',#16638);
#16640=ORIENTED_EDGE('',*,*,#16615,.T.);
#16641=ORIENTED_EDGE('',*,*,#16604,.F.);
#16642=ORIENTED_EDGE('',*,*,#15499,.T.);
#16644=ORIENTED_EDGE('',*,*,#16643,.T.);
#16646=ORIENTED_EDGE('',*,*,#16645,.T.);
#16647=EDGE_LOOP('',(#16640,#16641,#16642,#16644,#16646));
#16648=FACE_OUTER_BOUND('',#16647,.F.);
#16650=CARTESIAN_POINT('',(-2.710440890611E1,8.7E0,-2.E1));
#16651=DIRECTION('',(0.E0,0.E0,-1.E0));
#16652=DIRECTION('',(-1.E0,0.E0,0.E0));
#16653=AXIS2_PLACEMENT_3D('',#16650,#16651,#16652);
#16654=CYLINDRICAL_SURFACE('',#16653,1.E0);
#16655=ORIENTED_EDGE('',*,*,#15497,.T.);
#16657=ORIENTED_EDGE('',*,*,#16656,.F.);
#16659=ORIENTED_EDGE('',*,*,#16658,.T.);
#16660=ORIENTED_EDGE('',*,*,#16643,.F.);
#16661=EDGE_LOOP('',(#16655,#16657,#16659,#16660));
#16662=FACE_OUTER_BOUND('',#16661,.F.);
#16664=CARTESIAN_POINT('',(-2.37E1,1.08E1,-2.2E1));
#16665=DIRECTION('',(0.E0,0.E0,1.E0));
#16666=DIRECTION('',(-1.E0,0.E0,0.E0));
#16667=AXIS2_PLACEMENT_3D('',#16664,#16665,#16666);
#16668=CYLINDRICAL_SURFACE('',#16667,3.E0);
#16670=ORIENTED_EDGE('',*,*,#16669,.T.);
#16672=ORIENTED_EDGE('',*,*,#16671,.F.);
#16674=ORIENTED_EDGE('',*,*,#16673,.T.);
#16675=ORIENTED_EDGE('',*,*,#16656,.T.);
#16676=ORIENTED_EDGE('',*,*,#15495,.T.);
#16678=ORIENTED_EDGE('',*,*,#16677,.T.);
#16679=EDGE_LOOP('',(#16670,#16672,#16674,#16675,#16676,#16678));
#16680=FACE_OUTER_BOUND('',#16679,.F.);
#16682=CARTESIAN_POINT('',(-2.37E1,1.08E1,-3.375E1));
#16683=DIRECTION('',(0.E0,0.E0,1.E0));
#16684=DIRECTION('',(9.984365346034E-1,5.589710519501E-2,0.E0));
#16685=AXIS2_PLACEMENT_3D('',#16682,#16683,#16684);
#16686=TOROIDAL_SURFACE('',#16685,2.5E0,5.E-1);
#16688=ORIENTED_EDGE('',*,*,#16687,.T.);
#16690=ORIENTED_EDGE('',*,*,#16689,.T.);
#16691=ORIENTED_EDGE('',*,*,#16669,.F.);
#16693=ORIENTED_EDGE('',*,*,#16692,.F.);
#16694=EDGE_LOOP('',(#16688,#16690,#16691,#16693));
#16695=FACE_OUTER_BOUND('',#16694,.F.);
#16697=CARTESIAN_POINT('',(0.E0,0.E0,-3.425E1));
#16698=DIRECTION('',(0.E0,0.E0,1.E0));
#16699=DIRECTION('',(-1.E0,0.E0,0.E0));
#16700=AXIS2_PLACEMENT_3D('',#16697,#16698,#16699);
#16701=PLANE('',#16700);
#16702=ORIENTED_EDGE('',*,*,#16687,.F.);
#16704=ORIENTED_EDGE('',*,*,#16703,.F.);
#16705=EDGE_LOOP('',(#16702,#16704));
#16706=FACE_OUTER_BOUND('',#16705,.F.);
#16708=CARTESIAN_POINT('',(0.E0,0.E0,-3.425E1));
#16709=DIRECTION('',(0.E0,0.E0,1.E0));
#16710=DIRECTION('',(-1.E0,0.E0,0.E0));
#16711=AXIS2_PLACEMENT_3D('',#16708,#16709,#16710);
#16712=PLANE('',#16711);
#16714=ORIENTED_EDGE('',*,*,#16713,.F.);
#16716=ORIENTED_EDGE('',*,*,#16715,.F.);
#16717=EDGE_LOOP('',(#16714,#16716));
#16718=FACE_OUTER_BOUND('',#16717,.F.);
#16720=ORIENTED_EDGE('',*,*,#16719,.T.);
#16722=ORIENTED_EDGE('',*,*,#16721,.T.);
#16723=EDGE_LOOP('',(#16720,#16722));
#16724=FACE_BOUND('',#16723,.F.);
#16726=CARTESIAN_POINT('',(0.E0,0.E0,-3.425E1));
#16727=DIRECTION('',(0.E0,0.E0,1.E0));
#16728=DIRECTION('',(-1.E0,0.E0,0.E0));
#16729=AXIS2_PLACEMENT_3D('',#16726,#16727,#16728);
#16730=PLANE('',#16729);
#16732=ORIENTED_EDGE('',*,*,#16731,.F.);
#16734=ORIENTED_EDGE('',*,*,#16733,.F.);
#16735=EDGE_LOOP('',(#16732,#16734));
#16736=FACE_OUTER_BOUND('',#16735,.F.);
#16738=ORIENTED_EDGE('',*,*,#16737,.T.);
#16740=ORIENTED_EDGE('',*,*,#16739,.T.);
#16741=EDGE_LOOP('',(#16738,#16740));
#16742=FACE_BOUND('',#16741,.F.);
#16744=CARTESIAN_POINT('',(0.E0,0.E0,-3.425E1));
#16745=DIRECTION('',(0.E0,0.E0,1.E0));
#16746=DIRECTION('',(-1.E0,0.E0,0.E0));
#16747=AXIS2_PLACEMENT_3D('',#16744,#16745,#16746);
#16748=PLANE('',#16747);
#16750=ORIENTED_EDGE('',*,*,#16749,.F.);
#16752=ORIENTED_EDGE('',*,*,#16751,.F.);
#16753=EDGE_LOOP('',(#16750,#16752));
#16754=FACE_OUTER_BOUND('',#16753,.F.);
#16756=CARTESIAN_POINT('',(-2.37E1,1.08E1,-3.375E1));
#16757=DIRECTION('',(0.E0,0.E0,1.E0));
#16758=DIRECTION('',(-9.984365346034E-1,-5.589710519501E-2,0.E0));
#16759=AXIS2_PLACEMENT_3D('',#16756,#16757,#16758);
#16760=TOROIDAL_SURFACE('',#16759,2.5E0,5.E-1);
#16761=ORIENTED_EDGE('',*,*,#16703,.T.);
#16762=ORIENTED_EDGE('',*,*,#16692,.T.);
#16764=ORIENTED_EDGE('',*,*,#16763,.F.);
#16765=ORIENTED_EDGE('',*,*,#16689,.F.);
#16766=EDGE_LOOP('',(#16761,#16762,#16764,#16765));
#16767=FACE_OUTER_BOUND('',#16766,.F.);
#16769=CARTESIAN_POINT('',(-2.37E1,1.08E1,-2.2E1));
#16770=DIRECTION('',(0.E0,0.E0,1.E0));
#16771=DIRECTION('',(-1.E0,0.E0,0.E0));
#16772=AXIS2_PLACEMENT_3D('',#16769,#16770,#16771);
#16773=CYLINDRICAL_SURFACE('',#16772,3.E0);
#16774=ORIENTED_EDGE('',*,*,#16763,.T.);
#16775=ORIENTED_EDGE('',*,*,#16677,.F.);
#16776=ORIENTED_EDGE('',*,*,#15493,.T.);
#16778=ORIENTED_EDGE('',*,*,#16777,.F.);
#16780=ORIENTED_EDGE('',*,*,#16779,.T.);
#16781=ORIENTED_EDGE('',*,*,#16671,.T.);
#16782=EDGE_LOOP('',(#16774,#16775,#16776,#16778,#16780,#16781));
#16783=FACE_OUTER_BOUND('',#16782,.F.);
#16785=CARTESIAN_POINT('',(-2.710440890611E1,1.29E1,-2.E1));
#16786=DIRECTION('',(0.E0,0.E0,-1.E0));
#16787=DIRECTION('',(-1.E0,0.E0,0.E0));
#16788=AXIS2_PLACEMENT_3D('',#16785,#16786,#16787);
#16789=CYLINDRICAL_SURFACE('',#16788,1.E0);
#16790=ORIENTED_EDGE('',*,*,#15491,.T.);
#16792=ORIENTED_EDGE('',*,*,#16791,.T.);
#16794=ORIENTED_EDGE('',*,*,#16793,.T.);
#16795=ORIENTED_EDGE('',*,*,#16777,.T.);
#16796=EDGE_LOOP('',(#16790,#16792,#16794,#16795));
#16797=FACE_OUTER_BOUND('',#16796,.F.);
#16799=CARTESIAN_POINT('',(-3.032722031170E1,1.19E1,-2.E1));
#16800=DIRECTION('',(0.E0,1.E0,0.E0));
#16801=DIRECTION('',(1.E0,0.E0,0.E0));
#16802=AXIS2_PLACEMENT_3D('',#16799,#16800,#16801);
#16803=PLANE('',#16802);
#16804=ORIENTED_EDGE('',*,*,#15489,.F.);
#16806=ORIENTED_EDGE('',*,*,#16805,.F.);
#16808=ORIENTED_EDGE('',*,*,#16807,.T.);
#16810=ORIENTED_EDGE('',*,*,#16809,.T.);
#16811=ORIENTED_EDGE('',*,*,#16791,.F.);
#16812=EDGE_LOOP('',(#16804,#16806,#16808,#16810,#16811));
#16813=FACE_OUTER_BOUND('',#16812,.F.);
#16815=CARTESIAN_POINT('',(-2.54E1,1.105E1,-2.15E1));
#16816=DIRECTION('',(0.E0,0.E0,1.E0));
#16817=DIRECTION('',(2.364496792677E-2,9.997204186630E-1,0.E0));
#16818=AXIS2_PLACEMENT_3D('',#16815,#16816,#16817);
#16819=TOROIDAL_SURFACE('',#16818,4.499999998525E0,5.E-1);
#16820=ORIENTED_EDGE('',*,*,#15487,.T.);
#16821=ORIENTED_EDGE('',*,*,#15424,.T.);
#16823=ORIENTED_EDGE('',*,*,#16822,.F.);
#16824=ORIENTED_EDGE('',*,*,#16805,.T.);
#16825=EDGE_LOOP('',(#16820,#16821,#16823,#16824));
#16826=FACE_OUTER_BOUND('',#16825,.F.);
#16828=CARTESIAN_POINT('',(-2.54E1,1.105E1,-2.E1));
#16829=DIRECTION('',(0.E0,0.E0,1.E0));
#16830=DIRECTION('',(1.E0,0.E0,0.E0));
#16831=AXIS2_PLACEMENT_3D('',#16828,#16829,#16830);
#16832=CYLINDRICAL_SURFACE('',#16831,5.E0);
#16833=ORIENTED_EDGE('',*,*,#16822,.T.);
#16834=ORIENTED_EDGE('',*,*,#15409,.T.);
#16835=ORIENTED_EDGE('',*,*,#15295,.T.);
#16836=ORIENTED_EDGE('',*,*,#16619,.T.);
#16838=ORIENTED_EDGE('',*,*,#16837,.T.);
#16839=ORIENTED_EDGE('',*,*,#16807,.F.);
#16840=EDGE_LOOP('',(#16833,#16834,#16835,#16836,#16838,#16839));
#16841=FACE_OUTER_BOUND('',#16840,.F.);
#16843=CARTESIAN_POINT('',(0.E0,0.E0,-2.85E1));
#16844=DIRECTION('',(0.E0,0.E0,-1.E0));
#16845=DIRECTION('',(-1.E0,0.E0,0.E0));
#16846=AXIS2_PLACEMENT_3D('',#16843,#16844,#16845);
#16847=PLANE('',#16846);
#16849=ORIENTED_EDGE('',*,*,#16848,.F.);
#16851=ORIENTED_EDGE('',*,*,#16850,.F.);
#16853=ORIENTED_EDGE('',*,*,#16852,.F.);
#16855=ORIENTED_EDGE('',*,*,#16854,.F.);
#16857=ORIENTED_EDGE('',*,*,#16856,.F.);
#16859=ORIENTED_EDGE('',*,*,#16858,.F.);
#16861=ORIENTED_EDGE('',*,*,#16860,.F.);
#16863=ORIENTED_EDGE('',*,*,#16862,.F.);
#16864=EDGE_LOOP('',(#16849,#16851,#16853,#16855,#16857,#16859,#16861,#16863));
#16865=FACE_OUTER_BOUND('',#16864,.F.);
#16867=CARTESIAN_POINT('',(0.E0,0.E0,-2.85E1));
#16868=DIRECTION('',(0.E0,0.E0,-1.E0));
#16869=DIRECTION('',(-1.E0,0.E0,0.E0));
#16870=AXIS2_PLACEMENT_3D('',#16867,#16868,#16869);
#16871=PLANE('',#16870);
#16873=ORIENTED_EDGE('',*,*,#16872,.F.);
#16875=ORIENTED_EDGE('',*,*,#16874,.F.);
#16877=ORIENTED_EDGE('',*,*,#16876,.F.);
#16879=ORIENTED_EDGE('',*,*,#16878,.F.);
#16881=ORIENTED_EDGE('',*,*,#16880,.F.);
#16883=ORIENTED_EDGE('',*,*,#16882,.F.);
#16885=ORIENTED_EDGE('',*,*,#16884,.F.);
#16886=EDGE_LOOP('',(#16873,#16875,#16877,#16879,#16881,#16883,#16885));
#16887=FACE_OUTER_BOUND('',#16886,.F.);
#16889=CARTESIAN_POINT('',(0.E0,0.E0,-2.85E1));
#16890=DIRECTION('',(0.E0,0.E0,-1.E0));
#16891=DIRECTION('',(-1.E0,0.E0,0.E0));
#16892=AXIS2_PLACEMENT_3D('',#16889,#16890,#16891);
#16893=PLANE('',#16892);
#16894=ORIENTED_EDGE('',*,*,#16673,.F.);
#16895=ORIENTED_EDGE('',*,*,#16779,.F.);
#16896=ORIENTED_EDGE('',*,*,#16793,.F.);
#16897=ORIENTED_EDGE('',*,*,#16809,.F.);
#16898=ORIENTED_EDGE('',*,*,#16837,.F.);
#16899=ORIENTED_EDGE('',*,*,#16617,.F.);
#16900=ORIENTED_EDGE('',*,*,#16645,.F.);
#16901=ORIENTED_EDGE('',*,*,#16658,.F.);
#16902=EDGE_LOOP('',(#16894,#16895,#16896,#16897,#16898,#16899,#16900,#16901));
#16903=FACE_OUTER_BOUND('',#16902,.F.);
#16905=CARTESIAN_POINT('',(0.E0,0.E0,-2.85E1));
#16906=DIRECTION('',(0.E0,0.E0,-1.E0));
#16907=DIRECTION('',(-1.E0,0.E0,0.E0));
#16908=AXIS2_PLACEMENT_3D('',#16905,#16906,#16907);
#16909=PLANE('',#16908);
#16911=ORIENTED_EDGE('',*,*,#16910,.F.);
#16913=ORIENTED_EDGE('',*,*,#16912,.F.);
#16915=ORIENTED_EDGE('',*,*,#16914,.F.);
#16917=ORIENTED_EDGE('',*,*,#16916,.F.);
#16918=ORIENTED_EDGE('',*,*,#16628,.F.);
#16920=ORIENTED_EDGE('',*,*,#16919,.F.);
#16922=ORIENTED_EDGE('',*,*,#16921,.F.);
#16923=EDGE_LOOP('',(#16911,#16913,#16915,#16917,#16918,#16920,#16922));
#16924=FACE_OUTER_BOUND('',#16923,.F.);
#16926=CARTESIAN_POINT('',(2.37E1,1.08E1,-2.2E1));
#16927=DIRECTION('',(0.E0,0.E0,1.E0));
#16928=DIRECTION('',(-1.E0,0.E0,0.E0));
#16929=AXIS2_PLACEMENT_3D('',#16926,#16927,#16928);
#16930=CYLINDRICAL_SURFACE('',#16929,3.E0);
#16932=ORIENTED_EDGE('',*,*,#16931,.T.);
#16934=ORIENTED_EDGE('',*,*,#16933,.F.);
#16935=ORIENTED_EDGE('',*,*,#15476,.T.);
#16937=ORIENTED_EDGE('',*,*,#16936,.F.);
#16938=ORIENTED_EDGE('',*,*,#16848,.T.);
#16940=ORIENTED_EDGE('',*,*,#16939,.T.);
#16941=EDGE_LOOP('',(#16932,#16934,#16935,#16937,#16938,#16940));
#16942=FACE_OUTER_BOUND('',#16941,.F.);
#16944=CARTESIAN_POINT('',(2.37E1,1.08E1,-3.375E1));
#16945=DIRECTION('',(0.E0,0.E0,1.E0));
#16946=DIRECTION('',(9.984365346034E-1,5.589710519501E-2,0.E0));
#16947=AXIS2_PLACEMENT_3D('',#16944,#16945,#16946);
#16948=TOROIDAL_SURFACE('',#16947,2.5E0,5.E-1);
#16949=ORIENTED_EDGE('',*,*,#16733,.T.);
#16951=ORIENTED_EDGE('',*,*,#16950,.T.);
#16952=ORIENTED_EDGE('',*,*,#16931,.F.);
#16954=ORIENTED_EDGE('',*,*,#16953,.F.);
#16955=EDGE_LOOP('',(#16949,#16951,#16952,#16954));
#16956=FACE_OUTER_BOUND('',#16955,.F.);
#16958=CARTESIAN_POINT('',(2.37E1,1.08E1,-3.375E1));
#16959=DIRECTION('',(0.E0,0.E0,1.E0));
#16960=DIRECTION('',(-9.984365346034E-1,-5.589710519501E-2,0.E0));
#16961=AXIS2_PLACEMENT_3D('',#16958,#16959,#16960);
#16962=TOROIDAL_SURFACE('',#16961,2.5E0,5.E-1);
#16963=ORIENTED_EDGE('',*,*,#16731,.T.);
#16964=ORIENTED_EDGE('',*,*,#16953,.T.);
#16966=ORIENTED_EDGE('',*,*,#16965,.F.);
#16967=ORIENTED_EDGE('',*,*,#16950,.F.);
#16968=EDGE_LOOP('',(#16963,#16964,#16966,#16967));
#16969=FACE_OUTER_BOUND('',#16968,.F.);
#16971=CARTESIAN_POINT('',(2.37E1,1.08E1,-2.2E1));
#16972=DIRECTION('',(0.E0,0.E0,1.E0));
#16973=DIRECTION('',(-1.E0,0.E0,0.E0));
#16974=AXIS2_PLACEMENT_3D('',#16971,#16972,#16973);
#16975=CYLINDRICAL_SURFACE('',#16974,3.E0);
#16976=ORIENTED_EDGE('',*,*,#16965,.T.);
#16977=ORIENTED_EDGE('',*,*,#16939,.F.);
#16978=ORIENTED_EDGE('',*,*,#16862,.T.);
#16980=ORIENTED_EDGE('',*,*,#16979,.T.);
#16981=ORIENTED_EDGE('',*,*,#15478,.T.);
#16982=ORIENTED_EDGE('',*,*,#16933,.T.);
#16983=EDGE_LOOP('',(#16976,#16977,#16978,#16980,#16981,#16982));
#16984=FACE_OUTER_BOUND('',#16983,.F.);
#16986=CARTESIAN_POINT('',(2.710440890611E1,1.29E1,-2.E1));
#16987=DIRECTION('',(0.E0,0.E0,-1.E0));
#16988=DIRECTION('',(-1.E0,0.E0,0.E0));
#16989=AXIS2_PLACEMENT_3D('',#16986,#16987,#16988);
#16990=CYLINDRICAL_SURFACE('',#16989,1.E0);
#16991=ORIENTED_EDGE('',*,*,#16979,.F.);
#16992=ORIENTED_EDGE('',*,*,#16860,.T.);
#16994=ORIENTED_EDGE('',*,*,#16993,.F.);
#16995=ORIENTED_EDGE('',*,*,#15480,.T.);
#16996=EDGE_LOOP('',(#16991,#16992,#16994,#16995));
#16997=FACE_OUTER_BOUND('',#16996,.F.);
#16999=CARTESIAN_POINT('',(2.710440890611E1,1.19E1,-2.E1));
#17000=DIRECTION('',(0.E0,1.E0,0.E0));
#17001=DIRECTION('',(1.E0,0.E0,0.E0));
#17002=AXIS2_PLACEMENT_3D('',#16999,#17000,#17001);
#17003=PLANE('',#17002);
#17005=ORIENTED_EDGE('',*,*,#17004,.T.);
#17007=ORIENTED_EDGE('',*,*,#17006,.F.);
#17008=ORIENTED_EDGE('',*,*,#15482,.T.);
#17009=ORIENTED_EDGE('',*,*,#16993,.T.);
#17010=ORIENTED_EDGE('',*,*,#16858,.T.);
#17011=EDGE_LOOP('',(#17005,#17007,#17008,#17009,#17010));
#17012=FACE_OUTER_BOUND('',#17011,.F.);
#17014=CARTESIAN_POINT('',(2.54E1,1.105E1,-2.E1));
#17015=DIRECTION('',(0.E0,0.E0,1.E0));
#17016=DIRECTION('',(1.E0,0.E0,0.E0));
#17017=AXIS2_PLACEMENT_3D('',#17014,#17015,#17016);
#17018=CYLINDRICAL_SURFACE('',#17017,5.E0);
#17020=ORIENTED_EDGE('',*,*,#17019,.T.);
#17021=ORIENTED_EDGE('',*,*,#17004,.F.);
#17022=ORIENTED_EDGE('',*,*,#16856,.T.);
#17024=ORIENTED_EDGE('',*,*,#17023,.T.);
#17025=ORIENTED_EDGE('',*,*,#15380,.T.);
#17026=ORIENTED_EDGE('',*,*,#15406,.F.);
#17027=EDGE_LOOP('',(#17020,#17021,#17022,#17024,#17025,#17026));
#17028=FACE_OUTER_BOUND('',#17027,.F.);
#17030=CARTESIAN_POINT('',(2.54E1,1.105E1,-2.15E1));
#17031=DIRECTION('',(0.E0,0.E0,1.E0));
#17032=DIRECTION('',(-3.357883218482E-2,9.994360720072E-1,0.E0));
#17033=AXIS2_PLACEMENT_3D('',#17030,#17031,#17032);
#17034=TOROIDAL_SURFACE('',#17033,4.499999998056E0,5.E-1);
#17035=ORIENTED_EDGE('',*,*,#17019,.F.);
#17036=ORIENTED_EDGE('',*,*,#15421,.F.);
#17037=ORIENTED_EDGE('',*,*,#15484,.T.);
#17038=ORIENTED_EDGE('',*,*,#17006,.T.);
#17039=EDGE_LOOP('',(#17035,#17036,#17037,#17038));
#17040=FACE_OUTER_BOUND('',#17039,.F.);
#17042=CARTESIAN_POINT('',(3.04E1,-1.105E1,-2.E1));
#17043=DIRECTION('',(1.E0,0.E0,0.E0));
#17044=DIRECTION('',(0.E0,1.E0,0.E0));
#17045=AXIS2_PLACEMENT_3D('',#17042,#17043,#17044);
#17046=PLANE('',#17045);
#17048=ORIENTED_EDGE('',*,*,#17047,.T.);
#17050=ORIENTED_EDGE('',*,*,#17049,.T.);
#17051=ORIENTED_EDGE('',*,*,#15366,.T.);
#17052=ORIENTED_EDGE('',*,*,#17023,.F.);
#17053=ORIENTED_EDGE('',*,*,#16854,.T.);
#17055=ORIENTED_EDGE('',*,*,#17054,.F.);
#17057=ORIENTED_EDGE('',*,*,#17056,.T.);
#17059=ORIENTED_EDGE('',*,*,#17058,.F.);
#17060=ORIENTED_EDGE('',*,*,#16878,.T.);
#17062=ORIENTED_EDGE('',*,*,#17061,.F.);
#17063=EDGE_LOOP('',(#17048,#17050,#17051,#17052,#17053,#17055,#17057,#17059,
#17060,#17062));
#17064=FACE_OUTER_BOUND('',#17063,.F.);
#17066=CARTESIAN_POINT('',(2.99E1,5.789556E1,-2.15E1));
#17067=DIRECTION('',(0.E0,-1.E0,0.E0));
#17068=DIRECTION('',(0.E0,0.E0,-1.E0));
#17069=AXIS2_PLACEMENT_3D('',#17066,#17067,#17068);
#17070=CYLINDRICAL_SURFACE('',#17069,5.E-1);
#17071=ORIENTED_EDGE('',*,*,#15456,.T.);
#17073=ORIENTED_EDGE('',*,*,#17072,.T.);
#17074=ORIENTED_EDGE('',*,*,#17047,.F.);
#17076=ORIENTED_EDGE('',*,*,#17075,.T.);
#17077=EDGE_LOOP('',(#17071,#17073,#17074,#17076));
#17078=FACE_OUTER_BOUND('',#17077,.F.);
#17080=CARTESIAN_POINT('',(2.54E1,-1.105E1,-2.15E1));
#17081=DIRECTION('',(0.E0,0.E0,1.E0));
#17082=DIRECTION('',(9.994370585557E-1,3.354945581555E-2,0.E0));
#17083=AXIS2_PLACEMENT_3D('',#17080,#17081,#17082);
#17084=TOROIDAL_SURFACE('',#17083,4.5E0,5.E-1);
#17085=ORIENTED_EDGE('',*,*,#15454,.T.);
#17087=ORIENTED_EDGE('',*,*,#17086,.T.);
#17089=ORIENTED_EDGE('',*,*,#17088,.F.);
#17090=ORIENTED_EDGE('',*,*,#17072,.F.);
#17091=EDGE_LOOP('',(#17085,#17087,#17089,#17090));
#17092=FACE_OUTER_BOUND('',#17091,.F.);
#17094=CARTESIAN_POINT('',(2.556777876347E1,-1.555E1,-2.15E1));
#17095=DIRECTION('',(-1.E0,0.E0,0.E0));
#17096=DIRECTION('',(0.E0,0.E0,-1.E0));
#17097=AXIS2_PLACEMENT_3D('',#17094,#17095,#17096);
#17098=CYLINDRICAL_SURFACE('',#17097,5.E-1);
#17099=ORIENTED_EDGE('',*,*,#15452,.T.);
#17101=ORIENTED_EDGE('',*,*,#17100,.T.);
#17103=ORIENTED_EDGE('',*,*,#17102,.F.);
#17104=ORIENTED_EDGE('',*,*,#17086,.F.);
#17105=EDGE_LOOP('',(#17099,#17101,#17103,#17104));
#17106=FACE_OUTER_BOUND('',#17105,.F.);
#17108=CARTESIAN_POINT('',(-2.54E1,-1.105E1,-2.15E1));
#17109=DIRECTION('',(0.E0,0.E0,1.E0));
#17110=DIRECTION('',(3.354945581555E-2,-9.994370585557E-1,0.E0));
#17111=AXIS2_PLACEMENT_3D('',#17108,#17109,#17110);
#17112=TOROIDAL_SURFACE('',#17111,4.5E0,5.E-1);
#17113=ORIENTED_EDGE('',*,*,#15450,.T.);
#17115=ORIENTED_EDGE('',*,*,#17114,.T.);
#17117=ORIENTED_EDGE('',*,*,#17116,.F.);
#17118=ORIENTED_EDGE('',*,*,#17100,.F.);
#17119=EDGE_LOOP('',(#17113,#17115,#17117,#17118));
#17120=FACE_OUTER_BOUND('',#17119,.F.);
#17122=CARTESIAN_POINT('',(-2.99E1,-1.121777876347E1,-2.15E1));
#17123=DIRECTION('',(0.E0,1.E0,0.E0));
#17124=DIRECTION('',(0.E0,0.E0,-1.E0));
#17125=AXIS2_PLACEMENT_3D('',#17122,#17123,#17124);
#17126=CYLINDRICAL_SURFACE('',#17125,5.E-1);
#17127=ORIENTED_EDGE('',*,*,#16624,.F.);
#17128=ORIENTED_EDGE('',*,*,#17114,.F.);
#17129=ORIENTED_EDGE('',*,*,#15448,.T.);
#17131=ORIENTED_EDGE('',*,*,#17130,.T.);
#17132=EDGE_LOOP('',(#17127,#17128,#17129,#17131));
#17133=FACE_OUTER_BOUND('',#17132,.F.);
#17135=CARTESIAN_POINT('',(-2.860440890611E1,-8.4E0,-2.E1));
#17136=DIRECTION('',(0.E0,-1.E0,0.E0));
#17137=DIRECTION('',(-1.E0,0.E0,0.E0));
#17138=AXIS2_PLACEMENT_3D('',#17135,#17136,#17137);
#17139=PLANE('',#17138);
#17140=ORIENTED_EDGE('',*,*,#16626,.T.);
#17141=ORIENTED_EDGE('',*,*,#17130,.F.);
#17142=ORIENTED_EDGE('',*,*,#15446,.T.);
#17144=ORIENTED_EDGE('',*,*,#17143,.T.);
#17145=ORIENTED_EDGE('',*,*,#16919,.T.);
#17146=EDGE_LOOP('',(#17140,#17141,#17142,#17144,#17145));
#17147=FACE_OUTER_BOUND('',#17146,.F.);
#17149=CARTESIAN_POINT('',(-2.860440890611E1,-9.4E0,-2.E1));
#17150=DIRECTION('',(0.E0,0.E0,-1.E0));
#17151=DIRECTION('',(-1.E0,0.E0,0.E0));
#17152=AXIS2_PLACEMENT_3D('',#17149,#17150,#17151);
#17153=CYLINDRICAL_SURFACE('',#17152,1.E0);
#17154=ORIENTED_EDGE('',*,*,#15444,.T.);
#17156=ORIENTED_EDGE('',*,*,#17155,.F.);
#17157=ORIENTED_EDGE('',*,*,#16921,.T.);
#17158=ORIENTED_EDGE('',*,*,#17143,.F.);
#17159=EDGE_LOOP('',(#17154,#17156,#17157,#17158));
#17160=FACE_OUTER_BOUND('',#17159,.F.);
#17162=CARTESIAN_POINT('',(-2.52E1,-7.3E0,-2.2E1));
#17163=DIRECTION('',(0.E0,0.E0,1.E0));
#17164=DIRECTION('',(-1.E0,0.E0,0.E0));
#17165=AXIS2_PLACEMENT_3D('',#17162,#17163,#17164);
#17166=CYLINDRICAL_SURFACE('',#17165,3.E0);
#17168=ORIENTED_EDGE('',*,*,#17167,.T.);
#17170=ORIENTED_EDGE('',*,*,#17169,.F.);
#17171=ORIENTED_EDGE('',*,*,#16910,.T.);
#17172=ORIENTED_EDGE('',*,*,#17155,.T.);
#17173=ORIENTED_EDGE('',*,*,#15442,.T.);
#17175=ORIENTED_EDGE('',*,*,#17174,.T.);
#17176=EDGE_LOOP('',(#17168,#17170,#17171,#17172,#17173,#17175));
#17177=FACE_OUTER_BOUND('',#17176,.F.);
#17179=CARTESIAN_POINT('',(-2.52E1,-7.3E0,-3.375E1));
#17180=DIRECTION('',(0.E0,0.E0,1.E0));
#17181=DIRECTION('',(9.984365346034E-1,5.589710519501E-2,0.E0));
#17182=AXIS2_PLACEMENT_3D('',#17179,#17180,#17181);
#17183=TOROIDAL_SURFACE('',#17182,2.5E0,5.E-1);
#17184=ORIENTED_EDGE('',*,*,#16713,.T.);
#17186=ORIENTED_EDGE('',*,*,#17185,.T.);
#17187=ORIENTED_EDGE('',*,*,#17167,.F.);
#17189=ORIENTED_EDGE('',*,*,#17188,.F.);
#17190=EDGE_LOOP('',(#17184,#17186,#17187,#17189));
#17191=FACE_OUTER_BOUND('',#17190,.F.);
#17193=CARTESIAN_POINT('',(-2.52E1,-7.3E0,-3.375E1));
#17194=DIRECTION('',(0.E0,0.E0,1.E0));
#17195=DIRECTION('',(-9.984365346034E-1,-5.589710519501E-2,0.E0));
#17196=AXIS2_PLACEMENT_3D('',#17193,#17194,#17195);
#17197=TOROIDAL_SURFACE('',#17196,2.5E0,5.E-1);
#17198=ORIENTED_EDGE('',*,*,#16715,.T.);
#17199=ORIENTED_EDGE('',*,*,#17188,.T.);
#17201=ORIENTED_EDGE('',*,*,#17200,.F.);
#17202=ORIENTED_EDGE('',*,*,#17185,.F.);
#17203=EDGE_LOOP('',(#17198,#17199,#17201,#17202));
#17204=FACE_OUTER_BOUND('',#17203,.F.);
#17206=CARTESIAN_POINT('',(-2.52E1,-7.3E0,-2.2E1));
#17207=DIRECTION('',(0.E0,0.E0,1.E0));
#17208=DIRECTION('',(-1.E0,0.E0,0.E0));
#17209=AXIS2_PLACEMENT_3D('',#17206,#17207,#17208);
#17210=CYLINDRICAL_SURFACE('',#17209,3.E0);
#17211=ORIENTED_EDGE('',*,*,#17200,.T.);
#17212=ORIENTED_EDGE('',*,*,#17174,.F.);
#17213=ORIENTED_EDGE('',*,*,#15440,.T.);
#17215=ORIENTED_EDGE('',*,*,#17214,.F.);
#17216=ORIENTED_EDGE('',*,*,#16912,.T.);
#17217=ORIENTED_EDGE('',*,*,#17169,.T.);
#17218=EDGE_LOOP('',(#17211,#17212,#17213,#17215,#17216,#17217));
#17219=FACE_OUTER_BOUND('',#17218,.F.);
#17221=CARTESIAN_POINT('',(-2.860440890611E1,-5.2E0,-2.E1));
#17222=DIRECTION('',(0.E0,0.E0,-1.E0));
#17223=DIRECTION('',(-1.E0,0.E0,0.E0));
#17224=AXIS2_PLACEMENT_3D('',#17221,#17222,#17223);
#17225=CYLINDRICAL_SURFACE('',#17224,1.E0);
#17226=ORIENTED_EDGE('',*,*,#15438,.T.);
#17228=ORIENTED_EDGE('',*,*,#17227,.T.);
#17229=ORIENTED_EDGE('',*,*,#16914,.T.);
#17230=ORIENTED_EDGE('',*,*,#17214,.T.);
#17231=EDGE_LOOP('',(#17226,#17228,#17229,#17230));
#17232=FACE_OUTER_BOUND('',#17231,.F.);
#17234=CARTESIAN_POINT('',(-3.04E1,-6.2E0,-2.E1));
#17235=DIRECTION('',(0.E0,1.E0,0.E0));
#17236=DIRECTION('',(1.E0,0.E0,0.E0));
#17237=AXIS2_PLACEMENT_3D('',#17234,#17235,#17236);
#17238=PLANE('',#17237);
#17239=ORIENTED_EDGE('',*,*,#15436,.F.);
#17240=ORIENTED_EDGE('',*,*,#16601,.F.);
#17241=ORIENTED_EDGE('',*,*,#16630,.T.);
#17242=ORIENTED_EDGE('',*,*,#16916,.T.);
#17243=ORIENTED_EDGE('',*,*,#17227,.F.);
#17244=EDGE_LOOP('',(#17239,#17240,#17241,#17242,#17243));
#17245=FACE_OUTER_BOUND('',#17244,.F.);
#17247=CARTESIAN_POINT('',(-2.54E1,-1.105E1,-2.E1));
#17248=DIRECTION('',(0.E0,0.E0,1.E0));
#17249=DIRECTION('',(1.E0,0.E0,0.E0));
#17250=AXIS2_PLACEMENT_3D('',#17247,#17248,#17249);
#17251=CYLINDRICAL_SURFACE('',#17250,5.E0);
#17252=ORIENTED_EDGE('',*,*,#17116,.T.);
#17253=ORIENTED_EDGE('',*,*,#16622,.T.);
#17254=ORIENTED_EDGE('',*,*,#15324,.T.);
#17256=ORIENTED_EDGE('',*,*,#17255,.F.);
#17257=EDGE_LOOP('',(#17252,#17253,#17254,#17256));
#17258=FACE_OUTER_BOUND('',#17257,.F.);
#17260=CARTESIAN_POINT('',(-2.54E1,-1.605E1,-2.E1));
#17261=DIRECTION('',(0.E0,-1.E0,0.E0));
#17262=DIRECTION('',(1.E0,0.E0,0.E0));
#17263=AXIS2_PLACEMENT_3D('',#17260,#17261,#17262);
#17264=PLANE('',#17263);
#17265=ORIENTED_EDGE('',*,*,#17102,.T.);
#17266=ORIENTED_EDGE('',*,*,#17255,.T.);
#17267=ORIENTED_EDGE('',*,*,#15338,.T.);
#17269=ORIENTED_EDGE('',*,*,#17268,.F.);
#17270=EDGE_LOOP('',(#17265,#17266,#17267,#17269));
#17271=FACE_OUTER_BOUND('',#17270,.F.);
#17273=CARTESIAN_POINT('',(2.54E1,-1.105E1,-2.E1));
#17274=DIRECTION('',(0.E0,0.E0,1.E0));
#17275=DIRECTION('',(1.E0,0.E0,0.E0));
#17276=AXIS2_PLACEMENT_3D('',#17273,#17274,#17275);
#17277=CYLINDRICAL_SURFACE('',#17276,5.E0);
#17278=ORIENTED_EDGE('',*,*,#17088,.T.);
#17279=ORIENTED_EDGE('',*,*,#17268,.T.);
#17280=ORIENTED_EDGE('',*,*,#15352,.T.);
#17281=ORIENTED_EDGE('',*,*,#17049,.F.);
#17282=EDGE_LOOP('',(#17278,#17279,#17280,#17281));
#17283=FACE_OUTER_BOUND('',#17282,.F.);
#17285=CARTESIAN_POINT('',(3.04E1,-8.4E0,-2.E1));
#17286=DIRECTION('',(0.E0,-1.E0,0.E0));
#17287=DIRECTION('',(-1.E0,0.E0,0.E0));
#17288=AXIS2_PLACEMENT_3D('',#17285,#17286,#17287);
#17289=PLANE('',#17288);
#17290=ORIENTED_EDGE('',*,*,#15458,.F.);
#17291=ORIENTED_EDGE('',*,*,#17075,.F.);
#17292=ORIENTED_EDGE('',*,*,#17061,.T.);
#17293=ORIENTED_EDGE('',*,*,#16876,.T.);
#17295=ORIENTED_EDGE('',*,*,#17294,.F.);
#17296=EDGE_LOOP('',(#17290,#17291,#17292,#17293,#17295));
#17297=FACE_OUTER_BOUND('',#17296,.F.);
#17299=CARTESIAN_POINT('',(2.860440890611E1,-9.4E0,-2.E1));
#17300=DIRECTION('',(0.E0,0.E0,-1.E0));
#17301=DIRECTION('',(-1.E0,0.E0,0.E0));
#17302=AXIS2_PLACEMENT_3D('',#17299,#17300,#17301);
#17303=CYLINDRICAL_SURFACE('',#17302,1.E0);
#17305=ORIENTED_EDGE('',*,*,#17304,.T.);
#17306=ORIENTED_EDGE('',*,*,#15460,.T.);
#17307=ORIENTED_EDGE('',*,*,#17294,.T.);
#17308=ORIENTED_EDGE('',*,*,#16874,.T.);
#17309=EDGE_LOOP('',(#17305,#17306,#17307,#17308));
#17310=FACE_OUTER_BOUND('',#17309,.F.);
#17312=CARTESIAN_POINT('',(2.52E1,-7.3E0,-2.2E1));
#17313=DIRECTION('',(0.E0,0.E0,1.E0));
#17314=DIRECTION('',(-1.E0,0.E0,0.E0));
#17315=AXIS2_PLACEMENT_3D('',#17312,#17313,#17314);
#17316=CYLINDRICAL_SURFACE('',#17315,3.E0);
#17318=ORIENTED_EDGE('',*,*,#17317,.T.);
#17320=ORIENTED_EDGE('',*,*,#17319,.F.);
#17321=ORIENTED_EDGE('',*,*,#15462,.T.);
#17322=ORIENTED_EDGE('',*,*,#17304,.F.);
#17323=ORIENTED_EDGE('',*,*,#16872,.T.);
#17325=ORIENTED_EDGE('',*,*,#17324,.T.);
#17326=EDGE_LOOP('',(#17318,#17320,#17321,#17322,#17323,#17325));
#17327=FACE_OUTER_BOUND('',#17326,.F.);
#17329=CARTESIAN_POINT('',(2.52E1,-7.3E0,-3.375E1));
#17330=DIRECTION('',(0.E0,0.E0,1.E0));
#17331=DIRECTION('',(9.984365346034E-1,5.589710519501E-2,0.E0));
#17332=AXIS2_PLACEMENT_3D('',#17329,#17330,#17331);
#17333=TOROIDAL_SURFACE('',#17332,2.5E0,5.E-1);
#17334=ORIENTED_EDGE('',*,*,#16749,.T.);
#17336=ORIENTED_EDGE('',*,*,#17335,.T.);
#17337=ORIENTED_EDGE('',*,*,#17317,.F.);
#17339=ORIENTED_EDGE('',*,*,#17338,.F.);
#17340=EDGE_LOOP('',(#17334,#17336,#17337,#17339));
#17341=FACE_OUTER_BOUND('',#17340,.F.);
#17343=CARTESIAN_POINT('',(2.52E1,-7.3E0,-3.375E1));
#17344=DIRECTION('',(0.E0,0.E0,1.E0));
#17345=DIRECTION('',(-9.984365346034E-1,-5.589710519501E-2,0.E0));
#17346=AXIS2_PLACEMENT_3D('',#17343,#17344,#17345);
#17347=TOROIDAL_SURFACE('',#17346,2.5E0,5.E-1);
#17348=ORIENTED_EDGE('',*,*,#16751,.T.);
#17349=ORIENTED_EDGE('',*,*,#17338,.T.);
#17351=ORIENTED_EDGE('',*,*,#17350,.F.);
#17352=ORIENTED_EDGE('',*,*,#17335,.F.);
#17353=EDGE_LOOP('',(#17348,#17349,#17351,#17352));
#17354=FACE_OUTER_BOUND('',#17353,.F.);
#17356=CARTESIAN_POINT('',(2.52E1,-7.3E0,-2.2E1));
#17357=DIRECTION('',(0.E0,0.E0,1.E0));
#17358=DIRECTION('',(-1.E0,0.E0,0.E0));
#17359=AXIS2_PLACEMENT_3D('',#17356,#17357,#17358);
#17360=CYLINDRICAL_SURFACE('',#17359,3.E0);
#17361=ORIENTED_EDGE('',*,*,#17350,.T.);
#17362=ORIENTED_EDGE('',*,*,#17324,.F.);
#17363=ORIENTED_EDGE('',*,*,#16884,.T.);
#17365=ORIENTED_EDGE('',*,*,#17364,.T.);
#17366=ORIENTED_EDGE('',*,*,#15464,.T.);
#17367=ORIENTED_EDGE('',*,*,#17319,.T.);
#17368=EDGE_LOOP('',(#17361,#17362,#17363,#17365,#17366,#17367));
#17369=FACE_OUTER_BOUND('',#17368,.F.);
#17371=CARTESIAN_POINT('',(2.860440890611E1,-5.2E0,-2.E1));
#17372=DIRECTION('',(0.E0,0.E0,-1.E0));
#17373=DIRECTION('',(-1.E0,0.E0,0.E0));
#17374=AXIS2_PLACEMENT_3D('',#17371,#17372,#17373);
#17375=CYLINDRICAL_SURFACE('',#17374,1.E0);
#17376=ORIENTED_EDGE('',*,*,#17364,.F.);
#17377=ORIENTED_EDGE('',*,*,#16882,.T.);
#17379=ORIENTED_EDGE('',*,*,#17378,.F.);
#17380=ORIENTED_EDGE('',*,*,#15466,.T.);
#17381=EDGE_LOOP('',(#17376,#17377,#17379,#17380));
#17382=FACE_OUTER_BOUND('',#17381,.F.);
#17384=CARTESIAN_POINT('',(2.860440890611E1,-6.2E0,-2.E1));
#17385=DIRECTION('',(0.E0,1.E0,0.E0));
#17386=DIRECTION('',(1.E0,0.E0,0.E0));
#17387=AXIS2_PLACEMENT_3D('',#17384,#17385,#17386);
#17388=PLANE('',#17387);
#17389=ORIENTED_EDGE('',*,*,#17058,.T.);
#17391=ORIENTED_EDGE('',*,*,#17390,.F.);
#17392=ORIENTED_EDGE('',*,*,#15468,.T.);
#17393=ORIENTED_EDGE('',*,*,#17378,.T.);
#17394=ORIENTED_EDGE('',*,*,#16880,.T.);
#17395=EDGE_LOOP('',(#17389,#17391,#17392,#17393,#17394));
#17396=FACE_OUTER_BOUND('',#17395,.F.);
#17398=CARTESIAN_POINT('',(2.99E1,5.789556E1,-2.15E1));
#17399=DIRECTION('',(0.E0,-1.E0,0.E0));
#17400=DIRECTION('',(0.E0,0.E0,-1.E0));
#17401=AXIS2_PLACEMENT_3D('',#17398,#17399,#17400);
#17402=CYLINDRICAL_SURFACE('',#17401,5.E-1);
#17403=ORIENTED_EDGE('',*,*,#17056,.F.);
#17405=ORIENTED_EDGE('',*,*,#17404,.T.);
#17406=ORIENTED_EDGE('',*,*,#15470,.T.);
#17407=ORIENTED_EDGE('',*,*,#17390,.T.);
#17408=EDGE_LOOP('',(#17403,#17405,#17406,#17407));
#17409=FACE_OUTER_BOUND('',#17408,.F.);
#17411=CARTESIAN_POINT('',(3.04E1,9.7E0,-2.E1));
#17412=DIRECTION('',(0.E0,-1.E0,0.E0));
#17413=DIRECTION('',(-1.E0,0.E0,0.E0));
#17414=AXIS2_PLACEMENT_3D('',#17411,#17412,#17413);
#17415=PLANE('',#17414);
#17416=ORIENTED_EDGE('',*,*,#15472,.F.);
#17417=ORIENTED_EDGE('',*,*,#17404,.F.);
#17418=ORIENTED_EDGE('',*,*,#17054,.T.);
#17419=ORIENTED_EDGE('',*,*,#16852,.T.);
#17421=ORIENTED_EDGE('',*,*,#17420,.F.);
#17422=EDGE_LOOP('',(#17416,#17417,#17418,#17419,#17421));
#17423=FACE_OUTER_BOUND('',#17422,.F.);
#17425=CARTESIAN_POINT('',(2.710440890611E1,8.7E0,-2.E1));
#17426=DIRECTION('',(0.E0,0.E0,-1.E0));
#17427=DIRECTION('',(-1.E0,0.E0,0.E0));
#17428=AXIS2_PLACEMENT_3D('',#17425,#17426,#17427);
#17429=CYLINDRICAL_SURFACE('',#17428,1.E0);
#17430=ORIENTED_EDGE('',*,*,#16936,.T.);
#17431=ORIENTED_EDGE('',*,*,#15474,.T.);
#17432=ORIENTED_EDGE('',*,*,#17420,.T.);
#17433=ORIENTED_EDGE('',*,*,#16850,.T.);
#17434=EDGE_LOOP('',(#17430,#17431,#17432,#17433));
#17435=FACE_OUTER_BOUND('',#17434,.F.);
#17437=CARTESIAN_POINT('',(2.37E1,1.08E1,-3.425E1));
#17438=DIRECTION('',(0.E0,0.E0,-1.E0));
#17439=DIRECTION('',(-1.E0,0.E0,0.E0));
#17440=AXIS2_PLACEMENT_3D('',#17437,#17438,#17439);
#17441=CYLINDRICAL_SURFACE('',#17440,7.5E-1);
#17442=ORIENTED_EDGE('',*,*,#16737,.F.);
#17444=ORIENTED_EDGE('',*,*,#17443,.T.);
#17446=ORIENTED_EDGE('',*,*,#17445,.T.);
#17448=ORIENTED_EDGE('',*,*,#17447,.F.);
#17449=EDGE_LOOP('',(#17442,#17444,#17446,#17448));
#17450=FACE_OUTER_BOUND('',#17449,.F.);
#17452=CARTESIAN_POINT('',(2.37E1,1.08E1,-3.425E1));
#17453=DIRECTION('',(0.E0,0.E0,-1.E0));
#17454=DIRECTION('',(-1.E0,0.E0,0.E0));
#17455=AXIS2_PLACEMENT_3D('',#17452,#17453,#17454);
#17456=CYLINDRICAL_SURFACE('',#17455,7.5E-1);
#17457=ORIENTED_EDGE('',*,*,#16739,.F.);
#17458=ORIENTED_EDGE('',*,*,#17447,.T.);
#17460=ORIENTED_EDGE('',*,*,#17459,.T.);
#17461=ORIENTED_EDGE('',*,*,#17443,.F.);
#17462=EDGE_LOOP('',(#17457,#17458,#17460,#17461));
#17463=FACE_OUTER_BOUND('',#17462,.F.);
#17465=CARTESIAN_POINT('',(0.E0,0.E0,-3.625E1));
#17466=DIRECTION('',(0.E0,0.E0,-1.E0));
#17467=DIRECTION('',(-1.E0,0.E0,0.E0));
#17468=AXIS2_PLACEMENT_3D('',#17465,#17466,#17467);
#17469=PLANE('',#17468);
#17470=ORIENTED_EDGE('',*,*,#17445,.F.);
#17471=ORIENTED_EDGE('',*,*,#17459,.F.);
#17472=EDGE_LOOP('',(#17470,#17471));
#17473=FACE_OUTER_BOUND('',#17472,.F.);
#17475=CARTESIAN_POINT('',(0.E0,0.E0,-3.625E1));
#17476=DIRECTION('',(0.E0,0.E0,-1.E0));
#17477=DIRECTION('',(-1.E0,0.E0,0.E0));
#17478=AXIS2_PLACEMENT_3D('',#17475,#17476,#17477);
#17479=PLANE('',#17478);
#17481=ORIENTED_EDGE('',*,*,#17480,.F.);
#17483=ORIENTED_EDGE('',*,*,#17482,.F.);
#17484=EDGE_LOOP('',(#17481,#17483));
#17485=FACE_OUTER_BOUND('',#17484,.F.);
#17487=CARTESIAN_POINT('',(-2.52E1,-7.3E0,-3.425E1));
#17488=DIRECTION('',(0.E0,0.E0,-1.E0));
#17489=DIRECTION('',(-1.E0,0.E0,0.E0));
#17490=AXIS2_PLACEMENT_3D('',#17487,#17488,#17489);
#17491=CYLINDRICAL_SURFACE('',#17490,7.5E-1);
#17492=ORIENTED_EDGE('',*,*,#16719,.F.);
#17494=ORIENTED_EDGE('',*,*,#17493,.T.);
#17495=ORIENTED_EDGE('',*,*,#17480,.T.);
#17497=ORIENTED_EDGE('',*,*,#17496,.F.);
#17498=EDGE_LOOP('',(#17492,#17494,#17495,#17497));
#17499=FACE_OUTER_BOUND('',#17498,.F.);
#17501=CARTESIAN_POINT('',(-2.52E1,-7.3E0,-3.425E1));
#17502=DIRECTION('',(0.E0,0.E0,-1.E0));
#17503=DIRECTION('',(-1.E0,0.E0,0.E0));
#17504=AXIS2_PLACEMENT_3D('',#17501,#17502,#17503);
#17505=CYLINDRICAL_SURFACE('',#17504,7.5E-1);
#17506=ORIENTED_EDGE('',*,*,#16721,.F.);
#17507=ORIENTED_EDGE('',*,*,#17496,.T.);
#17508=ORIENTED_EDGE('',*,*,#17482,.T.);
#17509=ORIENTED_EDGE('',*,*,#17493,.F.);
#17510=EDGE_LOOP('',(#17506,#17507,#17508,#17509));
#17511=FACE_OUTER_BOUND('',#17510,.F.);
#17513=CARTESIAN_POINT('',(-1.7E1,6.E0,-2.E1));
#17514=DIRECTION('',(0.E0,0.E0,1.E0));
#17515=DIRECTION('',(1.E0,0.E0,0.E0));
#17516=AXIS2_PLACEMENT_3D('',#17513,#17514,#17515);
#17517=CYLINDRICAL_SURFACE('',#17516,1.5E0);
#17518=ORIENTED_EDGE('',*,*,#10776,.F.);
#17519=ORIENTED_EDGE('',*,*,#10493,.T.);
#17520=ORIENTED_EDGE('',*,*,#10257,.T.);
#17521=ORIENTED_EDGE('',*,*,#10490,.F.);
#17522=EDGE_LOOP('',(#17518,#17519,#17520,#17521));
#17523=FACE_OUTER_BOUND('',#17522,.F.);
#17525=CARTESIAN_POINT('',(-1.7E1,0.E0,-2.E1));
#17526=DIRECTION('',(0.E0,0.E0,1.E0));
#17527=DIRECTION('',(1.E0,0.E0,0.E0));
#17528=AXIS2_PLACEMENT_3D('',#17525,#17526,#17527);
#17529=CYLINDRICAL_SURFACE('',#17528,1.5E0);
#17530=ORIENTED_EDGE('',*,*,#10780,.F.);
#17532=ORIENTED_EDGE('',*,*,#17531,.T.);
#17533=ORIENTED_EDGE('',*,*,#10276,.T.);
#17535=ORIENTED_EDGE('',*,*,#17534,.F.);
#17536=EDGE_LOOP('',(#17530,#17532,#17533,#17535));
#17537=FACE_OUTER_BOUND('',#17536,.F.);
#17539=CARTESIAN_POINT('',(-1.7E1,0.E0,-2.E1));
#17540=DIRECTION('',(0.E0,0.E0,1.E0));
#17541=DIRECTION('',(1.E0,0.E0,0.E0));
#17542=AXIS2_PLACEMENT_3D('',#17539,#17540,#17541);
#17543=CYLINDRICAL_SURFACE('',#17542,1.5E0);
#17544=ORIENTED_EDGE('',*,*,#10782,.F.);
#17545=ORIENTED_EDGE('',*,*,#17534,.T.);
#17546=ORIENTED_EDGE('',*,*,#10278,.T.);
#17547=ORIENTED_EDGE('',*,*,#17531,.F.);
#17548=EDGE_LOOP('',(#17544,#17545,#17546,#17547));
#17549=FACE_OUTER_BOUND('',#17548,.F.);
#17551=CARTESIAN_POINT('',(-1.7E1,-6.E0,-2.E1));
#17552=DIRECTION('',(0.E0,0.E0,1.E0));
#17553=DIRECTION('',(1.E0,0.E0,0.E0));
#17554=AXIS2_PLACEMENT_3D('',#17551,#17552,#17553);
#17555=CYLINDRICAL_SURFACE('',#17554,1.5E0);
#17556=ORIENTED_EDGE('',*,*,#10786,.F.);
#17558=ORIENTED_EDGE('',*,*,#17557,.T.);
#17559=ORIENTED_EDGE('',*,*,#10370,.T.);
#17561=ORIENTED_EDGE('',*,*,#17560,.F.);
#17562=EDGE_LOOP('',(#17556,#17558,#17559,#17561));
#17563=FACE_OUTER_BOUND('',#17562,.F.);
#17565=CARTESIAN_POINT('',(-1.7E1,-6.E0,-2.E1));
#17566=DIRECTION('',(0.E0,0.E0,1.E0));
#17567=DIRECTION('',(1.E0,0.E0,0.E0));
#17568=AXIS2_PLACEMENT_3D('',#17565,#17566,#17567);
#17569=CYLINDRICAL_SURFACE('',#17568,1.5E0);
#17570=ORIENTED_EDGE('',*,*,#10788,.F.);
#17571=ORIENTED_EDGE('',*,*,#17560,.T.);
#17572=ORIENTED_EDGE('',*,*,#10372,.T.);
#17573=ORIENTED_EDGE('',*,*,#17557,.F.);
#17574=EDGE_LOOP('',(#17570,#17571,#17572,#17573));
#17575=FACE_OUTER_BOUND('',#17574,.F.);
#17577=CARTESIAN_POINT('',(-1.4E1,4.E0,-1.1195E1));
#17578=DIRECTION('',(0.E0,0.E0,-1.E0));
#17579=DIRECTION('',(0.E0,-1.E0,0.E0));
#17580=AXIS2_PLACEMENT_3D('',#17577,#17578,#17579);
#17581=CYLINDRICAL_SURFACE('',#17580,6.5E-1);
#17582=ORIENTED_EDGE('',*,*,#10792,.T.);
#17584=ORIENTED_EDGE('',*,*,#17583,.T.);
#17586=ORIENTED_EDGE('',*,*,#17585,.F.);
#17588=ORIENTED_EDGE('',*,*,#17587,.F.);
#17589=EDGE_LOOP('',(#17582,#17584,#17586,#17588));
#17590=FACE_OUTER_BOUND('',#17589,.F.);
#17592=CARTESIAN_POINT('',(-1.4E1,4.E0,-1.1195E1));
#17593=DIRECTION('',(0.E0,0.E0,-1.E0));
#17594=DIRECTION('',(0.E0,-1.E0,0.E0));
#17595=AXIS2_PLACEMENT_3D('',#17592,#17593,#17594);
#17596=CYLINDRICAL_SURFACE('',#17595,6.5E-1);
#17597=ORIENTED_EDGE('',*,*,#10794,.T.);
#17598=ORIENTED_EDGE('',*,*,#17587,.T.);
#17600=ORIENTED_EDGE('',*,*,#17599,.T.);
#17601=ORIENTED_EDGE('',*,*,#17583,.F.);
#17602=EDGE_LOOP('',(#17597,#17598,#17600,#17601));
#17603=FACE_OUTER_BOUND('',#17602,.F.);
#17605=CARTESIAN_POINT('',(-1.4E1,4.E0,-1.2475E1));
#17606=DIRECTION('',(0.E0,0.E0,-1.E0));
#17607=DIRECTION('',(0.E0,-1.E0,0.E0));
#17608=AXIS2_PLACEMENT_3D('',#17605,#17606,#17607);
#17609=PLANE('',#17608);
#17610=ORIENTED_EDGE('',*,*,#17599,.F.);
#17611=ORIENTED_EDGE('',*,*,#17585,.T.);
#17612=EDGE_LOOP('',(#17610,#17611));
#17613=FACE_OUTER_BOUND('',#17612,.F.);
#17615=CARTESIAN_POINT('',(-1.E1,4.E0,-1.1195E1));
#17616=DIRECTION('',(0.E0,0.E0,-1.E0));
#17617=DIRECTION('',(0.E0,-1.E0,0.E0));
#17618=AXIS2_PLACEMENT_3D('',#17615,#17616,#17617);
#17619=CYLINDRICAL_SURFACE('',#17618,6.5E-1);
#17620=ORIENTED_EDGE('',*,*,#10798,.T.);
#17622=ORIENTED_EDGE('',*,*,#17621,.T.);
#17624=ORIENTED_EDGE('',*,*,#17623,.F.);
#17626=ORIENTED_EDGE('',*,*,#17625,.F.);
#17627=EDGE_LOOP('',(#17620,#17622,#17624,#17626));
#17628=FACE_OUTER_BOUND('',#17627,.F.);
#17630=CARTESIAN_POINT('',(-1.E1,4.E0,-1.1195E1));
#17631=DIRECTION('',(0.E0,0.E0,-1.E0));
#17632=DIRECTION('',(0.E0,-1.E0,0.E0));
#17633=AXIS2_PLACEMENT_3D('',#17630,#17631,#17632);
#17634=CYLINDRICAL_SURFACE('',#17633,6.5E-1);
#17635=ORIENTED_EDGE('',*,*,#10800,.T.);
#17636=ORIENTED_EDGE('',*,*,#17625,.T.);
#17638=ORIENTED_EDGE('',*,*,#17637,.T.);
#17639=ORIENTED_EDGE('',*,*,#17621,.F.);
#17640=EDGE_LOOP('',(#17635,#17636,#17638,#17639));
#17641=FACE_OUTER_BOUND('',#17640,.F.);
#17643=CARTESIAN_POINT('',(-1.E1,4.E0,-1.2475E1));
#17644=DIRECTION('',(0.E0,0.E0,-1.E0));
#17645=DIRECTION('',(0.E0,-1.E0,0.E0));
#17646=AXIS2_PLACEMENT_3D('',#17643,#17644,#17645);
#17647=PLANE('',#17646);
#17648=ORIENTED_EDGE('',*,*,#17637,.F.);
#17649=ORIENTED_EDGE('',*,*,#17623,.T.);
#17650=EDGE_LOOP('',(#17648,#17649));
#17651=FACE_OUTER_BOUND('',#17650,.F.);
#17653=CARTESIAN_POINT('',(-6.E0,4.E0,-1.1195E1));
#17654=DIRECTION('',(0.E0,0.E0,-1.E0));
#17655=DIRECTION('',(0.E0,-1.E0,0.E0));
#17656=AXIS2_PLACEMENT_3D('',#17653,#17654,#17655);
#17657=CYLINDRICAL_SURFACE('',#17656,6.5E-1);
#17658=ORIENTED_EDGE('',*,*,#10804,.T.);
#17660=ORIENTED_EDGE('',*,*,#17659,.T.);
#17662=ORIENTED_EDGE('',*,*,#17661,.F.);
#17664=ORIENTED_EDGE('',*,*,#17663,.F.);
#17665=EDGE_LOOP('',(#17658,#17660,#17662,#17664));
#17666=FACE_OUTER_BOUND('',#17665,.F.);
#17668=CARTESIAN_POINT('',(-6.E0,4.E0,-1.1195E1));
#17669=DIRECTION('',(0.E0,0.E0,-1.E0));
#17670=DIRECTION('',(0.E0,-1.E0,0.E0));
#17671=AXIS2_PLACEMENT_3D('',#17668,#17669,#17670);
#17672=CYLINDRICAL_SURFACE('',#17671,6.5E-1);
#17673=ORIENTED_EDGE('',*,*,#10806,.T.);
#17674=ORIENTED_EDGE('',*,*,#17663,.T.);
#17676=ORIENTED_EDGE('',*,*,#17675,.T.);
#17677=ORIENTED_EDGE('',*,*,#17659,.F.);
#17678=EDGE_LOOP('',(#17673,#17674,#17676,#17677));
#17679=FACE_OUTER_BOUND('',#17678,.F.);
#17681=CARTESIAN_POINT('',(-6.E0,4.E0,-1.2475E1));
#17682=DIRECTION('',(0.E0,0.E0,-1.E0));
#17683=DIRECTION('',(0.E0,-1.E0,0.E0));
#17684=AXIS2_PLACEMENT_3D('',#17681,#17682,#17683);
#17685=PLANE('',#17684);
#17686=ORIENTED_EDGE('',*,*,#17675,.F.);
#17687=ORIENTED_EDGE('',*,*,#17661,.T.);
#17688=EDGE_LOOP('',(#17686,#17687));
#17689=FACE_OUTER_BOUND('',#17688,.F.);
#17691=CARTESIAN_POINT('',(-2.E0,4.E0,-1.1195E1));
#17692=DIRECTION('',(0.E0,0.E0,-1.E0));
#17693=DIRECTION('',(0.E0,-1.E0,0.E0));
#17694=AXIS2_PLACEMENT_3D('',#17691,#17692,#17693);
#17695=CYLINDRICAL_SURFACE('',#17694,6.5E-1);
#17696=ORIENTED_EDGE('',*,*,#10810,.T.);
#17698=ORIENTED_EDGE('',*,*,#17697,.T.);
#17700=ORIENTED_EDGE('',*,*,#17699,.F.);
#17702=ORIENTED_EDGE('',*,*,#17701,.F.);
#17703=EDGE_LOOP('',(#17696,#17698,#17700,#17702));
#17704=FACE_OUTER_BOUND('',#17703,.F.);
#17706=CARTESIAN_POINT('',(-2.E0,4.E0,-1.1195E1));
#17707=DIRECTION('',(0.E0,0.E0,-1.E0));
#17708=DIRECTION('',(0.E0,-1.E0,0.E0));
#17709=AXIS2_PLACEMENT_3D('',#17706,#17707,#17708);
#17710=CYLINDRICAL_SURFACE('',#17709,6.5E-1);
#17711=ORIENTED_EDGE('',*,*,#10812,.T.);
#17712=ORIENTED_EDGE('',*,*,#17701,.T.);
#17714=ORIENTED_EDGE('',*,*,#17713,.T.);
#17715=ORIENTED_EDGE('',*,*,#17697,.F.);
#17716=EDGE_LOOP('',(#17711,#17712,#17714,#17715));
#17717=FACE_OUTER_BOUND('',#17716,.F.);
#17719=CARTESIAN_POINT('',(-2.E0,4.E0,-1.2475E1));
#17720=DIRECTION('',(0.E0,0.E0,-1.E0));
#17721=DIRECTION('',(0.E0,-1.E0,0.E0));
#17722=AXIS2_PLACEMENT_3D('',#17719,#17720,#17721);
#17723=PLANE('',#17722);
#17724=ORIENTED_EDGE('',*,*,#17713,.F.);
#17725=ORIENTED_EDGE('',*,*,#17699,.T.);
#17726=EDGE_LOOP('',(#17724,#17725));
#17727=FACE_OUTER_BOUND('',#17726,.F.);
#17729=CARTESIAN_POINT('',(2.E0,4.E0,-1.1195E1));
#17730=DIRECTION('',(0.E0,0.E0,-1.E0));
#17731=DIRECTION('',(0.E0,-1.E0,0.E0));
#17732=AXIS2_PLACEMENT_3D('',#17729,#17730,#17731);
#17733=CYLINDRICAL_SURFACE('',#17732,6.5E-1);
#17734=ORIENTED_EDGE('',*,*,#10816,.T.);
#17736=ORIENTED_EDGE('',*,*,#17735,.T.);
#17738=ORIENTED_EDGE('',*,*,#17737,.F.);
#17740=ORIENTED_EDGE('',*,*,#17739,.F.);
#17741=EDGE_LOOP('',(#17734,#17736,#17738,#17740));
#17742=FACE_OUTER_BOUND('',#17741,.F.);
#17744=CARTESIAN_POINT('',(2.E0,4.E0,-1.1195E1));
#17745=DIRECTION('',(0.E0,0.E0,-1.E0));
#17746=DIRECTION('',(0.E0,-1.E0,0.E0));
#17747=AXIS2_PLACEMENT_3D('',#17744,#17745,#17746);
#17748=CYLINDRICAL_SURFACE('',#17747,6.5E-1);
#17749=ORIENTED_EDGE('',*,*,#10818,.T.);
#17750=ORIENTED_EDGE('',*,*,#17739,.T.);
#17752=ORIENTED_EDGE('',*,*,#17751,.T.);
#17753=ORIENTED_EDGE('',*,*,#17735,.F.);
#17754=EDGE_LOOP('',(#17749,#17750,#17752,#17753));
#17755=FACE_OUTER_BOUND('',#17754,.F.);
#17757=CARTESIAN_POINT('',(2.E0,4.E0,-1.2475E1));
#17758=DIRECTION('',(0.E0,0.E0,-1.E0));
#17759=DIRECTION('',(0.E0,-1.E0,0.E0));
#17760=AXIS2_PLACEMENT_3D('',#17757,#17758,#17759);
#17761=PLANE('',#17760);
#17762=ORIENTED_EDGE('',*,*,#17751,.F.);
#17763=ORIENTED_EDGE('',*,*,#17737,.T.);
#17764=EDGE_LOOP('',(#17762,#17763));
#17765=FACE_OUTER_BOUND('',#17764,.F.);
#17767=CARTESIAN_POINT('',(6.E0,4.E0,-1.1195E1));
#17768=DIRECTION('',(0.E0,0.E0,-1.E0));
#17769=DIRECTION('',(0.E0,-1.E0,0.E0));
#17770=AXIS2_PLACEMENT_3D('',#17767,#17768,#17769);
#17771=CYLINDRICAL_SURFACE('',#17770,6.5E-1);
#17772=ORIENTED_EDGE('',*,*,#10822,.T.);
#17774=ORIENTED_EDGE('',*,*,#17773,.T.);
#17776=ORIENTED_EDGE('',*,*,#17775,.F.);
#17778=ORIENTED_EDGE('',*,*,#17777,.F.);
#17779=EDGE_LOOP('',(#17772,#17774,#17776,#17778));
#17780=FACE_OUTER_BOUND('',#17779,.F.);
#17782=CARTESIAN_POINT('',(6.E0,4.E0,-1.1195E1));
#17783=DIRECTION('',(0.E0,0.E0,-1.E0));
#17784=DIRECTION('',(0.E0,-1.E0,0.E0));
#17785=AXIS2_PLACEMENT_3D('',#17782,#17783,#17784);
#17786=CYLINDRICAL_SURFACE('',#17785,6.5E-1);
#17787=ORIENTED_EDGE('',*,*,#10824,.T.);
#17788=ORIENTED_EDGE('',*,*,#17777,.T.);
#17790=ORIENTED_EDGE('',*,*,#17789,.T.);
#17791=ORIENTED_EDGE('',*,*,#17773,.F.);
#17792=EDGE_LOOP('',(#17787,#17788,#17790,#17791));
#17793=FACE_OUTER_BOUND('',#17792,.F.);
#17795=CARTESIAN_POINT('',(6.E0,4.E0,-1.2475E1));
#17796=DIRECTION('',(0.E0,0.E0,-1.E0));
#17797=DIRECTION('',(0.E0,-1.E0,0.E0));
#17798=AXIS2_PLACEMENT_3D('',#17795,#17796,#17797);
#17799=PLANE('',#17798);
#17800=ORIENTED_EDGE('',*,*,#17789,.F.);
#17801=ORIENTED_EDGE('',*,*,#17775,.T.);
#17802=EDGE_LOOP('',(#17800,#17801));
#17803=FACE_OUTER_BOUND('',#17802,.F.);
#17805=CARTESIAN_POINT('',(1.E1,4.E0,-1.1195E1));
#17806=DIRECTION('',(0.E0,0.E0,-1.E0));
#17807=DIRECTION('',(0.E0,-1.E0,0.E0));
#17808=AXIS2_PLACEMENT_3D('',#17805,#17806,#17807);
#17809=CYLINDRICAL_SURFACE('',#17808,6.5E-1);
#17810=ORIENTED_EDGE('',*,*,#10828,.T.);
#17812=ORIENTED_EDGE('',*,*,#17811,.T.);
#17814=ORIENTED_EDGE('',*,*,#17813,.F.);
#17816=ORIENTED_EDGE('',*,*,#17815,.F.);
#17817=EDGE_LOOP('',(#17810,#17812,#17814,#17816));
#17818=FACE_OUTER_BOUND('',#17817,.F.);
#17820=CARTESIAN_POINT('',(1.E1,4.E0,-1.1195E1));
#17821=DIRECTION('',(0.E0,0.E0,-1.E0));
#17822=DIRECTION('',(0.E0,-1.E0,0.E0));
#17823=AXIS2_PLACEMENT_3D('',#17820,#17821,#17822);
#17824=CYLINDRICAL_SURFACE('',#17823,6.5E-1);
#17825=ORIENTED_EDGE('',*,*,#10830,.T.);
#17826=ORIENTED_EDGE('',*,*,#17815,.T.);
#17828=ORIENTED_EDGE('',*,*,#17827,.T.);
#17829=ORIENTED_EDGE('',*,*,#17811,.F.);
#17830=EDGE_LOOP('',(#17825,#17826,#17828,#17829));
#17831=FACE_OUTER_BOUND('',#17830,.F.);
#17833=CARTESIAN_POINT('',(1.E1,4.E0,-1.2475E1));
#17834=DIRECTION('',(0.E0,0.E0,-1.E0));
#17835=DIRECTION('',(0.E0,-1.E0,0.E0));
#17836=AXIS2_PLACEMENT_3D('',#17833,#17834,#17835);
#17837=PLANE('',#17836);
#17838=ORIENTED_EDGE('',*,*,#17827,.F.);
#17839=ORIENTED_EDGE('',*,*,#17813,.T.);
#17840=EDGE_LOOP('',(#17838,#17839));
#17841=FACE_OUTER_BOUND('',#17840,.F.);
#17843=CARTESIAN_POINT('',(1.4E1,4.E0,-1.1195E1));
#17844=DIRECTION('',(0.E0,0.E0,-1.E0));
#17845=DIRECTION('',(0.E0,-1.E0,0.E0));
#17846=AXIS2_PLACEMENT_3D('',#17843,#17844,#17845);
#17847=CYLINDRICAL_SURFACE('',#17846,6.5E-1);
#17848=ORIENTED_EDGE('',*,*,#10834,.T.);
#17850=ORIENTED_EDGE('',*,*,#17849,.T.);
#17852=ORIENTED_EDGE('',*,*,#17851,.F.);
#17854=ORIENTED_EDGE('',*,*,#17853,.F.);
#17855=EDGE_LOOP('',(#17848,#17850,#17852,#17854));
#17856=FACE_OUTER_BOUND('',#17855,.F.);
#17858=CARTESIAN_POINT('',(1.4E1,4.E0,-1.1195E1));
#17859=DIRECTION('',(0.E0,0.E0,-1.E0));
#17860=DIRECTION('',(0.E0,-1.E0,0.E0));
#17861=AXIS2_PLACEMENT_3D('',#17858,#17859,#17860);
#17862=CYLINDRICAL_SURFACE('',#17861,6.5E-1);
#17863=ORIENTED_EDGE('',*,*,#10836,.T.);
#17864=ORIENTED_EDGE('',*,*,#17853,.T.);
#17866=ORIENTED_EDGE('',*,*,#17865,.T.);
#17867=ORIENTED_EDGE('',*,*,#17849,.F.);
#17868=EDGE_LOOP('',(#17863,#17864,#17866,#17867));
#17869=FACE_OUTER_BOUND('',#17868,.F.);
#17871=CARTESIAN_POINT('',(1.4E1,4.E0,-1.2475E1));
#17872=DIRECTION('',(0.E0,0.E0,-1.E0));
#17873=DIRECTION('',(0.E0,-1.E0,0.E0));
#17874=AXIS2_PLACEMENT_3D('',#17871,#17872,#17873);
#17875=PLANE('',#17874);
#17876=ORIENTED_EDGE('',*,*,#17865,.F.);
#17877=ORIENTED_EDGE('',*,*,#17851,.T.);
#17878=EDGE_LOOP('',(#17876,#17877));
#17879=FACE_OUTER_BOUND('',#17878,.F.);
#17881=CARTESIAN_POINT('',(-1.4E1,-4.E0,-1.1195E1));
#17882=DIRECTION('',(0.E0,0.E0,-1.E0));
#17883=DIRECTION('',(0.E0,-1.E0,0.E0));
#17884=AXIS2_PLACEMENT_3D('',#17881,#17882,#17883);
#17885=CYLINDRICAL_SURFACE('',#17884,6.5E-1);
#17886=ORIENTED_EDGE('',*,*,#10840,.T.);
#17888=ORIENTED_EDGE('',*,*,#17887,.T.);
#17890=ORIENTED_EDGE('',*,*,#17889,.F.);
#17892=ORIENTED_EDGE('',*,*,#17891,.F.);
#17893=EDGE_LOOP('',(#17886,#17888,#17890,#17892));
#17894=FACE_OUTER_BOUND('',#17893,.F.);
#17896=CARTESIAN_POINT('',(-1.4E1,-4.E0,-1.1195E1));
#17897=DIRECTION('',(0.E0,0.E0,-1.E0));
#17898=DIRECTION('',(0.E0,-1.E0,0.E0));
#17899=AXIS2_PLACEMENT_3D('',#17896,#17897,#17898);
#17900=CYLINDRICAL_SURFACE('',#17899,6.5E-1);
#17901=ORIENTED_EDGE('',*,*,#10842,.T.);
#17902=ORIENTED_EDGE('',*,*,#17891,.T.);
#17904=ORIENTED_EDGE('',*,*,#17903,.T.);
#17905=ORIENTED_EDGE('',*,*,#17887,.F.);
#17906=EDGE_LOOP('',(#17901,#17902,#17904,#17905));
#17907=FACE_OUTER_BOUND('',#17906,.F.);
#17909=CARTESIAN_POINT('',(-1.4E1,-4.E0,-1.2475E1));
#17910=DIRECTION('',(0.E0,0.E0,-1.E0));
#17911=DIRECTION('',(0.E0,-1.E0,0.E0));
#17912=AXIS2_PLACEMENT_3D('',#17909,#17910,#17911);
#17913=PLANE('',#17912);
#17914=ORIENTED_EDGE('',*,*,#17903,.F.);
#17915=ORIENTED_EDGE('',*,*,#17889,.T.);
#17916=EDGE_LOOP('',(#17914,#17915));
#17917=FACE_OUTER_BOUND('',#17916,.F.);
#17919=CARTESIAN_POINT('',(-1.E1,-4.E0,-1.1195E1));
#17920=DIRECTION('',(0.E0,0.E0,-1.E0));
#17921=DIRECTION('',(0.E0,-1.E0,0.E0));
#17922=AXIS2_PLACEMENT_3D('',#17919,#17920,#17921);
#17923=CYLINDRICAL_SURFACE('',#17922,6.5E-1);
#17924=ORIENTED_EDGE('',*,*,#10846,.T.);
#17926=ORIENTED_EDGE('',*,*,#17925,.T.);
#17928=ORIENTED_EDGE('',*,*,#17927,.F.);
#17930=ORIENTED_EDGE('',*,*,#17929,.F.);
#17931=EDGE_LOOP('',(#17924,#17926,#17928,#17930));
#17932=FACE_OUTER_BOUND('',#17931,.F.);
#17934=CARTESIAN_POINT('',(-1.E1,-4.E0,-1.1195E1));
#17935=DIRECTION('',(0.E0,0.E0,-1.E0));
#17936=DIRECTION('',(0.E0,-1.E0,0.E0));
#17937=AXIS2_PLACEMENT_3D('',#17934,#17935,#17936);
#17938=CYLINDRICAL_SURFACE('',#17937,6.5E-1);
#17939=ORIENTED_EDGE('',*,*,#10848,.T.);
#17940=ORIENTED_EDGE('',*,*,#17929,.T.);
#17942=ORIENTED_EDGE('',*,*,#17941,.T.);
#17943=ORIENTED_EDGE('',*,*,#17925,.F.);
#17944=EDGE_LOOP('',(#17939,#17940,#17942,#17943));
#17945=FACE_OUTER_BOUND('',#17944,.F.);
#17947=CARTESIAN_POINT('',(-1.E1,-4.E0,-1.2475E1));
#17948=DIRECTION('',(0.E0,0.E0,-1.E0));
#17949=DIRECTION('',(0.E0,-1.E0,0.E0));
#17950=AXIS2_PLACEMENT_3D('',#17947,#17948,#17949);
#17951=PLANE('',#17950);
#17952=ORIENTED_EDGE('',*,*,#17941,.F.);
#17953=ORIENTED_EDGE('',*,*,#17927,.T.);
#17954=EDGE_LOOP('',(#17952,#17953));
#17955=FACE_OUTER_BOUND('',#17954,.F.);
#17957=CARTESIAN_POINT('',(-6.E0,-4.E0,-1.1195E1));
#17958=DIRECTION('',(0.E0,0.E0,-1.E0));
#17959=DIRECTION('',(0.E0,-1.E0,0.E0));
#17960=AXIS2_PLACEMENT_3D('',#17957,#17958,#17959);
#17961=CYLINDRICAL_SURFACE('',#17960,6.5E-1);
#17962=ORIENTED_EDGE('',*,*,#10852,.T.);
#17964=ORIENTED_EDGE('',*,*,#17963,.T.);
#17966=ORIENTED_EDGE('',*,*,#17965,.F.);
#17968=ORIENTED_EDGE('',*,*,#17967,.F.);
#17969=EDGE_LOOP('',(#17962,#17964,#17966,#17968));
#17970=FACE_OUTER_BOUND('',#17969,.F.);
#17972=CARTESIAN_POINT('',(-6.E0,-4.E0,-1.1195E1));
#17973=DIRECTION('',(0.E0,0.E0,-1.E0));
#17974=DIRECTION('',(0.E0,-1.E0,0.E0));
#17975=AXIS2_PLACEMENT_3D('',#17972,#17973,#17974);
#17976=CYLINDRICAL_SURFACE('',#17975,6.5E-1);
#17977=ORIENTED_EDGE('',*,*,#10854,.T.);
#17978=ORIENTED_EDGE('',*,*,#17967,.T.);
#17980=ORIENTED_EDGE('',*,*,#17979,.T.);
#17981=ORIENTED_EDGE('',*,*,#17963,.F.);
#17982=EDGE_LOOP('',(#17977,#17978,#17980,#17981));
#17983=FACE_OUTER_BOUND('',#17982,.F.);
#17985=CARTESIAN_POINT('',(-6.E0,-4.E0,-1.2475E1));
#17986=DIRECTION('',(0.E0,0.E0,-1.E0));
#17987=DIRECTION('',(0.E0,-1.E0,0.E0));
#17988=AXIS2_PLACEMENT_3D('',#17985,#17986,#17987);
#17989=PLANE('',#17988);
#17990=ORIENTED_EDGE('',*,*,#17979,.F.);
#17991=ORIENTED_EDGE('',*,*,#17965,.T.);
#17992=EDGE_LOOP('',(#17990,#17991));
#17993=FACE_OUTER_BOUND('',#17992,.F.);
#17995=CARTESIAN_POINT('',(-2.E0,-4.E0,-1.1195E1));
#17996=DIRECTION('',(0.E0,0.E0,-1.E0));
#17997=DIRECTION('',(0.E0,-1.E0,0.E0));
#17998=AXIS2_PLACEMENT_3D('',#17995,#17996,#17997);
#17999=CYLINDRICAL_SURFACE('',#17998,6.5E-1);
#18000=ORIENTED_EDGE('',*,*,#10858,.T.);
#18002=ORIENTED_EDGE('',*,*,#18001,.T.);
#18004=ORIENTED_EDGE('',*,*,#18003,.F.);
#18006=ORIENTED_EDGE('',*,*,#18005,.F.);
#18007=EDGE_LOOP('',(#18000,#18002,#18004,#18006));
#18008=FACE_OUTER_BOUND('',#18007,.F.);
#18010=CARTESIAN_POINT('',(-2.E0,-4.E0,-1.1195E1));
#18011=DIRECTION('',(0.E0,0.E0,-1.E0));
#18012=DIRECTION('',(0.E0,-1.E0,0.E0));
#18013=AXIS2_PLACEMENT_3D('',#18010,#18011,#18012);
#18014=CYLINDRICAL_SURFACE('',#18013,6.5E-1);
#18015=ORIENTED_EDGE('',*,*,#10860,.T.);
#18016=ORIENTED_EDGE('',*,*,#18005,.T.);
#18018=ORIENTED_EDGE('',*,*,#18017,.T.);
#18019=ORIENTED_EDGE('',*,*,#18001,.F.);
#18020=EDGE_LOOP('',(#18015,#18016,#18018,#18019));
#18021=FACE_OUTER_BOUND('',#18020,.F.);
#18023=CARTESIAN_POINT('',(-2.E0,-4.E0,-1.2475E1));
#18024=DIRECTION('',(0.E0,0.E0,-1.E0));
#18025=DIRECTION('',(0.E0,-1.E0,0.E0));
#18026=AXIS2_PLACEMENT_3D('',#18023,#18024,#18025);
#18027=PLANE('',#18026);
#18028=ORIENTED_EDGE('',*,*,#18017,.F.);
#18029=ORIENTED_EDGE('',*,*,#18003,.T.);
#18030=EDGE_LOOP('',(#18028,#18029));
#18031=FACE_OUTER_BOUND('',#18030,.F.);
#18033=CARTESIAN_POINT('',(2.E0,-4.E0,-1.1195E1));
#18034=DIRECTION('',(0.E0,0.E0,-1.E0));
#18035=DIRECTION('',(0.E0,-1.E0,0.E0));
#18036=AXIS2_PLACEMENT_3D('',#18033,#18034,#18035);
#18037=CYLINDRICAL_SURFACE('',#18036,6.5E-1);
#18038=ORIENTED_EDGE('',*,*,#10864,.T.);
#18040=ORIENTED_EDGE('',*,*,#18039,.T.);
#18042=ORIENTED_EDGE('',*,*,#18041,.F.);
#18044=ORIENTED_EDGE('',*,*,#18043,.F.);
#18045=EDGE_LOOP('',(#18038,#18040,#18042,#18044));
#18046=FACE_OUTER_BOUND('',#18045,.F.);
#18048=CARTESIAN_POINT('',(2.E0,-4.E0,-1.1195E1));
#18049=DIRECTION('',(0.E0,0.E0,-1.E0));
#18050=DIRECTION('',(0.E0,-1.E0,0.E0));
#18051=AXIS2_PLACEMENT_3D('',#18048,#18049,#18050);
#18052=CYLINDRICAL_SURFACE('',#18051,6.5E-1);
#18053=ORIENTED_EDGE('',*,*,#10866,.T.);
#18054=ORIENTED_EDGE('',*,*,#18043,.T.);
#18056=ORIENTED_EDGE('',*,*,#18055,.T.);
#18057=ORIENTED_EDGE('',*,*,#18039,.F.);
#18058=EDGE_LOOP('',(#18053,#18054,#18056,#18057));
#18059=FACE_OUTER_BOUND('',#18058,.F.);
#18061=CARTESIAN_POINT('',(2.E0,-4.E0,-1.2475E1));
#18062=DIRECTION('',(0.E0,0.E0,-1.E0));
#18063=DIRECTION('',(0.E0,-1.E0,0.E0));
#18064=AXIS2_PLACEMENT_3D('',#18061,#18062,#18063);
#18065=PLANE('',#18064);
#18066=ORIENTED_EDGE('',*,*,#18055,.F.);
#18067=ORIENTED_EDGE('',*,*,#18041,.T.);
#18068=EDGE_LOOP('',(#18066,#18067));
#18069=FACE_OUTER_BOUND('',#18068,.F.);
#18071=CARTESIAN_POINT('',(6.E0,-4.E0,-1.1195E1));
#18072=DIRECTION('',(0.E0,0.E0,-1.E0));
#18073=DIRECTION('',(0.E0,-1.E0,0.E0));
#18074=AXIS2_PLACEMENT_3D('',#18071,#18072,#18073);
#18075=CYLINDRICAL_SURFACE('',#18074,6.5E-1);
#18076=ORIENTED_EDGE('',*,*,#10870,.T.);
#18078=ORIENTED_EDGE('',*,*,#18077,.T.);
#18080=ORIENTED_EDGE('',*,*,#18079,.F.);
#18082=ORIENTED_EDGE('',*,*,#18081,.F.);
#18083=EDGE_LOOP('',(#18076,#18078,#18080,#18082));
#18084=FACE_OUTER_BOUND('',#18083,.F.);
#18086=CARTESIAN_POINT('',(6.E0,-4.E0,-1.1195E1));
#18087=DIRECTION('',(0.E0,0.E0,-1.E0));
#18088=DIRECTION('',(0.E0,-1.E0,0.E0));
#18089=AXIS2_PLACEMENT_3D('',#18086,#18087,#18088);
#18090=CYLINDRICAL_SURFACE('',#18089,6.5E-1);
#18091=ORIENTED_EDGE('',*,*,#10872,.T.);
#18092=ORIENTED_EDGE('',*,*,#18081,.T.);
#18094=ORIENTED_EDGE('',*,*,#18093,.T.);
#18095=ORIENTED_EDGE('',*,*,#18077,.F.);
#18096=EDGE_LOOP('',(#18091,#18092,#18094,#18095));
#18097=FACE_OUTER_BOUND('',#18096,.F.);
#18099=CARTESIAN_POINT('',(6.E0,-4.E0,-1.2475E1));
#18100=DIRECTION('',(0.E0,0.E0,-1.E0));
#18101=DIRECTION('',(0.E0,-1.E0,0.E0));
#18102=AXIS2_PLACEMENT_3D('',#18099,#18100,#18101);
#18103=PLANE('',#18102);
#18104=ORIENTED_EDGE('',*,*,#18093,.F.);
#18105=ORIENTED_EDGE('',*,*,#18079,.T.);
#18106=EDGE_LOOP('',(#18104,#18105));
#18107=FACE_OUTER_BOUND('',#18106,.F.);
#18109=CARTESIAN_POINT('',(1.E1,-4.E0,-1.1195E1));
#18110=DIRECTION('',(0.E0,0.E0,-1.E0));
#18111=DIRECTION('',(0.E0,-1.E0,0.E0));
#18112=AXIS2_PLACEMENT_3D('',#18109,#18110,#18111);
#18113=CYLINDRICAL_SURFACE('',#18112,6.5E-1);
#18114=ORIENTED_EDGE('',*,*,#10876,.T.);
#18116=ORIENTED_EDGE('',*,*,#18115,.T.);
#18118=ORIENTED_EDGE('',*,*,#18117,.F.);
#18120=ORIENTED_EDGE('',*,*,#18119,.F.);
#18121=EDGE_LOOP('',(#18114,#18116,#18118,#18120));
#18122=FACE_OUTER_BOUND('',#18121,.F.);
#18124=CARTESIAN_POINT('',(1.E1,-4.E0,-1.1195E1));
#18125=DIRECTION('',(0.E0,0.E0,-1.E0));
#18126=DIRECTION('',(0.E0,-1.E0,0.E0));
#18127=AXIS2_PLACEMENT_3D('',#18124,#18125,#18126);
#18128=CYLINDRICAL_SURFACE('',#18127,6.5E-1);
#18129=ORIENTED_EDGE('',*,*,#10878,.T.);
#18130=ORIENTED_EDGE('',*,*,#18119,.T.);
#18132=ORIENTED_EDGE('',*,*,#18131,.T.);
#18133=ORIENTED_EDGE('',*,*,#18115,.F.);
#18134=EDGE_LOOP('',(#18129,#18130,#18132,#18133));
#18135=FACE_OUTER_BOUND('',#18134,.F.);
#18137=CARTESIAN_POINT('',(1.E1,-4.E0,-1.2475E1));
#18138=DIRECTION('',(0.E0,0.E0,-1.E0));
#18139=DIRECTION('',(0.E0,-1.E0,0.E0));
#18140=AXIS2_PLACEMENT_3D('',#18137,#18138,#18139);
#18141=PLANE('',#18140);
#18142=ORIENTED_EDGE('',*,*,#18131,.F.);
#18143=ORIENTED_EDGE('',*,*,#18117,.T.);
#18144=EDGE_LOOP('',(#18142,#18143));
#18145=FACE_OUTER_BOUND('',#18144,.F.);
#18147=CARTESIAN_POINT('',(1.4E1,-4.E0,-1.1195E1));
#18148=DIRECTION('',(0.E0,0.E0,-1.E0));
#18149=DIRECTION('',(0.E0,-1.E0,0.E0));
#18150=AXIS2_PLACEMENT_3D('',#18147,#18148,#18149);
#18151=CYLINDRICAL_SURFACE('',#18150,6.5E-1);
#18152=ORIENTED_EDGE('',*,*,#10882,.T.);
#18154=ORIENTED_EDGE('',*,*,#18153,.T.);
#18156=ORIENTED_EDGE('',*,*,#18155,.F.);
#18158=ORIENTED_EDGE('',*,*,#18157,.F.);
#18159=EDGE_LOOP('',(#18152,#18154,#18156,#18158));
#18160=FACE_OUTER_BOUND('',#18159,.F.);
#18162=CARTESIAN_POINT('',(1.4E1,-4.E0,-1.1195E1));
#18163=DIRECTION('',(0.E0,0.E0,-1.E0));
#18164=DIRECTION('',(0.E0,-1.E0,0.E0));
#18165=AXIS2_PLACEMENT_3D('',#18162,#18163,#18164);
#18166=CYLINDRICAL_SURFACE('',#18165,6.5E-1);
#18167=ORIENTED_EDGE('',*,*,#10884,.T.);
#18168=ORIENTED_EDGE('',*,*,#18157,.T.);
#18170=ORIENTED_EDGE('',*,*,#18169,.T.);
#18171=ORIENTED_EDGE('',*,*,#18153,.F.);
#18172=EDGE_LOOP('',(#18167,#18168,#18170,#18171));
#18173=FACE_OUTER_BOUND('',#18172,.F.);
#18175=CARTESIAN_POINT('',(1.4E1,-4.E0,-1.2475E1));
#18176=DIRECTION('',(0.E0,0.E0,-1.E0));
#18177=DIRECTION('',(0.E0,-1.E0,0.E0));
#18178=AXIS2_PLACEMENT_3D('',#18175,#18176,#18177);
#18179=PLANE('',#18178);
#18180=ORIENTED_EDGE('',*,*,#18169,.F.);
#18181=ORIENTED_EDGE('',*,*,#18155,.T.);
#18182=EDGE_LOOP('',(#18180,#18181));
#18183=FACE_OUTER_BOUND('',#18182,.F.);
#18185=CARTESIAN_POINT('',(-1.2E1,0.E0,-3.9355E1));
#18186=DIRECTION('',(0.E0,0.E0,1.E0));
#18187=DIRECTION('',(1.E0,0.E0,0.E0));
#18188=AXIS2_PLACEMENT_3D('',#18185,#18186,#18187);
#18189=CYLINDRICAL_SURFACE('',#18188,6.5E-1);
#18190=ORIENTED_EDGE('',*,*,#10888,.F.);
#18192=ORIENTED_EDGE('',*,*,#18191,.T.);
#18194=ORIENTED_EDGE('',*,*,#18193,.T.);
#18196=ORIENTED_EDGE('',*,*,#18195,.F.);
#18197=EDGE_LOOP('',(#18190,#18192,#18194,#18196));
#18198=FACE_OUTER_BOUND('',#18197,.F.);
#18200=CARTESIAN_POINT('',(-1.2E1,0.E0,-3.9355E1));
#18201=DIRECTION('',(0.E0,0.E0,1.E0));
#18202=DIRECTION('',(1.E0,0.E0,0.E0));
#18203=AXIS2_PLACEMENT_3D('',#18200,#18201,#18202);
#18204=CYLINDRICAL_SURFACE('',#18203,6.5E-1);
#18205=ORIENTED_EDGE('',*,*,#10890,.F.);
#18206=ORIENTED_EDGE('',*,*,#18195,.T.);
#18208=ORIENTED_EDGE('',*,*,#18207,.F.);
#18209=ORIENTED_EDGE('',*,*,#18191,.F.);
#18210=EDGE_LOOP('',(#18205,#18206,#18208,#18209));
#18211=FACE_OUTER_BOUND('',#18210,.F.);
#18213=CARTESIAN_POINT('',(-1.2E1,0.E0,-1.2475E1));
#18214=DIRECTION('',(0.E0,0.E0,1.E0));
#18215=DIRECTION('',(1.E0,0.E0,0.E0));
#18216=AXIS2_PLACEMENT_3D('',#18213,#18214,#18215);
#18217=PLANE('',#18216);
#18218=ORIENTED_EDGE('',*,*,#18207,.T.);
#18219=ORIENTED_EDGE('',*,*,#18193,.F.);
#18220=EDGE_LOOP('',(#18218,#18219));
#18221=FACE_OUTER_BOUND('',#18220,.F.);
#18223=CARTESIAN_POINT('',(-8.E0,0.E0,-3.9355E1));
#18224=DIRECTION('',(0.E0,0.E0,1.E0));
#18225=DIRECTION('',(1.E0,0.E0,0.E0));
#18226=AXIS2_PLACEMENT_3D('',#18223,#18224,#18225);
#18227=CYLINDRICAL_SURFACE('',#18226,6.5E-1);
#18228=ORIENTED_EDGE('',*,*,#10894,.F.);
#18230=ORIENTED_EDGE('',*,*,#18229,.T.);
#18232=ORIENTED_EDGE('',*,*,#18231,.T.);
#18234=ORIENTED_EDGE('',*,*,#18233,.F.);
#18235=EDGE_LOOP('',(#18228,#18230,#18232,#18234));
#18236=FACE_OUTER_BOUND('',#18235,.F.);
#18238=CARTESIAN_POINT('',(-8.E0,0.E0,-3.9355E1));
#18239=DIRECTION('',(0.E0,0.E0,1.E0));
#18240=DIRECTION('',(1.E0,0.E0,0.E0));
#18241=AXIS2_PLACEMENT_3D('',#18238,#18239,#18240);
#18242=CYLINDRICAL_SURFACE('',#18241,6.5E-1);
#18243=ORIENTED_EDGE('',*,*,#10896,.F.);
#18244=ORIENTED_EDGE('',*,*,#18233,.T.);
#18246=ORIENTED_EDGE('',*,*,#18245,.F.);
#18247=ORIENTED_EDGE('',*,*,#18229,.F.);
#18248=EDGE_LOOP('',(#18243,#18244,#18246,#18247));
#18249=FACE_OUTER_BOUND('',#18248,.F.);
#18251=CARTESIAN_POINT('',(-8.E0,0.E0,-1.2475E1));
#18252=DIRECTION('',(0.E0,0.E0,1.E0));
#18253=DIRECTION('',(1.E0,0.E0,0.E0));
#18254=AXIS2_PLACEMENT_3D('',#18251,#18252,#18253);
#18255=PLANE('',#18254);
#18256=ORIENTED_EDGE('',*,*,#18245,.T.);
#18257=ORIENTED_EDGE('',*,*,#18231,.F.);
#18258=EDGE_LOOP('',(#18256,#18257));
#18259=FACE_OUTER_BOUND('',#18258,.F.);
#18261=CARTESIAN_POINT('',(-4.E0,0.E0,-3.9355E1));
#18262=DIRECTION('',(0.E0,0.E0,1.E0));
#18263=DIRECTION('',(1.E0,0.E0,0.E0));
#18264=AXIS2_PLACEMENT_3D('',#18261,#18262,#18263);
#18265=CYLINDRICAL_SURFACE('',#18264,6.5E-1);
#18266=ORIENTED_EDGE('',*,*,#10900,.F.);
#18268=ORIENTED_EDGE('',*,*,#18267,.T.);
#18270=ORIENTED_EDGE('',*,*,#18269,.T.);
#18272=ORIENTED_EDGE('',*,*,#18271,.F.);
#18273=EDGE_LOOP('',(#18266,#18268,#18270,#18272));
#18274=FACE_OUTER_BOUND('',#18273,.F.);
#18276=CARTESIAN_POINT('',(-4.E0,0.E0,-3.9355E1));
#18277=DIRECTION('',(0.E0,0.E0,1.E0));
#18278=DIRECTION('',(1.E0,0.E0,0.E0));
#18279=AXIS2_PLACEMENT_3D('',#18276,#18277,#18278);
#18280=CYLINDRICAL_SURFACE('',#18279,6.5E-1);
#18281=ORIENTED_EDGE('',*,*,#10902,.F.);
#18282=ORIENTED_EDGE('',*,*,#18271,.T.);
#18284=ORIENTED_EDGE('',*,*,#18283,.F.);
#18285=ORIENTED_EDGE('',*,*,#18267,.F.);
#18286=EDGE_LOOP('',(#18281,#18282,#18284,#18285));
#18287=FACE_OUTER_BOUND('',#18286,.F.);
#18289=CARTESIAN_POINT('',(-4.E0,0.E0,-1.2475E1));
#18290=DIRECTION('',(0.E0,0.E0,1.E0));
#18291=DIRECTION('',(1.E0,0.E0,0.E0));
#18292=AXIS2_PLACEMENT_3D('',#18289,#18290,#18291);
#18293=PLANE('',#18292);
#18294=ORIENTED_EDGE('',*,*,#18283,.T.);
#18295=ORIENTED_EDGE('',*,*,#18269,.F.);
#18296=EDGE_LOOP('',(#18294,#18295));
#18297=FACE_OUTER_BOUND('',#18296,.F.);
#18299=CARTESIAN_POINT('',(0.E0,0.E0,-3.9355E1));
#18300=DIRECTION('',(0.E0,0.E0,1.E0));
#18301=DIRECTION('',(1.E0,0.E0,0.E0));
#18302=AXIS2_PLACEMENT_3D('',#18299,#18300,#18301);
#18303=CYLINDRICAL_SURFACE('',#18302,6.5E-1);
#18304=ORIENTED_EDGE('',*,*,#10906,.F.);
#18306=ORIENTED_EDGE('',*,*,#18305,.T.);
#18308=ORIENTED_EDGE('',*,*,#18307,.T.);
#18310=ORIENTED_EDGE('',*,*,#18309,.F.);
#18311=EDGE_LOOP('',(#18304,#18306,#18308,#18310));
#18312=FACE_OUTER_BOUND('',#18311,.F.);
#18314=CARTESIAN_POINT('',(0.E0,0.E0,-3.9355E1));
#18315=DIRECTION('',(0.E0,0.E0,1.E0));
#18316=DIRECTION('',(1.E0,0.E0,0.E0));
#18317=AXIS2_PLACEMENT_3D('',#18314,#18315,#18316);
#18318=CYLINDRICAL_SURFACE('',#18317,6.5E-1);
#18319=ORIENTED_EDGE('',*,*,#10908,.F.);
#18320=ORIENTED_EDGE('',*,*,#18309,.T.);
#18322=ORIENTED_EDGE('',*,*,#18321,.F.);
#18323=ORIENTED_EDGE('',*,*,#18305,.F.);
#18324=EDGE_LOOP('',(#18319,#18320,#18322,#18323));
#18325=FACE_OUTER_BOUND('',#18324,.F.);
#18327=CARTESIAN_POINT('',(0.E0,0.E0,-1.2475E1));
#18328=DIRECTION('',(0.E0,0.E0,1.E0));
#18329=DIRECTION('',(1.E0,0.E0,0.E0));
#18330=AXIS2_PLACEMENT_3D('',#18327,#18328,#18329);
#18331=PLANE('',#18330);
#18332=ORIENTED_EDGE('',*,*,#18321,.T.);
#18333=ORIENTED_EDGE('',*,*,#18307,.F.);
#18334=EDGE_LOOP('',(#18332,#18333));
#18335=FACE_OUTER_BOUND('',#18334,.F.);
#18337=CARTESIAN_POINT('',(4.E0,0.E0,-3.9355E1));
#18338=DIRECTION('',(0.E0,0.E0,1.E0));
#18339=DIRECTION('',(1.E0,0.E0,0.E0));
#18340=AXIS2_PLACEMENT_3D('',#18337,#18338,#18339);
#18341=CYLINDRICAL_SURFACE('',#18340,6.5E-1);
#18342=ORIENTED_EDGE('',*,*,#10912,.F.);
#18344=ORIENTED_EDGE('',*,*,#18343,.T.);
#18346=ORIENTED_EDGE('',*,*,#18345,.T.);
#18348=ORIENTED_EDGE('',*,*,#18347,.F.);
#18349=EDGE_LOOP('',(#18342,#18344,#18346,#18348));
#18350=FACE_OUTER_BOUND('',#18349,.F.);
#18352=CARTESIAN_POINT('',(4.E0,0.E0,-3.9355E1));
#18353=DIRECTION('',(0.E0,0.E0,1.E0));
#18354=DIRECTION('',(1.E0,0.E0,0.E0));
#18355=AXIS2_PLACEMENT_3D('',#18352,#18353,#18354);
#18356=CYLINDRICAL_SURFACE('',#18355,6.5E-1);
#18357=ORIENTED_EDGE('',*,*,#10914,.F.);
#18358=ORIENTED_EDGE('',*,*,#18347,.T.);
#18360=ORIENTED_EDGE('',*,*,#18359,.F.);
#18361=ORIENTED_EDGE('',*,*,#18343,.F.);
#18362=EDGE_LOOP('',(#18357,#18358,#18360,#18361));
#18363=FACE_OUTER_BOUND('',#18362,.F.);
#18365=CARTESIAN_POINT('',(4.E0,0.E0,-1.2475E1));
#18366=DIRECTION('',(0.E0,0.E0,1.E0));
#18367=DIRECTION('',(1.E0,0.E0,0.E0));
#18368=AXIS2_PLACEMENT_3D('',#18365,#18366,#18367);
#18369=PLANE('',#18368);
#18370=ORIENTED_EDGE('',*,*,#18359,.T.);
#18371=ORIENTED_EDGE('',*,*,#18345,.F.);
#18372=EDGE_LOOP('',(#18370,#18371));
#18373=FACE_OUTER_BOUND('',#18372,.F.);
#18375=CARTESIAN_POINT('',(8.E0,0.E0,-3.9355E1));
#18376=DIRECTION('',(0.E0,0.E0,1.E0));
#18377=DIRECTION('',(1.E0,0.E0,0.E0));
#18378=AXIS2_PLACEMENT_3D('',#18375,#18376,#18377);
#18379=CYLINDRICAL_SURFACE('',#18378,6.5E-1);
#18380=ORIENTED_EDGE('',*,*,#10918,.F.);
#18382=ORIENTED_EDGE('',*,*,#18381,.T.);
#18384=ORIENTED_EDGE('',*,*,#18383,.T.);
#18386=ORIENTED_EDGE('',*,*,#18385,.F.);
#18387=EDGE_LOOP('',(#18380,#18382,#18384,#18386));
#18388=FACE_OUTER_BOUND('',#18387,.F.);
#18390=CARTESIAN_POINT('',(8.E0,0.E0,-3.9355E1));
#18391=DIRECTION('',(0.E0,0.E0,1.E0));
#18392=DIRECTION('',(1.E0,0.E0,0.E0));
#18393=AXIS2_PLACEMENT_3D('',#18390,#18391,#18392);
#18394=CYLINDRICAL_SURFACE('',#18393,6.5E-1);
#18395=ORIENTED_EDGE('',*,*,#10920,.F.);
#18396=ORIENTED_EDGE('',*,*,#18385,.T.);
#18398=ORIENTED_EDGE('',*,*,#18397,.F.);
#18399=ORIENTED_EDGE('',*,*,#18381,.F.);
#18400=EDGE_LOOP('',(#18395,#18396,#18398,#18399));
#18401=FACE_OUTER_BOUND('',#18400,.F.);
#18403=CARTESIAN_POINT('',(8.E0,0.E0,-1.2475E1));
#18404=DIRECTION('',(0.E0,0.E0,1.E0));
#18405=DIRECTION('',(1.E0,0.E0,0.E0));
#18406=AXIS2_PLACEMENT_3D('',#18403,#18404,#18405);
#18407=PLANE('',#18406);
#18408=ORIENTED_EDGE('',*,*,#18397,.T.);
#18409=ORIENTED_EDGE('',*,*,#18383,.F.);
#18410=EDGE_LOOP('',(#18408,#18409));
#18411=FACE_OUTER_BOUND('',#18410,.F.);
#18413=CARTESIAN_POINT('',(1.2E1,0.E0,-3.9355E1));
#18414=DIRECTION('',(0.E0,0.E0,1.E0));
#18415=DIRECTION('',(1.E0,0.E0,0.E0));
#18416=AXIS2_PLACEMENT_3D('',#18413,#18414,#18415);
#18417=CYLINDRICAL_SURFACE('',#18416,6.5E-1);
#18418=ORIENTED_EDGE('',*,*,#10924,.F.);
#18420=ORIENTED_EDGE('',*,*,#18419,.T.);
#18422=ORIENTED_EDGE('',*,*,#18421,.T.);
#18424=ORIENTED_EDGE('',*,*,#18423,.F.);
#18425=EDGE_LOOP('',(#18418,#18420,#18422,#18424));
#18426=FACE_OUTER_BOUND('',#18425,.F.);
#18428=CARTESIAN_POINT('',(1.2E1,0.E0,-3.9355E1));
#18429=DIRECTION('',(0.E0,0.E0,1.E0));
#18430=DIRECTION('',(1.E0,0.E0,0.E0));
#18431=AXIS2_PLACEMENT_3D('',#18428,#18429,#18430);
#18432=CYLINDRICAL_SURFACE('',#18431,6.5E-1);
#18433=ORIENTED_EDGE('',*,*,#10926,.F.);
#18434=ORIENTED_EDGE('',*,*,#18423,.T.);
#18436=ORIENTED_EDGE('',*,*,#18435,.F.);
#18437=ORIENTED_EDGE('',*,*,#18419,.F.);
#18438=EDGE_LOOP('',(#18433,#18434,#18436,#18437));
#18439=FACE_OUTER_BOUND('',#18438,.F.);
#18441=CARTESIAN_POINT('',(1.2E1,0.E0,-1.2475E1));
#18442=DIRECTION('',(0.E0,0.E0,1.E0));
#18443=DIRECTION('',(1.E0,0.E0,0.E0));
#18444=AXIS2_PLACEMENT_3D('',#18441,#18442,#18443);
#18445=PLANE('',#18444);
#18446=ORIENTED_EDGE('',*,*,#18435,.T.);
#18447=ORIENTED_EDGE('',*,*,#18421,.F.);
#18448=EDGE_LOOP('',(#18446,#18447));
#18449=FACE_OUTER_BOUND('',#18448,.F.);
#18451=CARTESIAN_POINT('',(-1.744791666511E1,-3.324468061328E-1,-2.E1));
#18452=DIRECTION('',(0.E0,-1.E0,0.E0));
#18453=DIRECTION('',(1.E0,0.E0,0.E0));
#18454=AXIS2_PLACEMENT_3D('',#18451,#18452,#18453);
#18455=PLANE('',#18454);
#18457=ORIENTED_EDGE('',*,*,#18456,.T.);
#18458=ORIENTED_EDGE('',*,*,#9959,.T.);
#18460=ORIENTED_EDGE('',*,*,#18459,.T.);
#18461=ORIENTED_EDGE('',*,*,#10282,.T.);
#18462=EDGE_LOOP('',(#18457,#18458,#18460,#18461));
#18463=FACE_OUTER_BOUND('',#18462,.F.);
#18465=CARTESIAN_POINT('',(-1.731770833954E1,-3.324468061328E-1,-2.E1));
#18466=DIRECTION('',(-8.373791491256E-1,-5.466225028388E-1,0.E0));
#18467=DIRECTION('',(5.466225028388E-1,-8.373791491256E-1,0.E0));
#18468=AXIS2_PLACEMENT_3D('',#18465,#18466,#18467);
#18469=PLANE('',#18468);
#18471=ORIENTED_EDGE('',*,*,#18470,.T.);
#18472=ORIENTED_EDGE('',*,*,#9961,.T.);
#18473=ORIENTED_EDGE('',*,*,#18456,.F.);
#18474=ORIENTED_EDGE('',*,*,#10360,.T.);
#18475=EDGE_LOOP('',(#18471,#18472,#18473,#18474));
#18476=FACE_OUTER_BOUND('',#18475,.F.);
#18478=CARTESIAN_POINT('',(-1.7265625E1,-4.122340492904E-1,-2.E1));
#18479=DIRECTION('',(-5.627909312417E-1,-8.265992787996E-1,0.E0));
#18480=DIRECTION('',(8.265992787996E-1,-5.627909312417E-1,0.E0));
#18481=AXIS2_PLACEMENT_3D('',#18478,#18479,#18480);
#18482=PLANE('',#18481);
#18484=ORIENTED_EDGE('',*,*,#18483,.T.);
#18485=ORIENTED_EDGE('',*,*,#9963,.T.);
#18486=ORIENTED_EDGE('',*,*,#18470,.F.);
#18487=ORIENTED_EDGE('',*,*,#10358,.T.);
#18488=EDGE_LOOP('',(#18484,#18485,#18486,#18487));
#18489=FACE_OUTER_BOUND('',#18488,.F.);
#18491=CARTESIAN_POINT('',(-1.71875E1,-4.654255323112E-1,-2.E1));
#18492=DIRECTION('',(-3.222637633772E-1,-9.466499177700E-1,0.E0));
#18493=DIRECTION('',(9.466499177700E-1,-3.222637633772E-1,0.E0));
#18494=AXIS2_PLACEMENT_3D('',#18491,#18492,#18493);
#18495=PLANE('',#18494);
#18497=ORIENTED_EDGE('',*,*,#18496,.T.);
#18498=ORIENTED_EDGE('',*,*,#9965,.T.);
#18499=ORIENTED_EDGE('',*,*,#18483,.F.);
#18500=ORIENTED_EDGE('',*,*,#10356,.T.);
#18501=EDGE_LOOP('',(#18497,#18498,#18499,#18500));
#18502=FACE_OUTER_BOUND('',#18501,.F.);
#18504=CARTESIAN_POINT('',(-1.7109375E1,-4.920212738216E-1,-2.E1));
#18505=DIRECTION('',(0.E0,-1.E0,0.E0));
#18506=DIRECTION('',(1.E0,0.E0,0.E0));
#18507=AXIS2_PLACEMENT_3D('',#18504,#18505,#18506);
#18508=PLANE('',#18507);
#18510=ORIENTED_EDGE('',*,*,#18509,.T.);
#18511=ORIENTED_EDGE('',*,*,#9967,.T.);
#18512=ORIENTED_EDGE('',*,*,#18496,.F.);
#18513=ORIENTED_EDGE('',*,*,#10354,.T.);
#18514=EDGE_LOOP('',(#18510,#18511,#18512,#18513));
#18515=FACE_OUTER_BOUND('',#18514,.F.);
#18517=CARTESIAN_POINT('',(-1.6953125E1,-4.920212738216E-1,-2.E1));
#18518=DIRECTION('',(3.222637633772E-1,-9.466499177700E-1,0.E0));
#18519=DIRECTION('',(9.466499177700E-1,3.222637633772E-1,0.E0));
#18520=AXIS2_PLACEMENT_3D('',#18517,#18518,#18519);
#18521=PLANE('',#18520);
#18523=ORIENTED_EDGE('',*,*,#18522,.T.);
#18524=ORIENTED_EDGE('',*,*,#9969,.T.);
#18525=ORIENTED_EDGE('',*,*,#18509,.F.);
#18526=ORIENTED_EDGE('',*,*,#10352,.T.);
#18527=EDGE_LOOP('',(#18523,#18524,#18525,#18526));
#18528=FACE_OUTER_BOUND('',#18527,.F.);
#18530=CARTESIAN_POINT('',(-1.6875E1,-4.654255323112E-1,-2.E1));
#18531=DIRECTION('',(5.627909312417E-1,-8.265992787996E-1,0.E0));
#18532=DIRECTION('',(8.265992787996E-1,5.627909312417E-1,0.E0));
#18533=AXIS2_PLACEMENT_3D('',#18530,#18531,#18532);
#18534=PLANE('',#18533);
#18536=ORIENTED_EDGE('',*,*,#18535,.T.);
#18537=ORIENTED_EDGE('',*,*,#9971,.T.);
#18538=ORIENTED_EDGE('',*,*,#18522,.F.);
#18539=ORIENTED_EDGE('',*,*,#10350,.T.);
#18540=EDGE_LOOP('',(#18536,#18537,#18538,#18539));
#18541=FACE_OUTER_BOUND('',#18540,.F.);
#18543=CARTESIAN_POINT('',(-1.6796875E1,-4.122340492904E-1,-2.E1));
#18544=DIRECTION('',(8.373790596451E-1,-5.466226399153E-1,0.E0));
#18545=DIRECTION('',(5.466226399153E-1,8.373790596451E-1,0.E0));
#18546=AXIS2_PLACEMENT_3D('',#18543,#18544,#18545);
#18547=PLANE('',#18546);
#18549=ORIENTED_EDGE('',*,*,#18548,.T.);
#18550=ORIENTED_EDGE('',*,*,#9973,.T.);
#18551=ORIENTED_EDGE('',*,*,#18535,.F.);
#18552=ORIENTED_EDGE('',*,*,#10348,.T.);
#18553=EDGE_LOOP('',(#18549,#18550,#18551,#18552));
#18554=FACE_OUTER_BOUND('',#18553,.F.);
#18556=CARTESIAN_POINT('',(-1.674479164183E1,-3.324468061328E-1,-2.E1));
#18557=DIRECTION('',(9.506452793929E-1,-3.102797975506E-1,0.E0));
#18558=DIRECTION('',(3.102797975506E-1,9.506452793929E-1,0.E0));
#18559=AXIS2_PLACEMENT_3D('',#18556,#18557,#18558);
#18560=PLANE('',#18559);
#18562=ORIENTED_EDGE('',*,*,#18561,.T.);
#18563=ORIENTED_EDGE('',*,*,#9975,.T.);
#18564=ORIENTED_EDGE('',*,*,#18548,.F.);
#18565=ORIENTED_EDGE('',*,*,#10346,.T.);
#18566=EDGE_LOOP('',(#18562,#18563,#18564,#18565));
#18567=FACE_OUTER_BOUND('',#18566,.F.);
#18569=CARTESIAN_POINT('',(-1.671875E1,-2.526595816016E-1,-2.E1));
#18570=DIRECTION('',(9.869440275154E-1,-1.610636102655E-1,0.E0));
#18571=DIRECTION('',(1.610636102655E-1,9.869440275154E-1,0.E0));
#18572=AXIS2_PLACEMENT_3D('',#18569,#18570,#18571);
#18573=PLANE('',#18572);
#18575=ORIENTED_EDGE('',*,*,#18574,.T.);
#18576=ORIENTED_EDGE('',*,*,#9977,.T.);
#18577=ORIENTED_EDGE('',*,*,#18561,.F.);
#18578=ORIENTED_EDGE('',*,*,#10344,.T.);
#18579=EDGE_LOOP('',(#18575,#18576,#18577,#18578));
#18580=FACE_OUTER_BOUND('',#18579,.F.);
#18582=CARTESIAN_POINT('',(-1.669270835817E1,-9.308509528637E-2,-2.E1));
#18583=DIRECTION('',(1.E0,0.E0,0.E0));
#18584=DIRECTION('',(0.E0,1.E0,0.E0));
#18585=AXIS2_PLACEMENT_3D('',#18582,#18583,#18584);
#18586=PLANE('',#18585);
#18588=ORIENTED_EDGE('',*,*,#18587,.T.);
#18589=ORIENTED_EDGE('',*,*,#9979,.T.);
#18590=ORIENTED_EDGE('',*,*,#18574,.F.);
#18591=ORIENTED_EDGE('',*,*,#10342,.T.);
#18592=EDGE_LOOP('',(#18588,#18589,#18590,#18591));
#18593=FACE_OUTER_BOUND('',#18592,.F.);
#18595=CARTESIAN_POINT('',(-1.669270835817E1,-3.989361226559E-2,-2.E1));
#18596=DIRECTION('',(-5.627909312417E-1,8.265992787996E-1,0.E0));
#18597=DIRECTION('',(-8.265992787996E-1,-5.627909312417E-1,0.E0));
#18598=AXIS2_PLACEMENT_3D('',#18595,#18596,#18597);
#18599=PLANE('',#18598);
#18601=ORIENTED_EDGE('',*,*,#18600,.T.);
#18602=ORIENTED_EDGE('',*,*,#9981,.T.);
#18603=ORIENTED_EDGE('',*,*,#18587,.F.);
#18604=ORIENTED_EDGE('',*,*,#10340,.T.);
#18605=EDGE_LOOP('',(#18601,#18602,#18603,#18604));
#18606=FACE_OUTER_BOUND('',#18605,.F.);
#18608=CARTESIAN_POINT('',(-1.684895835817E1,-1.462765783072E-1,-2.E1));
#18609=DIRECTION('',(-2.001236424690E-1,9.797706505734E-1,0.E0));
#18610=DIRECTION('',(-9.797706505734E-1,-2.001236424690E-1,0.E0));
#18611=AXIS2_PLACEMENT_3D('',#18608,#18609,#18610);
#18612=PLANE('',#18611);
#18614=ORIENTED_EDGE('',*,*,#18613,.T.);
#18615=ORIENTED_EDGE('',*,*,#9983,.T.);
#18616=ORIENTED_EDGE('',*,*,#18600,.F.);
#18617=ORIENTED_EDGE('',*,*,#10338,.T.);
#18618=EDGE_LOOP('',(#18614,#18615,#18616,#18617));
#18619=FACE_OUTER_BOUND('',#18618,.F.);
#18621=CARTESIAN_POINT('',(-1.697916667908E1,-1.728723570704E-1,-2.E1));
#18622=DIRECTION('',(0.E0,1.E0,0.E0));
#18623=DIRECTION('',(-1.E0,0.E0,0.E0));
#18624=AXIS2_PLACEMENT_3D('',#18621,#18622,#18623);
#18625=PLANE('',#18624);
#18627=ORIENTED_EDGE('',*,*,#18626,.T.);
#18628=ORIENTED_EDGE('',*,*,#9985,.T.);
#18629=ORIENTED_EDGE('',*,*,#18613,.F.);
#18630=ORIENTED_EDGE('',*,*,#10336,.T.);
#18631=EDGE_LOOP('',(#18627,#18628,#18629,#18630));
#18632=FACE_OUTER_BOUND('',#18631,.F.);
#18634=CARTESIAN_POINT('',(-1.7109375E1,-1.728723570704E-1,-2.E1));
#18635=DIRECTION('',(2.001236149876E-1,9.797706561866E-1,0.E0));
#18636=DIRECTION('',(-9.797706561866E-1,2.001236149876E-1,0.E0));
#18637=AXIS2_PLACEMENT_3D('',#18634,#18635,#18636);
#18638=PLANE('',#18637);
#18640=ORIENTED_EDGE('',*,*,#18639,.T.);
#18641=ORIENTED_EDGE('',*,*,#9987,.T.);
#18642=ORIENTED_EDGE('',*,*,#18626,.F.);
#18643=ORIENTED_EDGE('',*,*,#10334,.T.);
#18644=EDGE_LOOP('',(#18640,#18641,#18642,#18643));
#18645=FACE_OUTER_BOUND('',#18644,.F.);
#18647=CARTESIAN_POINT('',(-1.723958333954E1,-1.462765783072E-1,-2.E1));
#18648=DIRECTION('',(5.224769376483E-1,8.526534170609E-1,0.E0));
#18649=DIRECTION('',(-8.526534170609E-1,5.224769376483E-1,0.E0));
#18650=AXIS2_PLACEMENT_3D('',#18647,#18648,#18649);
#18651=PLANE('',#18650);
#18653=ORIENTED_EDGE('',*,*,#18652,.T.);
#18654=ORIENTED_EDGE('',*,*,#9989,.T.);
#18655=ORIENTED_EDGE('',*,*,#18639,.F.);
#18656=ORIENTED_EDGE('',*,*,#10332,.T.);
#18657=EDGE_LOOP('',(#18653,#18654,#18655,#18656));
#18658=FACE_OUTER_BOUND('',#18657,.F.);
#18660=CARTESIAN_POINT('',(-1.736979166977E1,-6.648935377598E-2,-2.E1));
#18661=DIRECTION('',(8.060044126628E-1,5.919095258298E-1,0.E0));
#18662=DIRECTION('',(-5.919095258298E-1,8.060044126628E-1,0.E0));
#18663=AXIS2_PLACEMENT_3D('',#18660,#18661,#18662);
#18664=PLANE('',#18663);
#18666=ORIENTED_EDGE('',*,*,#18665,.T.);
#18667=ORIENTED_EDGE('',*,*,#9991,.T.);
#18668=ORIENTED_EDGE('',*,*,#18652,.F.);
#18669=ORIENTED_EDGE('',*,*,#10330,.T.);
#18670=EDGE_LOOP('',(#18666,#18667,#18668,#18669));
#18671=FACE_OUTER_BOUND('',#18670,.F.);
#18673=CARTESIAN_POINT('',(-1.744791666511E1,3.989361226559E-2,-2.E1));
#18674=DIRECTION('',(9.311282323126E-1,3.646919453324E-1,0.E0));
#18675=DIRECTION('',(-3.646919453324E-1,9.311282323126E-1,0.E0));
#18676=AXIS2_PLACEMENT_3D('',#18673,#18674,#18675);
#18677=PLANE('',#18676);
#18679=ORIENTED_EDGE('',*,*,#18678,.T.);
#18680=ORIENTED_EDGE('',*,*,#9993,.T.);
#18681=ORIENTED_EDGE('',*,*,#18665,.F.);
#18682=ORIENTED_EDGE('',*,*,#10328,.T.);
#18683=EDGE_LOOP('',(#18679,#18680,#18681,#18682));
#18684=FACE_OUTER_BOUND('',#18683,.F.);
#18686=CARTESIAN_POINT('',(-1.75E1,1.728723198175E-1,-2.E1));
#18687=DIRECTION('',(1.E0,0.E0,0.E0));
#18688=DIRECTION('',(0.E0,1.E0,0.E0));
#18689=AXIS2_PLACEMENT_3D('',#18686,#18687,#18688);
#18690=PLANE('',#18689);
#18692=ORIENTED_EDGE('',*,*,#18691,.T.);
#18693=ORIENTED_EDGE('',*,*,#9995,.T.);
#18694=ORIENTED_EDGE('',*,*,#18678,.F.);
#18695=ORIENTED_EDGE('',*,*,#10326,.T.);
#18696=EDGE_LOOP('',(#18692,#18693,#18694,#18695));
#18697=FACE_OUTER_BOUND('',#18696,.F.);
#18699=CARTESIAN_POINT('',(-1.75E1,2.792552858591E-1,-2.E1));
#18700=DIRECTION('',(9.311283016983E-1,-3.646917681776E-1,0.E0));
#18701=DIRECTION('',(3.646917681776E-1,9.311283016983E-1,0.E0));
#18702=AXIS2_PLACEMENT_3D('',#18699,#18700,#18701);
#18703=PLANE('',#18702);
#18705=ORIENTED_EDGE('',*,*,#18704,.T.);
#18706=ORIENTED_EDGE('',*,*,#9997,.T.);
#18707=ORIENTED_EDGE('',*,*,#18691,.F.);
#18708=ORIENTED_EDGE('',*,*,#10324,.T.);
#18709=EDGE_LOOP('',(#18705,#18706,#18707,#18708));
#18710=FACE_OUTER_BOUND('',#18709,.F.);
#18712=CARTESIAN_POINT('',(-1.744791666511E1,4.122340679169E-1,-2.E1));
#18713=DIRECTION('',(8.060044126628E-1,-5.919095258298E-1,0.E0));
#18714=DIRECTION('',(5.919095258298E-1,8.060044126628E-1,0.E0));
#18715=AXIS2_PLACEMENT_3D('',#18712,#18713,#18714);
#18716=PLANE('',#18715);
#18718=ORIENTED_EDGE('',*,*,#18717,.T.);
#18719=ORIENTED_EDGE('',*,*,#9999,.T.);
#18720=ORIENTED_EDGE('',*,*,#18704,.F.);
#18721=ORIENTED_EDGE('',*,*,#10322,.T.);
#18722=EDGE_LOOP('',(#18718,#18719,#18720,#18721));
#18723=FACE_OUTER_BOUND('',#18722,.F.);
#18725=CARTESIAN_POINT('',(-1.736979166977E1,5.186170339584E-1,-2.E1));
#18726=DIRECTION('',(5.224769376483E-1,-8.526534170609E-1,0.E0));
#18727=DIRECTION('',(8.526534170609E-1,5.224769376483E-1,0.E0));
#18728=AXIS2_PLACEMENT_3D('',#18725,#18726,#18727);
#18729=PLANE('',#18728);
#18731=ORIENTED_EDGE('',*,*,#18730,.T.);
#18732=ORIENTED_EDGE('',*,*,#10001,.T.);
#18733=ORIENTED_EDGE('',*,*,#18717,.F.);
#18734=ORIENTED_EDGE('',*,*,#10320,.T.);
#18735=EDGE_LOOP('',(#18731,#18732,#18733,#18734));
#18736=FACE_OUTER_BOUND('',#18735,.F.);
#18738=CARTESIAN_POINT('',(-1.723958333954E1,5.984042584896E-1,-2.E1));
#18739=DIRECTION('',(2.001233458994E-1,-9.797707111493E-1,0.E0));
#18740=DIRECTION('',(9.797707111493E-1,2.001233458994E-1,0.E0));
#18741=AXIS2_PLACEMENT_3D('',#18738,#18739,#18740);
#18742=PLANE('',#18741);
#18744=ORIENTED_EDGE('',*,*,#18743,.T.);
#18745=ORIENTED_EDGE('',*,*,#10003,.T.);
#18746=ORIENTED_EDGE('',*,*,#18730,.F.);
#18747=ORIENTED_EDGE('',*,*,#10318,.T.);
#18748=EDGE_LOOP('',(#18744,#18745,#18746,#18747));
#18749=FACE_OUTER_BOUND('',#18748,.F.);
#18751=CARTESIAN_POINT('',(-1.7109375E1,6.25E-1,-2.E1));
#18752=DIRECTION('',(0.E0,-1.E0,0.E0));
#18753=DIRECTION('',(1.E0,0.E0,0.E0));
#18754=AXIS2_PLACEMENT_3D('',#18751,#18752,#18753);
#18755=PLANE('',#18754);
#18757=ORIENTED_EDGE('',*,*,#18756,.T.);
#18758=ORIENTED_EDGE('',*,*,#10005,.T.);
#18759=ORIENTED_EDGE('',*,*,#18743,.F.);
#18760=ORIENTED_EDGE('',*,*,#10316,.T.);
#18761=EDGE_LOOP('',(#18757,#18758,#18759,#18760));
#18762=FACE_OUTER_BOUND('',#18761,.F.);
#18764=CARTESIAN_POINT('',(-1.697916667908E1,6.25E-1,-2.E1));
#18765=DIRECTION('',(-2.001233733807E-1,-9.797707055361E-1,0.E0));
#18766=DIRECTION('',(9.797707055361E-1,-2.001233733807E-1,0.E0));
#18767=AXIS2_PLACEMENT_3D('',#18764,#18765,#18766);
#18768=PLANE('',#18767);
#18770=ORIENTED_EDGE('',*,*,#18769,.T.);
#18771=ORIENTED_EDGE('',*,*,#10007,.T.);
#18772=ORIENTED_EDGE('',*,*,#18756,.F.);
#18773=ORIENTED_EDGE('',*,*,#10314,.T.);
#18774=EDGE_LOOP('',(#18770,#18771,#18772,#18773));
#18775=FACE_OUTER_BOUND('',#18774,.F.);
#18777=CARTESIAN_POINT('',(-1.684895835817E1,5.984042584896E-1,-2.E1));
#18778=DIRECTION('',(-5.224768561414E-1,-8.526534670056E-1,0.E0));
#18779=DIRECTION('',(8.526534670056E-1,-5.224768561414E-1,0.E0));
#18780=AXIS2_PLACEMENT_3D('',#18777,#18778,#18779);
#18781=PLANE('',#18780);
#18783=ORIENTED_EDGE('',*,*,#18782,.T.);
#18784=ORIENTED_EDGE('',*,*,#10009,.T.);
#18785=ORIENTED_EDGE('',*,*,#18769,.F.);
#18786=ORIENTED_EDGE('',*,*,#10312,.T.);
#18787=EDGE_LOOP('',(#18783,#18784,#18785,#18786));
#18788=FACE_OUTER_BOUND('',#18787,.F.);
#18790=CARTESIAN_POINT('',(-1.671875E1,5.186170339584E-1,-2.E1));
#18791=DIRECTION('',(-8.060043958311E-1,-5.919095487496E-1,0.E0));
#18792=DIRECTION('',(5.919095487496E-1,-8.060043958311E-1,0.E0));
#18793=AXIS2_PLACEMENT_3D('',#18790,#18791,#18792);
#18794=PLANE('',#18793);
#18796=ORIENTED_EDGE('',*,*,#18795,.T.);
#18797=ORIENTED_EDGE('',*,*,#10011,.T.);
#18798=ORIENTED_EDGE('',*,*,#18782,.F.);
#18799=ORIENTED_EDGE('',*,*,#10310,.T.);
#18800=EDGE_LOOP('',(#18796,#18797,#18798,#18799));
#18801=FACE_OUTER_BOUND('',#18800,.F.);
#18803=CARTESIAN_POINT('',(-1.6640625E1,4.122340679169E-1,-2.E1));
#18804=DIRECTION('',(-9.311282463374E-1,-3.646919095245E-1,0.E0));
#18805=DIRECTION('',(3.646919095245E-1,-9.311282463374E-1,0.E0));
#18806=AXIS2_PLACEMENT_3D('',#18803,#18804,#18805);
#18807=PLANE('',#18806);
#18809=ORIENTED_EDGE('',*,*,#18808,.T.);
#18810=ORIENTED_EDGE('',*,*,#10013,.T.);
#18811=ORIENTED_EDGE('',*,*,#18795,.F.);
#18812=ORIENTED_EDGE('',*,*,#10308,.T.);
#18813=EDGE_LOOP('',(#18809,#18810,#18811,#18812));
#18814=FACE_OUTER_BOUND('',#18813,.F.);
#18816=CARTESIAN_POINT('',(-1.658854164183E1,2.792552858591E-1,-2.E1));
#18817=DIRECTION('',(-9.903579444511E-1,-1.385320968676E-1,0.E0));
#18818=DIRECTION('',(1.385320968676E-1,-9.903579444511E-1,0.E0));
#18819=AXIS2_PLACEMENT_3D('',#18816,#18817,#18818);
#18820=PLANE('',#18819);
#18822=ORIENTED_EDGE('',*,*,#18821,.T.);
#18823=ORIENTED_EDGE('',*,*,#10015,.T.);
#18824=ORIENTED_EDGE('',*,*,#18808,.F.);
#18825=ORIENTED_EDGE('',*,*,#10306,.T.);
#18826=EDGE_LOOP('',(#18822,#18823,#18824,#18825));
#18827=FACE_OUTER_BOUND('',#18826,.F.);
#18829=CARTESIAN_POINT('',(-1.65625E1,9.308509528637E-2,-2.E1));
#18830=DIRECTION('',(-1.E0,0.E0,0.E0));
#18831=DIRECTION('',(0.E0,-1.E0,0.E0));
#18832=AXIS2_PLACEMENT_3D('',#18829,#18830,#18831);
#18833=PLANE('',#18832);
#18835=ORIENTED_EDGE('',*,*,#18834,.T.);
#18836=ORIENTED_EDGE('',*,*,#10017,.T.);
#18837=ORIENTED_EDGE('',*,*,#18821,.F.);
#18838=ORIENTED_EDGE('',*,*,#10304,.T.);
#18839=EDGE_LOOP('',(#18835,#18836,#18837,#18838));
#18840=FACE_OUTER_BOUND('',#18839,.F.);
#18842=CARTESIAN_POINT('',(-1.65625E1,-9.308509528637E-2,-2.E1));
#18843=DIRECTION('',(-9.903579482543E-1,1.385320696791E-1,0.E0));
#18844=DIRECTION('',(-1.385320696791E-1,-9.903579482543E-1,0.E0));
#18845=AXIS2_PLACEMENT_3D('',#18842,#18843,#18844);
#18846=PLANE('',#18845);
#18848=ORIENTED_EDGE('',*,*,#18847,.T.);
#18849=ORIENTED_EDGE('',*,*,#10019,.T.);
#18850=ORIENTED_EDGE('',*,*,#18834,.F.);
#18851=ORIENTED_EDGE('',*,*,#10302,.T.);
#18852=EDGE_LOOP('',(#18848,#18849,#18850,#18851));
#18853=FACE_OUTER_BOUND('',#18852,.F.);
#18855=CARTESIAN_POINT('',(-1.658854164183E1,-2.792553231120E-1,-2.E1));
#18856=DIRECTION('',(-9.311281942981E-1,3.646920423907E-1,0.E0));
#18857=DIRECTION('',(-3.646920423907E-1,-9.311281942981E-1,0.E0));
#18858=AXIS2_PLACEMENT_3D('',#18855,#18856,#18857);
#18859=PLANE('',#18858);
#18861=ORIENTED_EDGE('',*,*,#18860,.T.);
#18862=ORIENTED_EDGE('',*,*,#10021,.T.);
#18863=ORIENTED_EDGE('',*,*,#18847,.F.);
#18864=ORIENTED_EDGE('',*,*,#10300,.T.);
#18865=EDGE_LOOP('',(#18861,#18862,#18863,#18864));
#18866=FACE_OUTER_BOUND('',#18865,.F.);
#18868=CARTESIAN_POINT('',(-1.6640625E1,-4.122340492904E-1,-2.E1));
#18869=DIRECTION('',(-8.060044205527E-1,5.919095150862E-1,0.E0));
#18870=DIRECTION('',(-5.919095150862E-1,-8.060044205527E-1,0.E0));
#18871=AXIS2_PLACEMENT_3D('',#18868,#18869,#18870);
#18872=PLANE('',#18871);
#18874=ORIENTED_EDGE('',*,*,#18873,.T.);
#18875=ORIENTED_EDGE('',*,*,#10023,.T.);
#18876=ORIENTED_EDGE('',*,*,#18860,.F.);
#18877=ORIENTED_EDGE('',*,*,#10298,.T.);
#18878=EDGE_LOOP('',(#18874,#18875,#18876,#18877));
#18879=FACE_OUTER_BOUND('',#18878,.F.);
#18881=CARTESIAN_POINT('',(-1.671875E1,-5.186170246452E-1,-2.E1));
#18882=DIRECTION('',(-5.224768893951E-1,8.526534466288E-1,0.E0));
#18883=DIRECTION('',(-8.526534466288E-1,-5.224768893951E-1,0.E0));
#18884=AXIS2_PLACEMENT_3D('',#18881,#18882,#18883);
#18885=PLANE('',#18884);
#18887=ORIENTED_EDGE('',*,*,#18886,.T.);
#18888=ORIENTED_EDGE('',*,*,#10025,.T.);
#18889=ORIENTED_EDGE('',*,*,#18873,.F.);
#18890=ORIENTED_EDGE('',*,*,#10296,.T.);
#18891=EDGE_LOOP('',(#18887,#18888,#18889,#18890));
#18892=FACE_OUTER_BOUND('',#18891,.F.);
#18894=CARTESIAN_POINT('',(-1.684895835817E1,-5.984042561613E-1,-2.E1));
#18895=DIRECTION('',(-2.001233901988E-1,9.797707021009E-1,0.E0));
#18896=DIRECTION('',(-9.797707021009E-1,-2.001233901988E-1,0.E0));
#18897=AXIS2_PLACEMENT_3D('',#18894,#18895,#18896);
#18898=PLANE('',#18897);
#18900=ORIENTED_EDGE('',*,*,#18899,.T.);
#18901=ORIENTED_EDGE('',*,*,#10027,.T.);
#18902=ORIENTED_EDGE('',*,*,#18886,.F.);
#18903=ORIENTED_EDGE('',*,*,#10294,.T.);
#18904=EDGE_LOOP('',(#18900,#18901,#18902,#18903));
#18905=FACE_OUTER_BOUND('',#18904,.F.);
#18907=CARTESIAN_POINT('',(-1.697916667908E1,-6.25E-1,-2.E1));
#18908=DIRECTION('',(0.E0,1.E0,0.E0));
#18909=DIRECTION('',(-1.E0,0.E0,0.E0));
#18910=AXIS2_PLACEMENT_3D('',#18907,#18908,#18909);
#18911=PLANE('',#18910);
#18913=ORIENTED_EDGE('',*,*,#18912,.T.);
#18914=ORIENTED_EDGE('',*,*,#10029,.T.);
#18915=ORIENTED_EDGE('',*,*,#18899,.F.);
#18916=ORIENTED_EDGE('',*,*,#10292,.T.);
#18917=EDGE_LOOP('',(#18913,#18914,#18915,#18916));
#18918=FACE_OUTER_BOUND('',#18917,.F.);
#18920=CARTESIAN_POINT('',(-1.708333332092E1,-6.25E-1,-2.E1));
#18921=DIRECTION('',(2.001233627174E-1,9.797707077141E-1,0.E0));
#18922=DIRECTION('',(-9.797707077141E-1,2.001233627174E-1,0.E0));
#18923=AXIS2_PLACEMENT_3D('',#18920,#18921,#18922);
#18924=PLANE('',#18923);
#18926=ORIENTED_EDGE('',*,*,#18925,.T.);
#18927=ORIENTED_EDGE('',*,*,#10031,.T.);
#18928=ORIENTED_EDGE('',*,*,#18912,.F.);
#18929=ORIENTED_EDGE('',*,*,#10290,.T.);
#18930=EDGE_LOOP('',(#18926,#18927,#18928,#18929));
#18931=FACE_OUTER_BOUND('',#18930,.F.);
#18933=CARTESIAN_POINT('',(-1.721354166046E1,-5.984042561613E-1,-2.E1));
#18934=DIRECTION('',(5.224769437331E-1,8.526534133324E-1,0.E0));
#18935=DIRECTION('',(-8.526534133324E-1,5.224769437331E-1,0.E0));
#18936=AXIS2_PLACEMENT_3D('',#18933,#18934,#18935);
#18937=PLANE('',#18936);
#18939=ORIENTED_EDGE('',*,*,#18938,.T.);
#18940=ORIENTED_EDGE('',*,*,#10033,.T.);
#18941=ORIENTED_EDGE('',*,*,#18925,.F.);
#18942=ORIENTED_EDGE('',*,*,#10288,.T.);
#18943=EDGE_LOOP('',(#18939,#18940,#18941,#18942));
#18944=FACE_OUTER_BOUND('',#18943,.F.);
#18946=CARTESIAN_POINT('',(-1.734375E1,-5.186170246452E-1,-2.E1));
#18947=DIRECTION('',(8.060044205527E-1,5.919095150862E-1,0.E0));
#18948=DIRECTION('',(-5.919095150862E-1,8.060044205527E-1,0.E0));
#18949=AXIS2_PLACEMENT_3D('',#18946,#18947,#18948);
#18950=PLANE('',#18949);
#18952=ORIENTED_EDGE('',*,*,#18951,.T.);
#18953=ORIENTED_EDGE('',*,*,#10035,.T.);
#18954=ORIENTED_EDGE('',*,*,#18938,.F.);
#18955=ORIENTED_EDGE('',*,*,#10286,.T.);
#18956=EDGE_LOOP('',(#18952,#18953,#18954,#18955));
#18957=FACE_OUTER_BOUND('',#18956,.F.);
#18959=CARTESIAN_POINT('',(-1.7421875E1,-4.122340492904E-1,-2.E1));
#18960=DIRECTION('',(9.506452189317E-1,3.102799827934E-1,0.E0));
#18961=DIRECTION('',(-3.102799827934E-1,9.506452189317E-1,0.E0));
#18962=AXIS2_PLACEMENT_3D('',#18959,#18960,#18961);
#18963=PLANE('',#18962);
#18964=ORIENTED_EDGE('',*,*,#18459,.F.);
#18965=ORIENTED_EDGE('',*,*,#9957,.T.);
#18966=ORIENTED_EDGE('',*,*,#18951,.F.);
#18967=ORIENTED_EDGE('',*,*,#10284,.T.);
#18968=EDGE_LOOP('',(#18964,#18965,#18966,#18967));
#18969=FACE_OUTER_BOUND('',#18968,.F.);
#18971=CARTESIAN_POINT('',(-1.74875E1,-6.625E0,-2.E1));
#18972=DIRECTION('',(0.E0,1.E0,0.E0));
#18973=DIRECTION('',(-1.E0,0.E0,0.E0));
#18974=AXIS2_PLACEMENT_3D('',#18971,#18972,#18973);
#18975=PLANE('',#18974);
#18977=ORIENTED_EDGE('',*,*,#18976,.T.);
#18978=ORIENTED_EDGE('',*,*,#10047,.T.);
#18980=ORIENTED_EDGE('',*,*,#18979,.T.);
#18981=ORIENTED_EDGE('',*,*,#10376,.T.);
#18982=EDGE_LOOP('',(#18977,#18978,#18980,#18981));
#18983=FACE_OUTER_BOUND('',#18982,.F.);
#18985=CARTESIAN_POINT('',(-1.764375E1,-6.625E0,-2.E1));
#18986=DIRECTION('',(1.E0,0.E0,0.E0));
#18987=DIRECTION('',(0.E0,1.E0,0.E0));
#18988=AXIS2_PLACEMENT_3D('',#18985,#18986,#18987);
#18989=PLANE('',#18988);
#18991=ORIENTED_EDGE('',*,*,#18990,.T.);
#18992=ORIENTED_EDGE('',*,*,#10049,.T.);
#18993=ORIENTED_EDGE('',*,*,#18976,.F.);
#18994=ORIENTED_EDGE('',*,*,#10388,.T.);
#18995=EDGE_LOOP('',(#18991,#18992,#18993,#18994));
#18996=FACE_OUTER_BOUND('',#18995,.F.);
#18998=CARTESIAN_POINT('',(-1.764375E1,-5.587765932083E0,-2.E1));
#18999=DIRECTION('',(-7.659743427825E-1,6.428711427642E-1,0.E0));
#19000=DIRECTION('',(-6.428711427642E-1,-7.659743427825E-1,0.E0));
#19001=AXIS2_PLACEMENT_3D('',#18998,#18999,#19000);
#19002=PLANE('',#19001);
#19004=ORIENTED_EDGE('',*,*,#19003,.T.);
#19005=ORIENTED_EDGE('',*,*,#10051,.T.);
#19006=ORIENTED_EDGE('',*,*,#18990,.F.);
#19007=ORIENTED_EDGE('',*,*,#10386,.T.);
#19008=EDGE_LOOP('',(#19004,#19005,#19006,#19007));
#19009=FACE_OUTER_BOUND('',#19008,.F.);
#19011=CARTESIAN_POINT('',(-1.78E1,-5.773936197162E0,-2.E1));
#19012=DIRECTION('',(1.E0,0.E0,0.E0));
#19013=DIRECTION('',(0.E0,1.E0,0.E0));
#19014=AXIS2_PLACEMENT_3D('',#19011,#19012,#19013);
#19015=PLANE('',#19014);
#19017=ORIENTED_EDGE('',*,*,#19016,.T.);
#19018=ORIENTED_EDGE('',*,*,#10053,.T.);
#19019=ORIENTED_EDGE('',*,*,#19003,.F.);
#19020=ORIENTED_EDGE('',*,*,#10384,.T.);
#19021=EDGE_LOOP('',(#19017,#19018,#19019,#19020));
#19022=FACE_OUTER_BOUND('',#19021,.F.);
#19024=CARTESIAN_POINT('',(-1.78E1,-5.561170190573E0,-2.E1));
#19025=DIRECTION('',(7.659742160926E-1,-6.428712937139E-1,0.E0));
#19026=DIRECTION('',(6.428712937139E-1,7.659742160926E-1,0.E0));
#19027=AXIS2_PLACEMENT_3D('',#19024,#19025,#19026);
#19028=PLANE('',#19027);
#19030=ORIENTED_EDGE('',*,*,#19029,.T.);
#19031=ORIENTED_EDGE('',*,*,#10055,.T.);
#19032=ORIENTED_EDGE('',*,*,#19016,.F.);
#19033=ORIENTED_EDGE('',*,*,#10382,.T.);
#19034=EDGE_LOOP('',(#19030,#19031,#19032,#19033));
#19035=FACE_OUTER_BOUND('',#19034,.F.);
#19037=CARTESIAN_POINT('',(-1.764375E1,-5.375E0,-2.E1));
#19038=DIRECTION('',(0.E0,-1.E0,0.E0));
#19039=DIRECTION('',(1.E0,0.E0,0.E0));
#19040=AXIS2_PLACEMENT_3D('',#19037,#19038,#19039);
#19041=PLANE('',#19040);
#19043=ORIENTED_EDGE('',*,*,#19042,.T.);
#19044=ORIENTED_EDGE('',*,*,#10057,.T.);
#19045=ORIENTED_EDGE('',*,*,#19029,.F.);
#19046=ORIENTED_EDGE('',*,*,#10380,.T.);
#19047=EDGE_LOOP('',(#19043,#19044,#19045,#19046));
#19048=FACE_OUTER_BOUND('',#19047,.F.);
#19050=CARTESIAN_POINT('',(-1.74875E1,-5.375E0,-2.E1));
#19051=DIRECTION('',(-1.E0,0.E0,0.E0));
#19052=DIRECTION('',(0.E0,-1.E0,0.E0));
#19053=AXIS2_PLACEMENT_3D('',#19050,#19051,#19052);
#19054=PLANE('',#19053);
#19055=ORIENTED_EDGE('',*,*,#18979,.F.);
#19056=ORIENTED_EDGE('',*,*,#10045,.T.);
#19057=ORIENTED_EDGE('',*,*,#19042,.F.);
#19058=ORIENTED_EDGE('',*,*,#10378,.T.);
#19059=EDGE_LOOP('',(#19055,#19056,#19057,#19058));
#19060=FACE_OUTER_BOUND('',#19059,.F.);
#19062=CARTESIAN_POINT('',(-1.649791671634E1,-6.093085095286E0,-2.E1));
#19063=DIRECTION('',(7.145107183351E-1,6.996244945571E-1,0.E0));
#19064=DIRECTION('',(-6.996244945571E-1,7.145107183351E-1,0.E0));
#19065=AXIS2_PLACEMENT_3D('',#19062,#19063,#19064);
#19066=PLANE('',#19065);
#19068=ORIENTED_EDGE('',*,*,#19067,.T.);
#19069=ORIENTED_EDGE('',*,*,#10111,.T.);
#19071=ORIENTED_EDGE('',*,*,#19070,.T.);
#19072=ORIENTED_EDGE('',*,*,#10440,.T.);
#19073=EDGE_LOOP('',(#19068,#19069,#19071,#19072));
#19074=FACE_OUTER_BOUND('',#19073,.F.);
#19076=CARTESIAN_POINT('',(-1.655E1,-6.039893612266E0,-2.E1));
#19077=DIRECTION('',(5.627909312417E-1,8.265992787996E-1,0.E0));
#19078=DIRECTION('',(-8.265992787996E-1,5.627909312417E-1,0.E0));
#19079=AXIS2_PLACEMENT_3D('',#19076,#19077,#19078);
#19080=PLANE('',#19079);
#19082=ORIENTED_EDGE('',*,*,#19081,.T.);
#19083=ORIENTED_EDGE('',*,*,#10113,.T.);
#19084=ORIENTED_EDGE('',*,*,#19067,.F.);
#19085=ORIENTED_EDGE('',*,*,#10478,.T.);
#19086=EDGE_LOOP('',(#19082,#19083,#19084,#19085));
#19087=FACE_OUTER_BOUND('',#19086,.F.);
#19089=CARTESIAN_POINT('',(-1.6628125E1,-5.986702129245E0,-2.E1));
#19090=DIRECTION('',(3.222637633772E-1,9.466499177700E-1,0.E0));
#19091=DIRECTION('',(-9.466499177700E-1,3.222637633772E-1,0.E0));
#19092=AXIS2_PLACEMENT_3D('',#19089,#19090,#19091);
#19093=PLANE('',#19092);
#19095=ORIENTED_EDGE('',*,*,#19094,.T.);
#19096=ORIENTED_EDGE('',*,*,#10115,.T.);
#19097=ORIENTED_EDGE('',*,*,#19081,.F.);
#19098=ORIENTED_EDGE('',*,*,#10476,.T.);
#19099=EDGE_LOOP('',(#19095,#19096,#19097,#19098));
#19100=FACE_OUTER_BOUND('',#19099,.F.);
#19102=CARTESIAN_POINT('',(-1.670625E1,-5.960106387734E0,-2.E1));
#19103=DIRECTION('',(0.E0,1.E0,0.E0));
#19104=DIRECTION('',(-1.E0,0.E0,0.E0));
#19105=AXIS2_PLACEMENT_3D('',#19102,#19103,#19104);
#19106=PLANE('',#19105);
#19108=ORIENTED_EDGE('',*,*,#19107,.T.);
#19109=ORIENTED_EDGE('',*,*,#10117,.T.);
#19110=ORIENTED_EDGE('',*,*,#19094,.F.);
#19111=ORIENTED_EDGE('',*,*,#10474,.T.);
#19112=EDGE_LOOP('',(#19108,#19109,#19110,#19111));
#19113=FACE_OUTER_BOUND('',#19112,.F.);
#19115=CARTESIAN_POINT('',(-1.688854164183E1,-5.960106387734E0,-2.E1));
#19116=DIRECTION('',(-3.222637633772E-1,9.466499177700E-1,0.E0));
#19117=DIRECTION('',(-9.466499177700E-1,-3.222637633772E-1,0.E0));
#19118=AXIS2_PLACEMENT_3D('',#19115,#19116,#19117);
#19119=PLANE('',#19118);
#19121=ORIENTED_EDGE('',*,*,#19120,.T.);
#19122=ORIENTED_EDGE('',*,*,#10119,.T.);
#19123=ORIENTED_EDGE('',*,*,#19107,.F.);
#19124=ORIENTED_EDGE('',*,*,#10472,.T.);
#19125=EDGE_LOOP('',(#19121,#19122,#19123,#19124));
#19126=FACE_OUTER_BOUND('',#19125,.F.);
#19128=CARTESIAN_POINT('',(-1.696666664183E1,-5.986702129245E0,-2.E1));
#19129=DIRECTION('',(-5.627909312417E-1,8.265992787996E-1,0.E0));
#19130=DIRECTION('',(-8.265992787996E-1,-5.627909312417E-1,0.E0));
#19131=AXIS2_PLACEMENT_3D('',#19128,#19129,#19130);
#19132=PLANE('',#19131);
#19134=ORIENTED_EDGE('',*,*,#19133,.T.);
#19135=ORIENTED_EDGE('',*,*,#10121,.T.);
#19136=ORIENTED_EDGE('',*,*,#19120,.F.);
#19137=ORIENTED_EDGE('',*,*,#10470,.T.);
#19138=EDGE_LOOP('',(#19134,#19135,#19136,#19137));
#19139=FACE_OUTER_BOUND('',#19138,.F.);
#19141=CARTESIAN_POINT('',(-1.704479164183E1,-6.039893612266E0,-2.E1));
#19142=DIRECTION('',(-7.145102180353E-1,6.996250055017E-1,0.E0));
#19143=DIRECTION('',(-6.996250055017E-1,-7.145102180353E-1,0.E0));
#19144=AXIS2_PLACEMENT_3D('',#19141,#19142,#19143);
#19145=PLANE('',#19144);
#19147=ORIENTED_EDGE('',*,*,#19146,.T.);
#19148=ORIENTED_EDGE('',*,*,#10123,.T.);
#19149=ORIENTED_EDGE('',*,*,#19133,.F.);
#19150=ORIENTED_EDGE('',*,*,#10468,.T.);
#19151=EDGE_LOOP('',(#19147,#19148,#19149,#19150));
#19152=FACE_OUTER_BOUND('',#19151,.F.);
#19154=CARTESIAN_POINT('',(-1.7096875E1,-6.093085095286E0,-2.E1));
#19155=DIRECTION('',(-9.506453221247E-1,3.102796666273E-1,0.E0));
#19156=DIRECTION('',(-3.102796666273E-1,-9.506453221247E-1,0.E0));
#19157=AXIS2_PLACEMENT_3D('',#19154,#19155,#19156);
#19158=PLANE('',#19157);
#19160=ORIENTED_EDGE('',*,*,#19159,.T.);
#19161=ORIENTED_EDGE('',*,*,#10125,.T.);
#19162=ORIENTED_EDGE('',*,*,#19146,.F.);
#19163=ORIENTED_EDGE('',*,*,#10466,.T.);
#19164=EDGE_LOOP('',(#19160,#19161,#19162,#19163));
#19165=FACE_OUTER_BOUND('',#19164,.F.);
#19167=CARTESIAN_POINT('',(-1.712291664183E1,-6.172872357070E0,-2.E1));
#19168=DIRECTION('',(-1.E0,0.E0,0.E0));
#19169=DIRECTION('',(0.E0,-1.E0,0.E0));
#19170=AXIS2_PLACEMENT_3D('',#19167,#19168,#19169);
#19171=PLANE('',#19170);
#19173=ORIENTED_EDGE('',*,*,#19172,.T.);
#19174=ORIENTED_EDGE('',*,*,#10127,.T.);
#19175=ORIENTED_EDGE('',*,*,#19159,.F.);
#19176=ORIENTED_EDGE('',*,*,#10464,.T.);
#19177=EDGE_LOOP('',(#19173,#19174,#19175,#19176));
#19178=FACE_OUTER_BOUND('',#19177,.F.);
#19180=CARTESIAN_POINT('',(-1.712291664183E1,-6.252659581602E0,-2.E1));
#19181=DIRECTION('',(-9.506452793929E-1,-3.102797975506E-1,0.E0));
#19182=DIRECTION('',(3.102797975506E-1,-9.506452793929E-1,0.E0));
#19183=AXIS2_PLACEMENT_3D('',#19180,#19181,#19182);
#19184=PLANE('',#19183);
#19186=ORIENTED_EDGE('',*,*,#19185,.T.);
#19187=ORIENTED_EDGE('',*,*,#10129,.T.);
#19188=ORIENTED_EDGE('',*,*,#19172,.F.);
#19189=ORIENTED_EDGE('',*,*,#10462,.T.);
#19190=EDGE_LOOP('',(#19186,#19187,#19188,#19189));
#19191=FACE_OUTER_BOUND('',#19190,.F.);
#19193=CARTESIAN_POINT('',(-1.7096875E1,-6.332446806133E0,-2.E1));
#19194=DIRECTION('',(-8.373790596451E-1,-5.466226399153E-1,0.E0));
#19195=DIRECTION('',(5.466226399153E-1,-8.373790596451E-1,0.E0));
#19196=AXIS2_PLACEMENT_3D('',#19193,#19194,#19195);
#19197=PLANE('',#19196);
#19199=ORIENTED_EDGE('',*,*,#19198,.T.);
#19200=ORIENTED_EDGE('',*,*,#10131,.T.);
#19201=ORIENTED_EDGE('',*,*,#19185,.F.);
#19202=ORIENTED_EDGE('',*,*,#10460,.T.);
#19203=EDGE_LOOP('',(#19199,#19200,#19201,#19202));
#19204=FACE_OUTER_BOUND('',#19203,.F.);
#19206=CARTESIAN_POINT('',(-1.704479164183E1,-6.412234049290E0,-2.E1));
#19207=DIRECTION('',(-5.627909312417E-1,-8.265992787996E-1,0.E0));
#19208=DIRECTION('',(8.265992787996E-1,-5.627909312417E-1,0.E0));
#19209=AXIS2_PLACEMENT_3D('',#19206,#19207,#19208);
#19210=PLANE('',#19209);
#19212=ORIENTED_EDGE('',*,*,#19211,.T.);
#19213=ORIENTED_EDGE('',*,*,#10133,.T.);
#19214=ORIENTED_EDGE('',*,*,#19198,.F.);
#19215=ORIENTED_EDGE('',*,*,#10458,.T.);
#19216=EDGE_LOOP('',(#19212,#19213,#19214,#19215));
#19217=FACE_OUTER_BOUND('',#19216,.F.);
#19219=CARTESIAN_POINT('',(-1.696666664183E1,-6.465425532311E0,-2.E1));
#19220=DIRECTION('',(-3.222637633772E-1,-9.466499177700E-1,0.E0));
#19221=DIRECTION('',(9.466499177700E-1,-3.222637633772E-1,0.E0));
#19222=AXIS2_PLACEMENT_3D('',#19219,#19220,#19221);
#19223=PLANE('',#19222);
#19225=ORIENTED_EDGE('',*,*,#19224,.T.);
#19226=ORIENTED_EDGE('',*,*,#10135,.T.);
#19227=ORIENTED_EDGE('',*,*,#19211,.F.);
#19228=ORIENTED_EDGE('',*,*,#10456,.T.);
#19229=EDGE_LOOP('',(#19225,#19226,#19227,#19228));
#19230=FACE_OUTER_BOUND('',#19229,.F.);
#19232=CARTESIAN_POINT('',(-1.688854164183E1,-6.492021273822E0,-2.E1));
#19233=DIRECTION('',(0.E0,-1.E0,0.E0));
#19234=DIRECTION('',(1.E0,0.E0,0.E0));
#19235=AXIS2_PLACEMENT_3D('',#19232,#19233,#19234);
#19236=PLANE('',#19235);
#19238=ORIENTED_EDGE('',*,*,#19237,.T.);
#19239=ORIENTED_EDGE('',*,*,#10137,.T.);
#19240=ORIENTED_EDGE('',*,*,#19224,.F.);
#19241=ORIENTED_EDGE('',*,*,#10454,.T.);
#19242=EDGE_LOOP('',(#19238,#19239,#19240,#19241));
#19243=FACE_OUTER_BOUND('',#19242,.F.);
#19245=CARTESIAN_POINT('',(-1.670625E1,-6.492021273822E0,-2.E1));
#19246=DIRECTION('',(3.222637633772E-1,-9.466499177700E-1,0.E0));
#19247=DIRECTION('',(9.466499177700E-1,3.222637633772E-1,0.E0));
#19248=AXIS2_PLACEMENT_3D('',#19245,#19246,#19247);
#19249=PLANE('',#19248);
#19251=ORIENTED_EDGE('',*,*,#19250,.T.);
#19252=ORIENTED_EDGE('',*,*,#10139,.T.);
#19253=ORIENTED_EDGE('',*,*,#19237,.F.);
#19254=ORIENTED_EDGE('',*,*,#10452,.T.);
#19255=EDGE_LOOP('',(#19251,#19252,#19253,#19254));
#19256=FACE_OUTER_BOUND('',#19255,.F.);
#19258=CARTESIAN_POINT('',(-1.6628125E1,-6.465425532311E0,-2.E1));
#19259=DIRECTION('',(5.627909312417E-1,-8.265992787996E-1,0.E0));
#19260=DIRECTION('',(8.265992787996E-1,5.627909312417E-1,0.E0));
#19261=AXIS2_PLACEMENT_3D('',#19258,#19259,#19260);
#19262=PLANE('',#19261);
#19264=ORIENTED_EDGE('',*,*,#19263,.T.);
#19265=ORIENTED_EDGE('',*,*,#10141,.T.);
#19266=ORIENTED_EDGE('',*,*,#19250,.F.);
#19267=ORIENTED_EDGE('',*,*,#10450,.T.);
#19268=EDGE_LOOP('',(#19264,#19265,#19266,#19267));
#19269=FACE_OUTER_BOUND('',#19268,.F.);
#19271=CARTESIAN_POINT('',(-1.655E1,-6.412234049290E0,-2.E1));
#19272=DIRECTION('',(8.373794175671E-1,-5.466220916090E-1,0.E0));
#19273=DIRECTION('',(5.466220916090E-1,8.373794175671E-1,0.E0));
#19274=AXIS2_PLACEMENT_3D('',#19271,#19272,#19273);
#19275=PLANE('',#19274);
#19277=ORIENTED_EDGE('',*,*,#19276,.T.);
#19278=ORIENTED_EDGE('',*,*,#10143,.T.);
#19279=ORIENTED_EDGE('',*,*,#19263,.F.);
#19280=ORIENTED_EDGE('',*,*,#10448,.T.);
#19281=EDGE_LOOP('',(#19277,#19278,#19279,#19280));
#19282=FACE_OUTER_BOUND('',#19281,.F.);
#19284=CARTESIAN_POINT('',(-1.649791671634E1,-6.332446806133E0,-2.E1));
#19285=DIRECTION('',(9.506450175458E-1,-3.102805998049E-1,0.E0));
#19286=DIRECTION('',(3.102805998049E-1,9.506450175458E-1,0.E0));
#19287=AXIS2_PLACEMENT_3D('',#19284,#19285,#19286);
#19288=PLANE('',#19287);
#19290=ORIENTED_EDGE('',*,*,#19289,.T.);
#19291=ORIENTED_EDGE('',*,*,#10145,.T.);
#19292=ORIENTED_EDGE('',*,*,#19276,.F.);
#19293=ORIENTED_EDGE('',*,*,#10446,.T.);
#19294=EDGE_LOOP('',(#19290,#19291,#19292,#19293));
#19295=FACE_OUTER_BOUND('',#19294,.F.);
#19297=CARTESIAN_POINT('',(-1.6471875E1,-6.252659581602E0,-2.E1));
#19298=DIRECTION('',(1.E0,0.E0,0.E0));
#19299=DIRECTION('',(0.E0,1.E0,0.E0));
#19300=AXIS2_PLACEMENT_3D('',#19297,#19298,#19299);
#19301=PLANE('',#19300);
#19303=ORIENTED_EDGE('',*,*,#19302,.T.);
#19304=ORIENTED_EDGE('',*,*,#10147,.T.);
#19305=ORIENTED_EDGE('',*,*,#19289,.F.);
#19306=ORIENTED_EDGE('',*,*,#10444,.T.);
#19307=EDGE_LOOP('',(#19303,#19304,#19305,#19306));
#19308=FACE_OUTER_BOUND('',#19307,.F.);
#19310=CARTESIAN_POINT('',(-1.6471875E1,-6.172872357070E0,-2.E1));
#19311=DIRECTION('',(9.506450602779E-1,3.102804688813E-1,0.E0));
#19312=DIRECTION('',(-3.102804688813E-1,9.506450602779E-1,0.E0));
#19313=AXIS2_PLACEMENT_3D('',#19310,#19311,#19312);
#19314=PLANE('',#19313);
#19315=ORIENTED_EDGE('',*,*,#19070,.F.);
#19316=ORIENTED_EDGE('',*,*,#10109,.T.);
#19317=ORIENTED_EDGE('',*,*,#19302,.F.);
#19318=ORIENTED_EDGE('',*,*,#10442,.T.);
#19319=EDGE_LOOP('',(#19315,#19316,#19317,#19318));
#19320=FACE_OUTER_BOUND('',#19319,.F.);
#19323=DIRECTION('',(0.E0,-1.E0,0.E0));
#19324=VECTOR('',#19323,5.319148302078E-2);
#19325=CARTESIAN_POINT('',(-1.736979166977E1,2.526595443487E-1,-2.E1));
#19326=LINE('',#19325,#19324);
#19327=DIRECTION('',(0.E0,0.E0,-1.E0));
#19328=VECTOR('',#19327,2.000000064E-1);
#19329=CARTESIAN_POINT('',(-1.736979166977E1,2.526595443487E-1,-2.E1));
#19330=LINE('',#19329,#19328);
#19331=DIRECTION('',(0.E0,1.E0,0.E0));
#19332=VECTOR('',#19331,5.319148302078E-2);
#19333=CARTESIAN_POINT('',(-1.671875E1,1.994680613279E-1,-2.E1));
#19334=LINE('',#19333,#19332);
#19335=DIRECTION('',(0.E0,0.E0,-1.E0));
#19336=VECTOR('',#19335,2.000000064E-1);
#19337=CARTESIAN_POINT('',(-1.671875E1,1.994680613279E-1,-2.E1));
#19338=LINE('',#19337,#19336);
#19339=DIRECTION('',(-3.102795357040E-1,9.506453648566E-1,0.E0));
#19340=VECTOR('',#19339,8.392961454035E-2);
#19341=CARTESIAN_POINT('',(-1.671875E1,2.526595443487E-1,-2.E1));
#19342=LINE('',#19341,#19340);
#19343=DIRECTION('',(0.E0,0.E0,-1.E0));
#19344=VECTOR('',#19343,2.000000064E-1);
#19345=CARTESIAN_POINT('',(-1.671875E1,2.526595443487E-1,-2.E1));
#19346=LINE('',#19345,#19344);
#19347=DIRECTION('',(-5.466227293958E-1,8.373790012342E-1,0.E0));
#19348=VECTOR('',#19347,9.528209378738E-2);
#19349=CARTESIAN_POINT('',(-1.674479164183E1,3.324468433857E-1,-2.E1));
#19350=LINE('',#19349,#19348);
#19351=DIRECTION('',(0.E0,0.E0,-1.E0));
#19352=VECTOR('',#19351,2.000000064E-1);
#19353=CARTESIAN_POINT('',(-1.674479164183E1,3.324468433857E-1,-2.E1));
#19354=LINE('',#19353,#19352);
#19355=DIRECTION('',(-8.265992787996E-1,5.627909312417E-1,0.E0));
#19356=VECTOR('',#19355,9.451375291962E-2);
#19357=CARTESIAN_POINT('',(-1.6796875E1,4.122340679169E-1,-2.E1));
#19358=LINE('',#19357,#19356);
#19359=DIRECTION('',(0.E0,0.E0,-1.E0));
#19360=VECTOR('',#19359,2.000000064E-1);
#19361=CARTESIAN_POINT('',(-1.6796875E1,4.122340679169E-1,-2.E1));
#19362=LINE('',#19361,#19360);
#19363=DIRECTION('',(-9.466499177700E-1,3.222637633772E-1,0.E0));
#19364=VECTOR('',#19363,8.252786857473E-2);
#19365=CARTESIAN_POINT('',(-1.6875E1,4.654255509377E-1,-2.E1));
#19366=LINE('',#19365,#19364);
#19367=DIRECTION('',(0.E0,0.E0,-1.E0));
#19368=VECTOR('',#19367,2.000000064E-1);
#19369=CARTESIAN_POINT('',(-1.6875E1,4.654255509377E-1,-2.E1));
#19370=LINE('',#19369,#19368);
#19371=DIRECTION('',(-1.E0,0.E0,0.E0));
#19372=VECTOR('',#19371,1.822916790843E-1);
#19373=CARTESIAN_POINT('',(-1.6953125E1,4.920212924480E-1,-2.E1));
#19374=LINE('',#19373,#19372);
#19375=DIRECTION('',(0.E0,0.E0,-1.E0));
#19376=VECTOR('',#19375,2.000000064E-1);
#19377=CARTESIAN_POINT('',(-1.6953125E1,4.920212924480E-1,-2.E1));
#19378=LINE('',#19377,#19376);
#19379=DIRECTION('',(-9.466498943303E-1,-3.222638322314E-1,0.E0));
#19380=VECTOR('',#19379,8.252785094200E-2);
#19381=CARTESIAN_POINT('',(-1.713541667908E1,4.920212924480E-1,-2.E1));
#19382=LINE('',#19381,#19380);
#19383=DIRECTION('',(0.E0,0.E0,-1.E0));
#19384=VECTOR('',#19383,2.000000064E-1);
#19385=CARTESIAN_POINT('',(-1.713541667908E1,4.920212924480E-1,-2.E1));
#19386=LINE('',#19385,#19384);
#19387=DIRECTION('',(-8.265992787996E-1,-5.627909312417E-1,0.E0));
#19388=VECTOR('',#19387,9.451375291962E-2);
#19389=CARTESIAN_POINT('',(-1.721354166046E1,4.654255509377E-1,-2.E1));
#19390=LINE('',#19389,#19388);
#19391=DIRECTION('',(0.E0,0.E0,-1.E0));
#19392=VECTOR('',#19391,2.000000064E-1);
#19393=CARTESIAN_POINT('',(-1.721354166046E1,4.654255509377E-1,-2.E1));
#19394=LINE('',#19393,#19392);
#19395=DIRECTION('',(-5.466225923193E-1,-8.373790907147E-1,0.E0));
#19396=VECTOR('',#19395,9.528208360574E-2);
#19397=CARTESIAN_POINT('',(-1.729166666046E1,4.122340679169E-1,-2.E1));
#19398=LINE('',#19397,#19396);
#19399=DIRECTION('',(0.E0,0.E0,-1.E0));
#19400=VECTOR('',#19399,2.000000064E-1);
#19401=CARTESIAN_POINT('',(-1.729166666046E1,4.122340679169E-1,-2.E1));
#19402=LINE('',#19401,#19400);
#19403=DIRECTION('',(-3.102798365493E-1,-9.506452666641E-1,0.E0));
#19404=VECTOR('',#19403,8.392962320946E-2);
#19405=CARTESIAN_POINT('',(-1.734375E1,3.324468433857E-1,-2.E1));
#19406=LINE('',#19405,#19404);
#19407=DIRECTION('',(0.E0,0.E0,-1.E0));
#19408=VECTOR('',#19407,2.000000064E-1);
#19409=CARTESIAN_POINT('',(-1.734375E1,3.324468433857E-1,-2.E1));
#19410=LINE('',#19409,#19408);
#19411=DIRECTION('',(0.E0,1.E0,0.E0));
#19412=VECTOR('',#19411,5.319148302078E-2);
#19413=CARTESIAN_POINT('',(-1.671875E1,1.994680613279E-1,-2.020000000640E1));
#19414=LINE('',#19413,#19412);
#19415=DIRECTION('',(-3.102795357040E-1,9.506453648566E-1,0.E0));
#19416=VECTOR('',#19415,8.392961454035E-2);
#19417=CARTESIAN_POINT('',(-1.671875E1,2.526595443487E-1,-2.020000000640E1));
#19418=LINE('',#19417,#19416);
#19419=DIRECTION('',(-5.466227293958E-1,8.373790012342E-1,0.E0));
#19420=VECTOR('',#19419,9.528209378738E-2);
#19421=CARTESIAN_POINT('',(-1.674479164183E1,3.324468433857E-1,
-2.020000000640E1));
#19422=LINE('',#19421,#19420);
#19423=DIRECTION('',(-8.265992787996E-1,5.627909312417E-1,0.E0));
#19424=VECTOR('',#19423,9.451375291962E-2);
#19425=CARTESIAN_POINT('',(-1.6796875E1,4.122340679169E-1,-2.020000000640E1));
#19426=LINE('',#19425,#19424);
#19427=DIRECTION('',(-9.466499177700E-1,3.222637633772E-1,0.E0));
#19428=VECTOR('',#19427,8.252786857473E-2);
#19429=CARTESIAN_POINT('',(-1.6875E1,4.654255509377E-1,-2.020000000640E1));
#19430=LINE('',#19429,#19428);
#19431=DIRECTION('',(-1.E0,0.E0,0.E0));
#19432=VECTOR('',#19431,1.822916790843E-1);
#19433=CARTESIAN_POINT('',(-1.6953125E1,4.920212924480E-1,-2.020000000640E1));
#19434=LINE('',#19433,#19432);
#19435=DIRECTION('',(-9.466498943303E-1,-3.222638322314E-1,0.E0));
#19436=VECTOR('',#19435,8.252785094200E-2);
#19437=CARTESIAN_POINT('',(-1.713541667908E1,4.920212924480E-1,
-2.020000000640E1));
#19438=LINE('',#19437,#19436);
#19439=DIRECTION('',(-8.265992787996E-1,-5.627909312417E-1,0.E0));
#19440=VECTOR('',#19439,9.451375291962E-2);
#19441=CARTESIAN_POINT('',(-1.721354166046E1,4.654255509377E-1,
-2.020000000640E1));
#19442=LINE('',#19441,#19440);
#19443=DIRECTION('',(-5.466225923193E-1,-8.373790907147E-1,0.E0));
#19444=VECTOR('',#19443,9.528208360574E-2);
#19445=CARTESIAN_POINT('',(-1.729166666046E1,4.122340679169E-1,
-2.020000000640E1));
#19446=LINE('',#19445,#19444);
#19447=DIRECTION('',(-3.102798365493E-1,-9.506452666641E-1,0.E0));
#19448=VECTOR('',#19447,8.392962320946E-2);
#19449=CARTESIAN_POINT('',(-1.734375E1,3.324468433857E-1,-2.020000000640E1));
#19450=LINE('',#19449,#19448);
#19451=DIRECTION('',(0.E0,-1.E0,0.E0));
#19452=VECTOR('',#19451,5.319148302078E-2);
#19453=CARTESIAN_POINT('',(-1.736979166977E1,2.526595443487E-1,
-2.020000000640E1));
#19454=LINE('',#19453,#19452);
#19455=DIRECTION('',(3.102800983961E-1,-9.506451812003E-1,0.E0));
#19456=VECTOR('',#19455,8.392955238087E-2);
#19457=CARTESIAN_POINT('',(-1.736979166977E1,1.994680613279E-1,
-2.020000000640E1));
#19458=LINE('',#19457,#19456);
#19459=DIRECTION('',(5.466225923193E-1,-8.373790907147E-1,0.E0));
#19460=VECTOR('',#19459,9.528208360574E-2);
#19461=CARTESIAN_POINT('',(-1.734375E1,1.196808367968E-1,-2.020000000640E1));
#19462=LINE('',#19461,#19460);
#19463=DIRECTION('',(8.265992787996E-1,-5.627909312417E-1,0.E0));
#19464=VECTOR('',#19463,9.451375291962E-2);
#19465=CARTESIAN_POINT('',(-1.729166666046E1,3.989361226559E-2,
-2.020000000640E1));
#19466=LINE('',#19465,#19464);
#19467=DIRECTION('',(9.466498943303E-1,-3.222638322314E-1,0.E0));
#19468=VECTOR('',#19467,8.252785094200E-2);
#19469=CARTESIAN_POINT('',(-1.721354166046E1,-1.329787075520E-2,
-2.020000000640E1));
#19470=LINE('',#19469,#19468);
#19471=DIRECTION('',(1.E0,0.E0,0.E0));
#19472=VECTOR('',#19471,1.822916790843E-1);
#19473=CARTESIAN_POINT('',(-1.713541667908E1,-3.989361226559E-2,
-2.020000000640E1));
#19474=LINE('',#19473,#19472);
#19475=DIRECTION('',(9.466499177700E-1,3.222637633772E-1,0.E0));
#19476=VECTOR('',#19475,8.252786857473E-2);
#19477=CARTESIAN_POINT('',(-1.6953125E1,-3.989361226559E-2,-2.020000000640E1));
#19478=LINE('',#19477,#19476);
#19479=DIRECTION('',(8.265992787996E-1,5.627909312417E-1,0.E0));
#19480=VECTOR('',#19479,9.451375291962E-2);
#19481=CARTESIAN_POINT('',(-1.6875E1,-1.329787075520E-2,-2.020000000640E1));
#19482=LINE('',#19481,#19480);
#19483=DIRECTION('',(5.466227293958E-1,8.373790012342E-1,0.E0));
#19484=VECTOR('',#19483,9.528209378738E-2);
#19485=CARTESIAN_POINT('',(-1.6796875E1,3.989361226559E-2,-2.020000000640E1));
#19486=LINE('',#19485,#19484);
#19487=DIRECTION('',(3.102797975506E-1,9.506452793929E-1,0.E0));
#19488=VECTOR('',#19487,8.392954371175E-2);
#19489=CARTESIAN_POINT('',(-1.674479164183E1,1.196808367968E-1,
-2.020000000640E1));
#19490=LINE('',#19489,#19488);
#19491=DIRECTION('',(3.102800983961E-1,-9.506451812003E-1,0.E0));
#19492=VECTOR('',#19491,8.392955238087E-2);
#19493=CARTESIAN_POINT('',(-1.736979166977E1,1.994680613279E-1,-2.E1));
#19494=LINE('',#19493,#19492);
#19495=DIRECTION('',(0.E0,0.E0,-1.E0));
#19496=VECTOR('',#19495,2.000000064E-1);
#19497=CARTESIAN_POINT('',(-1.736979166977E1,1.994680613279E-1,-2.E1));
#19498=LINE('',#19497,#19496);
#19499=DIRECTION('',(5.466225923193E-1,-8.373790907147E-1,0.E0));
#19500=VECTOR('',#19499,9.528208360574E-2);
#19501=CARTESIAN_POINT('',(-1.734375E1,1.196808367968E-1,-2.E1));
#19502=LINE('',#19501,#19500);
#19503=DIRECTION('',(0.E0,0.E0,-1.E0));
#19504=VECTOR('',#19503,2.000000064E-1);
#19505=CARTESIAN_POINT('',(-1.734375E1,1.196808367968E-1,-2.E1));
#19506=LINE('',#19505,#19504);
#19507=DIRECTION('',(8.265992787996E-1,-5.627909312417E-1,0.E0));
#19508=VECTOR('',#19507,9.451375291962E-2);
#19509=CARTESIAN_POINT('',(-1.729166666046E1,3.989361226559E-2,-2.E1));
#19510=LINE('',#19509,#19508);
#19511=DIRECTION('',(0.E0,0.E0,-1.E0));
#19512=VECTOR('',#19511,2.000000064E-1);
#19513=CARTESIAN_POINT('',(-1.729166666046E1,3.989361226559E-2,-2.E1));
#19514=LINE('',#19513,#19512);
#19515=DIRECTION('',(9.466498943303E-1,-3.222638322314E-1,0.E0));
#19516=VECTOR('',#19515,8.252785094200E-2);
#19517=CARTESIAN_POINT('',(-1.721354166046E1,-1.329787075520E-2,-2.E1));
#19518=LINE('',#19517,#19516);
#19519=DIRECTION('',(0.E0,0.E0,-1.E0));
#19520=VECTOR('',#19519,2.000000064E-1);
#19521=CARTESIAN_POINT('',(-1.721354166046E1,-1.329787075520E-2,-2.E1));
#19522=LINE('',#19521,#19520);
#19523=DIRECTION('',(1.E0,0.E0,0.E0));
#19524=VECTOR('',#19523,1.822916790843E-1);
#19525=CARTESIAN_POINT('',(-1.713541667908E1,-3.989361226559E-2,-2.E1));
#19526=LINE('',#19525,#19524);
#19527=DIRECTION('',(0.E0,0.E0,-1.E0));
#19528=VECTOR('',#19527,2.000000064E-1);
#19529=CARTESIAN_POINT('',(-1.713541667908E1,-3.989361226559E-2,-2.E1));
#19530=LINE('',#19529,#19528);
#19531=DIRECTION('',(9.466499177700E-1,3.222637633772E-1,0.E0));
#19532=VECTOR('',#19531,8.252786857473E-2);
#19533=CARTESIAN_POINT('',(-1.6953125E1,-3.989361226559E-2,-2.E1));
#19534=LINE('',#19533,#19532);
#19535=DIRECTION('',(0.E0,0.E0,-1.E0));
#19536=VECTOR('',#19535,2.000000064E-1);
#19537=CARTESIAN_POINT('',(-1.6953125E1,-3.989361226559E-2,-2.E1));
#19538=LINE('',#19537,#19536);
#19539=DIRECTION('',(8.265992787996E-1,5.627909312417E-1,0.E0));
#19540=VECTOR('',#19539,9.451375291962E-2);
#19541=CARTESIAN_POINT('',(-1.6875E1,-1.329787075520E-2,-2.E1));
#19542=LINE('',#19541,#19540);
#19543=DIRECTION('',(0.E0,0.E0,-1.E0));
#19544=VECTOR('',#19543,2.000000064E-1);
#19545=CARTESIAN_POINT('',(-1.6875E1,-1.329787075520E-2,-2.E1));
#19546=LINE('',#19545,#19544);
#19547=DIRECTION('',(5.466227293958E-1,8.373790012342E-1,0.E0));
#19548=VECTOR('',#19547,9.528209378738E-2);
#19549=CARTESIAN_POINT('',(-1.6796875E1,3.989361226559E-2,-2.E1));
#19550=LINE('',#19549,#19548);
#19551=DIRECTION('',(0.E0,0.E0,-1.E0));
#19552=VECTOR('',#19551,2.000000064E-1);
#19553=CARTESIAN_POINT('',(-1.6796875E1,3.989361226559E-2,-2.E1));
#19554=LINE('',#19553,#19552);
#19555=DIRECTION('',(3.102797975506E-1,9.506452793929E-1,0.E0));
#19556=VECTOR('',#19555,8.392954371175E-2);
#19557=CARTESIAN_POINT('',(-1.674479164183E1,1.196808367968E-1,-2.E1));
#19558=LINE('',#19557,#19556);
#19559=DIRECTION('',(0.E0,0.E0,-1.E0));
#19560=VECTOR('',#19559,2.000000064E-1);
#19561=CARTESIAN_POINT('',(-1.674479164183E1,1.196808367968E-1,-2.E1));
#19562=LINE('',#19561,#19560);
#19563=CARTESIAN_POINT('',(-1.671875E1,1.994680613279E-1,-2.020000000640E1));
#19564=CARTESIAN_POINT('',(-1.671875E1,2.526595443487E-1,-2.020000000640E1));
#19565=VERTEX_POINT('',#19563);
#19566=VERTEX_POINT('',#19564);
#19567=CARTESIAN_POINT('',(-1.674479164183E1,3.324468433857E-1,
-2.020000000640E1));
#19568=VERTEX_POINT('',#19567);
#19569=CARTESIAN_POINT('',(-1.6796875E1,4.122340679169E-1,-2.020000000640E1));
#19570=VERTEX_POINT('',#19569);
#19571=CARTESIAN_POINT('',(-1.6875E1,4.654255509377E-1,-2.020000000640E1));
#19572=VERTEX_POINT('',#19571);
#19573=CARTESIAN_POINT('',(-1.6953125E1,4.920212924480E-1,-2.020000000640E1));
#19574=VERTEX_POINT('',#19573);
#19575=CARTESIAN_POINT('',(-1.713541667908E1,4.920212924480E-1,
-2.020000000640E1));
#19576=VERTEX_POINT('',#19575);
#19577=CARTESIAN_POINT('',(-1.721354166046E1,4.654255509377E-1,
-2.020000000640E1));
#19578=VERTEX_POINT('',#19577);
#19579=CARTESIAN_POINT('',(-1.729166666046E1,4.122340679169E-1,
-2.020000000640E1));
#19580=VERTEX_POINT('',#19579);
#19581=CARTESIAN_POINT('',(-1.734375E1,3.324468433857E-1,-2.020000000640E1));
#19582=VERTEX_POINT('',#19581);
#19583=CARTESIAN_POINT('',(-1.736979166977E1,2.526595443487E-1,
-2.020000000640E1));
#19584=VERTEX_POINT('',#19583);
#19585=CARTESIAN_POINT('',(-1.736979166977E1,1.994680613279E-1,
-2.020000000640E1));
#19586=VERTEX_POINT('',#19585);
#19587=CARTESIAN_POINT('',(-1.734375E1,1.196808367968E-1,-2.020000000640E1));
#19588=VERTEX_POINT('',#19587);
#19589=CARTESIAN_POINT('',(-1.729166666046E1,3.989361226559E-2,
-2.020000000640E1));
#19590=VERTEX_POINT('',#19589);
#19591=CARTESIAN_POINT('',(-1.721354166046E1,-1.329787075520E-2,
-2.020000000640E1));
#19592=VERTEX_POINT('',#19591);
#19593=CARTESIAN_POINT('',(-1.713541667908E1,-3.989361226559E-2,
-2.020000000640E1));
#19594=VERTEX_POINT('',#19593);
#19595=CARTESIAN_POINT('',(-1.6953125E1,-3.989361226559E-2,-2.020000000640E1));
#19596=VERTEX_POINT('',#19595);
#19597=CARTESIAN_POINT('',(-1.6875E1,-1.329787075520E-2,-2.020000000640E1));
#19598=VERTEX_POINT('',#19597);
#19599=CARTESIAN_POINT('',(-1.6796875E1,3.989361226559E-2,-2.020000000640E1));
#19600=VERTEX_POINT('',#19599);
#19601=CARTESIAN_POINT('',(-1.674479164183E1,1.196808367968E-1,
-2.020000000640E1));
#19602=VERTEX_POINT('',#19601);
#19603=CARTESIAN_POINT('',(-1.671875E1,1.994680613279E-1,-2.E1));
#19604=CARTESIAN_POINT('',(-1.671875E1,2.526595443487E-1,-2.E1));
#19605=VERTEX_POINT('',#19603);
#19606=VERTEX_POINT('',#19604);
#19607=CARTESIAN_POINT('',(-1.674479164183E1,3.324468433857E-1,-2.E1));
#19608=VERTEX_POINT('',#19607);
#19609=CARTESIAN_POINT('',(-1.6796875E1,4.122340679169E-1,-2.E1));
#19610=VERTEX_POINT('',#19609);
#19611=CARTESIAN_POINT('',(-1.6875E1,4.654255509377E-1,-2.E1));
#19612=VERTEX_POINT('',#19611);
#19613=CARTESIAN_POINT('',(-1.6953125E1,4.920212924480E-1,-2.E1));
#19614=VERTEX_POINT('',#19613);
#19615=CARTESIAN_POINT('',(-1.713541667908E1,4.920212924480E-1,-2.E1));
#19616=VERTEX_POINT('',#19615);
#19617=CARTESIAN_POINT('',(-1.721354166046E1,4.654255509377E-1,-2.E1));
#19618=VERTEX_POINT('',#19617);
#19619=CARTESIAN_POINT('',(-1.729166666046E1,4.122340679169E-1,-2.E1));
#19620=VERTEX_POINT('',#19619);
#19621=CARTESIAN_POINT('',(-1.734375E1,3.324468433857E-1,-2.E1));
#19622=VERTEX_POINT('',#19621);
#19623=CARTESIAN_POINT('',(-1.736979166977E1,2.526595443487E-1,-2.E1));
#19624=VERTEX_POINT('',#19623);
#19625=CARTESIAN_POINT('',(-1.736979166977E1,1.994680613279E-1,-2.E1));
#19626=VERTEX_POINT('',#19625);
#19627=CARTESIAN_POINT('',(-1.734375E1,1.196808367968E-1,-2.E1));
#19628=VERTEX_POINT('',#19627);
#19629=CARTESIAN_POINT('',(-1.729166666046E1,3.989361226559E-2,-2.E1));
#19630=VERTEX_POINT('',#19629);
#19631=CARTESIAN_POINT('',(-1.721354166046E1,-1.329787075520E-2,-2.E1));
#19632=VERTEX_POINT('',#19631);
#19633=CARTESIAN_POINT('',(-1.713541667908E1,-3.989361226559E-2,-2.E1));
#19634=VERTEX_POINT('',#19633);
#19635=CARTESIAN_POINT('',(-1.6953125E1,-3.989361226559E-2,-2.E1));
#19636=VERTEX_POINT('',#19635);
#19637=CARTESIAN_POINT('',(-1.6875E1,-1.329787075520E-2,-2.E1));
#19638=VERTEX_POINT('',#19637);
#19639=CARTESIAN_POINT('',(-1.6796875E1,3.989361226559E-2,-2.E1));
#19640=VERTEX_POINT('',#19639);
#19641=CARTESIAN_POINT('',(-1.674479164183E1,1.196808367968E-1,-2.E1));
#19642=VERTEX_POINT('',#19641);
#19643=CARTESIAN_POINT('',(-1.736979166977E1,2.526595443487E-1,-2.E1));
#19644=DIRECTION('',(-1.E0,0.E0,0.E0));
#19645=DIRECTION('',(0.E0,-1.E0,0.E0));
#19646=AXIS2_PLACEMENT_3D('',#19643,#19644,#19645);
#19647=PLANE('',#19646);
#19649=ORIENTED_EDGE('',*,*,#19648,.T.);
#19651=ORIENTED_EDGE('',*,*,#19650,.T.);
#19653=ORIENTED_EDGE('',*,*,#19652,.F.);
#19655=ORIENTED_EDGE('',*,*,#19654,.F.);
#19656=EDGE_LOOP('',(#19649,#19651,#19653,#19655));
#19657=FACE_OUTER_BOUND('',#19656,.F.);
#19659=CARTESIAN_POINT('',(0.E0,0.E0,-2.E1));
#19660=DIRECTION('',(0.E0,0.E0,1.E0));
#19661=DIRECTION('',(1.E0,0.E0,0.E0));
#19662=AXIS2_PLACEMENT_3D('',#19659,#19660,#19661);
#19663=PLANE('',#19662);
#19665=ORIENTED_EDGE('',*,*,#19664,.F.);
#19667=ORIENTED_EDGE('',*,*,#19666,.F.);
#19669=ORIENTED_EDGE('',*,*,#19668,.F.);
#19671=ORIENTED_EDGE('',*,*,#19670,.F.);
#19673=ORIENTED_EDGE('',*,*,#19672,.F.);
#19675=ORIENTED_EDGE('',*,*,#19674,.F.);
#19677=ORIENTED_EDGE('',*,*,#19676,.F.);
#19679=ORIENTED_EDGE('',*,*,#19678,.F.);
#19681=ORIENTED_EDGE('',*,*,#19680,.F.);
#19683=ORIENTED_EDGE('',*,*,#19682,.F.);
#19684=ORIENTED_EDGE('',*,*,#19648,.F.);
#19686=ORIENTED_EDGE('',*,*,#19685,.F.);
#19688=ORIENTED_EDGE('',*,*,#19687,.F.);
#19690=ORIENTED_EDGE('',*,*,#19689,.F.);
#19692=ORIENTED_EDGE('',*,*,#19691,.F.);
#19694=ORIENTED_EDGE('',*,*,#19693,.F.);
#19696=ORIENTED_EDGE('',*,*,#19695,.F.);
#19698=ORIENTED_EDGE('',*,*,#19697,.F.);
#19700=ORIENTED_EDGE('',*,*,#19699,.F.);
#19702=ORIENTED_EDGE('',*,*,#19701,.F.);
#19703=EDGE_LOOP('',(#19665,#19667,#19669,#19671,#19673,#19675,#19677,#19679,
#19681,#19683,#19684,#19686,#19688,#19690,#19692,#19694,#19696,#19698,#19700,
#19702));
#19704=FACE_OUTER_BOUND('',#19703,.F.);
#19706=CARTESIAN_POINT('',(-1.671875E1,1.994680613279E-1,-2.E1));
#19707=DIRECTION('',(1.E0,0.E0,0.E0));
#19708=DIRECTION('',(0.E0,1.E0,0.E0));
#19709=AXIS2_PLACEMENT_3D('',#19706,#19707,#19708);
#19710=PLANE('',#19709);
#19711=ORIENTED_EDGE('',*,*,#19664,.T.);
#19713=ORIENTED_EDGE('',*,*,#19712,.T.);
#19715=ORIENTED_EDGE('',*,*,#19714,.F.);
#19717=ORIENTED_EDGE('',*,*,#19716,.F.);
#19718=EDGE_LOOP('',(#19711,#19713,#19715,#19717));
#19719=FACE_OUTER_BOUND('',#19718,.F.);
#19721=CARTESIAN_POINT('',(-1.671875E1,2.526595443487E-1,-2.E1));
#19722=DIRECTION('',(9.506453648566E-1,3.102795357040E-1,0.E0));
#19723=DIRECTION('',(-3.102795357040E-1,9.506453648566E-1,0.E0));
#19724=AXIS2_PLACEMENT_3D('',#19721,#19722,#19723);
#19725=PLANE('',#19724);
#19726=ORIENTED_EDGE('',*,*,#19701,.T.);
#19728=ORIENTED_EDGE('',*,*,#19727,.T.);
#19730=ORIENTED_EDGE('',*,*,#19729,.F.);
#19731=ORIENTED_EDGE('',*,*,#19712,.F.);
#19732=EDGE_LOOP('',(#19726,#19728,#19730,#19731));
#19733=FACE_OUTER_BOUND('',#19732,.F.);
#19735=CARTESIAN_POINT('',(-1.674479164183E1,3.324468433857E-1,-2.E1));
#19736=DIRECTION('',(8.373790012342E-1,5.466227293958E-1,0.E0));
#19737=DIRECTION('',(-5.466227293958E-1,8.373790012342E-1,0.E0));
#19738=AXIS2_PLACEMENT_3D('',#19735,#19736,#19737);
#19739=PLANE('',#19738);
#19740=ORIENTED_EDGE('',*,*,#19699,.T.);
#19742=ORIENTED_EDGE('',*,*,#19741,.T.);
#19744=ORIENTED_EDGE('',*,*,#19743,.F.);
#19745=ORIENTED_EDGE('',*,*,#19727,.F.);
#19746=EDGE_LOOP('',(#19740,#19742,#19744,#19745));
#19747=FACE_OUTER_BOUND('',#19746,.F.);
#19749=CARTESIAN_POINT('',(-1.6796875E1,4.122340679169E-1,-2.E1));
#19750=DIRECTION('',(5.627909312417E-1,8.265992787996E-1,0.E0));
#19751=DIRECTION('',(-8.265992787996E-1,5.627909312417E-1,0.E0));
#19752=AXIS2_PLACEMENT_3D('',#19749,#19750,#19751);
#19753=PLANE('',#19752);
#19754=ORIENTED_EDGE('',*,*,#19697,.T.);
#19756=ORIENTED_EDGE('',*,*,#19755,.T.);
#19758=ORIENTED_EDGE('',*,*,#19757,.F.);
#19759=ORIENTED_EDGE('',*,*,#19741,.F.);
#19760=EDGE_LOOP('',(#19754,#19756,#19758,#19759));
#19761=FACE_OUTER_BOUND('',#19760,.F.);
#19763=CARTESIAN_POINT('',(-1.6875E1,4.654255509377E-1,-2.E1));
#19764=DIRECTION('',(3.222637633772E-1,9.466499177700E-1,0.E0));
#19765=DIRECTION('',(-9.466499177700E-1,3.222637633772E-1,0.E0));
#19766=AXIS2_PLACEMENT_3D('',#19763,#19764,#19765);
#19767=PLANE('',#19766);
#19768=ORIENTED_EDGE('',*,*,#19695,.T.);
#19770=ORIENTED_EDGE('',*,*,#19769,.T.);
#19772=ORIENTED_EDGE('',*,*,#19771,.F.);
#19773=ORIENTED_EDGE('',*,*,#19755,.F.);
#19774=EDGE_LOOP('',(#19768,#19770,#19772,#19773));
#19775=FACE_OUTER_BOUND('',#19774,.F.);
#19777=CARTESIAN_POINT('',(-1.6953125E1,4.920212924480E-1,-2.E1));
#19778=DIRECTION('',(0.E0,1.E0,0.E0));
#19779=DIRECTION('',(-1.E0,0.E0,0.E0));
#19780=AXIS2_PLACEMENT_3D('',#19777,#19778,#19779);
#19781=PLANE('',#19780);
#19782=ORIENTED_EDGE('',*,*,#19693,.T.);
#19784=ORIENTED_EDGE('',*,*,#19783,.T.);
#19786=ORIENTED_EDGE('',*,*,#19785,.F.);
#19787=ORIENTED_EDGE('',*,*,#19769,.F.);
#19788=EDGE_LOOP('',(#19782,#19784,#19786,#19787));
#19789=FACE_OUTER_BOUND('',#19788,.F.);
#19791=CARTESIAN_POINT('',(-1.713541667908E1,4.920212924480E-1,-2.E1));
#19792=DIRECTION('',(-3.222638322314E-1,9.466498943303E-1,0.E0));
#19793=DIRECTION('',(-9.466498943303E-1,-3.222638322314E-1,0.E0));
#19794=AXIS2_PLACEMENT_3D('',#19791,#19792,#19793);
#19795=PLANE('',#19794);
#19796=ORIENTED_EDGE('',*,*,#19691,.T.);
#19798=ORIENTED_EDGE('',*,*,#19797,.T.);
#19800=ORIENTED_EDGE('',*,*,#19799,.F.);
#19801=ORIENTED_EDGE('',*,*,#19783,.F.);
#19802=EDGE_LOOP('',(#19796,#19798,#19800,#19801));
#19803=FACE_OUTER_BOUND('',#19802,.F.);
#19805=CARTESIAN_POINT('',(-1.721354166046E1,4.654255509377E-1,-2.E1));
#19806=DIRECTION('',(-5.627909312417E-1,8.265992787996E-1,0.E0));
#19807=DIRECTION('',(-8.265992787996E-1,-5.627909312417E-1,0.E0));
#19808=AXIS2_PLACEMENT_3D('',#19805,#19806,#19807);
#19809=PLANE('',#19808);
#19810=ORIENTED_EDGE('',*,*,#19689,.T.);
#19812=ORIENTED_EDGE('',*,*,#19811,.T.);
#19814=ORIENTED_EDGE('',*,*,#19813,.F.);
#19815=ORIENTED_EDGE('',*,*,#19797,.F.);
#19816=EDGE_LOOP('',(#19810,#19812,#19814,#19815));
#19817=FACE_OUTER_BOUND('',#19816,.F.);
#19819=CARTESIAN_POINT('',(-1.729166666046E1,4.122340679169E-1,-2.E1));
#19820=DIRECTION('',(-8.373790907147E-1,5.466225923193E-1,0.E0));
#19821=DIRECTION('',(-5.466225923193E-1,-8.373790907147E-1,0.E0));
#19822=AXIS2_PLACEMENT_3D('',#19819,#19820,#19821);
#19823=PLANE('',#19822);
#19824=ORIENTED_EDGE('',*,*,#19687,.T.);
#19826=ORIENTED_EDGE('',*,*,#19825,.T.);
#19828=ORIENTED_EDGE('',*,*,#19827,.F.);
#19829=ORIENTED_EDGE('',*,*,#19811,.F.);
#19830=EDGE_LOOP('',(#19824,#19826,#19828,#19829));
#19831=FACE_OUTER_BOUND('',#19830,.F.);
#19833=CARTESIAN_POINT('',(-1.734375E1,3.324468433857E-1,-2.E1));
#19834=DIRECTION('',(-9.506452666641E-1,3.102798365493E-1,0.E0));
#19835=DIRECTION('',(-3.102798365493E-1,-9.506452666641E-1,0.E0));
#19836=AXIS2_PLACEMENT_3D('',#19833,#19834,#19835);
#19837=PLANE('',#19836);
#19838=ORIENTED_EDGE('',*,*,#19685,.T.);
#19839=ORIENTED_EDGE('',*,*,#19654,.T.);
#19841=ORIENTED_EDGE('',*,*,#19840,.F.);
#19842=ORIENTED_EDGE('',*,*,#19825,.F.);
#19843=EDGE_LOOP('',(#19838,#19839,#19841,#19842));
#19844=FACE_OUTER_BOUND('',#19843,.F.);
#19846=CARTESIAN_POINT('',(0.E0,0.E0,-2.020000000640E1));
#19847=DIRECTION('',(0.E0,0.E0,1.E0));
#19848=DIRECTION('',(1.E0,0.E0,0.E0));
#19849=AXIS2_PLACEMENT_3D('',#19846,#19847,#19848);
#19850=PLANE('',#19849);
#19851=ORIENTED_EDGE('',*,*,#19714,.T.);
#19852=ORIENTED_EDGE('',*,*,#19729,.T.);
#19853=ORIENTED_EDGE('',*,*,#19743,.T.);
#19854=ORIENTED_EDGE('',*,*,#19757,.T.);
#19855=ORIENTED_EDGE('',*,*,#19771,.T.);
#19856=ORIENTED_EDGE('',*,*,#19785,.T.);
#19857=ORIENTED_EDGE('',*,*,#19799,.T.);
#19858=ORIENTED_EDGE('',*,*,#19813,.T.);
#19859=ORIENTED_EDGE('',*,*,#19827,.T.);
#19860=ORIENTED_EDGE('',*,*,#19840,.T.);
#19861=ORIENTED_EDGE('',*,*,#19652,.T.);
#19863=ORIENTED_EDGE('',*,*,#19862,.T.);
#19865=ORIENTED_EDGE('',*,*,#19864,.T.);
#19867=ORIENTED_EDGE('',*,*,#19866,.T.);
#19869=ORIENTED_EDGE('',*,*,#19868,.T.);
#19871=ORIENTED_EDGE('',*,*,#19870,.T.);
#19873=ORIENTED_EDGE('',*,*,#19872,.T.);
#19875=ORIENTED_EDGE('',*,*,#19874,.T.);
#19877=ORIENTED_EDGE('',*,*,#19876,.T.);
#19879=ORIENTED_EDGE('',*,*,#19878,.T.);
#19880=EDGE_LOOP('',(#19851,#19852,#19853,#19854,#19855,#19856,#19857,#19858,
#19859,#19860,#19861,#19863,#19865,#19867,#19869,#19871,#19873,#19875,#19877,
#19879));
#19881=FACE_OUTER_BOUND('',#19880,.F.);
#19883=CARTESIAN_POINT('',(-1.736979166977E1,1.994680613279E-1,-2.E1));
#19884=DIRECTION('',(-9.506451812003E-1,-3.102800983961E-1,0.E0));
#19885=DIRECTION('',(3.102800983961E-1,-9.506451812003E-1,0.E0));
#19886=AXIS2_PLACEMENT_3D('',#19883,#19884,#19885);
#19887=PLANE('',#19886);
#19888=ORIENTED_EDGE('',*,*,#19682,.T.);
#19890=ORIENTED_EDGE('',*,*,#19889,.T.);
#19891=ORIENTED_EDGE('',*,*,#19862,.F.);
#19892=ORIENTED_EDGE('',*,*,#19650,.F.);
#19893=EDGE_LOOP('',(#19888,#19890,#19891,#19892));
#19894=FACE_OUTER_BOUND('',#19893,.F.);
#19896=CARTESIAN_POINT('',(-1.734375E1,1.196808367968E-1,-2.E1));
#19897=DIRECTION('',(-8.373790907147E-1,-5.466225923193E-1,0.E0));
#19898=DIRECTION('',(5.466225923193E-1,-8.373790907147E-1,0.E0));
#19899=AXIS2_PLACEMENT_3D('',#19896,#19897,#19898);
#19900=PLANE('',#19899);
#19901=ORIENTED_EDGE('',*,*,#19680,.T.);
#19903=ORIENTED_EDGE('',*,*,#19902,.T.);
#19904=ORIENTED_EDGE('',*,*,#19864,.F.);
#19905=ORIENTED_EDGE('',*,*,#19889,.F.);
#19906=EDGE_LOOP('',(#19901,#19903,#19904,#19905));
#19907=FACE_OUTER_BOUND('',#19906,.F.);
#19909=CARTESIAN_POINT('',(-1.729166666046E1,3.989361226559E-2,-2.E1));
#19910=DIRECTION('',(-5.627909312417E-1,-8.265992787996E-1,0.E0));
#19911=DIRECTION('',(8.265992787996E-1,-5.627909312417E-1,0.E0));
#19912=AXIS2_PLACEMENT_3D('',#19909,#19910,#19911);
#19913=PLANE('',#19912);
#19914=ORIENTED_EDGE('',*,*,#19678,.T.);
#19916=ORIENTED_EDGE('',*,*,#19915,.T.);
#19917=ORIENTED_EDGE('',*,*,#19866,.F.);
#19918=ORIENTED_EDGE('',*,*,#19902,.F.);
#19919=EDGE_LOOP('',(#19914,#19916,#19917,#19918));
#19920=FACE_OUTER_BOUND('',#19919,.F.);
#19922=CARTESIAN_POINT('',(-1.721354166046E1,-1.329787075520E-2,-2.E1));
#19923=DIRECTION('',(-3.222638322314E-1,-9.466498943303E-1,0.E0));
#19924=DIRECTION('',(9.466498943303E-1,-3.222638322314E-1,0.E0));
#19925=AXIS2_PLACEMENT_3D('',#19922,#19923,#19924);
#19926=PLANE('',#19925);
#19927=ORIENTED_EDGE('',*,*,#19676,.T.);
#19929=ORIENTED_EDGE('',*,*,#19928,.T.);
#19930=ORIENTED_EDGE('',*,*,#19868,.F.);
#19931=ORIENTED_EDGE('',*,*,#19915,.F.);
#19932=EDGE_LOOP('',(#19927,#19929,#19930,#19931));
#19933=FACE_OUTER_BOUND('',#19932,.F.);
#19935=CARTESIAN_POINT('',(-1.713541667908E1,-3.989361226559E-2,-2.E1));
#19936=DIRECTION('',(0.E0,-1.E0,0.E0));
#19937=DIRECTION('',(1.E0,0.E0,0.E0));
#19938=AXIS2_PLACEMENT_3D('',#19935,#19936,#19937);
#19939=PLANE('',#19938);
#19940=ORIENTED_EDGE('',*,*,#19674,.T.);
#19942=ORIENTED_EDGE('',*,*,#19941,.T.);
#19943=ORIENTED_EDGE('',*,*,#19870,.F.);
#19944=ORIENTED_EDGE('',*,*,#19928,.F.);
#19945=EDGE_LOOP('',(#19940,#19942,#19943,#19944));
#19946=FACE_OUTER_BOUND('',#19945,.F.);
#19948=CARTESIAN_POINT('',(-1.6953125E1,-3.989361226559E-2,-2.E1));
#19949=DIRECTION('',(3.222637633772E-1,-9.466499177700E-1,0.E0));
#19950=DIRECTION('',(9.466499177700E-1,3.222637633772E-1,0.E0));
#19951=AXIS2_PLACEMENT_3D('',#19948,#19949,#19950);
#19952=PLANE('',#19951);
#19953=ORIENTED_EDGE('',*,*,#19672,.T.);
#19955=ORIENTED_EDGE('',*,*,#19954,.T.);
#19956=ORIENTED_EDGE('',*,*,#19872,.F.);
#19957=ORIENTED_EDGE('',*,*,#19941,.F.);
#19958=EDGE_LOOP('',(#19953,#19955,#19956,#19957));
#19959=FACE_OUTER_BOUND('',#19958,.F.);
#19961=CARTESIAN_POINT('',(-1.6875E1,-1.329787075520E-2,-2.E1));
#19962=DIRECTION('',(5.627909312417E-1,-8.265992787996E-1,0.E0));
#19963=DIRECTION('',(8.265992787996E-1,5.627909312417E-1,0.E0));
#19964=AXIS2_PLACEMENT_3D('',#19961,#19962,#19963);
#19965=PLANE('',#19964);
#19966=ORIENTED_EDGE('',*,*,#19670,.T.);
#19968=ORIENTED_EDGE('',*,*,#19967,.T.);
#19969=ORIENTED_EDGE('',*,*,#19874,.F.);
#19970=ORIENTED_EDGE('',*,*,#19954,.F.);
#19971=EDGE_LOOP('',(#19966,#19968,#19969,#19970));
#19972=FACE_OUTER_BOUND('',#19971,.F.);
#19974=CARTESIAN_POINT('',(-1.6796875E1,3.989361226559E-2,-2.E1));
#19975=DIRECTION('',(8.373790012342E-1,-5.466227293958E-1,0.E0));
#19976=DIRECTION('',(5.466227293958E-1,8.373790012342E-1,0.E0));
#19977=AXIS2_PLACEMENT_3D('',#19974,#19975,#19976);
#19978=PLANE('',#19977);
#19979=ORIENTED_EDGE('',*,*,#19668,.T.);
#19981=ORIENTED_EDGE('',*,*,#19980,.T.);
#19982=ORIENTED_EDGE('',*,*,#19876,.F.);
#19983=ORIENTED_EDGE('',*,*,#19967,.F.);
#19984=EDGE_LOOP('',(#19979,#19981,#19982,#19983));
#19985=FACE_OUTER_BOUND('',#19984,.F.);
#19987=CARTESIAN_POINT('',(-1.674479164183E1,1.196808367968E-1,-2.E1));
#19988=DIRECTION('',(9.506452793929E-1,-3.102797975506E-1,0.E0));
#19989=DIRECTION('',(3.102797975506E-1,9.506452793929E-1,0.E0));
#19990=AXIS2_PLACEMENT_3D('',#19987,#19988,#19989);
#19991=PLANE('',#19990);
#19992=ORIENTED_EDGE('',*,*,#19666,.T.);
#19993=ORIENTED_EDGE('',*,*,#19716,.T.);
#19994=ORIENTED_EDGE('',*,*,#19878,.F.);
#19995=ORIENTED_EDGE('',*,*,#19980,.F.);
#19996=EDGE_LOOP('',(#19992,#19993,#19994,#19995));
#19997=FACE_OUTER_BOUND('',#19996,.F.);
#20000=ORIENTED_CLOSED_SHELL('',*,#19999,.F.);
#20004=PLANE_ANGLE_MEASURE_WITH_UNIT(PLANE_ANGLE_MEASURE(1.745329251994E-2),
#20003);
#20005=(CONVERSION_BASED_UNIT('DEGREE',#20004)NAMED_UNIT(*)PLANE_ANGLE_UNIT());
#20007=UNCERTAINTY_MEASURE_WITH_UNIT(LENGTH_MEASURE(7.858919451447E-3),#20002,
'distance_accuracy_value',
'Maximum model space distance between geometric entities at asserted connectivities');
#20010=APPLICATION_CONTEXT('automotive_design');
#20011=APPLICATION_PROTOCOL_DEFINITION('international standard',
'automotive_design',2001,#20010);
#20012=PRODUCT_DEFINITION_CONTEXT('part definition',#20010,'design');
#20013=PRODUCT_CONTEXT('',#20010,'mechanical');
#20014=PRODUCT('C-776200-1','C-776200-1','NOT SPECIFIED',(#20013));
#20015=PRODUCT_DEFINITION_FORMATION('1','LAST_VERSION',#20014);
#20023=DERIVED_UNIT_ELEMENT(#20022,2.E0);
#20024=DERIVED_UNIT((#20023));
#20025=MEASURE_REPRESENTATION_ITEM('surface area measure',AREA_MEASURE(
1.283786468377E4),#20024);
#20030=DERIVED_UNIT_ELEMENT(#20029,3.E0);
#20031=DERIVED_UNIT((#20030));
#20032=MEASURE_REPRESENTATION_ITEM('volume measure',VOLUME_MEASURE(
1.183759500214E4),#20031);
#20036=CARTESIAN_POINT('centre point',(1.104505474872E-2,2.916799195926E-1,
-1.921205459609E1));
#20041=DERIVED_UNIT_ELEMENT(#20040,2.E0);
#20042=DERIVED_UNIT((#20041));
#20043=MEASURE_REPRESENTATION_ITEM('surface area measure',AREA_MEASURE(
1.283786468377E4),#20042);
#20048=DERIVED_UNIT_ELEMENT(#20047,3.E0);
#20049=DERIVED_UNIT((#20048));
#20050=MEASURE_REPRESENTATION_ITEM('volume measure',VOLUME_MEASURE(
1.183759500214E4),#20049);
#20054=CARTESIAN_POINT('centre point',(1.104505474872E-2,2.916799195926E-1,
-1.921205459609E1));
#20059=PRODUCT_RELATED_PRODUCT_CATEGORY('part','',(#20014));
#1=DRAUGHTING_PRE_DEFINED_COLOUR('black');
#2=COLOUR_RGB('',0.E0,0.E0,3.6E-1);
#3=COLOUR_RGB('',0.E0,0.E0,4.8E-1);
#4=DRAUGHTING_PRE_DEFINED_COLOUR('blue');
#5=COLOUR_RGB('',0.E0,5.8824E-2,4.58824E-1);
#6=COLOUR_RGB('',0.E0,1.80392E-1,4.78431E-1);
#7=COLOUR_RGB('',0.E0,3.6E-1,9.E-2);
#8=COLOUR_RGB('',0.E0,3.6E-1,2.7E-1);
#9=COLOUR_RGB('',0.E0,5.6E-1,6.4E-1);
#10=COLOUR_RGB('',0.E0,5.8E-1,8.E-1);
#11=COLOUR_RGB('',0.E0,7.1E-1,6.6E-1);
#12=COLOUR_RGB('',0.E0,7.13E-1,0.E0);
#13=COLOUR_RGB('',0.E0,9.5E-1,8.4E-1);
#14=DRAUGHTING_PRE_DEFINED_COLOUR('green');
#15=DRAUGHTING_PRE_DEFINED_COLOUR('cyan');
#16=COLOUR_RGB('',1.1765E-2,1.9608E-2,3.9216E-2);
#17=COLOUR_RGB('',4.E-2,0.E0,1.6E-1);
#18=COLOUR_RGB('',3.9216E-2,2.19608E-1,1.21569E-1);
#19=COLOUR_RGB('',3.9216E-2,3.60784E-1,2.E-1);
#20=COLOUR_RGB('',5.098E-2,7.0588E-2,1.01961E-1);
#21=COLOUR_RGB('',9.E-2,0.E0,1.2E-1);
#22=COLOUR_RGB('',9.0196E-2,1.60784E-1,1.09804E-1);
#23=COLOUR_RGB('',9.0196E-2,3.80392E-1,6.70588E-1);
#24=COLOUR_RGB('',1.E-1,0.E0,2.5E-1);
#25=COLOUR_RGB('',1.01961E-1,4.78431E-1,3.88235E-1);
#26=COLOUR_RGB('',1.09804E-1,1.4902E-1,9.0196E-2);
#27=COLOUR_RGB('',1.4902E-1,3.09804E-1,5.29412E-1);
#28=COLOUR_RGB('',1.4902E-1,4.E-1,1.60784E-1);
#29=COLOUR_RGB('',1.6E-1,3.2E-2,0.E0);
#30=COLOUR_RGB('',1.60784E-1,4.5098E-1,7.21569E-1);
#31=COLOUR_RGB('',1.6E-1,4.6E-1,6.5E-1);
#32=COLOUR_RGB('',1.6E-1,1.E0,1.6E-1);
#33=COLOUR_RGB('',2.E-1,3.2E-2,0.E0);
#34=COLOUR_RGB('',2.11765E-1,4.11765E-1,1.4902E-1);
#35=COLOUR_RGB('',2.39216E-1,2.39216E-1,2.31373E-1);
#36=COLOUR_RGB('',2.39216E-1,2.70588E-1,1.80392E-1);
#37=COLOUR_RGB('',2.5098E-1,2.90196E-1,3.29412E-1);
#38=COLOUR_RGB('',2.90196E-1,4.31373E-1,2.E-1);
#39=COLOUR_RGB('',3.1E-1,3.1E-1,5.6E-1);
#40=COLOUR_RGB('',3.09804E-1,6.58824E-1,2.E-1);
#41=COLOUR_RGB('',3.2E-1,1.5E-1,0.E0);
#42=COLOUR_RGB('',3.60784E-1,3.1373E-2,1.68627E-1);
#43=COLOUR_RGB('',3.68627E-1,2.E-1,1.21569E-1);
#44=COLOUR_RGB('',3.88235E-1,2.39216E-1,6.11765E-1);
#45=COLOUR_RGB('',4.E-1,4.E-1,4.E-1);
#46=COLOUR_RGB('',4.11765E-1,5.8824E-2,7.8431E-2);
#47=COLOUR_RGB('',4.11765E-1,3.29412E-1,2.19608E-1);
#48=COLOUR_RGB('',4.2E-1,4.2E-1,1.E0);
#49=COLOUR_RGB('',4.4E-1,8.5E-1,1.E0);
#50=COLOUR_RGB('',4.58824E-1,4.5098E-1,3.09804E-1);
#51=COLOUR_RGB('',4.70588E-1,5.09804E-1,5.4902E-1);
#52=COLOUR_RGB('',4.78431E-1,4.90196E-1,4.58824E-1);
#53=COLOUR_RGB('',4.90196E-1,3.60784E-1,2.19608E-1);
#54=COLOUR_RGB('',4.9E-1,4.9E-1,0.E0);
#55=COLOUR_RGB('',4.9E-1,1.E0,0.E0);
#56=COLOUR_RGB('',5.E-1,0.E0,0.E0);
#57=COLOUR_RGB('',5.E-1,0.E0,2.3E-1);
#58=COLOUR_RGB('',5.E-1,5.E-1,5.E-1);
#59=COLOUR_RGB('',5.21569E-1,2.19608E-1,1.68627E-1);
#60=COLOUR_RGB('',5.3E-1,0.E0,0.E0);
#61=COLOUR_RGB('',5.29412E-1,5.80392E-1,6.5098E-1);
#62=COLOUR_RGB('',5.4E-1,0.E0,4.4E-1);
#63=COLOUR_RGB('',5.5E-1,3.E-1,0.E0);
#64=COLOUR_RGB('',5.6E-1,1.E-1,5.E-2);
#65=COLOUR_RGB('',5.60784E-1,5.80392E-1,6.19608E-1);
#66=COLOUR_RGB('',5.68627E-1,5.8824E-2,4.E-1);
#67=COLOUR_RGB('',5.8E-1,2.2E-1,1.E-2);
#68=COLOUR_RGB('',5.88235E-1,1.21569E-1,1.09804E-1);
#69=COLOUR_RGB('',6.E-1,6.E-1,6.E-1);
#70=COLOUR_RGB('',6.11765E-1,5.60784E-1,3.80392E-1);
#71=COLOUR_RGB('',6.11765E-1,6.11765E-1,6.5098E-1);
#72=COLOUR_RGB('',6.2E-1,0.E0,5.5E-1);
#73=COLOUR_RGB('',6.19608E-1,6.39216E-1,6.90196E-1);
#74=COLOUR_RGB('',6.35294E-1,6.86275E-1,7.4902E-1);
#75=COLOUR_RGB('',6.4E-1,0.E0,2.5E-1);
#76=COLOUR_RGB('',6.4E-1,1.E-2,0.E0);
#77=COLOUR_RGB('',6.39216E-1,5.4902E-1,4.78431E-1);
#78=COLOUR_RGB('',6.5098E-1,6.70588E-1,7.09804E-1);
#79=COLOUR_RGB('',6.70588E-1,1.21569E-1,1.09804E-1);
#80=COLOUR_RGB('',6.78431E-1,4.78431E-1,3.09804E-1);
#81=COLOUR_RGB('',6.8E-1,7.5E-1,1.E0);
#82=COLOUR_RGB('',7.09804E-1,7.0588E-2,2.E-1);
#83=COLOUR_RGB('',7.1E-1,3.1E-1,0.E0);
#84=COLOUR_RGB('',7.2E-1,7.2E-1,7.2E-1);
#85=COLOUR_RGB('',7.29412E-1,7.41176E-1,7.29412E-1);
#86=COLOUR_RGB('',7.41176E-1,7.29412E-1,6.70588E-1);
#87=COLOUR_RGB('',7.4E-1,1.E0,2.6E-1);
#88=COLOUR_RGB('',7.5E-1,3.E-2,0.E0);
#89=COLOUR_RGB('',7.4902E-1,8.90196E-1,7.29412E-1);
#90=COLOUR_RGB('',7.6E-1,0.E0,4.7E-1);
#91=COLOUR_RGB('',7.80392E-1,9.0196E-2,7.0588E-2);
#92=COLOUR_RGB('',7.88235E-1,2.19608E-1,5.4902E-1);
#93=COLOUR_RGB('',8.1E-1,4.E-2,0.E0);
#94=COLOUR_RGB('',8.1E-1,6.1E-1,0.E0);
#95=COLOUR_RGB('',8.2E-1,4.E-2,6.6E-1);
#96=COLOUR_RGB('',8.31373E-1,8.5098E-1,8.58824E-1);
#97=COLOUR_RGB('',8.5098E-1,7.29412E-1,5.4902E-1);
#98=COLOUR_RGB('',8.5E-1,8.5E-1,8.5E-1);
#99=COLOUR_RGB('',8.78431E-1,3.68627E-1,1.21569E-1);
#100=COLOUR_RGB('',8.784E-1,9.49E-1,1.E0);
#101=COLOUR_RGB('',8.90196E-1,5.88235E-1,1.41176E-1);
#102=COLOUR_RGB('',9.E-1,1.E0,0.E0);
#103=COLOUR_RGB('',9.09804E-1,6.11765E-1,7.09804E-1);
#104=COLOUR_RGB('',9.37E-1,7.85E-1,0.E0);
#105=COLOUR_RGB('',9.41176E-1,9.29412E-1,9.01961E-1);
#106=COLOUR_RGB('',9.5E-1,2.2E-1,8.1E-1);
#107=COLOUR_RGB('',9.6E-1,3.7E-1,3.E-1);
#108=COLOUR_RGB('',9.6E-1,7.1E-1,3.75E-1);
#109=COLOUR_RGB('',9.80392E-1,1.E0,1.E0);
#110=COLOUR_RGB('',9.88235E-1,1.09804E-1,7.8431E-2);
#111=COLOUR_RGB('',9.88235E-1,7.21569E-1,1.29412E-1);
#112=COLOUR_RGB('',9.88235E-1,9.21569E-1,8.E-1);
#113=DRAUGHTING_PRE_DEFINED_COLOUR('red');
#114=COLOUR_RGB('',1.E0,0.E0,6.1E-1);
#115=COLOUR_RGB('',1.E0,4.E-2,0.E0);
#116=COLOUR_RGB('',1.E0,2.3E-1,0.E0);
#117=COLOUR_RGB('',1.E0,3.5E-1,5.2E-1);
#118=COLOUR_RGB('',1.E0,3.6E-1,0.E0);
#119=COLOUR_RGB('',1.E0,3.88235E-1,2.11765E-1);
#120=COLOUR_RGB('',1.E0,4.9E-1,3.7E-1);
#121=COLOUR_RGB('',1.E0,5.E-1,0.E0);
#122=COLOUR_RGB('',1.E0,5.6E-1,7.8E-1);
#123=COLOUR_RGB('',1.E0,6.4E-1,4.9E-1);
#124=COLOUR_RGB('',1.E0,6.7E-1,0.E0);
#125=COLOUR_RGB('',1.E0,7.6E-1,6.5E-1);
#126=COLOUR_RGB('',1.E0,8.39216E-1,3.01961E-1);
#127=COLOUR_RGB('',1.E0,8.6E-1,4.E-2);
#128=COLOUR_RGB('',1.E0,9.60784E-1,2.58824E-1);
#129=COLOUR_RGB('',1.E0,9.60784E-1,8.90196E-1);
#130=COLOUR_RGB('',1.E0,9.8E-1,7.2E-1);
#131=DRAUGHTING_PRE_DEFINED_COLOUR('yellow');
#132=COLOUR_RGB('',1.E0,1.E0,3.9216E-2);
#133=DRAUGHTING_PRE_DEFINED_COLOUR('white');
#782=CIRCLE('',#781,1.5E0);
#787=CIRCLE('',#786,1.5E0);
#792=CIRCLE('',#791,1.5E0);
#797=CIRCLE('',#796,1.5E0);
#802=CIRCLE('',#801,1.5E0);
#807=CIRCLE('',#806,1.5E0);
#1272=CIRCLE('',#1271,3.25E0);
#1277=CIRCLE('',#1276,1.E0);
#1282=CIRCLE('',#1281,6.7E0);
#1291=CIRCLE('',#1290,1.E0);
#1300=CIRCLE('',#1299,3.25E0);
#1309=CIRCLE('',#1308,3.25E0);
#1318=CIRCLE('',#1317,6.7E0);
#1327=CIRCLE('',#1326,6.7E0);
#1336=CIRCLE('',#1335,3.25E0);
#1345=CIRCLE('',#1344,3.25E0);
#1354=CIRCLE('',#1353,1.E0);
#1363=CIRCLE('',#1362,6.7E0);
#1368=CIRCLE('',#1367,1.E0);
#1373=CIRCLE('',#1372,3.25E0);
#1382=CIRCLE('',#1381,3.25E0);
#1387=CIRCLE('',#1386,1.E0);
#1396=CIRCLE('',#1395,6.7E0);
#1405=CIRCLE('',#1404,6.7E0);
#1414=CIRCLE('',#1413,1.E0);
#1419=CIRCLE('',#1418,3.25E0);
#1428=CIRCLE('',#1427,4.5E0);
#1437=CIRCLE('',#1436,4.5E0);
#1446=CIRCLE('',#1445,4.5E0);
#1455=CIRCLE('',#1454,4.5E0);
#1464=CIRCLE('',#1463,1.5E0);
#1469=CIRCLE('',#1468,1.5E0);
#1474=CIRCLE('',#1473,1.5E0);
#1479=CIRCLE('',#1478,1.5E0);
#1484=CIRCLE('',#1483,1.5E0);
#1489=CIRCLE('',#1488,1.5E0);
#1498=CIRCLE('',#1497,6.75E-1);
#1511=CIRCLE('',#1510,5.E-1);
#1524=CIRCLE('',#1523,5.E-1);
#1537=CIRCLE('',#1536,5.E-1);
#1550=CIRCLE('',#1549,5.E-1);
#1563=CIRCLE('',#1562,5.E-1);
#1576=CIRCLE('',#1575,5.E-1);
#1589=CIRCLE('',#1588,5.E-1);
#1602=CIRCLE('',#1601,5.E-1);
#1615=CIRCLE('',#1614,5.E-1);
#1628=CIRCLE('',#1627,5.E-1);
#1641=CIRCLE('',#1640,6.75E-1);
#1654=CIRCLE('',#1653,5.E-1);
#1667=CIRCLE('',#1666,5.E-1);
#1680=CIRCLE('',#1679,5.E-1);
#1693=CIRCLE('',#1692,5.E-1);
#1706=CIRCLE('',#1705,5.E-1);
#1719=CIRCLE('',#1718,5.E-1);
#1732=CIRCLE('',#1731,5.E-1);
#1745=CIRCLE('',#1744,5.E-1);
#1754=CIRCLE('',#1753,6.5E-1);
#1759=CIRCLE('',#1758,6.5E-1);
#1764=CIRCLE('',#1763,6.5E-1);
#1769=CIRCLE('',#1768,6.5E-1);
#1774=CIRCLE('',#1773,6.5E-1);
#1779=CIRCLE('',#1778,6.5E-1);
#1784=CIRCLE('',#1783,6.5E-1);
#1789=CIRCLE('',#1788,6.5E-1);
#1794=CIRCLE('',#1793,6.5E-1);
#1799=CIRCLE('',#1798,6.5E-1);
#1804=CIRCLE('',#1803,6.5E-1);
#1809=CIRCLE('',#1808,6.5E-1);
#1814=CIRCLE('',#1813,6.5E-1);
#1819=CIRCLE('',#1818,6.5E-1);
#1824=CIRCLE('',#1823,6.5E-1);
#1829=CIRCLE('',#1828,6.5E-1);
#1834=CIRCLE('',#1833,6.5E-1);
#1839=CIRCLE('',#1838,6.5E-1);
#1844=CIRCLE('',#1843,6.5E-1);
#1849=CIRCLE('',#1848,6.5E-1);
#1854=CIRCLE('',#1853,6.5E-1);
#1859=CIRCLE('',#1858,6.5E-1);
#1864=CIRCLE('',#1863,6.5E-1);
#1869=CIRCLE('',#1868,6.5E-1);
#1874=CIRCLE('',#1873,6.5E-1);
#1879=CIRCLE('',#1878,6.5E-1);
#1884=CIRCLE('',#1883,6.5E-1);
#1889=CIRCLE('',#1888,6.5E-1);
#1894=CIRCLE('',#1893,6.5E-1);
#1899=CIRCLE('',#1898,6.5E-1);
#1904=CIRCLE('',#1903,6.5E-1);
#1909=CIRCLE('',#1908,6.5E-1);
#1914=CIRCLE('',#1913,6.5E-1);
#1919=CIRCLE('',#1918,6.5E-1);
#1924=CIRCLE('',#1923,6.5E-1);
#1929=CIRCLE('',#1928,6.5E-1);
#1934=CIRCLE('',#1933,6.5E-1);
#1939=CIRCLE('',#1938,6.5E-1);
#1944=CIRCLE('',#1943,6.5E-1);
#1949=CIRCLE('',#1948,6.5E-1);
#1954=CIRCLE('',#1953,6.5E-1);
#1959=CIRCLE('',#1958,6.5E-1);
#1964=CIRCLE('',#1963,6.5E-1);
#1969=CIRCLE('',#1968,6.5E-1);
#1974=CIRCLE('',#1973,6.5E-1);
#1979=CIRCLE('',#1978,6.5E-1);
#2048=CIRCLE('',#2047,5.E-1);
#2053=CIRCLE('',#2052,5.235943448380E0);
#2062=CIRCLE('',#2061,5.235943448380E0);
#2071=CIRCLE('',#2070,5.235943448380E0);
#2080=CIRCLE('',#2079,5.235943448380E0);
#2089=CIRCLE('',#2088,5.7E0);
#2098=CIRCLE('',#2097,5.7E0);
#2107=CIRCLE('',#2106,5.7E0);
#2116=CIRCLE('',#2115,5.7E0);
#2163=B_SPLINE_CURVE_WITH_KNOTS('',3,(#2157,#2158,#2159,#2160,#2161,#2162),
.UNSPECIFIED.,.F.,.F.,(4,1,1,4),(0.E0,3.333333333333E-1,6.666666666667E-1,1.E0),
.UNSPECIFIED.);
#2170=B_SPLINE_CURVE_WITH_KNOTS('',3,(#2164,#2165,#2166,#2167,#2168,#2169),
.UNSPECIFIED.,.F.,.F.,(4,1,1,4),(0.E0,3.333333333333E-1,6.666666666667E-1,1.E0),
.UNSPECIFIED.);
#2189=B_SPLINE_CURVE_WITH_KNOTS('',3,(#2183,#2184,#2185,#2186,#2187,#2188),
.UNSPECIFIED.,.F.,.F.,(4,1,1,4),(0.E0,3.333333333333E-1,6.666666666667E-1,1.E0),
.UNSPECIFIED.);
#2200=B_SPLINE_CURVE_WITH_KNOTS('',3,(#2194,#2195,#2196,#2197,#2198,#2199),
.UNSPECIFIED.,.F.,.F.,(4,1,1,4),(0.E0,3.333333333333E-1,6.666666666667E-1,1.E0),
.UNSPECIFIED.);
#2219=B_SPLINE_CURVE_WITH_KNOTS('',3,(#2213,#2214,#2215,#2216,#2217,#2218),
.UNSPECIFIED.,.F.,.F.,(4,1,1,4),(0.E0,3.333333333333E-1,6.666666666667E-1,1.E0),
.UNSPECIFIED.);
#2230=B_SPLINE_CURVE_WITH_KNOTS('',3,(#2224,#2225,#2226,#2227,#2228,#2229),
.UNSPECIFIED.,.F.,.F.,(4,1,1,4),(0.E0,3.333333333333E-1,6.666666666667E-1,1.E0),
.UNSPECIFIED.);
#2261=B_SPLINE_CURVE_WITH_KNOTS('',3,(#2255,#2256,#2257,#2258,#2259,#2260),
.UNSPECIFIED.,.F.,.F.,(4,1,1,4),(0.E0,3.333333333333E-1,6.666666666667E-1,1.E0),
.UNSPECIFIED.);
#2272=B_SPLINE_CURVE_WITH_KNOTS('',3,(#2266,#2267,#2268,#2269,#2270,#2271),
.UNSPECIFIED.,.F.,.F.,(4,1,1,4),(0.E0,3.333333333333E-1,6.666666666667E-1,1.E0),
.UNSPECIFIED.);
#2291=B_SPLINE_CURVE_WITH_KNOTS('',3,(#2285,#2286,#2287,#2288,#2289,#2290),
.UNSPECIFIED.,.F.,.F.,(4,1,1,4),(0.E0,3.333333333333E-1,6.666666666667E-1,1.E0),
.UNSPECIFIED.);
#2302=B_SPLINE_CURVE_WITH_KNOTS('',3,(#2296,#2297,#2298,#2299,#2300,#2301),
.UNSPECIFIED.,.F.,.F.,(4,1,1,4),(0.E0,3.333333333333E-1,6.666666666667E-1,1.E0),
.UNSPECIFIED.);
#2321=B_SPLINE_CURVE_WITH_KNOTS('',3,(#2315,#2316,#2317,#2318,#2319,#2320),
.UNSPECIFIED.,.F.,.F.,(4,1,1,4),(0.E0,3.333333333333E-1,6.666666666667E-1,1.E0),
.UNSPECIFIED.);
#2332=B_SPLINE_CURVE_WITH_KNOTS('',3,(#2326,#2327,#2328,#2329,#2330,#2331),
.UNSPECIFIED.,.F.,.F.,(4,1,1,4),(0.E0,3.333333333333E-1,6.666666666667E-1,1.E0),
.UNSPECIFIED.);
#2351=B_SPLINE_CURVE_WITH_KNOTS('',3,(#2345,#2346,#2347,#2348,#2349,#2350),
.UNSPECIFIED.,.F.,.F.,(4,1,1,4),(0.E0,3.333333333333E-1,6.666666666667E-1,1.E0),
.UNSPECIFIED.);
#2362=B_SPLINE_CURVE_WITH_KNOTS('',3,(#2356,#2357,#2358,#2359,#2360,#2361),
.UNSPECIFIED.,.F.,.F.,(4,1,1,4),(0.E0,3.333333333333E-1,6.666666666667E-1,1.E0),
.UNSPECIFIED.);
#2381=B_SPLINE_CURVE_WITH_KNOTS('',3,(#2375,#2376,#2377,#2378,#2379,#2380),
.UNSPECIFIED.,.F.,.F.,(4,1,1,4),(0.E0,3.333333333333E-1,6.666666666667E-1,1.E0),
.UNSPECIFIED.);
#2392=B_SPLINE_CURVE_WITH_KNOTS('',3,(#2386,#2387,#2388,#2389,#2390,#2391),
.UNSPECIFIED.,.F.,.F.,(4,1,1,4),(0.E0,3.333333333333E-1,6.666666666667E-1,1.E0),
.UNSPECIFIED.);
#2409=CIRCLE('',#2408,2.E-1);
#2418=CIRCLE('',#2417,1.E-1);
#2423=CIRCLE('',#2422,1.E-1);
#2440=CIRCLE('',#2439,4.E-1);
#2457=CIRCLE('',#2456,4.E-1);
#2466=CIRCLE('',#2465,5.75E-1);
#2479=CIRCLE('',#2478,5.75E-1);
#2488=CIRCLE('',#2487,1.E-1);
#2493=CIRCLE('',#2492,1.E-1);
#2502=CIRCLE('',#2501,2.E-1);
#2511=CIRCLE('',#2510,1.E-1);
#2516=CIRCLE('',#2515,1.E-1);
#2521=CIRCLE('',#2520,1.E-1);
#2526=CIRCLE('',#2525,1.E-1);
#2535=CIRCLE('',#2534,2.E-1);
#2540=CIRCLE('',#2539,5.E-1);
#2549=CIRCLE('',#2548,1.E-1);
#2554=CIRCLE('',#2553,1.E-1);
#2563=CIRCLE('',#2562,2.E-1);
#2572=CIRCLE('',#2571,1.E-1);
#2577=CIRCLE('',#2576,1.E-1);
#2588=B_SPLINE_CURVE_WITH_KNOTS('',3,(#2582,#2583,#2584,#2585,#2586,#2587),
.UNSPECIFIED.,.F.,.F.,(4,1,1,4),(0.E0,3.333333333333E-1,6.666666666667E-1,1.E0),
.UNSPECIFIED.);
#2595=B_SPLINE_CURVE_WITH_KNOTS('',3,(#2589,#2590,#2591,#2592,#2593,#2594),
.UNSPECIFIED.,.F.,.F.,(4,1,1,4),(0.E0,3.333333333333E-1,6.666666666667E-1,1.E0),
.UNSPECIFIED.);
#2614=B_SPLINE_CURVE_WITH_KNOTS('',3,(#2608,#2609,#2610,#2611,#2612,#2613),
.UNSPECIFIED.,.F.,.F.,(4,1,1,4),(0.E0,3.333333333333E-1,6.666666666667E-1,1.E0),
.UNSPECIFIED.);
#2625=B_SPLINE_CURVE_WITH_KNOTS('',3,(#2619,#2620,#2621,#2622,#2623,#2624),
.UNSPECIFIED.,.F.,.F.,(4,1,1,4),(0.E0,3.333333333333E-1,6.666666666667E-1,1.E0),
.UNSPECIFIED.);
#2644=B_SPLINE_CURVE_WITH_KNOTS('',3,(#2638,#2639,#2640,#2641,#2642,#2643),
.UNSPECIFIED.,.F.,.F.,(4,1,1,4),(0.E0,3.333333333333E-1,6.666666666667E-1,1.E0),
.UNSPECIFIED.);
#2655=B_SPLINE_CURVE_WITH_KNOTS('',3,(#2649,#2650,#2651,#2652,#2653,#2654),
.UNSPECIFIED.,.F.,.F.,(4,1,1,4),(0.E0,3.333333333333E-1,6.666666666667E-1,1.E0),
.UNSPECIFIED.);
#2674=B_SPLINE_CURVE_WITH_KNOTS('',3,(#2668,#2669,#2670,#2671,#2672,#2673),
.UNSPECIFIED.,.F.,.F.,(4,1,1,4),(0.E0,3.333333333333E-1,6.666666666667E-1,1.E0),
.UNSPECIFIED.);
#2685=B_SPLINE_CURVE_WITH_KNOTS('',3,(#2679,#2680,#2681,#2682,#2683,#2684),
.UNSPECIFIED.,.F.,.F.,(4,1,1,4),(0.E0,3.333333333333E-1,6.666666666667E-1,1.E0),
.UNSPECIFIED.);
#2716=B_SPLINE_CURVE_WITH_KNOTS('',3,(#2710,#2711,#2712,#2713,#2714,#2715),
.UNSPECIFIED.,.F.,.F.,(4,1,1,4),(0.E0,3.333333333333E-1,6.666666666667E-1,1.E0),
.UNSPECIFIED.);
#2727=B_SPLINE_CURVE_WITH_KNOTS('',3,(#2721,#2722,#2723,#2724,#2725,#2726),
.UNSPECIFIED.,.F.,.F.,(4,1,1,4),(0.E0,3.333333333333E-1,6.666666666667E-1,1.E0),
.UNSPECIFIED.);
#2746=B_SPLINE_CURVE_WITH_KNOTS('',3,(#2740,#2741,#2742,#2743,#2744,#2745),
.UNSPECIFIED.,.F.,.F.,(4,1,1,4),(0.E0,3.333333333333E-1,6.666666666667E-1,1.E0),
.UNSPECIFIED.);
#2757=B_SPLINE_CURVE_WITH_KNOTS('',3,(#2751,#2752,#2753,#2754,#2755,#2756),
.UNSPECIFIED.,.F.,.F.,(4,1,1,4),(0.E0,3.333333333333E-1,6.666666666667E-1,1.E0),
.UNSPECIFIED.);
#2776=B_SPLINE_CURVE_WITH_KNOTS('',3,(#2770,#2771,#2772,#2773,#2774,#2775),
.UNSPECIFIED.,.F.,.F.,(4,1,1,4),(0.E0,3.333333333333E-1,6.666666666667E-1,1.E0),
.UNSPECIFIED.);
#2787=B_SPLINE_CURVE_WITH_KNOTS('',3,(#2781,#2782,#2783,#2784,#2785,#2786),
.UNSPECIFIED.,.F.,.F.,(4,1,1,4),(0.E0,3.333333333333E-1,6.666666666667E-1,1.E0),
.UNSPECIFIED.);
#2806=B_SPLINE_CURVE_WITH_KNOTS('',3,(#2800,#2801,#2802,#2803,#2804,#2805),
.UNSPECIFIED.,.F.,.F.,(4,1,1,4),(0.E0,3.333333333333E-1,6.666666666667E-1,1.E0),
.UNSPECIFIED.);
#2817=B_SPLINE_CURVE_WITH_KNOTS('',3,(#2811,#2812,#2813,#2814,#2815,#2816),
.UNSPECIFIED.,.F.,.F.,(4,1,1,4),(0.E0,3.333333333333E-1,6.666666666667E-1,1.E0),
.UNSPECIFIED.);
#2834=CIRCLE('',#2833,2.E-1);
#2843=CIRCLE('',#2842,1.E-1);
#2848=CIRCLE('',#2847,1.E-1);
#2853=CIRCLE('',#2852,6.75E-1);
#2866=CIRCLE('',#2865,2.E-1);
#2871=CIRCLE('',#2870,1.E-1);
#2876=CIRCLE('',#2875,1.E-1);
#2889=CIRCLE('',#2888,1.E-1);
#2894=CIRCLE('',#2893,1.E-1);
#2903=CIRCLE('',#2902,2.E-1);
#2912=CIRCLE('',#2911,1.E-1);
#2917=CIRCLE('',#2916,1.E-1);
#2934=CIRCLE('',#2933,4.E-1);
#2951=CIRCLE('',#2950,4.E-1);
#2960=CIRCLE('',#2959,2.E-1);
#2965=CIRCLE('',#2964,5.E-1);
#2974=CIRCLE('',#2973,1.E-1);
#2979=CIRCLE('',#2978,1.E-1);
#2984=CIRCLE('',#2983,1.E-1);
#2989=CIRCLE('',#2988,1.E-1);
#2994=CIRCLE('',#2993,1.E-1);
#2999=CIRCLE('',#2998,1.E-1);
#3008=CIRCLE('',#3007,2.E-1);
#3017=CIRCLE('',#3016,1.E-1);
#3022=CIRCLE('',#3021,1.E-1);
#3027=CIRCLE('',#3026,1.E-1);
#3032=CIRCLE('',#3031,1.E-1);
#3041=CIRCLE('',#3040,2.E-1);
#3046=CIRCLE('',#3045,5.E-1);
#3059=CIRCLE('',#3058,2.E-1);
#3068=CIRCLE('',#3067,1.E-1);
#3073=CIRCLE('',#3072,1.E-1);
#3090=CIRCLE('',#3089,4.E-1);
#3107=CIRCLE('',#3106,4.E-1);
#3116=CIRCLE('',#3115,2.E-1);
#3121=CIRCLE('',#3120,5.E-1);
#3130=CIRCLE('',#3129,1.E-1);
#3135=CIRCLE('',#3134,1.E-1);
#3140=CIRCLE('',#3139,1.E-1);
#3145=CIRCLE('',#3144,1.E-1);
#3150=CIRCLE('',#3149,1.E-1);
#3155=CIRCLE('',#3154,1.E-1);
#3164=CIRCLE('',#3163,2.E-1);
#3173=CIRCLE('',#3172,1.E-1);
#3178=CIRCLE('',#3177,1.E-1);
#3183=CIRCLE('',#3182,1.E-1);
#3188=CIRCLE('',#3187,1.E-1);
#3197=CIRCLE('',#3196,2.E-1);
#3202=CIRCLE('',#3201,5.E-1);
#3215=CIRCLE('',#3214,2.E-1);
#3224=CIRCLE('',#3223,1.E-1);
#3229=CIRCLE('',#3228,1.E-1);
#3246=CIRCLE('',#3245,4.E-1);
#3263=CIRCLE('',#3262,4.E-1);
#3272=CIRCLE('',#3271,2.E-1);
#3277=CIRCLE('',#3276,5.E-1);
#3286=CIRCLE('',#3285,1.E-1);
#3291=CIRCLE('',#3290,1.E-1);
#3296=CIRCLE('',#3295,1.E-1);
#3301=CIRCLE('',#3300,1.E-1);
#3306=CIRCLE('',#3305,1.E-1);
#3311=CIRCLE('',#3310,1.E-1);
#3320=CIRCLE('',#3319,2.E-1);
#3329=CIRCLE('',#3328,1.E-1);
#3334=CIRCLE('',#3333,1.E-1);
#3339=CIRCLE('',#3338,1.E-1);
#3344=CIRCLE('',#3343,1.E-1);
#3353=CIRCLE('',#3352,2.E-1);
#3358=CIRCLE('',#3357,5.E-1);
#3367=CIRCLE('',#3366,4.7E0);
#3372=CIRCLE('',#3371,4.7E0);
#3383=B_SPLINE_CURVE_WITH_KNOTS('',3,(#3377,#3378,#3379,#3380,#3381,#3382),
.UNSPECIFIED.,.F.,.F.,(4,1,1,4),(0.E0,3.333333333333E-1,6.666666666667E-1,1.E0),
.UNSPECIFIED.);
#3414=B_SPLINE_CURVE_WITH_KNOTS('',3,(#3408,#3409,#3410,#3411,#3412,#3413),
.UNSPECIFIED.,.F.,.F.,(4,1,1,4),(0.E0,3.333333333333E-1,6.666666666667E-1,1.E0),
.UNSPECIFIED.);
#3425=B_SPLINE_CURVE_WITH_KNOTS('',3,(#3419,#3420,#3421,#3422,#3423,#3424),
.UNSPECIFIED.,.F.,.F.,(4,1,1,4),(0.E0,3.333333333333E-1,6.666666666667E-1,1.E0),
.UNSPECIFIED.);
#3444=B_SPLINE_CURVE_WITH_KNOTS('',3,(#3438,#3439,#3440,#3441,#3442,#3443),
.UNSPECIFIED.,.F.,.F.,(4,1,1,4),(0.E0,3.333333333333E-1,6.666666666667E-1,1.E0),
.UNSPECIFIED.);
#3453=CIRCLE('',#3452,1.E-1);
#3458=CIRCLE('',#3457,1.E-1);
#3467=CIRCLE('',#3466,2.E-1);
#3484=CIRCLE('',#3483,4.E-1);
#3501=CIRCLE('',#3500,4.E-1);
#3518=CIRCLE('',#3517,4.E-1);
#3531=CIRCLE('',#3530,4.E-1);
#3540=CIRCLE('',#3539,1.E-1);
#3545=CIRCLE('',#3544,1.E-1);
#3554=CIRCLE('',#3553,2.E-1);
#3563=CIRCLE('',#3562,1.E-1);
#3568=CIRCLE('',#3567,1.E-1);
#3575=B_SPLINE_CURVE_WITH_KNOTS('',3,(#3569,#3570,#3571,#3572,#3573,#3574),
.UNSPECIFIED.,.F.,.F.,(4,1,1,4),(0.E0,3.333333333333E-1,6.666666666667E-1,1.E0),
.UNSPECIFIED.);
#3594=B_SPLINE_CURVE_WITH_KNOTS('',3,(#3588,#3589,#3590,#3591,#3592,#3593),
.UNSPECIFIED.,.F.,.F.,(4,1,1,4),(0.E0,3.333333333333E-1,6.666666666667E-1,1.E0),
.UNSPECIFIED.);
#3605=B_SPLINE_CURVE_WITH_KNOTS('',3,(#3599,#3600,#3601,#3602,#3603,#3604),
.UNSPECIFIED.,.F.,.F.,(4,1,1,4),(0.E0,3.333333333333E-1,6.666666666667E-1,1.E0),
.UNSPECIFIED.);
#3636=B_SPLINE_CURVE_WITH_KNOTS('',3,(#3630,#3631,#3632,#3633,#3634,#3635),
.UNSPECIFIED.,.F.,.F.,(4,1,1,4),(0.E0,3.333333333333E-1,6.666666666667E-1,1.E0),
.UNSPECIFIED.);
#3645=CIRCLE('',#3644,1.E-1);
#3650=CIRCLE('',#3649,1.E-1);
#3659=CIRCLE('',#3658,2.E-1);
#3664=CIRCLE('',#3663,5.E-1);
#3677=CIRCLE('',#3676,2.E-1);
#3686=CIRCLE('',#3685,1.E-1);
#3691=CIRCLE('',#3690,1.E-1);
#3696=CIRCLE('',#3695,5.E-1);
#3709=CIRCLE('',#3708,2.E-1);
#3714=CIRCLE('',#3713,1.E-1);
#3719=CIRCLE('',#3718,1.E-1);
#3724=CIRCLE('',#3723,1.E-1);
#3729=CIRCLE('',#3728,1.E-1);
#3734=CIRCLE('',#3733,4.7E0);
#3739=CIRCLE('',#3738,4.7E0);
#3748=CIRCLE('',#3747,4.7E0);
#3753=CIRCLE('',#3752,4.7E0);
#3762=CIRCLE('',#3761,1.E-1);
#3767=CIRCLE('',#3766,1.E-1);
#3776=CIRCLE('',#3775,2.E-1);
#3785=CIRCLE('',#3784,1.E-1);
#3790=CIRCLE('',#3789,1.E-1);
#3795=CIRCLE('',#3794,5.E-1);
#3804=CIRCLE('',#3803,1.E-1);
#3809=CIRCLE('',#3808,1.E-1);
#3818=CIRCLE('',#3817,2.E-1);
#3827=CIRCLE('',#3826,1.E-1);
#3832=CIRCLE('',#3831,1.E-1);
#3837=CIRCLE('',#3836,5.E-1);
#3850=CIRCLE('',#3849,2.E-1);
#3855=CIRCLE('',#3854,1.E-1);
#3860=CIRCLE('',#3859,1.E-1);
#3865=CIRCLE('',#3864,4.7E0);
#3870=CIRCLE('',#3869,4.7E0);
#3883=CIRCLE('',#3882,2.E-1);
#3892=CIRCLE('',#3891,1.E-1);
#3897=CIRCLE('',#3896,1.E-1);
#3914=CIRCLE('',#3913,4.E-1);
#3931=CIRCLE('',#3930,4.E-1);
#3936=CIRCLE('',#3935,1.E-1);
#3941=CIRCLE('',#3940,1.E-1);
#3950=CIRCLE('',#3949,2.E-1);
#3959=CIRCLE('',#3958,1.E-1);
#3964=CIRCLE('',#3963,1.E-1);
#3969=CIRCLE('',#3968,1.E-1);
#3974=CIRCLE('',#3973,1.E-1);
#3983=CIRCLE('',#3982,2.E-1);
#3988=CIRCLE('',#3987,5.E-1);
#4001=CIRCLE('',#4000,2.E-1);
#4006=CIRCLE('',#4005,5.E-1);
#4015=CIRCLE('',#4014,1.E-1);
#4020=CIRCLE('',#4019,1.E-1);
#4025=CIRCLE('',#4024,1.E-1);
#4030=CIRCLE('',#4029,1.E-1);
#4039=CIRCLE('',#4038,2.E-1);
#4048=CIRCLE('',#4047,1.E-1);
#4053=CIRCLE('',#4052,1.E-1);
#4070=CIRCLE('',#4069,4.E-1);
#4087=CIRCLE('',#4086,4.E-1);
#4096=CIRCLE('',#4095,2.E-1);
#4101=CIRCLE('',#4100,5.E-1);
#4110=CIRCLE('',#4109,1.E-1);
#4115=CIRCLE('',#4114,1.E-1);
#4120=CIRCLE('',#4119,1.E-1);
#4125=CIRCLE('',#4124,1.E-1);
#4130=CIRCLE('',#4129,1.E-1);
#4135=CIRCLE('',#4134,1.E-1);
#4144=CIRCLE('',#4143,2.E-1);
#4153=CIRCLE('',#4152,1.E-1);
#4158=CIRCLE('',#4157,1.E-1);
#4163=CIRCLE('',#4162,1.E-1);
#4168=CIRCLE('',#4167,1.E-1);
#4177=CIRCLE('',#4176,2.E-1);
#4182=CIRCLE('',#4181,5.E-1);
#4191=CIRCLE('',#4190,1.E-1);
#4196=CIRCLE('',#4195,1.E-1);
#4205=CIRCLE('',#4204,2.E-1);
#4210=CIRCLE('',#4209,5.E-1);
#4223=CIRCLE('',#4222,2.E-1);
#4232=CIRCLE('',#4231,1.E-1);
#4237=CIRCLE('',#4236,1.E-1);
#4254=CIRCLE('',#4253,4.E-1);
#4271=CIRCLE('',#4270,4.E-1);
#4280=CIRCLE('',#4279,2.E-1);
#4285=CIRCLE('',#4284,5.E-1);
#4294=CIRCLE('',#4293,1.E-1);
#4299=CIRCLE('',#4298,1.E-1);
#4304=CIRCLE('',#4303,1.E-1);
#4309=CIRCLE('',#4308,1.E-1);
#4314=CIRCLE('',#4313,1.E-1);
#4319=CIRCLE('',#4318,1.E-1);
#4328=CIRCLE('',#4327,2.E-1);
#4337=CIRCLE('',#4336,1.E-1);
#4342=CIRCLE('',#4341,1.E-1);
#4347=CIRCLE('',#4346,1.E-1);
#4352=CIRCLE('',#4351,1.E-1);
#4361=CIRCLE('',#4360,2.E-1);
#4366=CIRCLE('',#4365,5.E-1);
#4383=CIRCLE('',#4382,1.E-1);
#4388=CIRCLE('',#4387,1.E-1);
#4393=CIRCLE('',#4392,1.E-1);
#4398=CIRCLE('',#4397,1.E-1);
#4407=CIRCLE('',#4406,2.E-1);
#4412=CIRCLE('',#4411,6.75E-1);
#4421=CIRCLE('',#4420,5.E-1);
#4426=CIRCLE('',#4425,6.2E0);
#4431=CIRCLE('',#4430,6.2E0);
#4440=CIRCLE('',#4439,6.2E0);
#4449=CIRCLE('',#4448,1.E0);
#4454=CIRCLE('',#4453,3.25E0);
#4463=CIRCLE('',#4462,3.25E0);
#4468=CIRCLE('',#4467,1.E0);
#4481=CIRCLE('',#4480,3.25E0);
#4490=CIRCLE('',#4489,3.25E0);
#4499=CIRCLE('',#4498,1.E0);
#4504=CIRCLE('',#4503,1.E0);
#4513=CIRCLE('',#4512,3.25E0);
#4522=CIRCLE('',#4521,3.25E0);
#4535=CIRCLE('',#4534,1.E0);
#4540=CIRCLE('',#4539,3.25E0);
#4549=CIRCLE('',#4548,3.25E0);
#4554=CIRCLE('',#4553,1.E0);
#4559=CIRCLE('',#4558,1.6E0);
#4564=CIRCLE('',#4563,1.6E0);
#4569=CIRCLE('',#4568,1.6E0);
#4574=CIRCLE('',#4573,1.6E0);
#4579=CIRCLE('',#4578,1.6E0);
#4584=CIRCLE('',#4583,1.6E0);
#4589=CIRCLE('',#4588,1.6E0);
#4594=CIRCLE('',#4593,1.6E0);
#4599=CIRCLE('',#4598,6.2E0);
#4604=CIRCLE('',#4603,6.2E0);
#4613=CIRCLE('',#4612,6.2E0);
#4622=CIRCLE('',#4621,5.E-1);
#4627=CIRCLE('',#4626,5.E-1);
#4632=CIRCLE('',#4631,5.E-1);
#4637=CIRCLE('',#4636,5.E-1);
#4642=CIRCLE('',#4641,5.E-1);
#4647=CIRCLE('',#4646,5.E-1);
#4679=B_SPLINE_CURVE_WITH_KNOTS('',3,(#4668,#4669,#4670,#4671,#4672,#4673,#4674,
#4675,#4676,#4677,#4678),.UNSPECIFIED.,.F.,.F.,(4,1,1,1,1,1,1,1,4),(0.E0,
1.25E-1,2.5E-1,3.75E-1,5.E-1,6.25E-1,7.5E-1,8.75E-1,1.E0),.UNSPECIFIED.);
#4684=CIRCLE('',#4683,5.E-1);
#4709=CIRCLE('',#4708,6.2E0);
#4714=CIRCLE('',#4713,6.2E0);
#4723=CIRCLE('',#4722,6.2E0);
#4738=B_SPLINE_CURVE_WITH_KNOTS('',3,(#4728,#4729,#4730,#4731,#4732,#4733,#4734,
#4735,#4736,#4737),.UNSPECIFIED.,.F.,.F.,(4,1,1,1,1,1,1,4),(0.E0,
1.428571428571E-1,2.857142857143E-1,4.285714285714E-1,5.714285714286E-1,
7.142857142857E-1,8.571428571429E-1,1.E0),.UNSPECIFIED.);
#4743=CIRCLE('',#4742,5.E-1);
#4760=CIRCLE('',#4759,6.2E0);
#4765=CIRCLE('',#4764,6.2E0);
#4774=CIRCLE('',#4773,6.2E0);
#4789=B_SPLINE_CURVE_WITH_KNOTS('',3,(#4779,#4780,#4781,#4782,#4783,#4784,#4785,
#4786,#4787,#4788),.UNSPECIFIED.,.F.,.F.,(4,1,1,1,1,1,1,4),(0.E0,
1.428571428571E-1,2.857142857143E-1,4.285714285714E-1,5.714285714286E-1,
7.142857142857E-1,8.571428571429E-1,1.E0),.UNSPECIFIED.);
#4794=CIRCLE('',#4793,5.E-1);
#4846=B_SPLINE_CURVE_WITH_KNOTS('',3,(#4835,#4836,#4837,#4838,#4839,#4840,#4841,
#4842,#4843,#4844,#4845),.UNSPECIFIED.,.F.,.F.,(4,1,1,1,1,1,1,1,4),(0.E0,
1.25E-1,2.5E-1,3.75E-1,5.E-1,6.25E-1,7.5E-1,8.75E-1,1.E0),.UNSPECIFIED.);
#4858=B_SPLINE_CURVE_WITH_KNOTS('',3,(#4847,#4848,#4849,#4850,#4851,#4852,#4853,
#4854,#4855,#4856,#4857),.UNSPECIFIED.,.F.,.F.,(4,1,1,1,1,1,1,1,4),(0.E0,
1.25E-1,2.5E-1,3.75E-1,5.E-1,6.25E-1,7.5E-1,8.75E-1,1.E0),.UNSPECIFIED.);
#4863=CIRCLE('',#4862,5.E-1);
#4875=B_SPLINE_CURVE_WITH_KNOTS('',3,(#4864,#4865,#4866,#4867,#4868,#4869,#4870,
#4871,#4872,#4873,#4874),.UNSPECIFIED.,.F.,.F.,(4,1,1,1,1,1,1,1,4),(0.E0,
1.25E-1,2.5E-1,3.75E-1,5.E-1,6.25E-1,7.5E-1,8.75E-1,1.E0),.UNSPECIFIED.);
#4884=CIRCLE('',#4883,5.E-1);
#4896=B_SPLINE_CURVE_WITH_KNOTS('',3,(#4885,#4886,#4887,#4888,#4889,#4890,#4891,
#4892,#4893,#4894,#4895),.UNSPECIFIED.,.F.,.F.,(4,1,1,1,1,1,1,1,4),(0.E0,
1.25E-1,2.5E-1,3.75E-1,5.E-1,6.25E-1,7.5E-1,8.75E-1,1.E0),.UNSPECIFIED.);
#4901=CIRCLE('',#4900,5.E-1);
#4913=B_SPLINE_CURVE_WITH_KNOTS('',3,(#4902,#4903,#4904,#4905,#4906,#4907,#4908,
#4909,#4910,#4911,#4912),.UNSPECIFIED.,.F.,.F.,(4,1,1,1,1,1,1,1,4),(0.E0,
1.25E-1,2.5E-1,3.75E-1,5.E-1,6.25E-1,7.5E-1,8.75E-1,1.E0),.UNSPECIFIED.);
#4942=CIRCLE('',#4941,1.6E0);
#4947=CIRCLE('',#4946,1.6E0);
#4952=CIRCLE('',#4951,1.6E0);
#4957=CIRCLE('',#4956,1.6E0);
#4962=CIRCLE('',#4961,1.6E0);
#4967=CIRCLE('',#4966,1.6E0);
#4972=CIRCLE('',#4971,1.6E0);
#4977=CIRCLE('',#4976,1.6E0);
#5078=CIRCLE('',#5077,5.E-1);
#5083=CIRCLE('',#5082,5.E-1);
#5088=CIRCLE('',#5087,5.E-1);
#5093=CIRCLE('',#5092,5.E-1);
#5098=CIRCLE('',#5097,5.E-1);
#5103=CIRCLE('',#5102,5.E-1);
#5108=CIRCLE('',#5107,5.E-1);
#5113=CIRCLE('',#5112,5.E-1);
#5130=CIRCLE('',#5129,5.E-1);
#5159=CIRCLE('',#5158,1.E0);
#5164=CIRCLE('',#5163,3.E0);
#5169=CIRCLE('',#5168,3.E0);
#5174=CIRCLE('',#5173,1.E0);
#5187=CIRCLE('',#5186,4.5E0);
#5196=CIRCLE('',#5195,4.5E0);
#5209=CIRCLE('',#5208,1.E0);
#5214=CIRCLE('',#5213,3.E0);
#5219=CIRCLE('',#5218,3.E0);
#5224=CIRCLE('',#5223,1.E0);
#5241=CIRCLE('',#5240,1.E0);
#5246=CIRCLE('',#5245,3.E0);
#5251=CIRCLE('',#5250,3.E0);
#5256=CIRCLE('',#5255,1.E0);
#5265=CIRCLE('',#5264,4.499999998056E0);
#5274=CIRCLE('',#5273,4.499999998525E0);
#5283=CIRCLE('',#5282,1.E0);
#5288=CIRCLE('',#5287,3.E0);
#5293=CIRCLE('',#5292,3.E0);
#5298=CIRCLE('',#5297,1.E0);
#5339=CIRCLE('',#5338,6.5E-1);
#5344=CIRCLE('',#5343,6.5E-1);
#5349=CIRCLE('',#5348,6.5E-1);
#5354=CIRCLE('',#5353,6.5E-1);
#5359=CIRCLE('',#5358,6.5E-1);
#5364=CIRCLE('',#5363,6.5E-1);
#5369=CIRCLE('',#5368,6.5E-1);
#5374=CIRCLE('',#5373,6.5E-1);
#5379=CIRCLE('',#5378,6.5E-1);
#5384=CIRCLE('',#5383,6.5E-1);
#5389=CIRCLE('',#5388,6.5E-1);
#5394=CIRCLE('',#5393,6.5E-1);
#5399=CIRCLE('',#5398,6.5E-1);
#5404=CIRCLE('',#5403,6.5E-1);
#5409=CIRCLE('',#5408,6.5E-1);
#5414=CIRCLE('',#5413,6.5E-1);
#5419=CIRCLE('',#5418,6.5E-1);
#5424=CIRCLE('',#5423,6.5E-1);
#5429=CIRCLE('',#5428,6.5E-1);
#5434=CIRCLE('',#5433,6.5E-1);
#5439=CIRCLE('',#5438,6.5E-1);
#5444=CIRCLE('',#5443,6.5E-1);
#5449=CIRCLE('',#5448,6.5E-1);
#5454=CIRCLE('',#5453,6.5E-1);
#5459=CIRCLE('',#5458,6.5E-1);
#5464=CIRCLE('',#5463,6.5E-1);
#5469=CIRCLE('',#5468,6.5E-1);
#5474=CIRCLE('',#5473,6.5E-1);
#5479=CIRCLE('',#5478,6.5E-1);
#5484=CIRCLE('',#5483,6.5E-1);
#5489=CIRCLE('',#5488,6.5E-1);
#5494=CIRCLE('',#5493,6.5E-1);
#5499=CIRCLE('',#5498,6.5E-1);
#5504=CIRCLE('',#5503,6.5E-1);
#5509=CIRCLE('',#5508,6.5E-1);
#5514=CIRCLE('',#5513,6.5E-1);
#5519=CIRCLE('',#5518,6.5E-1);
#5524=CIRCLE('',#5523,6.5E-1);
#5529=CIRCLE('',#5528,6.5E-1);
#5534=CIRCLE('',#5533,6.5E-1);
#5539=CIRCLE('',#5538,6.5E-1);
#5544=CIRCLE('',#5543,6.5E-1);
#5549=CIRCLE('',#5548,6.5E-1);
#5554=CIRCLE('',#5553,6.5E-1);
#5559=CIRCLE('',#5558,6.5E-1);
#5564=CIRCLE('',#5563,6.5E-1);
#5569=CIRCLE('',#5568,6.5E-1);
#5578=CIRCLE('',#5577,6.5E-1);
#5587=CIRCLE('',#5586,6.5E-1);
#5596=CIRCLE('',#5595,6.5E-1);
#5605=CIRCLE('',#5604,6.5E-1);
#5614=CIRCLE('',#5613,6.5E-1);
#5623=CIRCLE('',#5622,6.5E-1);
#5632=CIRCLE('',#5631,6.5E-1);
#5641=CIRCLE('',#5640,6.5E-1);
#5650=CIRCLE('',#5649,6.5E-1);
#5659=CIRCLE('',#5658,6.5E-1);
#5668=CIRCLE('',#5667,6.5E-1);
#5677=CIRCLE('',#5676,6.5E-1);
#5686=CIRCLE('',#5685,6.5E-1);
#5695=CIRCLE('',#5694,6.5E-1);
#5704=CIRCLE('',#5703,6.5E-1);
#5713=CIRCLE('',#5712,6.5E-1);
#5722=CIRCLE('',#5721,6.5E-1);
#5731=CIRCLE('',#5730,6.5E-1);
#5740=CIRCLE('',#5739,6.5E-1);
#5749=CIRCLE('',#5748,6.5E-1);
#5758=CIRCLE('',#5757,6.5E-1);
#5767=CIRCLE('',#5766,6.5E-1);
#5776=CIRCLE('',#5775,6.5E-1);
#5785=CIRCLE('',#5784,6.5E-1);
#5794=CIRCLE('',#5793,6.5E-1);
#5803=CIRCLE('',#5802,6.5E-1);
#5812=CIRCLE('',#5811,6.5E-1);
#5821=CIRCLE('',#5820,6.5E-1);
#5830=CIRCLE('',#5829,6.5E-1);
#5839=CIRCLE('',#5838,6.5E-1);
#5848=CIRCLE('',#5847,6.5E-1);
#5857=CIRCLE('',#5856,6.5E-1);
#5866=CIRCLE('',#5865,6.5E-1);
#5875=CIRCLE('',#5874,6.5E-1);
#5884=CIRCLE('',#5883,6.5E-1);
#5893=CIRCLE('',#5892,6.5E-1);
#5902=CIRCLE('',#5901,6.5E-1);
#5911=CIRCLE('',#5910,6.5E-1);
#5920=CIRCLE('',#5919,6.5E-1);
#5929=CIRCLE('',#5928,6.5E-1);
#5938=CIRCLE('',#5937,6.5E-1);
#5947=CIRCLE('',#5946,6.5E-1);
#5956=CIRCLE('',#5955,6.5E-1);
#5965=CIRCLE('',#5964,6.5E-1);
#5974=CIRCLE('',#5973,6.5E-1);
#5983=CIRCLE('',#5982,5.E-1);
#5988=CIRCLE('',#5987,5.E-1);
#6013=CIRCLE('',#6012,3.E0);
#6022=CIRCLE('',#6021,3.E0);
#6031=CIRCLE('',#6030,5.E-1);
#6036=CIRCLE('',#6035,2.5E0);
#6041=CIRCLE('',#6040,2.5E0);
#6046=CIRCLE('',#6045,2.5E0);
#6051=CIRCLE('',#6050,2.5E0);
#6056=CIRCLE('',#6055,2.5E0);
#6061=CIRCLE('',#6060,2.5E0);
#6066=CIRCLE('',#6065,2.5E0);
#6071=CIRCLE('',#6070,2.5E0);
#6076=CIRCLE('',#6075,7.5E-1);
#6081=CIRCLE('',#6080,7.5E-1);
#6086=CIRCLE('',#6085,7.5E-1);
#6091=CIRCLE('',#6090,7.5E-1);
#6096=CIRCLE('',#6095,5.E-1);
#6101=CIRCLE('',#6100,3.E0);
#6114=CIRCLE('',#6113,3.E0);
#6131=B_SPLINE_CURVE_WITH_KNOTS('',3,(#6123,#6124,#6125,#6126,#6127,#6128,#6129,
#6130),.UNSPECIFIED.,.F.,.F.,(4,1,1,1,1,4),(0.E0,2.E-1,4.E-1,6.E-1,8.E-1,1.E0),
.UNSPECIFIED.);
#6136=CIRCLE('',#6135,5.E0);
#6145=CIRCLE('',#6144,5.E0);
#6154=CIRCLE('',#6153,1.E0);
#6167=CIRCLE('',#6166,5.E0);
#6176=CIRCLE('',#6175,1.E0);
#6181=CIRCLE('',#6180,1.E0);
#6198=CIRCLE('',#6197,1.E0);
#6203=CIRCLE('',#6202,1.E0);
#6212=CIRCLE('',#6211,5.E0);
#6225=CIRCLE('',#6224,1.E0);
#6230=CIRCLE('',#6229,1.E0);
#6247=CIRCLE('',#6246,1.E0);
#6252=CIRCLE('',#6251,3.E0);
#6265=CIRCLE('',#6264,3.E0);
#6270=CIRCLE('',#6269,5.E-1);
#6275=CIRCLE('',#6274,5.E-1);
#6280=CIRCLE('',#6279,3.E0);
#6289=CIRCLE('',#6288,3.E0);
#6306=CIRCLE('',#6305,5.E0);
#6315=CIRCLE('',#6314,5.E0);
#6320=CIRCLE('',#6319,5.E-1);
#6329=B_SPLINE_CURVE_WITH_KNOTS('',3,(#6321,#6322,#6323,#6324,#6325,#6326,#6327,
#6328),.UNSPECIFIED.,.F.,.F.,(4,1,1,1,1,4),(0.E0,2.E-1,4.E-1,6.E-1,8.E-1,1.E0),
.UNSPECIFIED.);
#6350=CIRCLE('',#6349,5.E-1);
#6355=CIRCLE('',#6354,5.E-1);
#6360=CIRCLE('',#6359,5.E-1);
#6365=CIRCLE('',#6364,5.E-1);
#6370=CIRCLE('',#6369,5.E-1);
#6375=CIRCLE('',#6374,5.E-1);
#6388=CIRCLE('',#6387,3.E0);
#6397=CIRCLE('',#6396,3.E0);
#6406=CIRCLE('',#6405,5.E-1);
#6411=CIRCLE('',#6410,5.E-1);
#6416=CIRCLE('',#6415,3.E0);
#6429=CIRCLE('',#6428,3.E0);
#6442=CIRCLE('',#6441,5.E0);
#6451=CIRCLE('',#6450,5.E0);
#6468=CIRCLE('',#6467,5.E0);
#6477=CIRCLE('',#6476,5.E0);
#6490=CIRCLE('',#6489,3.E0);
#6503=CIRCLE('',#6502,3.E0);
#6508=CIRCLE('',#6507,5.E-1);
#6513=CIRCLE('',#6512,5.E-1);
#6518=CIRCLE('',#6517,3.E0);
#6527=CIRCLE('',#6526,3.E0);
#6544=CIRCLE('',#6543,5.E-1);
#6549=CIRCLE('',#6548,5.E-1);
#6570=CIRCLE('',#6569,7.5E-1);
#6575=CIRCLE('',#6574,7.5E-1);
#6580=CIRCLE('',#6579,7.5E-1);
#6585=CIRCLE('',#6584,7.5E-1);
#6626=CIRCLE('',#6625,6.5E-1);
#6631=CIRCLE('',#6630,6.5E-1);
#6644=CIRCLE('',#6643,6.5E-1);
#6649=CIRCLE('',#6648,6.5E-1);
#6662=CIRCLE('',#6661,6.5E-1);
#6667=CIRCLE('',#6666,6.5E-1);
#6680=CIRCLE('',#6679,6.5E-1);
#6685=CIRCLE('',#6684,6.5E-1);
#6698=CIRCLE('',#6697,6.5E-1);
#6703=CIRCLE('',#6702,6.5E-1);
#6716=CIRCLE('',#6715,6.5E-1);
#6721=CIRCLE('',#6720,6.5E-1);
#6734=CIRCLE('',#6733,6.5E-1);
#6739=CIRCLE('',#6738,6.5E-1);
#6752=CIRCLE('',#6751,6.5E-1);
#6757=CIRCLE('',#6756,6.5E-1);
#6770=CIRCLE('',#6769,6.5E-1);
#6775=CIRCLE('',#6774,6.5E-1);
#6788=CIRCLE('',#6787,6.5E-1);
#6793=CIRCLE('',#6792,6.5E-1);
#6806=CIRCLE('',#6805,6.5E-1);
#6811=CIRCLE('',#6810,6.5E-1);
#6824=CIRCLE('',#6823,6.5E-1);
#6829=CIRCLE('',#6828,6.5E-1);
#6842=CIRCLE('',#6841,6.5E-1);
#6847=CIRCLE('',#6846,6.5E-1);
#6860=CIRCLE('',#6859,6.5E-1);
#6865=CIRCLE('',#6864,6.5E-1);
#6878=CIRCLE('',#6877,6.5E-1);
#6883=CIRCLE('',#6882,6.5E-1);
#6896=CIRCLE('',#6895,6.5E-1);
#6901=CIRCLE('',#6900,6.5E-1);
#6914=CIRCLE('',#6913,6.5E-1);
#6919=CIRCLE('',#6918,6.5E-1);
#6932=CIRCLE('',#6931,6.5E-1);
#6937=CIRCLE('',#6936,6.5E-1);
#6950=CIRCLE('',#6949,6.5E-1);
#6955=CIRCLE('',#6954,6.5E-1);
#6968=CIRCLE('',#6967,6.5E-1);
#6973=CIRCLE('',#6972,6.5E-1);
#6986=CIRCLE('',#6985,6.5E-1);
#6991=CIRCLE('',#6990,6.5E-1);
#7004=CIRCLE('',#7003,6.5E-1);
#7009=CIRCLE('',#7008,6.5E-1);
#7022=CIRCLE('',#7021,6.5E-1);
#7027=CIRCLE('',#7026,6.5E-1);
#9335=EDGE_CURVE('',#8089,#8671,#137,.T.);
#9337=EDGE_CURVE('',#8671,#8673,#665,.T.);
#9339=EDGE_CURVE('',#8087,#8673,#293,.T.);
#9341=EDGE_CURVE('',#8087,#8089,#1119,.T.);
#9345=ADVANCED_FACE('',(#9344),#9334,.F.);
#9351=EDGE_CURVE('',#8091,#8669,#141,.T.);
#9353=EDGE_CURVE('',#8669,#8671,#669,.T.);
#9356=EDGE_CURVE('',#8089,#8091,#1115,.T.);
#9360=ADVANCED_FACE('',(#9359),#9350,.F.);
#9366=EDGE_CURVE('',#8093,#8667,#145,.T.);
#9368=EDGE_CURVE('',#8667,#8669,#673,.T.);
#9371=EDGE_CURVE('',#8091,#8093,#1111,.T.);
#9375=ADVANCED_FACE('',(#9374),#9365,.F.);
#9381=EDGE_CURVE('',#8095,#8665,#149,.T.);
#9383=EDGE_CURVE('',#8665,#8667,#677,.T.);
#9386=EDGE_CURVE('',#8093,#8095,#1107,.T.);
#9390=ADVANCED_FACE('',(#9389),#9380,.F.);
#9396=EDGE_CURVE('',#8097,#8663,#153,.T.);
#9398=EDGE_CURVE('',#8663,#8665,#681,.T.);
#9401=EDGE_CURVE('',#8095,#8097,#1103,.T.);
#9405=ADVANCED_FACE('',(#9404),#9395,.F.);
#9411=EDGE_CURVE('',#8099,#8661,#157,.T.);
#9413=EDGE_CURVE('',#8661,#8663,#685,.T.);
#9416=EDGE_CURVE('',#8097,#8099,#1099,.T.);
#9420=ADVANCED_FACE('',(#9419),#9410,.F.);
#9426=EDGE_CURVE('',#8101,#8659,#161,.T.);
#9428=EDGE_CURVE('',#8659,#8661,#689,.T.);
#9431=EDGE_CURVE('',#8099,#8101,#1095,.T.);
#9435=ADVANCED_FACE('',(#9434),#9425,.F.);
#9441=EDGE_CURVE('',#8103,#8657,#165,.T.);
#9443=EDGE_CURVE('',#8657,#8659,#693,.T.);
#9446=EDGE_CURVE('',#8101,#8103,#1091,.T.);
#9450=ADVANCED_FACE('',(#9449),#9440,.F.);
#9456=EDGE_CURVE('',#8105,#8655,#169,.T.);
#9458=EDGE_CURVE('',#8655,#8657,#697,.T.);
#9461=EDGE_CURVE('',#8103,#8105,#1087,.T.);
#9465=ADVANCED_FACE('',(#9464),#9455,.F.);
#9471=EDGE_CURVE('',#8107,#8653,#173,.T.);
#9473=EDGE_CURVE('',#8653,#8655,#701,.T.);
#9476=EDGE_CURVE('',#8105,#8107,#1083,.T.);
#9480=ADVANCED_FACE('',(#9479),#9470,.F.);
#9486=EDGE_CURVE('',#8109,#8651,#177,.T.);
#9488=EDGE_CURVE('',#8651,#8653,#705,.T.);
#9491=EDGE_CURVE('',#8107,#8109,#1079,.T.);
#9495=ADVANCED_FACE('',(#9494),#9485,.F.);
#9501=EDGE_CURVE('',#8111,#8649,#181,.T.);
#9503=EDGE_CURVE('',#8649,#8651,#709,.T.);
#9506=EDGE_CURVE('',#8109,#8111,#1075,.T.);
#9510=ADVANCED_FACE('',(#9509),#9500,.F.);
#9516=EDGE_CURVE('',#8113,#8647,#185,.T.);
#9518=EDGE_CURVE('',#8647,#8649,#713,.T.);
#9521=EDGE_CURVE('',#8111,#8113,#1071,.T.);
#9525=ADVANCED_FACE('',(#9524),#9515,.F.);
#9531=EDGE_CURVE('',#8115,#8645,#189,.T.);
#9533=EDGE_CURVE('',#8645,#8647,#717,.T.);
#9536=EDGE_CURVE('',#8113,#8115,#1067,.T.);
#9540=ADVANCED_FACE('',(#9539),#9530,.F.);
#9546=EDGE_CURVE('',#8117,#8643,#193,.T.);
#9548=EDGE_CURVE('',#8643,#8645,#721,.T.);
#9551=EDGE_CURVE('',#8115,#8117,#1063,.T.);
#9555=ADVANCED_FACE('',(#9554),#9545,.F.);
#9561=EDGE_CURVE('',#8119,#8641,#197,.T.);
#9563=EDGE_CURVE('',#8641,#8643,#725,.T.);
#9566=EDGE_CURVE('',#8117,#8119,#1059,.T.);
#9570=ADVANCED_FACE('',(#9569),#9560,.F.);
#9576=EDGE_CURVE('',#8121,#8639,#201,.T.);
#9578=EDGE_CURVE('',#8639,#8641,#729,.T.);
#9581=EDGE_CURVE('',#8119,#8121,#1055,.T.);
#9585=ADVANCED_FACE('',(#9584),#9575,.F.);
#9591=EDGE_CURVE('',#8123,#8637,#205,.T.);
#9593=EDGE_CURVE('',#8637,#8639,#733,.T.);
#9596=EDGE_CURVE('',#8121,#8123,#1051,.T.);
#9600=ADVANCED_FACE('',(#9599),#9590,.F.);
#9606=EDGE_CURVE('',#8125,#8635,#209,.T.);
#9608=EDGE_CURVE('',#8635,#8637,#737,.T.);
#9611=EDGE_CURVE('',#8123,#8125,#1047,.T.);
#9615=ADVANCED_FACE('',(#9614),#9605,.F.);
#9621=EDGE_CURVE('',#8127,#8633,#213,.T.);
#9623=EDGE_CURVE('',#8633,#8635,#741,.T.);
#9626=EDGE_CURVE('',#8125,#8127,#1043,.T.);
#9630=ADVANCED_FACE('',(#9629),#9620,.F.);
#9636=EDGE_CURVE('',#8129,#8631,#217,.T.);
#9638=EDGE_CURVE('',#8631,#8633,#745,.T.);
#9641=EDGE_CURVE('',#8127,#8129,#1039,.T.);
#9645=ADVANCED_FACE('',(#9644),#9635,.F.);
#9651=EDGE_CURVE('',#8131,#8629,#221,.T.);
#9653=EDGE_CURVE('',#8629,#8631,#749,.T.);
#9656=EDGE_CURVE('',#8129,#8131,#1035,.T.);
#9660=ADVANCED_FACE('',(#9659),#9650,.F.);
#9666=EDGE_CURVE('',#8628,#8054,#229,.T.);
#9668=EDGE_CURVE('',#8628,#8629,#593,.T.);
#9671=EDGE_CURVE('',#8131,#8054,#1031,.T.);
#9675=ADVANCED_FACE('',(#9674),#9665,.F.);
#9681=EDGE_CURVE('',#8055,#8705,#225,.T.);
#9683=EDGE_CURVE('',#8705,#8628,#597,.T.);
#9686=EDGE_CURVE('',#8054,#8055,#1027,.T.);
#9690=ADVANCED_FACE('',(#9689),#9680,.F.);
#9696=EDGE_CURVE('',#8057,#8703,#233,.T.);
#9698=EDGE_CURVE('',#8703,#8705,#601,.T.);
#9701=EDGE_CURVE('',#8055,#8057,#1183,.T.);
#9705=ADVANCED_FACE('',(#9704),#9695,.F.);
#9711=EDGE_CURVE('',#8059,#8701,#237,.T.);
#9713=EDGE_CURVE('',#8701,#8703,#605,.T.);
#9716=EDGE_CURVE('',#8057,#8059,#1179,.T.);
#9720=ADVANCED_FACE('',(#9719),#9710,.F.);
#9726=EDGE_CURVE('',#8061,#8699,#241,.T.);
#9728=EDGE_CURVE('',#8699,#8701,#609,.T.);
#9731=EDGE_CURVE('',#8059,#8061,#1175,.T.);
#9735=ADVANCED_FACE('',(#9734),#9725,.F.);
#9741=EDGE_CURVE('',#8063,#8697,#245,.T.);
#9743=EDGE_CURVE('',#8697,#8699,#613,.T.);
#9746=EDGE_CURVE('',#8061,#8063,#1171,.T.);
#9750=ADVANCED_FACE('',(#9749),#9740,.F.);
#9756=EDGE_CURVE('',#8065,#8695,#249,.T.);
#9758=EDGE_CURVE('',#8695,#8697,#617,.T.);
#9761=EDGE_CURVE('',#8063,#8065,#1167,.T.);
#9765=ADVANCED_FACE('',(#9764),#9755,.F.);
#9771=EDGE_CURVE('',#8067,#8693,#253,.T.);
#9773=EDGE_CURVE('',#8693,#8695,#621,.T.);
#9776=EDGE_CURVE('',#8065,#8067,#1163,.T.);
#9780=ADVANCED_FACE('',(#9779),#9770,.F.);
#9786=EDGE_CURVE('',#8069,#8691,#257,.T.);
#9788=EDGE_CURVE('',#8691,#8693,#625,.T.);
#9791=EDGE_CURVE('',#8067,#8069,#1159,.T.);
#9795=ADVANCED_FACE('',(#9794),#9785,.F.);
#9801=EDGE_CURVE('',#8071,#8689,#261,.T.);
#9803=EDGE_CURVE('',#8689,#8691,#629,.T.);
#9806=EDGE_CURVE('',#8069,#8071,#1155,.T.);
#9810=ADVANCED_FACE('',(#9809),#9800,.F.);
#9816=EDGE_CURVE('',#8073,#8687,#265,.T.);
#9818=EDGE_CURVE('',#8687,#8689,#633,.T.);
#9821=EDGE_CURVE('',#8071,#8073,#1151,.T.);
#9825=ADVANCED_FACE('',(#9824),#9815,.F.);
#9831=EDGE_CURVE('',#8075,#8685,#269,.T.);
#9833=EDGE_CURVE('',#8685,#8687,#637,.T.);
#9836=EDGE_CURVE('',#8073,#8075,#1147,.T.);
#9840=ADVANCED_FACE('',(#9839),#9830,.F.);
#9846=EDGE_CURVE('',#8077,#8683,#273,.T.);
#9848=EDGE_CURVE('',#8683,#8685,#641,.T.);
#9851=EDGE_CURVE('',#8075,#8077,#1143,.T.);
#9855=ADVANCED_FACE('',(#9854),#9845,.F.);
#9861=EDGE_CURVE('',#8079,#8681,#277,.T.);
#9863=EDGE_CURVE('',#8681,#8683,#645,.T.);
#9866=EDGE_CURVE('',#8077,#8079,#1139,.T.);
#9870=ADVANCED_FACE('',(#9869),#9860,.F.);
#9876=EDGE_CURVE('',#8081,#8679,#281,.T.);
#9878=EDGE_CURVE('',#8679,#8681,#649,.T.);
#9881=EDGE_CURVE('',#8079,#8081,#1135,.T.);
#9885=ADVANCED_FACE('',(#9884),#9875,.F.);
#9891=EDGE_CURVE('',#8083,#8677,#285,.T.);
#9893=EDGE_CURVE('',#8677,#8679,#653,.T.);
#9896=EDGE_CURVE('',#8081,#8083,#1131,.T.);
#9900=ADVANCED_FACE('',(#9899),#9890,.F.);
#9906=EDGE_CURVE('',#8085,#8675,#289,.T.);
#9908=EDGE_CURVE('',#8675,#8677,#657,.T.);
#9911=EDGE_CURVE('',#8083,#8085,#1127,.T.);
#9915=ADVANCED_FACE('',(#9914),#9905,.F.);
#9922=EDGE_CURVE('',#8673,#8675,#661,.T.);
#9925=EDGE_CURVE('',#8085,#8087,#1123,.T.);
#9929=ADVANCED_FACE('',(#9928),#9920,.F.);
#9935=EDGE_CURVE('',#8480,#8481,#297,.T.);
#9937=EDGE_CURVE('',#8491,#8480,#301,.T.);
#9939=EDGE_CURVE('',#8489,#8491,#305,.T.);
#9941=EDGE_CURVE('',#8487,#8489,#309,.T.);
#9943=EDGE_CURVE('',#8485,#8487,#313,.T.);
#9945=EDGE_CURVE('',#8483,#8485,#317,.T.);
#9947=EDGE_CURVE('',#8481,#8483,#321,.T.);
#9951=ADVANCED_FACE('',(#9950),#9934,.T.);
#9957=EDGE_CURVE('',#8494,#8495,#325,.T.);
#9959=EDGE_CURVE('',#8571,#8494,#329,.T.);
#9961=EDGE_CURVE('',#8569,#8571,#333,.T.);
#9963=EDGE_CURVE('',#8567,#8569,#337,.T.);
#9965=EDGE_CURVE('',#8565,#8567,#341,.T.);
#9967=EDGE_CURVE('',#8563,#8565,#345,.T.);
#9969=EDGE_CURVE('',#8561,#8563,#349,.T.);
#9971=EDGE_CURVE('',#8559,#8561,#353,.T.);
#9973=EDGE_CURVE('',#8557,#8559,#357,.T.);
#9975=EDGE_CURVE('',#8555,#8557,#361,.T.);
#9977=EDGE_CURVE('',#8553,#8555,#365,.T.);
#9979=EDGE_CURVE('',#8551,#8553,#369,.T.);
#9981=EDGE_CURVE('',#8549,#8551,#373,.T.);
#9983=EDGE_CURVE('',#8547,#8549,#377,.T.);
#9985=EDGE_CURVE('',#8545,#8547,#381,.T.);
#9987=EDGE_CURVE('',#8543,#8545,#385,.T.);
#9989=EDGE_CURVE('',#8541,#8543,#389,.T.);
#9991=EDGE_CURVE('',#8539,#8541,#393,.T.);
#9993=EDGE_CURVE('',#8537,#8539,#397,.T.);
#9995=EDGE_CURVE('',#8535,#8537,#401,.T.);
#9997=EDGE_CURVE('',#8533,#8535,#405,.T.);
#9999=EDGE_CURVE('',#8531,#8533,#409,.T.);
#10001=EDGE_CURVE('',#8529,#8531,#413,.T.);
#10003=EDGE_CURVE('',#8527,#8529,#417,.T.);
#10005=EDGE_CURVE('',#8525,#8527,#421,.T.);
#10007=EDGE_CURVE('',#8523,#8525,#425,.T.);
#10009=EDGE_CURVE('',#8521,#8523,#429,.T.);
#10011=EDGE_CURVE('',#8519,#8521,#433,.T.);
#10013=EDGE_CURVE('',#8517,#8519,#437,.T.);
#10015=EDGE_CURVE('',#8515,#8517,#441,.T.);
#10017=EDGE_CURVE('',#8513,#8515,#445,.T.);
#10019=EDGE_CURVE('',#8511,#8513,#449,.T.);
#10021=EDGE_CURVE('',#8509,#8511,#453,.T.);
#10023=EDGE_CURVE('',#8507,#8509,#457,.T.);
#10025=EDGE_CURVE('',#8505,#8507,#461,.T.);
#10027=EDGE_CURVE('',#8503,#8505,#465,.T.);
#10029=EDGE_CURVE('',#8501,#8503,#469,.T.);
#10031=EDGE_CURVE('',#8499,#8501,#473,.T.);
#10033=EDGE_CURVE('',#8497,#8499,#477,.T.);
#10035=EDGE_CURVE('',#8495,#8497,#481,.T.);
#10039=ADVANCED_FACE('',(#10038),#9956,.T.);
#10045=EDGE_CURVE('',#8614,#8615,#565,.T.);
#10047=EDGE_CURVE('',#8625,#8614,#569,.T.);
#10049=EDGE_CURVE('',#8623,#8625,#573,.T.);
#10051=EDGE_CURVE('',#8621,#8623,#577,.T.);
#10053=EDGE_CURVE('',#8619,#8621,#581,.T.);
#10055=EDGE_CURVE('',#8617,#8619,#585,.T.);
#10057=EDGE_CURVE('',#8615,#8617,#589,.T.);
#10061=ADVANCED_FACE('',(#10060),#10044,.T.);
#10109=EDGE_CURVE('',#8574,#8575,#485,.T.);
#10111=EDGE_CURVE('',#8611,#8574,#489,.T.);
#10113=EDGE_CURVE('',#8609,#8611,#493,.T.);
#10115=EDGE_CURVE('',#8607,#8609,#497,.T.);
#10117=EDGE_CURVE('',#8605,#8607,#501,.T.);
#10119=EDGE_CURVE('',#8603,#8605,#505,.T.);
#10121=EDGE_CURVE('',#8601,#8603,#509,.T.);
#10123=EDGE_CURVE('',#8599,#8601,#513,.T.);
#10125=EDGE_CURVE('',#8597,#8599,#517,.T.);
#10127=EDGE_CURVE('',#8595,#8597,#521,.T.);
#10129=EDGE_CURVE('',#8593,#8595,#525,.T.);
#10131=EDGE_CURVE('',#8591,#8593,#529,.T.);
#10133=EDGE_CURVE('',#8589,#8591,#533,.T.);
#10135=EDGE_CURVE('',#8587,#8589,#537,.T.);
#10137=EDGE_CURVE('',#8585,#8587,#541,.T.);
#10139=EDGE_CURVE('',#8583,#8585,#545,.T.);
#10141=EDGE_CURVE('',#8581,#8583,#549,.T.);
#10143=EDGE_CURVE('',#8579,#8581,#553,.T.);
#10145=EDGE_CURVE('',#8577,#8579,#557,.T.);
#10147=EDGE_CURVE('',#8575,#8577,#561,.T.);
#10151=ADVANCED_FACE('',(#10108,#10150),#10066,.T.);
#10157=EDGE_CURVE('',#8480,#7636,#757,.T.);
#10160=EDGE_CURVE('',#7647,#8481,#777,.T.);
#10162=EDGE_CURVE('',#7647,#7636,#815,.T.);
#10166=ADVANCED_FACE('',(#10165),#10156,.F.);
#10172=EDGE_CURVE('',#7637,#8491,#753,.T.);
#10176=EDGE_CURVE('',#7636,#7637,#811,.T.);
#10180=ADVANCED_FACE('',(#10179),#10171,.F.);
#10186=EDGE_CURVE('',#7639,#8489,#761,.T.);
#10190=EDGE_CURVE('',#7637,#7639,#835,.T.);
#10194=ADVANCED_FACE('',(#10193),#10185,.F.);
#10200=EDGE_CURVE('',#7641,#8487,#765,.T.);
#10204=EDGE_CURVE('',#7639,#7641,#831,.T.);
#10208=ADVANCED_FACE('',(#10207),#10199,.F.);
#10214=EDGE_CURVE('',#7643,#8485,#769,.T.);
#10218=EDGE_CURVE('',#7641,#7643,#827,.T.);
#10222=ADVANCED_FACE('',(#10221),#10213,.F.);
#10228=EDGE_CURVE('',#7645,#8483,#773,.T.);
#10232=EDGE_CURVE('',#7643,#7645,#823,.T.);
#10236=ADVANCED_FACE('',(#10235),#10227,.F.);
#10245=EDGE_CURVE('',#7645,#7647,#819,.T.);
#10249=ADVANCED_FACE('',(#10248),#10241,.F.);
#10255=EDGE_CURVE('',#7628,#7629,#782,.T.);
#10257=EDGE_CURVE('',#7629,#7628,#787,.T.);
#10270=ADVANCED_FACE('',(#10260,#10269),#10254,.T.);
#10276=EDGE_CURVE('',#7952,#7953,#792,.T.);
#10278=EDGE_CURVE('',#7953,#7952,#797,.T.);
#10282=EDGE_CURVE('',#7960,#7961,#839,.T.);
#10284=EDGE_CURVE('',#8037,#7960,#843,.T.);
#10286=EDGE_CURVE('',#8035,#8037,#847,.T.);
#10288=EDGE_CURVE('',#8033,#8035,#851,.T.);
#10290=EDGE_CURVE('',#8031,#8033,#855,.T.);
#10292=EDGE_CURVE('',#8029,#8031,#859,.T.);
#10294=EDGE_CURVE('',#8027,#8029,#863,.T.);
#10296=EDGE_CURVE('',#8025,#8027,#867,.T.);
#10298=EDGE_CURVE('',#8023,#8025,#871,.T.);
#10300=EDGE_CURVE('',#8021,#8023,#875,.T.);
#10302=EDGE_CURVE('',#8019,#8021,#879,.T.);
#10304=EDGE_CURVE('',#8017,#8019,#883,.T.);
#10306=EDGE_CURVE('',#8015,#8017,#887,.T.);
#10308=EDGE_CURVE('',#8013,#8015,#891,.T.);
#10310=EDGE_CURVE('',#8011,#8013,#895,.T.);
#10312=EDGE_CURVE('',#8009,#8011,#899,.T.);
#10314=EDGE_CURVE('',#8007,#8009,#903,.T.);
#10316=EDGE_CURVE('',#8005,#8007,#907,.T.);
#10318=EDGE_CURVE('',#8003,#8005,#911,.T.);
#10320=EDGE_CURVE('',#8001,#8003,#915,.T.);
#10322=EDGE_CURVE('',#7999,#8001,#919,.T.);
#10324=EDGE_CURVE('',#7997,#7999,#923,.T.);
#10326=EDGE_CURVE('',#7995,#7997,#927,.T.);
#10328=EDGE_CURVE('',#7993,#7995,#931,.T.);
#10330=EDGE_CURVE('',#7991,#7993,#935,.T.);
#10332=EDGE_CURVE('',#7989,#7991,#939,.T.);
#10334=EDGE_CURVE('',#7987,#7989,#943,.T.);
#10336=EDGE_CURVE('',#7985,#7987,#947,.T.);
#10338=EDGE_CURVE('',#7983,#7985,#951,.T.);
#10340=EDGE_CURVE('',#7981,#7983,#955,.T.);
#10342=EDGE_CURVE('',#7979,#7981,#959,.T.);
#10344=EDGE_CURVE('',#7977,#7979,#963,.T.);
#10346=EDGE_CURVE('',#7975,#7977,#967,.T.);
#10348=EDGE_CURVE('',#7973,#7975,#971,.T.);
#10350=EDGE_CURVE('',#7971,#7973,#975,.T.);
#10352=EDGE_CURVE('',#7969,#7971,#979,.T.);
#10354=EDGE_CURVE('',#7967,#7969,#983,.T.);
#10356=EDGE_CURVE('',#7965,#7967,#987,.T.);
#10358=EDGE_CURVE('',#7963,#7965,#991,.T.);
#10360=EDGE_CURVE('',#7961,#7963,#995,.T.);
#10364=ADVANCED_FACE('',(#10281,#10363),#10275,.T.);
#10370=EDGE_CURVE('',#7956,#7957,#802,.T.);
#10372=EDGE_CURVE('',#7957,#7956,#807,.T.);
#10376=EDGE_CURVE('',#8040,#8041,#999,.T.);
#10378=EDGE_CURVE('',#8051,#8040,#1003,.T.);
#10380=EDGE_CURVE('',#8049,#8051,#1007,.T.);
#10382=EDGE_CURVE('',#8047,#8049,#1011,.T.);
#10384=EDGE_CURVE('',#8045,#8047,#1015,.T.);
#10386=EDGE_CURVE('',#8043,#8045,#1019,.T.);
#10388=EDGE_CURVE('',#8041,#8043,#1023,.T.);
#10434=ADVANCED_FACE('',(#10375,#10391,#10433),#10369,.T.);
#10440=EDGE_CURVE('',#8134,#8135,#1187,.T.);
#10442=EDGE_CURVE('',#8171,#8134,#1191,.T.);
#10444=EDGE_CURVE('',#8169,#8171,#1195,.T.);
#10446=EDGE_CURVE('',#8167,#8169,#1199,.T.);
#10448=EDGE_CURVE('',#8165,#8167,#1203,.T.);
#10450=EDGE_CURVE('',#8163,#8165,#1207,.T.);
#10452=EDGE_CURVE('',#8161,#8163,#1211,.T.);
#10454=EDGE_CURVE('',#8159,#8161,#1215,.T.);
#10456=EDGE_CURVE('',#8157,#8159,#1219,.T.);
#10458=EDGE_CURVE('',#8155,#8157,#1223,.T.);
#10460=EDGE_CURVE('',#8153,#8155,#1227,.T.);
#10462=EDGE_CURVE('',#8151,#8153,#1231,.T.);
#10464=EDGE_CURVE('',#8149,#8151,#1235,.T.);
#10466=EDGE_CURVE('',#8147,#8149,#1239,.T.);
#10468=EDGE_CURVE('',#8145,#8147,#1243,.T.);
#10470=EDGE_CURVE('',#8143,#8145,#1247,.T.);
#10472=EDGE_CURVE('',#8141,#8143,#1251,.T.);
#10474=EDGE_CURVE('',#8139,#8141,#1255,.T.);
#10476=EDGE_CURVE('',#8137,#8139,#1259,.T.);
#10478=EDGE_CURVE('',#8135,#8137,#1263,.T.);
#10482=ADVANCED_FACE('',(#10481),#10439,.T.);
#10488=EDGE_CURVE('',#7632,#7633,#1464,.T.);
#10490=EDGE_CURVE('',#7632,#7628,#1267,.T.);
#10493=EDGE_CURVE('',#7633,#7629,#6597,.T.);
#10497=ADVANCED_FACE('',(#10496),#10487,.F.);
#10503=EDGE_CURVE('',#8448,#8449,#1428,.T.);
#10505=EDGE_CURVE('',#8475,#8448,#1432,.T.);
#10507=EDGE_CURVE('',#8471,#8475,#1437,.T.);
#10509=EDGE_CURVE('',#8467,#8471,#1441,.T.);
#10511=EDGE_CURVE('',#8463,#8467,#1446,.T.);
#10513=EDGE_CURVE('',#8459,#8463,#1450,.T.);
#10515=EDGE_CURVE('',#8455,#8459,#1455,.T.);
#10517=EDGE_CURVE('',#8449,#8455,#1459,.T.);
#10521=EDGE_CURVE('',#7451,#7453,#1272,.T.);
#10523=EDGE_CURVE('',#7555,#7453,#1277,.T.);
#10525=EDGE_CURVE('',#8229,#7555,#1282,.T.);
#10527=EDGE_CURVE('',#7561,#8229,#1286,.T.);
#10529=EDGE_CURVE('',#7467,#7561,#1291,.T.);
#10531=EDGE_CURVE('',#7467,#7469,#1295,.T.);
#10533=EDGE_CURVE('',#7469,#7461,#1300,.T.);
#10535=EDGE_CURVE('',#7461,#7463,#1304,.T.);
#10537=EDGE_CURVE('',#7463,#7465,#1309,.T.);
#10539=EDGE_CURVE('',#7465,#7559,#1313,.T.);
#10541=EDGE_CURVE('',#8221,#7559,#1318,.T.);
#10543=EDGE_CURVE('',#8220,#8221,#1322,.T.);
#10545=EDGE_CURVE('',#7569,#8220,#1327,.T.);
#10547=EDGE_CURVE('',#7569,#7487,#1331,.T.);
#10549=EDGE_CURVE('',#7487,#7489,#1336,.T.);
#10551=EDGE_CURVE('',#7489,#7481,#1340,.T.);
#10553=EDGE_CURVE('',#7481,#7483,#1345,.T.);
#10555=EDGE_CURVE('',#7483,#7485,#1349,.T.);
#10557=EDGE_CURVE('',#7567,#7485,#1354,.T.);
#10559=EDGE_CURVE('',#8233,#7567,#1358,.T.);
#10561=EDGE_CURVE('',#7565,#8233,#1363,.T.);
#10563=EDGE_CURVE('',#7479,#7565,#1368,.T.);
#10565=EDGE_CURVE('',#7479,#7471,#1373,.T.);
#10567=EDGE_CURVE('',#7471,#7473,#1377,.T.);
#10569=EDGE_CURVE('',#7473,#7475,#1382,.T.);
#10571=EDGE_CURVE('',#7477,#7475,#1387,.T.);
#10573=EDGE_CURVE('',#7477,#7563,#1391,.T.);
#10575=EDGE_CURVE('',#8225,#7563,#1396,.T.);
#10577=EDGE_CURVE('',#8224,#8225,#1400,.T.);
#10579=EDGE_CURVE('',#7557,#8224,#1405,.T.);
#10581=EDGE_CURVE('',#7557,#7455,#1409,.T.);
#10583=EDGE_CURVE('',#7457,#7455,#1414,.T.);
#10585=EDGE_CURVE('',#7457,#7459,#1419,.T.);
#10587=EDGE_CURVE('',#7459,#7451,#1423,.T.);
#10591=ADVANCED_FACE('',(#10520,#10590),#10502,.T.);
#10597=EDGE_CURVE('',#7572,#7573,#1493,.T.);
#10599=EDGE_CURVE('',#7573,#7575,#1498,.T.);
#10601=EDGE_CURVE('',#7575,#7577,#1502,.T.);
#10603=EDGE_CURVE('',#7577,#8868,#2400,.T.);
#10605=EDGE_CURVE('',#8868,#8869,#1506,.T.);
#10607=EDGE_CURVE('',#8869,#8871,#1511,.T.);
#10609=EDGE_CURVE('',#8871,#8873,#1515,.T.);
#10611=EDGE_CURVE('',#8873,#8932,#2370,.T.);
#10613=EDGE_CURVE('',#8932,#8933,#1519,.T.);
#10615=EDGE_CURVE('',#8933,#8935,#1524,.T.);
#10617=EDGE_CURVE('',#8935,#8937,#1528,.T.);
#10619=EDGE_CURVE('',#8937,#8964,#2340,.T.);
#10621=EDGE_CURVE('',#8964,#8965,#1532,.T.);
#10623=EDGE_CURVE('',#8965,#8967,#1537,.T.);
#10625=EDGE_CURVE('',#8967,#8969,#1541,.T.);
#10627=EDGE_CURVE('',#8969,#9028,#2310,.T.);
#10629=EDGE_CURVE('',#9028,#9029,#1545,.T.);
#10631=EDGE_CURVE('',#9029,#9031,#1550,.T.);
#10633=EDGE_CURVE('',#9031,#9033,#1554,.T.);
#10635=EDGE_CURVE('',#9033,#9092,#2280,.T.);
#10637=EDGE_CURVE('',#9092,#9093,#1558,.T.);
#10639=EDGE_CURVE('',#9093,#9095,#1563,.T.);
#10641=EDGE_CURVE('',#9095,#9097,#1567,.T.);
#10643=EDGE_CURVE('',#9097,#7533,#2250,.T.);
#10645=EDGE_CURVE('',#7532,#7533,#3870,.T.);
#10647=EDGE_CURVE('',#7532,#9156,#3391,.T.);
#10649=EDGE_CURVE('',#9156,#9157,#1571,.T.);
#10651=EDGE_CURVE('',#9157,#9159,#1576,.T.);
#10653=EDGE_CURVE('',#9159,#9161,#1580,.T.);
#10655=EDGE_CURVE('',#9161,#9163,#3433,.T.);
#10657=EDGE_CURVE('',#9163,#9165,#1584,.T.);
#10659=EDGE_CURVE('',#9165,#9167,#1589,.T.);
#10661=EDGE_CURVE('',#9167,#9169,#1593,.T.);
#10663=EDGE_CURVE('',#9169,#7537,#3403,.T.);
#10665=EDGE_CURVE('',#7536,#7537,#3372,.T.);
#10667=EDGE_CURVE('',#7536,#9100,#2693,.T.);
#10669=EDGE_CURVE('',#9100,#9101,#1597,.T.);
#10671=EDGE_CURVE('',#9101,#9103,#1602,.T.);
#10673=EDGE_CURVE('',#9103,#9105,#1606,.T.);
#10675=EDGE_CURVE('',#9105,#9036,#2663,.T.);
#10677=EDGE_CURVE('',#9036,#9037,#1610,.T.);
#10679=EDGE_CURVE('',#9037,#9039,#1615,.T.);
#10681=EDGE_CURVE('',#9039,#9041,#1619,.T.);
#10683=EDGE_CURVE('',#9041,#8972,#2633,.T.);
#10685=EDGE_CURVE('',#8972,#8973,#1623,.T.);
#10687=EDGE_CURVE('',#8973,#8975,#1628,.T.);
#10689=EDGE_CURVE('',#8975,#8977,#1632,.T.);
#10691=EDGE_CURVE('',#8977,#7580,#2603,.T.);
#10693=EDGE_CURVE('',#7580,#7581,#1636,.T.);
#10695=EDGE_CURVE('',#7581,#7583,#1641,.T.);
#10697=EDGE_CURVE('',#7583,#7585,#1645,.T.);
#10699=EDGE_CURVE('',#7585,#8876,#2825,.T.);
#10701=EDGE_CURVE('',#8876,#8877,#1649,.T.);
#10703=EDGE_CURVE('',#8877,#8879,#1654,.T.);
#10705=EDGE_CURVE('',#8879,#8881,#1658,.T.);
#10707=EDGE_CURVE('',#8881,#8836,#2795,.T.);
#10709=EDGE_CURVE('',#8836,#8837,#1662,.T.);
#10711=EDGE_CURVE('',#8837,#8839,#1667,.T.);
#10713=EDGE_CURVE('',#8839,#8841,#1671,.T.);
#10715=EDGE_CURVE('',#8841,#8780,#2765,.T.);
#10717=EDGE_CURVE('',#8780,#8781,#1675,.T.);
#10719=EDGE_CURVE('',#8781,#8783,#1680,.T.);
#10721=EDGE_CURVE('',#8783,#8785,#1684,.T.);
#10723=EDGE_CURVE('',#8785,#8740,#2735,.T.);
#10725=EDGE_CURVE('',#8740,#8741,#1688,.T.);
#10727=EDGE_CURVE('',#8741,#8743,#1693,.T.);
#10729=EDGE_CURVE('',#8743,#8745,#1697,.T.);
#10731=EDGE_CURVE('',#8745,#7525,#2705,.T.);
#10733=EDGE_CURVE('',#7524,#7525,#3739,.T.);
#10735=EDGE_CURVE('',#7524,#9180,#3613,.T.);
#10737=EDGE_CURVE('',#9180,#9181,#1701,.T.);
#10739=EDGE_CURVE('',#9181,#9183,#1706,.T.);
#10741=EDGE_CURVE('',#9183,#9185,#1710,.T.);
#10743=EDGE_CURVE('',#9185,#9172,#3583,.T.);
#10745=EDGE_CURVE('',#9172,#9173,#1714,.T.);
#10747=EDGE_CURVE('',#9173,#9175,#1719,.T.);
#10749=EDGE_CURVE('',#9175,#9177,#1723,.T.);
#10751=EDGE_CURVE('',#9177,#7529,#3625,.T.);
#10753=EDGE_CURVE('',#7528,#7529,#3753,.T.);
#10755=EDGE_CURVE('',#7528,#8707,#2238,.T.);
#10757=EDGE_CURVE('',#8707,#8709,#1727,.T.);
#10759=EDGE_CURVE('',#8709,#8711,#1732,.T.);
#10761=EDGE_CURVE('',#8711,#8713,#1736,.T.);
#10763=EDGE_CURVE('',#8713,#8772,#2208,.T.);
#10765=EDGE_CURVE('',#8772,#8773,#1740,.T.);
#10767=EDGE_CURVE('',#8773,#8775,#1745,.T.);
#10769=EDGE_CURVE('',#8775,#8777,#1749,.T.);
#10771=EDGE_CURVE('',#8777,#7572,#2178,.T.);
#10776=EDGE_CURVE('',#7633,#7632,#1469,.T.);
#10780=EDGE_CURVE('',#8174,#8175,#1474,.T.);
#10782=EDGE_CURVE('',#8175,#8174,#1479,.T.);
#10786=EDGE_CURVE('',#8178,#8179,#1484,.T.);
#10788=EDGE_CURVE('',#8179,#8178,#1489,.T.);
#10792=EDGE_CURVE('',#7684,#7685,#1754,.T.);
#10794=EDGE_CURVE('',#7685,#7684,#1759,.T.);
#10798=EDGE_CURVE('',#7696,#7697,#1764,.T.);
#10800=EDGE_CURVE('',#7697,#7696,#1769,.T.);
#10804=EDGE_CURVE('',#7708,#7709,#1774,.T.);
#10806=EDGE_CURVE('',#7709,#7708,#1779,.T.);
#10810=EDGE_CURVE('',#7720,#7721,#1784,.T.);
#10812=EDGE_CURVE('',#7721,#7720,#1789,.T.);
#10816=EDGE_CURVE('',#7732,#7733,#1794,.T.);
#10818=EDGE_CURVE('',#7733,#7732,#1799,.T.);
#10822=EDGE_CURVE('',#7744,#7745,#1804,.T.);
#10824=EDGE_CURVE('',#7745,#7744,#1809,.T.);
#10828=EDGE_CURVE('',#7756,#7757,#1814,.T.);
#10830=EDGE_CURVE('',#7757,#7756,#1819,.T.);
#10834=EDGE_CURVE('',#7768,#7769,#1824,.T.);
#10836=EDGE_CURVE('',#7769,#7768,#1829,.T.);
#10840=EDGE_CURVE('',#7780,#7781,#1834,.T.);
#10842=EDGE_CURVE('',#7781,#7780,#1839,.T.);
#10846=EDGE_CURVE('',#7792,#7793,#1844,.T.);
#10848=EDGE_CURVE('',#7793,#7792,#1849,.T.);
#10852=EDGE_CURVE('',#7804,#7805,#1854,.T.);
#10854=EDGE_CURVE('',#7805,#7804,#1859,.T.);
#10858=EDGE_CURVE('',#7816,#7817,#1864,.T.);
#10860=EDGE_CURVE('',#7817,#7816,#1869,.T.);
#10864=EDGE_CURVE('',#7828,#7829,#1874,.T.);
#10866=EDGE_CURVE('',#7829,#7828,#1879,.T.);
#10870=EDGE_CURVE('',#7840,#7841,#1884,.T.);
#10872=EDGE_CURVE('',#7841,#7840,#1889,.T.);
#10876=EDGE_CURVE('',#7852,#7853,#1894,.T.);
#10878=EDGE_CURVE('',#7853,#7852,#1899,.T.);
#10882=EDGE_CURVE('',#7864,#7865,#1904,.T.);
#10884=EDGE_CURVE('',#7865,#7864,#1909,.T.);
#10888=EDGE_CURVE('',#7876,#7877,#1914,.T.);
#10890=EDGE_CURVE('',#7877,#7876,#1919,.T.);
#10894=EDGE_CURVE('',#7888,#7889,#1924,.T.);
#10896=EDGE_CURVE('',#7889,#7888,#1929,.T.);
#10900=EDGE_CURVE('',#7900,#7901,#1934,.T.);
#10902=EDGE_CURVE('',#7901,#7900,#1939,.T.);
#10906=EDGE_CURVE('',#7912,#7913,#1944,.T.);
#10908=EDGE_CURVE('',#7913,#7912,#1949,.T.);
#10912=EDGE_CURVE('',#7924,#7925,#1954,.T.);
#10914=EDGE_CURVE('',#7925,#7924,#1959,.T.);
#10918=EDGE_CURVE('',#7936,#7937,#1964,.T.);
#10920=EDGE_CURVE('',#7937,#7936,#1969,.T.);
#10924=EDGE_CURVE('',#7948,#7949,#1974,.T.);
#10926=EDGE_CURVE('',#7949,#7948,#1979,.T.);
#10930=ADVANCED_FACE('',(#10774,#10779,#10785,#10791,#10797,#10803,#10809,
#10815,#10821,#10827,#10833,#10839,#10845,#10851,#10857,#10863,#10869,#10875,
#10881,#10887,#10893,#10899,#10905,#10911,#10917,#10923,#10929),#10596,.T.);
#10936=EDGE_CURVE('',#7451,#7380,#1983,.T.);
#10938=EDGE_CURVE('',#7380,#7381,#4454,.T.);
#10940=EDGE_CURVE('',#7453,#7381,#4879,.T.);
#10945=ADVANCED_FACE('',(#10944),#10935,.T.);
#10953=EDGE_CURVE('',#7459,#7387,#1987,.T.);
#10955=EDGE_CURVE('',#7387,#7380,#4458,.T.);
#10959=ADVANCED_FACE('',(#10958),#10950,.T.);
#10965=EDGE_CURVE('',#7457,#7385,#1991,.T.);
#10967=EDGE_CURVE('',#7385,#7387,#4463,.T.);
#10973=ADVANCED_FACE('',(#10972),#10964,.T.);
#10979=EDGE_CURVE('',#7455,#7384,#1995,.T.);
#10981=EDGE_CURVE('',#7384,#7385,#4468,.T.);
#10987=ADVANCED_FACE('',(#10986),#10978,.F.);
#10993=EDGE_CURVE('',#8213,#8211,#1999,.T.);
#10995=EDGE_CURVE('',#8211,#7420,#4617,.T.);
#10997=EDGE_CURVE('',#7420,#7384,#4472,.T.);
#11001=EDGE_CURVE('',#8234,#7557,#4875,.T.);
#11003=EDGE_CURVE('',#8234,#8235,#2003,.T.);
#11005=EDGE_CURVE('',#7563,#8235,#4896,.T.);
#11008=EDGE_CURVE('',#7477,#7405,#2007,.T.);
#11010=EDGE_CURVE('',#7405,#7447,#4530,.T.);
#11012=EDGE_CURVE('',#8187,#7447,#2011,.T.);
#11014=EDGE_CURVE('',#8187,#8365,#2015,.T.);
#11016=EDGE_CURVE('',#8365,#8372,#2019,.T.);
#11018=EDGE_CURVE('',#8369,#8372,#2023,.T.);
#11020=EDGE_CURVE('',#8363,#8369,#2027,.T.);
#11022=EDGE_CURVE('',#8363,#8361,#2031,.T.);
#11024=EDGE_CURVE('',#8361,#8376,#2035,.T.);
#11026=EDGE_CURVE('',#8381,#8376,#2039,.T.);
#11028=EDGE_CURVE('',#8213,#8381,#2043,.T.);
#11032=ADVANCED_FACE('',(#11031),#10992,.T.);
#11038=EDGE_CURVE('',#8183,#8209,#2120,.T.);
#11040=EDGE_CURVE('',#8209,#8211,#4622,.T.);
#11043=EDGE_CURVE('',#8361,#8213,#5005,.T.);
#11046=EDGE_CURVE('',#8365,#8363,#5021,.T.);
#11049=EDGE_CURVE('',#8183,#8187,#2048,.T.);
#11053=ADVANCED_FACE('',(#11052),#11037,.T.);
#11059=EDGE_CURVE('',#8182,#8183,#2089,.T.);
#11061=EDGE_CURVE('',#8189,#8182,#2093,.T.);
#11063=EDGE_CURVE('',#8193,#8189,#2098,.T.);
#11065=EDGE_CURVE('',#8197,#8193,#2102,.T.);
#11067=EDGE_CURVE('',#8201,#8197,#2107,.T.);
#11069=EDGE_CURVE('',#8205,#8201,#2111,.T.);
#11071=EDGE_CURVE('',#8209,#8205,#2116,.T.);
#11076=EDGE_CURVE('',#7588,#7589,#2053,.T.);
#11078=EDGE_CURVE('',#7615,#7588,#2057,.T.);
#11080=EDGE_CURVE('',#7611,#7615,#2062,.T.);
#11082=EDGE_CURVE('',#7607,#7611,#2066,.T.);
#11084=EDGE_CURVE('',#7603,#7607,#2071,.T.);
#11086=EDGE_CURVE('',#7599,#7603,#2075,.T.);
#11088=EDGE_CURVE('',#7595,#7599,#2080,.T.);
#11090=EDGE_CURVE('',#7589,#7595,#2084,.T.);
#11094=ADVANCED_FACE('',(#11075,#11093),#11058,.T.);
#11101=EDGE_CURVE('',#7589,#7593,#2128,.T.);
#11103=EDGE_CURVE('',#7592,#7593,#3865,.T.);
#11105=EDGE_CURVE('',#7588,#7592,#2124,.T.);
#11109=ADVANCED_FACE('',(#11108),#11099,.F.);
#11116=EDGE_CURVE('',#7595,#7597,#2132,.T.);
#11118=EDGE_CURVE('',#7593,#7597,#3399,.T.);
#11123=ADVANCED_FACE('',(#11122),#11114,.T.);
#11130=EDGE_CURVE('',#7599,#7601,#2136,.T.);
#11132=EDGE_CURVE('',#7597,#7601,#3367,.T.);
#11137=ADVANCED_FACE('',(#11136),#11128,.F.);
#11144=EDGE_CURVE('',#7603,#7605,#2140,.T.);
#11146=EDGE_CURVE('',#7601,#7605,#2701,.T.);
#11151=ADVANCED_FACE('',(#11150),#11142,.T.);
#11158=EDGE_CURVE('',#7607,#7609,#2144,.T.);
#11160=EDGE_CURVE('',#7605,#7609,#3734,.T.);
#11165=ADVANCED_FACE('',(#11164),#11156,.F.);
#11172=EDGE_CURVE('',#7611,#7613,#2148,.T.);
#11174=EDGE_CURVE('',#7609,#7613,#3621,.T.);
#11179=ADVANCED_FACE('',(#11178),#11170,.T.);
#11186=EDGE_CURVE('',#7615,#7617,#2152,.T.);
#11188=EDGE_CURVE('',#7613,#7617,#3748,.T.);
#11193=ADVANCED_FACE('',(#11192),#11184,.F.);
#11201=EDGE_CURVE('',#7617,#7592,#2246,.T.);
#11206=ADVANCED_FACE('',(#11205),#11198,.T.);
#11212=EDGE_CURVE('',#7577,#9321,#2156,.T.);
#11214=EDGE_CURVE('',#9321,#9325,#2163,.T.);
#11216=EDGE_CURVE('',#9323,#9325,#4374,.T.);
#11218=EDGE_CURVE('',#9323,#9319,#2170,.T.);
#11220=EDGE_CURVE('',#7572,#9319,#2174,.T.);
#11223=EDGE_CURVE('',#8777,#8831,#2182,.T.);
#11225=EDGE_CURVE('',#8831,#8828,#2189,.T.);
#11227=EDGE_CURVE('',#8828,#8829,#2193,.T.);
#11229=EDGE_CURVE('',#8829,#8833,#2200,.T.);
#11231=EDGE_CURVE('',#8772,#8833,#2204,.T.);
#11234=EDGE_CURVE('',#8713,#8735,#2212,.T.);
#11236=EDGE_CURVE('',#8735,#8732,#2219,.T.);
#11238=EDGE_CURVE('',#8732,#8733,#2223,.T.);
#11240=EDGE_CURVE('',#8733,#8737,#2230,.T.);
#11242=EDGE_CURVE('',#8707,#8737,#2234,.T.);
#11245=EDGE_CURVE('',#7617,#7528,#2242,.T.);
#11248=EDGE_CURVE('',#7592,#7533,#3874,.T.);
#11251=EDGE_CURVE('',#9097,#9151,#2254,.T.);
#11253=EDGE_CURVE('',#9151,#9148,#2261,.T.);
#11255=EDGE_CURVE('',#9148,#9149,#2265,.T.);
#11257=EDGE_CURVE('',#9149,#9153,#2272,.T.);
#11259=EDGE_CURVE('',#9092,#9153,#2276,.T.);
#11262=EDGE_CURVE('',#9033,#9087,#2284,.T.);
#11264=EDGE_CURVE('',#9087,#9084,#2291,.T.);
#11266=EDGE_CURVE('',#9084,#9085,#2295,.T.);
#11268=EDGE_CURVE('',#9085,#9089,#2302,.T.);
#11270=EDGE_CURVE('',#9028,#9089,#2306,.T.);
#11273=EDGE_CURVE('',#8969,#9023,#2314,.T.);
#11275=EDGE_CURVE('',#9023,#9020,#2321,.T.);
#11277=EDGE_CURVE('',#9020,#9021,#2325,.T.);
#11279=EDGE_CURVE('',#9021,#9025,#2332,.T.);
#11281=EDGE_CURVE('',#8964,#9025,#2336,.T.);
#11284=EDGE_CURVE('',#8937,#8959,#2344,.T.);
#11286=EDGE_CURVE('',#8959,#8956,#2351,.T.);
#11288=EDGE_CURVE('',#8956,#8957,#2355,.T.);
#11290=EDGE_CURVE('',#8957,#8961,#2362,.T.);
#11292=EDGE_CURVE('',#8932,#8961,#2366,.T.);
#11295=EDGE_CURVE('',#8873,#8927,#2374,.T.);
#11297=EDGE_CURVE('',#8927,#8924,#2381,.T.);
#11299=EDGE_CURVE('',#8924,#8925,#2385,.T.);
#11301=EDGE_CURVE('',#8925,#8929,#2392,.T.);
#11303=EDGE_CURVE('',#8868,#8929,#2396,.T.);
#11308=ADVANCED_FACE('',(#11307),#11211,.T.);
#11314=EDGE_CURVE('',#9304,#9305,#2404,.T.);
#11316=EDGE_CURVE('',#9305,#9321,#2409,.T.);
#11320=EDGE_CURVE('',#7575,#9304,#2413,.T.);
#11324=ADVANCED_FACE('',(#11323),#11313,.T.);
#11331=EDGE_CURVE('',#9308,#9304,#2418,.T.);
#11333=EDGE_CURVE('',#9308,#9309,#2474,.T.);
#11335=EDGE_CURVE('',#9309,#9305,#4383,.T.);
#11339=ADVANCED_FACE('',(#11338),#11329,.T.);
#11345=EDGE_CURVE('',#9311,#9308,#2479,.T.);
#11348=EDGE_CURVE('',#9313,#9304,#4412,.T.);
#11350=EDGE_CURVE('',#9311,#9313,#2423,.T.);
#11354=ADVANCED_FACE('',(#11353),#11344,.T.);
#11360=EDGE_CURVE('',#8940,#8941,#2427,.T.);
#11362=EDGE_CURVE('',#8953,#8940,#2431,.T.);
#11364=EDGE_CURVE('',#8947,#8953,#2435,.T.);
#11366=EDGE_CURVE('',#8941,#8947,#2440,.T.);
#11370=ADVANCED_FACE('',(#11369),#11359,.T.);
#11376=EDGE_CURVE('',#8844,#8845,#2444,.T.);
#11378=EDGE_CURVE('',#8857,#8844,#2448,.T.);
#11380=EDGE_CURVE('',#8851,#8857,#2452,.T.);
#11382=EDGE_CURVE('',#8845,#8851,#2457,.T.);
#11386=ADVANCED_FACE('',(#11385),#11375,.T.);
#11392=EDGE_CURVE('',#9289,#9295,#2884,.T.);
#11394=EDGE_CURVE('',#9288,#9289,#2461,.T.);
#11396=EDGE_CURVE('',#9291,#9288,#2466,.T.);
#11398=EDGE_CURVE('',#9295,#9291,#2470,.T.);
#11402=ADVANCED_FACE('',(#11401),#11391,.T.);
#11408=EDGE_CURVE('',#9309,#9315,#4378,.T.);
#11412=EDGE_CURVE('',#9315,#9311,#2483,.T.);
#11416=ADVANCED_FACE('',(#11415),#11407,.T.);
#11423=EDGE_CURVE('',#8941,#8945,#2488,.T.);
#11425=EDGE_CURVE('',#8944,#8945,#2530,.T.);
#11427=EDGE_CURVE('',#8944,#8940,#2526,.T.);
#11431=ADVANCED_FACE('',(#11430),#11421,.T.);
#11438=EDGE_CURVE('',#8947,#8949,#2493,.T.);
#11440=EDGE_CURVE('',#8945,#8949,#2540,.T.);
#11445=ADVANCED_FACE('',(#11444),#11436,.T.);
#11451=EDGE_CURVE('',#8949,#8951,#2497,.T.);
#11455=EDGE_CURVE('',#8953,#8951,#2511,.T.);
#11459=ADVANCED_FACE('',(#11458),#11450,.T.);
#11466=EDGE_CURVE('',#8951,#8959,#2502,.T.);
#11470=EDGE_CURVE('',#8935,#8949,#2506,.T.);
#11474=ADVANCED_FACE('',(#11473),#11464,.T.);
#11482=EDGE_CURVE('',#8956,#8953,#2516,.T.);
#11487=ADVANCED_FACE('',(#11486),#11479,.T.);
#11496=EDGE_CURVE('',#8940,#8957,#2521,.T.);
#11500=ADVANCED_FACE('',(#11499),#11492,.F.);
#11506=EDGE_CURVE('',#8944,#8961,#2535,.T.);
#11513=ADVANCED_FACE('',(#11512),#11505,.T.);
#11520=EDGE_CURVE('',#8933,#8945,#2544,.T.);
#11527=ADVANCED_FACE('',(#11526),#11518,.T.);
#11539=ADVANCED_FACE('',(#11538),#11532,.T.);
#11546=EDGE_CURVE('',#8845,#8849,#2549,.T.);
#11548=EDGE_CURVE('',#8848,#8849,#4200,.T.);
#11550=EDGE_CURVE('',#8848,#8844,#4196,.T.);
#11554=ADVANCED_FACE('',(#11553),#11544,.T.);
#11561=EDGE_CURVE('',#8851,#8853,#2554,.T.);
#11563=EDGE_CURVE('',#8849,#8853,#4210,.T.);
#11568=ADVANCED_FACE('',(#11567),#11559,.T.);
#11574=EDGE_CURVE('',#8853,#8855,#2558,.T.);
#11578=EDGE_CURVE('',#8857,#8855,#2572,.T.);
#11582=ADVANCED_FACE('',(#11581),#11573,.T.);
#11589=EDGE_CURVE('',#8855,#8863,#2563,.T.);
#11591=EDGE_CURVE('',#8841,#8863,#2769,.T.);
#11594=EDGE_CURVE('',#8839,#8853,#2567,.T.);
#11598=ADVANCED_FACE('',(#11597),#11587,.T.);
#11606=EDGE_CURVE('',#8860,#8857,#2577,.T.);
#11608=EDGE_CURVE('',#8863,#8860,#2776,.T.);
#11612=ADVANCED_FACE('',(#11611),#11603,.T.);
#11618=EDGE_CURVE('',#8860,#8861,#2780,.T.);
#11622=EDGE_CURVE('',#8844,#8861,#4191,.T.);
#11626=ADVANCED_FACE('',(#11625),#11617,.F.);
#11632=EDGE_CURVE('',#7585,#9301,#2581,.T.);
#11634=EDGE_CURVE('',#9301,#9329,#2588,.T.);
#11636=EDGE_CURVE('',#9327,#9329,#2880,.T.);
#11638=EDGE_CURVE('',#9327,#9299,#2595,.T.);
#11640=EDGE_CURVE('',#7580,#9299,#2599,.T.);
#11643=EDGE_CURVE('',#8977,#8999,#2607,.T.);
#11645=EDGE_CURVE('',#8999,#8996,#2614,.T.);
#11647=EDGE_CURVE('',#8996,#8997,#2618,.T.);
#11649=EDGE_CURVE('',#8997,#9001,#2625,.T.);
#11651=EDGE_CURVE('',#8972,#9001,#2629,.T.);
#11654=EDGE_CURVE('',#9041,#9063,#2637,.T.);
#11656=EDGE_CURVE('',#9063,#9060,#2644,.T.);
#11658=EDGE_CURVE('',#9060,#9061,#2648,.T.);
#11660=EDGE_CURVE('',#9061,#9065,#2655,.T.);
#11662=EDGE_CURVE('',#9036,#9065,#2659,.T.);
#11665=EDGE_CURVE('',#9105,#9127,#2667,.T.);
#11667=EDGE_CURVE('',#9127,#9124,#2674,.T.);
#11669=EDGE_CURVE('',#9124,#9125,#2678,.T.);
#11671=EDGE_CURVE('',#9125,#9129,#2685,.T.);
#11673=EDGE_CURVE('',#9100,#9129,#2689,.T.);
#11676=EDGE_CURVE('',#7601,#7536,#2697,.T.);
#11679=EDGE_CURVE('',#7605,#7525,#3743,.T.);
#11682=EDGE_CURVE('',#8745,#8767,#2709,.T.);
#11684=EDGE_CURVE('',#8767,#8764,#2716,.T.);
#11686=EDGE_CURVE('',#8764,#8765,#2720,.T.);
#11688=EDGE_CURVE('',#8765,#8769,#2727,.T.);
#11690=EDGE_CURVE('',#8740,#8769,#2731,.T.);
#11693=EDGE_CURVE('',#8785,#8807,#2739,.T.);
#11695=EDGE_CURVE('',#8807,#8804,#2746,.T.);
#11697=EDGE_CURVE('',#8804,#8805,#2750,.T.);
#11699=EDGE_CURVE('',#8805,#8809,#2757,.T.);
#11701=EDGE_CURVE('',#8780,#8809,#2761,.T.);
#11707=EDGE_CURVE('',#8861,#8865,#2787,.T.);
#11709=EDGE_CURVE('',#8836,#8865,#2791,.T.);
#11712=EDGE_CURVE('',#8881,#8903,#2799,.T.);
#11714=EDGE_CURVE('',#8903,#8900,#2806,.T.);
#11716=EDGE_CURVE('',#8900,#8901,#2810,.T.);
#11718=EDGE_CURVE('',#8901,#8905,#2817,.T.);
#11720=EDGE_CURVE('',#8876,#8905,#2821,.T.);
#11725=ADVANCED_FACE('',(#11724),#11631,.T.);
#11731=EDGE_CURVE('',#9284,#9285,#2829,.T.);
#11733=EDGE_CURVE('',#9285,#9301,#2834,.T.);
#11737=EDGE_CURVE('',#7583,#9284,#2838,.T.);
#11741=ADVANCED_FACE('',(#11740),#11730,.T.);
#11748=EDGE_CURVE('',#9288,#9284,#2843,.T.);
#11751=EDGE_CURVE('',#9289,#9285,#2889,.T.);
#11755=ADVANCED_FACE('',(#11754),#11746,.T.);
#11763=EDGE_CURVE('',#9293,#9284,#2853,.T.);
#11765=EDGE_CURVE('',#9291,#9293,#2848,.T.);
#11769=ADVANCED_FACE('',(#11768),#11760,.T.);
#11778=EDGE_CURVE('',#7581,#9293,#2857,.T.);
#11782=ADVANCED_FACE('',(#11781),#11774,.T.);
#11788=EDGE_CURVE('',#9297,#9293,#2861,.T.);
#11793=EDGE_CURVE('',#9297,#9299,#2866,.T.);
#11797=ADVANCED_FACE('',(#11796),#11787,.T.);
#11806=EDGE_CURVE('',#9297,#9295,#2876,.T.);
#11810=ADVANCED_FACE('',(#11809),#11802,.T.);
#11818=EDGE_CURVE('',#9295,#9327,#2871,.T.);
#11823=ADVANCED_FACE('',(#11822),#11815,.T.);
#11830=EDGE_CURVE('',#9329,#9289,#2894,.T.);
#11836=ADVANCED_FACE('',(#11835),#11828,.F.);
#11848=ADVANCED_FACE('',(#11847),#11841,.T.);
#11854=EDGE_CURVE('',#8989,#8991,#2898,.T.);
#11856=EDGE_CURVE('',#8991,#8999,#2903,.T.);
#11860=EDGE_CURVE('',#8975,#8989,#2907,.T.);
#11864=ADVANCED_FACE('',(#11863),#11853,.T.);
#11871=EDGE_CURVE('',#8987,#8989,#2912,.T.);
#11873=EDGE_CURVE('',#8987,#8993,#2929,.T.);
#11875=EDGE_CURVE('',#8993,#8991,#2984,.T.);
#11879=ADVANCED_FACE('',(#11878),#11869,.T.);
#11885=EDGE_CURVE('',#8981,#8987,#2934,.T.);
#11888=EDGE_CURVE('',#8985,#8989,#2965,.T.);
#11890=EDGE_CURVE('',#8981,#8985,#2917,.T.);
#11894=ADVANCED_FACE('',(#11893),#11884,.T.);
#11900=EDGE_CURVE('',#8980,#8981,#2921,.T.);
#11902=EDGE_CURVE('',#8993,#8980,#2925,.T.);
#11908=ADVANCED_FACE('',(#11907),#11899,.T.);
#11914=EDGE_CURVE('',#9004,#9005,#2938,.T.);
#11916=EDGE_CURVE('',#9017,#9004,#2942,.T.);
#11918=EDGE_CURVE('',#9011,#9017,#2946,.T.);
#11920=EDGE_CURVE('',#9005,#9011,#2951,.T.);
#11924=ADVANCED_FACE('',(#11923),#11913,.T.);
#11932=EDGE_CURVE('',#8984,#8985,#2955,.T.);
#11934=EDGE_CURVE('',#8984,#8980,#2979,.T.);
#11938=ADVANCED_FACE('',(#11937),#11929,.T.);
#11945=EDGE_CURVE('',#8973,#8985,#2969,.T.);
#11949=EDGE_CURVE('',#8984,#9001,#2960,.T.);
#11953=ADVANCED_FACE('',(#11952),#11943,.T.);
#11965=ADVANCED_FACE('',(#11964),#11958,.T.);
#11973=EDGE_CURVE('',#8980,#8997,#2974,.T.);
#11978=ADVANCED_FACE('',(#11977),#11970,.T.);
#11985=EDGE_CURVE('',#8996,#8993,#2989,.T.);
#11991=ADVANCED_FACE('',(#11990),#11983,.F.);
#12003=ADVANCED_FACE('',(#12002),#11996,.T.);
#12010=EDGE_CURVE('',#9005,#9009,#2994,.T.);
#12012=EDGE_CURVE('',#9008,#9009,#3036,.T.);
#12014=EDGE_CURVE('',#9008,#9004,#3032,.T.);
#12018=ADVANCED_FACE('',(#12017),#12008,.T.);
#12025=EDGE_CURVE('',#9011,#9013,#2999,.T.);
#12027=EDGE_CURVE('',#9009,#9013,#3046,.T.);
#12032=ADVANCED_FACE('',(#12031),#12023,.T.);
#12038=EDGE_CURVE('',#9013,#9015,#3003,.T.);
#12042=EDGE_CURVE('',#9017,#9015,#3017,.T.);
#12046=ADVANCED_FACE('',(#12045),#12037,.T.);
#12053=EDGE_CURVE('',#9015,#9023,#3008,.T.);
#12057=EDGE_CURVE('',#8967,#9013,#3012,.T.);
#12061=ADVANCED_FACE('',(#12060),#12051,.T.);
#12069=EDGE_CURVE('',#9020,#9017,#3022,.T.);
#12074=ADVANCED_FACE('',(#12073),#12066,.T.);
#12083=EDGE_CURVE('',#9004,#9021,#3027,.T.);
#12087=ADVANCED_FACE('',(#12086),#12079,.F.);
#12093=EDGE_CURVE('',#9008,#9025,#3041,.T.);
#12100=ADVANCED_FACE('',(#12099),#12092,.T.);
#12107=EDGE_CURVE('',#8965,#9009,#3050,.T.);
#12114=ADVANCED_FACE('',(#12113),#12105,.T.);
#12126=ADVANCED_FACE('',(#12125),#12119,.T.);
#12132=EDGE_CURVE('',#9053,#9055,#3054,.T.);
#12134=EDGE_CURVE('',#9055,#9063,#3059,.T.);
#12138=EDGE_CURVE('',#9039,#9053,#3063,.T.);
#12142=ADVANCED_FACE('',(#12141),#12131,.T.);
#12149=EDGE_CURVE('',#9051,#9053,#3068,.T.);
#12151=EDGE_CURVE('',#9051,#9057,#3085,.T.);
#12153=EDGE_CURVE('',#9057,#9055,#3140,.T.);
#12157=ADVANCED_FACE('',(#12156),#12147,.T.);
#12163=EDGE_CURVE('',#9045,#9051,#3090,.T.);
#12166=EDGE_CURVE('',#9049,#9053,#3121,.T.);
#12168=EDGE_CURVE('',#9045,#9049,#3073,.T.);
#12172=ADVANCED_FACE('',(#12171),#12162,.T.);
#12178=EDGE_CURVE('',#9044,#9045,#3077,.T.);
#12180=EDGE_CURVE('',#9057,#9044,#3081,.T.);
#12186=ADVANCED_FACE('',(#12185),#12177,.T.);
#12192=EDGE_CURVE('',#9068,#9069,#3094,.T.);
#12194=EDGE_CURVE('',#9081,#9068,#3098,.T.);
#12196=EDGE_CURVE('',#9075,#9081,#3102,.T.);
#12198=EDGE_CURVE('',#9069,#9075,#3107,.T.);
#12202=ADVANCED_FACE('',(#12201),#12191,.T.);
#12210=EDGE_CURVE('',#9048,#9049,#3111,.T.);
#12212=EDGE_CURVE('',#9048,#9044,#3135,.T.);
#12216=ADVANCED_FACE('',(#12215),#12207,.T.);
#12223=EDGE_CURVE('',#9037,#9049,#3125,.T.);
#12227=EDGE_CURVE('',#9048,#9065,#3116,.T.);
#12231=ADVANCED_FACE('',(#12230),#12221,.T.);
#12243=ADVANCED_FACE('',(#12242),#12236,.T.);
#12251=EDGE_CURVE('',#9044,#9061,#3130,.T.);
#12256=ADVANCED_FACE('',(#12255),#12248,.T.);
#12263=EDGE_CURVE('',#9060,#9057,#3145,.T.);
#12269=ADVANCED_FACE('',(#12268),#12261,.F.);
#12281=ADVANCED_FACE('',(#12280),#12274,.T.);
#12288=EDGE_CURVE('',#9069,#9073,#3150,.T.);
#12290=EDGE_CURVE('',#9072,#9073,#3192,.T.);
#12292=EDGE_CURVE('',#9072,#9068,#3188,.T.);
#12296=ADVANCED_FACE('',(#12295),#12286,.T.);
#12303=EDGE_CURVE('',#9075,#9077,#3155,.T.);
#12305=EDGE_CURVE('',#9073,#9077,#3202,.T.);
#12310=ADVANCED_FACE('',(#12309),#12301,.T.);
#12316=EDGE_CURVE('',#9077,#9079,#3159,.T.);
#12320=EDGE_CURVE('',#9081,#9079,#3173,.T.);
#12324=ADVANCED_FACE('',(#12323),#12315,.T.);
#12331=EDGE_CURVE('',#9079,#9087,#3164,.T.);
#12335=EDGE_CURVE('',#9031,#9077,#3168,.T.);
#12339=ADVANCED_FACE('',(#12338),#12329,.T.);
#12347=EDGE_CURVE('',#9084,#9081,#3178,.T.);
#12352=ADVANCED_FACE('',(#12351),#12344,.T.);
#12361=EDGE_CURVE('',#9068,#9085,#3183,.T.);
#12365=ADVANCED_FACE('',(#12364),#12357,.F.);
#12371=EDGE_CURVE('',#9072,#9089,#3197,.T.);
#12378=ADVANCED_FACE('',(#12377),#12370,.T.);
#12385=EDGE_CURVE('',#9029,#9073,#3206,.T.);
#12392=ADVANCED_FACE('',(#12391),#12383,.T.);
#12404=ADVANCED_FACE('',(#12403),#12397,.T.);
#12410=EDGE_CURVE('',#9117,#9119,#3210,.T.);
#12412=EDGE_CURVE('',#9119,#9127,#3215,.T.);
#12416=EDGE_CURVE('',#9103,#9117,#3219,.T.);
#12420=ADVANCED_FACE('',(#12419),#12409,.T.);
#12427=EDGE_CURVE('',#9115,#9117,#3224,.T.);
#12429=EDGE_CURVE('',#9115,#9121,#3241,.T.);
#12431=EDGE_CURVE('',#9121,#9119,#3296,.T.);
#12435=ADVANCED_FACE('',(#12434),#12425,.T.);
#12441=EDGE_CURVE('',#9109,#9115,#3246,.T.);
#12444=EDGE_CURVE('',#9113,#9117,#3277,.T.);
#12446=EDGE_CURVE('',#9109,#9113,#3229,.T.);
#12450=ADVANCED_FACE('',(#12449),#12440,.T.);
#12456=EDGE_CURVE('',#9108,#9109,#3233,.T.);
#12458=EDGE_CURVE('',#9121,#9108,#3237,.T.);
#12464=ADVANCED_FACE('',(#12463),#12455,.T.);
#12470=EDGE_CURVE('',#9132,#9133,#3250,.T.);
#12472=EDGE_CURVE('',#9145,#9132,#3254,.T.);
#12474=EDGE_CURVE('',#9139,#9145,#3258,.T.);
#12476=EDGE_CURVE('',#9133,#9139,#3263,.T.);
#12480=ADVANCED_FACE('',(#12479),#12469,.T.);
#12488=EDGE_CURVE('',#9112,#9113,#3267,.T.);
#12490=EDGE_CURVE('',#9112,#9108,#3291,.T.);
#12494=ADVANCED_FACE('',(#12493),#12485,.T.);
#12501=EDGE_CURVE('',#9101,#9113,#3281,.T.);
#12505=EDGE_CURVE('',#9112,#9129,#3272,.T.);
#12509=ADVANCED_FACE('',(#12508),#12499,.T.);
#12521=ADVANCED_FACE('',(#12520),#12514,.T.);
#12529=EDGE_CURVE('',#9108,#9125,#3286,.T.);
#12534=ADVANCED_FACE('',(#12533),#12526,.T.);
#12541=EDGE_CURVE('',#9124,#9121,#3301,.T.);
#12547=ADVANCED_FACE('',(#12546),#12539,.F.);
#12559=ADVANCED_FACE('',(#12558),#12552,.T.);
#12566=EDGE_CURVE('',#9133,#9137,#3306,.T.);
#12568=EDGE_CURVE('',#9136,#9137,#3348,.T.);
#12570=EDGE_CURVE('',#9136,#9132,#3344,.T.);
#12574=ADVANCED_FACE('',(#12573),#12564,.T.);
#12581=EDGE_CURVE('',#9139,#9141,#3311,.T.);
#12583=EDGE_CURVE('',#9137,#9141,#3358,.T.);
#12588=ADVANCED_FACE('',(#12587),#12579,.T.);
#12594=EDGE_CURVE('',#9141,#9143,#3315,.T.);
#12598=EDGE_CURVE('',#9145,#9143,#3329,.T.);
#12602=ADVANCED_FACE('',(#12601),#12593,.T.);
#12609=EDGE_CURVE('',#9143,#9151,#3320,.T.);
#12613=EDGE_CURVE('',#9095,#9141,#3324,.T.);
#12617=ADVANCED_FACE('',(#12616),#12607,.T.);
#12625=EDGE_CURVE('',#9148,#9145,#3334,.T.);
#12630=ADVANCED_FACE('',(#12629),#12622,.T.);
#12639=EDGE_CURVE('',#9132,#9149,#3339,.T.);
#12643=ADVANCED_FACE('',(#12642),#12635,.F.);
#12649=EDGE_CURVE('',#9136,#9153,#3353,.T.);
#12656=ADVANCED_FACE('',(#12655),#12648,.T.);
#12663=EDGE_CURVE('',#9093,#9137,#3362,.T.);
#12670=ADVANCED_FACE('',(#12669),#12661,.T.);
#12682=ADVANCED_FACE('',(#12681),#12675,.T.);
#12691=EDGE_CURVE('',#7597,#7537,#3376,.T.);
#12695=ADVANCED_FACE('',(#12694),#12687,.F.);
#12701=EDGE_CURVE('',#9253,#9257,#3383,.T.);
#12703=EDGE_CURVE('',#9156,#9257,#3387,.T.);
#12706=EDGE_CURVE('',#7593,#7532,#3395,.T.);
#12711=EDGE_CURVE('',#9169,#9279,#3407,.T.);
#12713=EDGE_CURVE('',#9279,#9260,#3414,.T.);
#12715=EDGE_CURVE('',#9260,#9261,#3418,.T.);
#12717=EDGE_CURVE('',#9261,#9281,#3425,.T.);
#12719=EDGE_CURVE('',#9163,#9281,#3429,.T.);
#12722=EDGE_CURVE('',#9161,#9255,#3437,.T.);
#12724=EDGE_CURVE('',#9255,#9252,#3444,.T.);
#12726=EDGE_CURVE('',#9252,#9253,#3448,.T.);
#12730=ADVANCED_FACE('',(#12729),#12700,.T.);
#12736=EDGE_CURVE('',#9240,#9257,#3467,.T.);
#12739=EDGE_CURVE('',#9236,#9253,#3453,.T.);
#12741=EDGE_CURVE('',#9240,#9236,#3458,.T.);
#12745=ADVANCED_FACE('',(#12744),#12735,.T.);
#12751=EDGE_CURVE('',#9240,#9241,#3462,.T.);
#12753=EDGE_CURVE('',#9157,#9241,#3799,.T.);
#12760=ADVANCED_FACE('',(#12759),#12750,.T.);
#12766=EDGE_CURVE('',#9236,#9237,#3505,.T.);
#12768=EDGE_CURVE('',#9237,#9241,#3790,.T.);
#12774=ADVANCED_FACE('',(#12773),#12765,.T.);
#12780=EDGE_CURVE('',#9188,#9189,#3471,.T.);
#12782=EDGE_CURVE('',#9201,#9188,#3475,.T.);
#12784=EDGE_CURVE('',#9195,#9201,#3479,.T.);
#12786=EDGE_CURVE('',#9189,#9195,#3484,.T.);
#12790=ADVANCED_FACE('',(#12789),#12779,.T.);
#12796=EDGE_CURVE('',#9212,#9213,#3488,.T.);
#12798=EDGE_CURVE('',#9225,#9212,#3492,.T.);
#12800=EDGE_CURVE('',#9219,#9225,#3496,.T.);
#12802=EDGE_CURVE('',#9213,#9219,#3501,.T.);
#12806=ADVANCED_FACE('',(#12805),#12795,.T.);
#12813=EDGE_CURVE('',#9249,#9236,#3509,.T.);
#12815=EDGE_CURVE('',#9243,#9249,#3513,.T.);
#12817=EDGE_CURVE('',#9237,#9243,#3518,.T.);
#12821=ADVANCED_FACE('',(#12820),#12811,.T.);
#12827=EDGE_CURVE('',#9264,#9265,#3522,.T.);
#12829=EDGE_CURVE('',#9273,#9264,#3526,.T.);
#12831=EDGE_CURVE('',#9267,#9273,#3531,.T.);
#12833=EDGE_CURVE('',#9265,#9267,#3535,.T.);
#12837=ADVANCED_FACE('',(#12836),#12826,.T.);
#12844=EDGE_CURVE('',#9189,#9193,#3540,.T.);
#12846=EDGE_CURVE('',#9192,#9193,#3654,.T.);
#12848=EDGE_CURVE('',#9192,#9188,#3650,.T.);
#12852=ADVANCED_FACE('',(#12851),#12842,.T.);
#12859=EDGE_CURVE('',#9195,#9197,#3545,.T.);
#12861=EDGE_CURVE('',#9193,#9197,#3664,.T.);
#12866=ADVANCED_FACE('',(#12865),#12857,.T.);
#12872=EDGE_CURVE('',#9197,#9199,#3549,.T.);
#12876=EDGE_CURVE('',#9201,#9199,#3563,.T.);
#12880=ADVANCED_FACE('',(#12879),#12871,.T.);
#12887=EDGE_CURVE('',#9199,#9207,#3554,.T.);
#12889=EDGE_CURVE('',#9177,#9207,#3629,.T.);
#12892=EDGE_CURVE('',#9175,#9197,#3558,.T.);
#12896=ADVANCED_FACE('',(#12895),#12885,.T.);
#12904=EDGE_CURVE('',#9204,#9201,#3568,.T.);
#12906=EDGE_CURVE('',#9207,#9204,#3636,.T.);
#12910=ADVANCED_FACE('',(#12909),#12901,.T.);
#12916=EDGE_CURVE('',#9204,#9205,#3640,.T.);
#12920=EDGE_CURVE('',#9188,#9205,#3645,.T.);
#12924=ADVANCED_FACE('',(#12923),#12915,.F.);
#12930=EDGE_CURVE('',#9205,#9209,#3575,.T.);
#12932=EDGE_CURVE('',#9172,#9209,#3579,.T.);
#12935=EDGE_CURVE('',#9185,#9231,#3587,.T.);
#12937=EDGE_CURVE('',#9231,#9228,#3594,.T.);
#12939=EDGE_CURVE('',#9228,#9229,#3598,.T.);
#12941=EDGE_CURVE('',#9229,#9233,#3605,.T.);
#12943=EDGE_CURVE('',#9180,#9233,#3609,.T.);
#12946=EDGE_CURVE('',#7609,#7524,#3617,.T.);
#12949=EDGE_CURVE('',#7613,#7529,#3757,.T.);
#12957=ADVANCED_FACE('',(#12956),#12929,.T.);
#12963=EDGE_CURVE('',#9192,#9209,#3659,.T.);
#12970=ADVANCED_FACE('',(#12969),#12962,.T.);
#12977=EDGE_CURVE('',#9173,#9193,#3668,.T.);
#12984=ADVANCED_FACE('',(#12983),#12975,.T.);
#12996=ADVANCED_FACE('',(#12995),#12989,.T.);
#13002=EDGE_CURVE('',#9221,#9223,#3672,.T.);
#13004=EDGE_CURVE('',#9223,#9231,#3677,.T.);
#13008=EDGE_CURVE('',#9183,#9221,#3681,.T.);
#13012=ADVANCED_FACE('',(#13011),#13001,.T.);
#13019=EDGE_CURVE('',#9219,#9221,#3686,.T.);
#13022=EDGE_CURVE('',#9225,#9223,#3724,.T.);
#13026=ADVANCED_FACE('',(#13025),#13017,.T.);
#13034=EDGE_CURVE('',#9217,#9221,#3696,.T.);
#13036=EDGE_CURVE('',#9213,#9217,#3691,.T.);
#13040=ADVANCED_FACE('',(#13039),#13031,.T.);
#13049=EDGE_CURVE('',#9181,#9217,#3700,.T.);
#13053=ADVANCED_FACE('',(#13052),#13045,.T.);
#13059=EDGE_CURVE('',#9216,#9217,#3704,.T.);
#13064=EDGE_CURVE('',#9216,#9233,#3709,.T.);
#13068=ADVANCED_FACE('',(#13067),#13058,.T.);
#13077=EDGE_CURVE('',#9216,#9212,#3719,.T.);
#13081=ADVANCED_FACE('',(#13080),#13073,.T.);
#13089=EDGE_CURVE('',#9212,#9229,#3714,.T.);
#13094=ADVANCED_FACE('',(#13093),#13086,.T.);
#13101=EDGE_CURVE('',#9228,#9225,#3729,.T.);
#13107=ADVANCED_FACE('',(#13106),#13099,.F.);
#13119=ADVANCED_FACE('',(#13118),#13112,.T.);
#13131=ADVANCED_FACE('',(#13130),#13124,.F.);
#13143=ADVANCED_FACE('',(#13142),#13136,.F.);
#13150=EDGE_CURVE('',#9252,#9249,#3767,.T.);
#13156=ADVANCED_FACE('',(#13155),#13148,.F.);
#13162=EDGE_CURVE('',#9247,#9255,#3776,.T.);
#13164=EDGE_CURVE('',#9249,#9247,#3762,.T.);
#13170=ADVANCED_FACE('',(#13169),#13161,.T.);
#13176=EDGE_CURVE('',#9245,#9247,#3771,.T.);
#13181=EDGE_CURVE('',#9159,#9245,#3780,.T.);
#13185=ADVANCED_FACE('',(#13184),#13175,.T.);
#13192=EDGE_CURVE('',#9243,#9245,#3785,.T.);
#13198=ADVANCED_FACE('',(#13197),#13190,.T.);
#13206=EDGE_CURVE('',#9241,#9245,#3795,.T.);
#13211=ADVANCED_FACE('',(#13210),#13203,.T.);
#13223=ADVANCED_FACE('',(#13222),#13216,.T.);
#13230=EDGE_CURVE('',#9260,#9264,#3809,.T.);
#13233=EDGE_CURVE('',#9265,#9261,#3855,.T.);
#13237=ADVANCED_FACE('',(#13236),#13228,.F.);
#13243=EDGE_CURVE('',#9277,#9279,#3818,.T.);
#13245=EDGE_CURVE('',#9264,#9277,#3804,.T.);
#13251=ADVANCED_FACE('',(#13250),#13242,.T.);
#13257=EDGE_CURVE('',#9275,#9277,#3813,.T.);
#13262=EDGE_CURVE('',#9167,#9275,#3822,.T.);
#13266=ADVANCED_FACE('',(#13265),#13256,.T.);
#13273=EDGE_CURVE('',#9273,#9275,#3827,.T.);
#13279=ADVANCED_FACE('',(#13278),#13271,.T.);
#13287=EDGE_CURVE('',#9271,#9275,#3837,.T.);
#13289=EDGE_CURVE('',#9267,#9271,#3832,.T.);
#13293=ADVANCED_FACE('',(#13292),#13284,.T.);
#13302=EDGE_CURVE('',#9165,#9271,#3841,.T.);
#13306=ADVANCED_FACE('',(#13305),#13298,.T.);
#13312=EDGE_CURVE('',#9270,#9271,#3845,.T.);
#13317=EDGE_CURVE('',#9270,#9281,#3850,.T.);
#13321=ADVANCED_FACE('',(#13320),#13311,.T.);
#13330=EDGE_CURVE('',#9270,#9265,#3860,.T.);
#13334=ADVANCED_FACE('',(#13333),#13326,.T.);
#13346=ADVANCED_FACE('',(#13345),#13339,.T.);
#13358=ADVANCED_FACE('',(#13357),#13351,.F.);
#13364=EDGE_CURVE('',#8757,#8759,#3878,.T.);
#13366=EDGE_CURVE('',#8759,#8767,#3883,.T.);
#13370=EDGE_CURVE('',#8743,#8757,#3887,.T.);
#13374=ADVANCED_FACE('',(#13373),#13363,.T.);
#13381=EDGE_CURVE('',#8755,#8757,#3892,.T.);
#13383=EDGE_CURVE('',#8755,#8761,#3926,.T.);
#13385=EDGE_CURVE('',#8761,#8759,#4025,.T.);
#13389=ADVANCED_FACE('',(#13388),#13379,.T.);
#13395=EDGE_CURVE('',#8749,#8755,#3931,.T.);
#13398=EDGE_CURVE('',#8753,#8757,#4006,.T.);
#13400=EDGE_CURVE('',#8749,#8753,#3897,.T.);
#13404=ADVANCED_FACE('',(#13403),#13394,.T.);
#13410=EDGE_CURVE('',#8716,#8717,#3901,.T.);
#13412=EDGE_CURVE('',#8729,#8716,#3905,.T.);
#13414=EDGE_CURVE('',#8723,#8729,#3909,.T.);
#13416=EDGE_CURVE('',#8717,#8723,#3914,.T.);
#13420=ADVANCED_FACE('',(#13419),#13409,.T.);
#13426=EDGE_CURVE('',#8748,#8749,#3918,.T.);
#13428=EDGE_CURVE('',#8761,#8748,#3922,.T.);
#13434=ADVANCED_FACE('',(#13433),#13425,.T.);
#13441=EDGE_CURVE('',#8717,#8721,#3936,.T.);
#13443=EDGE_CURVE('',#8720,#8721,#3978,.T.);
#13445=EDGE_CURVE('',#8720,#8716,#3974,.T.);
#13449=ADVANCED_FACE('',(#13448),#13439,.T.);
#13456=EDGE_CURVE('',#8723,#8725,#3941,.T.);
#13458=EDGE_CURVE('',#8721,#8725,#3988,.T.);
#13463=ADVANCED_FACE('',(#13462),#13454,.T.);
#13469=EDGE_CURVE('',#8725,#8727,#3945,.T.);
#13473=EDGE_CURVE('',#8729,#8727,#3959,.T.);
#13477=ADVANCED_FACE('',(#13476),#13468,.T.);
#13484=EDGE_CURVE('',#8727,#8735,#3950,.T.);
#13488=EDGE_CURVE('',#8711,#8725,#3954,.T.);
#13492=ADVANCED_FACE('',(#13491),#13482,.T.);
#13500=EDGE_CURVE('',#8732,#8729,#3964,.T.);
#13505=ADVANCED_FACE('',(#13504),#13497,.T.);
#13514=EDGE_CURVE('',#8716,#8733,#3969,.T.);
#13518=ADVANCED_FACE('',(#13517),#13510,.F.);
#13524=EDGE_CURVE('',#8720,#8737,#3983,.T.);
#13531=ADVANCED_FACE('',(#13530),#13523,.T.);
#13538=EDGE_CURVE('',#8709,#8721,#3992,.T.);
#13545=ADVANCED_FACE('',(#13544),#13536,.T.);
#13557=ADVANCED_FACE('',(#13556),#13550,.T.);
#13565=EDGE_CURVE('',#8752,#8753,#3996,.T.);
#13567=EDGE_CURVE('',#8752,#8748,#4020,.T.);
#13571=ADVANCED_FACE('',(#13570),#13562,.T.);
#13578=EDGE_CURVE('',#8741,#8753,#4010,.T.);
#13582=EDGE_CURVE('',#8752,#8769,#4001,.T.);
#13586=ADVANCED_FACE('',(#13585),#13576,.T.);
#13598=ADVANCED_FACE('',(#13597),#13591,.T.);
#13606=EDGE_CURVE('',#8748,#8765,#4015,.T.);
#13611=ADVANCED_FACE('',(#13610),#13603,.T.);
#13618=EDGE_CURVE('',#8764,#8761,#4030,.T.);
#13624=ADVANCED_FACE('',(#13623),#13616,.F.);
#13636=ADVANCED_FACE('',(#13635),#13629,.T.);
#13642=EDGE_CURVE('',#8797,#8799,#4034,.T.);
#13644=EDGE_CURVE('',#8799,#8807,#4039,.T.);
#13648=EDGE_CURVE('',#8783,#8797,#4043,.T.);
#13652=ADVANCED_FACE('',(#13651),#13641,.T.);
#13659=EDGE_CURVE('',#8795,#8797,#4048,.T.);
#13661=EDGE_CURVE('',#8795,#8801,#4065,.T.);
#13663=EDGE_CURVE('',#8801,#8799,#4120,.T.);
#13667=ADVANCED_FACE('',(#13666),#13657,.T.);
#13673=EDGE_CURVE('',#8789,#8795,#4070,.T.);
#13676=EDGE_CURVE('',#8793,#8797,#4101,.T.);
#13678=EDGE_CURVE('',#8789,#8793,#4053,.T.);
#13682=ADVANCED_FACE('',(#13681),#13672,.T.);
#13688=EDGE_CURVE('',#8788,#8789,#4057,.T.);
#13690=EDGE_CURVE('',#8801,#8788,#4061,.T.);
#13696=ADVANCED_FACE('',(#13695),#13687,.T.);
#13702=EDGE_CURVE('',#8812,#8813,#4074,.T.);
#13704=EDGE_CURVE('',#8825,#8812,#4078,.T.);
#13706=EDGE_CURVE('',#8819,#8825,#4082,.T.);
#13708=EDGE_CURVE('',#8813,#8819,#4087,.T.);
#13712=ADVANCED_FACE('',(#13711),#13701,.T.);
#13720=EDGE_CURVE('',#8792,#8793,#4091,.T.);
#13722=EDGE_CURVE('',#8792,#8788,#4115,.T.);
#13726=ADVANCED_FACE('',(#13725),#13717,.T.);
#13733=EDGE_CURVE('',#8781,#8793,#4105,.T.);
#13737=EDGE_CURVE('',#8792,#8809,#4096,.T.);
#13741=ADVANCED_FACE('',(#13740),#13731,.T.);
#13753=ADVANCED_FACE('',(#13752),#13746,.T.);
#13761=EDGE_CURVE('',#8788,#8805,#4110,.T.);
#13766=ADVANCED_FACE('',(#13765),#13758,.T.);
#13773=EDGE_CURVE('',#8804,#8801,#4125,.T.);
#13779=ADVANCED_FACE('',(#13778),#13771,.F.);
#13791=ADVANCED_FACE('',(#13790),#13784,.T.);
#13798=EDGE_CURVE('',#8813,#8817,#4130,.T.);
#13800=EDGE_CURVE('',#8816,#8817,#4172,.T.);
#13802=EDGE_CURVE('',#8816,#8812,#4168,.T.);
#13806=ADVANCED_FACE('',(#13805),#13796,.T.);
#13813=EDGE_CURVE('',#8819,#8821,#4135,.T.);
#13815=EDGE_CURVE('',#8817,#8821,#4182,.T.);
#13820=ADVANCED_FACE('',(#13819),#13811,.T.);
#13826=EDGE_CURVE('',#8821,#8823,#4139,.T.);
#13830=EDGE_CURVE('',#8825,#8823,#4153,.T.);
#13834=ADVANCED_FACE('',(#13833),#13825,.T.);
#13841=EDGE_CURVE('',#8823,#8831,#4144,.T.);
#13845=EDGE_CURVE('',#8775,#8821,#4148,.T.);
#13849=ADVANCED_FACE('',(#13848),#13839,.T.);
#13857=EDGE_CURVE('',#8828,#8825,#4158,.T.);
#13862=ADVANCED_FACE('',(#13861),#13854,.T.);
#13871=EDGE_CURVE('',#8812,#8829,#4163,.T.);
#13875=ADVANCED_FACE('',(#13874),#13867,.F.);
#13881=EDGE_CURVE('',#8816,#8833,#4177,.T.);
#13888=ADVANCED_FACE('',(#13887),#13880,.T.);
#13895=EDGE_CURVE('',#8773,#8817,#4186,.T.);
#13902=ADVANCED_FACE('',(#13901),#13893,.T.);
#13914=ADVANCED_FACE('',(#13913),#13907,.T.);
#13920=EDGE_CURVE('',#8848,#8865,#4205,.T.);
#13927=ADVANCED_FACE('',(#13926),#13919,.T.);
#13934=EDGE_CURVE('',#8837,#8849,#4214,.T.);
#13941=ADVANCED_FACE('',(#13940),#13932,.T.);
#13953=ADVANCED_FACE('',(#13952),#13946,.T.);
#13959=EDGE_CURVE('',#8893,#8895,#4218,.T.);
#13961=EDGE_CURVE('',#8895,#8903,#4223,.T.);
#13965=EDGE_CURVE('',#8879,#8893,#4227,.T.);
#13969=ADVANCED_FACE('',(#13968),#13958,.T.);
#13976=EDGE_CURVE('',#8891,#8893,#4232,.T.);
#13978=EDGE_CURVE('',#8891,#8897,#4249,.T.);
#13980=EDGE_CURVE('',#8897,#8895,#4304,.T.);
#13984=ADVANCED_FACE('',(#13983),#13974,.T.);
#13990=EDGE_CURVE('',#8885,#8891,#4254,.T.);
#13993=EDGE_CURVE('',#8889,#8893,#4285,.T.);
#13995=EDGE_CURVE('',#8885,#8889,#4237,.T.);
#13999=ADVANCED_FACE('',(#13998),#13989,.T.);
#14005=EDGE_CURVE('',#8884,#8885,#4241,.T.);
#14007=EDGE_CURVE('',#8897,#8884,#4245,.T.);
#14013=ADVANCED_FACE('',(#14012),#14004,.T.);
#14019=EDGE_CURVE('',#8908,#8909,#4258,.T.);
#14021=EDGE_CURVE('',#8921,#8908,#4262,.T.);
#14023=EDGE_CURVE('',#8915,#8921,#4266,.T.);
#14025=EDGE_CURVE('',#8909,#8915,#4271,.T.);
#14029=ADVANCED_FACE('',(#14028),#14018,.T.);
#14037=EDGE_CURVE('',#8888,#8889,#4275,.T.);
#14039=EDGE_CURVE('',#8888,#8884,#4299,.T.);
#14043=ADVANCED_FACE('',(#14042),#14034,.T.);
#14050=EDGE_CURVE('',#8877,#8889,#4289,.T.);
#14054=EDGE_CURVE('',#8888,#8905,#4280,.T.);
#14058=ADVANCED_FACE('',(#14057),#14048,.T.);
#14070=ADVANCED_FACE('',(#14069),#14063,.T.);
#14078=EDGE_CURVE('',#8884,#8901,#4294,.T.);
#14083=ADVANCED_FACE('',(#14082),#14075,.T.);
#14090=EDGE_CURVE('',#8900,#8897,#4309,.T.);
#14096=ADVANCED_FACE('',(#14095),#14088,.F.);
#14108=ADVANCED_FACE('',(#14107),#14101,.T.);
#14115=EDGE_CURVE('',#8909,#8913,#4314,.T.);
#14117=EDGE_CURVE('',#8912,#8913,#4356,.T.);
#14119=EDGE_CURVE('',#8912,#8908,#4352,.T.);
#14123=ADVANCED_FACE('',(#14122),#14113,.T.);
#14130=EDGE_CURVE('',#8915,#8917,#4319,.T.);
#14132=EDGE_CURVE('',#8913,#8917,#4366,.T.);
#14137=ADVANCED_FACE('',(#14136),#14128,.T.);
#14143=EDGE_CURVE('',#8917,#8919,#4323,.T.);
#14147=EDGE_CURVE('',#8921,#8919,#4337,.T.);
#14151=ADVANCED_FACE('',(#14150),#14142,.T.);
#14158=EDGE_CURVE('',#8919,#8927,#4328,.T.);
#14162=EDGE_CURVE('',#8871,#8917,#4332,.T.);
#14166=ADVANCED_FACE('',(#14165),#14156,.T.);
#14174=EDGE_CURVE('',#8924,#8921,#4342,.T.);
#14179=ADVANCED_FACE('',(#14178),#14171,.T.);
#14188=EDGE_CURVE('',#8908,#8925,#4347,.T.);
#14192=ADVANCED_FACE('',(#14191),#14184,.F.);
#14198=EDGE_CURVE('',#8912,#8929,#4361,.T.);
#14205=ADVANCED_FACE('',(#14204),#14197,.T.);
#14212=EDGE_CURVE('',#8869,#8913,#4370,.T.);
#14219=ADVANCED_FACE('',(#14218),#14210,.T.);
#14231=ADVANCED_FACE('',(#14230),#14224,.T.);
#14238=EDGE_CURVE('',#9325,#9309,#4388,.T.);
#14241=EDGE_CURVE('',#9315,#9323,#4393,.T.);
#14245=ADVANCED_FACE('',(#14244),#14236,.F.);
#14257=ADVANCED_FACE('',(#14256),#14250,.T.);
#14263=EDGE_CURVE('',#9317,#9319,#4407,.T.);
#14267=EDGE_CURVE('',#9317,#9315,#4398,.T.);
#14271=ADVANCED_FACE('',(#14270),#14262,.T.);
#14277=EDGE_CURVE('',#9317,#9313,#4402,.T.);
#14279=EDGE_CURVE('',#7573,#9313,#4416,.T.);
#14286=ADVANCED_FACE('',(#14285),#14276,.T.);
#14298=ADVANCED_FACE('',(#14297),#14291,.T.);
#14310=ADVANCED_FACE('',(#14309),#14303,.T.);
#14318=EDGE_CURVE('',#8186,#8187,#4426,.T.);
#14320=EDGE_CURVE('',#8182,#8186,#4421,.T.);
#14324=ADVANCED_FACE('',(#14323),#14315,.T.);
#14332=EDGE_CURVE('',#7446,#7447,#4431,.T.);
#14334=EDGE_CURVE('',#7449,#7446,#4435,.T.);
#14336=EDGE_CURVE('',#7449,#8232,#4440,.T.);
#14338=EDGE_CURVE('',#8186,#8232,#4444,.T.);
#14342=ADVANCED_FACE('',(#14341),#14329,.T.);
#14348=EDGE_CURVE('',#7420,#7421,#4613,.T.);
#14350=EDGE_CURVE('',#7381,#7421,#4449,.T.);
#14359=EDGE_CURVE('',#7500,#7501,#4559,.T.);
#14361=EDGE_CURVE('',#7501,#7500,#4564,.T.);
#14365=ADVANCED_FACE('',(#14358,#14364),#14347,.T.);
#14371=EDGE_CURVE('',#7426,#7427,#4822,.T.);
#14373=EDGE_CURVE('',#7427,#7431,#4774,.T.);
#14375=EDGE_CURVE('',#7393,#7431,#4476,.T.);
#14377=EDGE_CURVE('',#7391,#7393,#4481,.T.);
#14379=EDGE_CURVE('',#7390,#7391,#4485,.T.);
#14381=EDGE_CURVE('',#7397,#7390,#4490,.T.);
#14383=EDGE_CURVE('',#7396,#7397,#4494,.T.);
#14385=EDGE_CURVE('',#7426,#7396,#4499,.T.);
#14389=EDGE_CURVE('',#7504,#7505,#4569,.T.);
#14391=EDGE_CURVE('',#7505,#7504,#4574,.T.);
#14395=ADVANCED_FACE('',(#14388,#14394),#14370,.T.);
#14401=EDGE_CURVE('',#7436,#7437,#4714,.T.);
#14403=EDGE_CURVE('',#7437,#7441,#4663,.T.);
#14405=EDGE_CURVE('',#7413,#7441,#4504,.T.);
#14407=EDGE_CURVE('',#7411,#7413,#4508,.T.);
#14409=EDGE_CURVE('',#7410,#7411,#4513,.T.);
#14411=EDGE_CURVE('',#7417,#7410,#4517,.T.);
#14413=EDGE_CURVE('',#7416,#7417,#4522,.T.);
#14415=EDGE_CURVE('',#7436,#7416,#4526,.T.);
#14419=EDGE_CURVE('',#7520,#7521,#4589,.T.);
#14421=EDGE_CURVE('',#7521,#7520,#4594,.T.);
#14425=ADVANCED_FACE('',(#14418,#14424),#14400,.T.);
#14433=EDGE_CURVE('',#7403,#7405,#4535,.T.);
#14435=EDGE_CURVE('',#7401,#7403,#4540,.T.);
#14437=EDGE_CURVE('',#7400,#7401,#4544,.T.);
#14439=EDGE_CURVE('',#7407,#7400,#4549,.T.);
#14441=EDGE_CURVE('',#7446,#7407,#4554,.T.);
#14445=EDGE_CURVE('',#7516,#7517,#4579,.T.);
#14447=EDGE_CURVE('',#7517,#7516,#4584,.T.);
#14451=ADVANCED_FACE('',(#14444,#14450),#14430,.T.);
#14457=EDGE_CURVE('',#8211,#8207,#4599,.T.);
#14459=EDGE_CURVE('',#8207,#8228,#4834,.T.);
#14461=EDGE_CURVE('',#8228,#7423,#4604,.T.);
#14463=EDGE_CURVE('',#7423,#7421,#4608,.T.);
#14469=ADVANCED_FACE('',(#14468),#14456,.T.);
#14476=EDGE_CURVE('',#8205,#8207,#4627,.T.);
#14482=ADVANCED_FACE('',(#14481),#14474,.T.);
#14489=EDGE_CURVE('',#8201,#8203,#4632,.T.);
#14491=EDGE_CURVE('',#8207,#8203,#4818,.T.);
#14496=ADVANCED_FACE('',(#14495),#14487,.T.);
#14503=EDGE_CURVE('',#8197,#8199,#4637,.T.);
#14505=EDGE_CURVE('',#8203,#8199,#4760,.T.);
#14510=ADVANCED_FACE('',(#14509),#14501,.T.);
#14517=EDGE_CURVE('',#8193,#8195,#4642,.T.);
#14519=EDGE_CURVE('',#8199,#8195,#4747,.T.);
#14524=ADVANCED_FACE('',(#14523),#14515,.T.);
#14531=EDGE_CURVE('',#8189,#8191,#4647,.T.);
#14533=EDGE_CURVE('',#8195,#8191,#4709,.T.);
#14538=ADVANCED_FACE('',(#14537),#14529,.T.);
#14546=EDGE_CURVE('',#8191,#8186,#4651,.T.);
#14551=ADVANCED_FACE('',(#14550),#14543,.T.);
#14559=EDGE_CURVE('',#8232,#7443,#4655,.T.);
#14561=EDGE_CURVE('',#7443,#7441,#4659,.T.);
#14564=EDGE_CURVE('',#8191,#7437,#4667,.T.);
#14568=ADVANCED_FACE('',(#14567),#14556,.T.);
#14574=EDGE_CURVE('',#7567,#7443,#4679,.T.);
#14577=EDGE_CURVE('',#8232,#8233,#4684,.T.);
#14582=ADVANCED_FACE('',(#14581),#14573,.F.);
#14591=EDGE_CURVE('',#7485,#7413,#4688,.T.);
#14596=ADVANCED_FACE('',(#14595),#14587,.F.);
#14602=EDGE_CURVE('',#7483,#7411,#4692,.T.);
#14609=ADVANCED_FACE('',(#14608),#14601,.T.);
#14615=EDGE_CURVE('',#7481,#7410,#4696,.T.);
#14622=ADVANCED_FACE('',(#14621),#14614,.T.);
#14630=EDGE_CURVE('',#7489,#7417,#4700,.T.);
#14635=ADVANCED_FACE('',(#14634),#14627,.T.);
#14641=EDGE_CURVE('',#7487,#7416,#4704,.T.);
#14648=ADVANCED_FACE('',(#14647),#14640,.T.);
#14654=EDGE_CURVE('',#7439,#7436,#4718,.T.);
#14659=EDGE_CURVE('',#7439,#7569,#4738,.T.);
#14663=ADVANCED_FACE('',(#14662),#14653,.T.);
#14673=EDGE_CURVE('',#7439,#8216,#4723,.T.);
#14675=EDGE_CURVE('',#8195,#8216,#4727,.T.);
#14679=ADVANCED_FACE('',(#14678),#14668,.T.);
#14687=EDGE_CURVE('',#8216,#8220,#4743,.T.);
#14692=ADVANCED_FACE('',(#14691),#14684,.F.);
#14698=EDGE_CURVE('',#8216,#8217,#4751,.T.);
#14702=EDGE_CURVE('',#8217,#8221,#4794,.T.);
#14706=ADVANCED_FACE('',(#14705),#14697,.F.);
#14715=EDGE_CURVE('',#8199,#8217,#4755,.T.);
#14719=ADVANCED_FACE('',(#14718),#14711,.T.);
#14727=EDGE_CURVE('',#8217,#7433,#4765,.T.);
#14729=EDGE_CURVE('',#7433,#7431,#4769,.T.);
#14732=EDGE_CURVE('',#8203,#7427,#4778,.T.);
#14736=ADVANCED_FACE('',(#14735),#14724,.T.);
#14742=EDGE_CURVE('',#7559,#7433,#4789,.T.);
#14749=ADVANCED_FACE('',(#14748),#14741,.F.);
#14758=EDGE_CURVE('',#7465,#7393,#4798,.T.);
#14763=ADVANCED_FACE('',(#14762),#14754,.T.);
#14769=EDGE_CURVE('',#7463,#7391,#4802,.T.);
#14776=ADVANCED_FACE('',(#14775),#14768,.T.);
#14782=EDGE_CURVE('',#7461,#7390,#4806,.T.);
#14789=ADVANCED_FACE('',(#14788),#14781,.T.);
#14797=EDGE_CURVE('',#7469,#7397,#4810,.T.);
#14802=ADVANCED_FACE('',(#14801),#14794,.T.);
#14808=EDGE_CURVE('',#7467,#7396,#4814,.T.);
#14815=ADVANCED_FACE('',(#14814),#14807,.T.);
#14821=EDGE_CURVE('',#7429,#7426,#4826,.T.);
#14826=EDGE_CURVE('',#7429,#7561,#4846,.T.);
#14830=ADVANCED_FACE('',(#14829),#14820,.F.);
#14840=EDGE_CURVE('',#7429,#8228,#4830,.T.);
#14845=ADVANCED_FACE('',(#14844),#14835,.T.);
#14853=EDGE_CURVE('',#8228,#8229,#4863,.T.);
#14858=ADVANCED_FACE('',(#14857),#14850,.F.);
#14864=EDGE_CURVE('',#7555,#7423,#4858,.T.);
#14871=ADVANCED_FACE('',(#14870),#14863,.F.);
#14879=EDGE_CURVE('',#8234,#8224,#4884,.T.);
#14883=ADVANCED_FACE('',(#14882),#14876,.F.);
#14896=ADVANCED_FACE('',(#14895),#14888,.F.);
#14905=EDGE_CURVE('',#8235,#8225,#4901,.T.);
#14909=ADVANCED_FACE('',(#14908),#14901,.F.);
#14920=ADVANCED_FACE('',(#14919),#14914,.F.);
#14926=EDGE_CURVE('',#7449,#7565,#4913,.T.);
#14933=ADVANCED_FACE('',(#14932),#14925,.F.);
#14941=EDGE_CURVE('',#7479,#7407,#4917,.T.);
#14947=ADVANCED_FACE('',(#14946),#14938,.F.);
#14953=EDGE_CURVE('',#7471,#7400,#4921,.T.);
#14960=ADVANCED_FACE('',(#14959),#14952,.T.);
#14968=EDGE_CURVE('',#7473,#7401,#4925,.T.);
#14973=ADVANCED_FACE('',(#14972),#14965,.T.);
#14981=EDGE_CURVE('',#7475,#7403,#4929,.T.);
#14986=ADVANCED_FACE('',(#14985),#14978,.T.);
#14998=ADVANCED_FACE('',(#14997),#14991,.F.);
#15005=EDGE_CURVE('',#7500,#7493,#4933,.T.);
#15007=EDGE_CURVE('',#7492,#7493,#4942,.T.);
#15009=EDGE_CURVE('',#7501,#7492,#4937,.T.);
#15013=ADVANCED_FACE('',(#15012),#15003,.F.);
#15021=EDGE_CURVE('',#7493,#7492,#4947,.T.);
#15026=ADVANCED_FACE('',(#15025),#15018,.F.);
#15036=ADVANCED_FACE('',(#15035),#15031,.T.);
#15042=EDGE_CURVE('',#7496,#7497,#4952,.T.);
#15044=EDGE_CURVE('',#7497,#7496,#4957,.T.);
#15048=ADVANCED_FACE('',(#15047),#15041,.T.);
#15054=EDGE_CURVE('',#7508,#7509,#4962,.T.);
#15056=EDGE_CURVE('',#7509,#7508,#4967,.T.);
#15060=ADVANCED_FACE('',(#15059),#15053,.T.);
#15066=EDGE_CURVE('',#7512,#7513,#4972,.T.);
#15068=EDGE_CURVE('',#7513,#7512,#4977,.T.);
#15072=ADVANCED_FACE('',(#15071),#15065,.T.);
#15079=EDGE_CURVE('',#7504,#7497,#4981,.T.);
#15082=EDGE_CURVE('',#7505,#7496,#4985,.T.);
#15086=ADVANCED_FACE('',(#15085),#15077,.F.);
#15098=ADVANCED_FACE('',(#15097),#15091,.F.);
#15105=EDGE_CURVE('',#7516,#7509,#4989,.T.);
#15108=EDGE_CURVE('',#7517,#7508,#4993,.T.);
#15112=ADVANCED_FACE('',(#15111),#15103,.F.);
#15124=ADVANCED_FACE('',(#15123),#15117,.F.);
#15131=EDGE_CURVE('',#7520,#7513,#4997,.T.);
#15134=EDGE_CURVE('',#7521,#7512,#5001,.T.);
#15138=ADVANCED_FACE('',(#15137),#15129,.F.);
#15150=ADVANCED_FACE('',(#15149),#15143,.F.);
#15157=EDGE_CURVE('',#8389,#8213,#5009,.T.);
#15159=EDGE_CURVE('',#8389,#8387,#5013,.T.);
#15161=EDGE_CURVE('',#8387,#8361,#5017,.T.);
#15165=ADVANCED_FACE('',(#15164),#15155,.T.);
#15172=EDGE_CURVE('',#8383,#8363,#5025,.T.);
#15174=EDGE_CURVE('',#8383,#8385,#5029,.T.);
#15176=EDGE_CURVE('',#8385,#8365,#5033,.T.);
#15180=ADVANCED_FACE('',(#15179),#15170,.T.);
#15187=EDGE_CURVE('',#8380,#8381,#5049,.T.);
#15189=EDGE_CURVE('',#8380,#8389,#5069,.T.);
#15194=ADVANCED_FACE('',(#15193),#15185,.F.);
#15200=EDGE_CURVE('',#8368,#8369,#5037,.T.);
#15203=EDGE_CURVE('',#8372,#8373,#5041,.T.);
#15205=EDGE_CURVE('',#8368,#8373,#5057,.T.);
#15209=ADVANCED_FACE('',(#15208),#15199,.T.);
#15215=EDGE_CURVE('',#8376,#8377,#5045,.T.);
#15217=EDGE_CURVE('',#8380,#8377,#5073,.T.);
#15223=ADVANCED_FACE('',(#15222),#15214,.T.);
#15231=EDGE_CURVE('',#8368,#8383,#5053,.T.);
#15236=ADVANCED_FACE('',(#15235),#15228,.F.);
#15244=EDGE_CURVE('',#8373,#8385,#5061,.T.);
#15249=ADVANCED_FACE('',(#15248),#15241,.T.);
#15255=EDGE_CURVE('',#8377,#8387,#5065,.T.);
#15262=ADVANCED_FACE('',(#15261),#15254,.T.);
#15274=ADVANCED_FACE('',(#15273),#15267,.F.);
#15286=ADVANCED_FACE('',(#15285),#15279,.F.);
#15293=EDGE_CURVE('',#8449,#8453,#5083,.T.);
#15295=EDGE_CURVE('',#8452,#8453,#6145,.T.);
#15297=EDGE_CURVE('',#8448,#8452,#5078,.T.);
#15301=ADVANCED_FACE('',(#15300),#15291,.T.);
#15308=EDGE_CURVE('',#8455,#8457,#5088,.T.);
#15310=EDGE_CURVE('',#8453,#8457,#5996,.T.);
#15315=ADVANCED_FACE('',(#15314),#15306,.T.);
#15322=EDGE_CURVE('',#8459,#8461,#5093,.T.);
#15324=EDGE_CURVE('',#8457,#8461,#6451,.T.);
#15329=ADVANCED_FACE('',(#15328),#15320,.T.);
#15336=EDGE_CURVE('',#8463,#8465,#5098,.T.);
#15338=EDGE_CURVE('',#8461,#8465,#6463,.T.);
#15343=ADVANCED_FACE('',(#15342),#15334,.T.);
#15350=EDGE_CURVE('',#8467,#8469,#5103,.T.);
#15352=EDGE_CURVE('',#8465,#8469,#6477,.T.);
#15357=ADVANCED_FACE('',(#15356),#15348,.T.);
#15364=EDGE_CURVE('',#8471,#8473,#5108,.T.);
#15366=EDGE_CURVE('',#8469,#8473,#6341,.T.);
#15371=ADVANCED_FACE('',(#15370),#15362,.T.);
#15378=EDGE_CURVE('',#8475,#8477,#5113,.T.);
#15380=EDGE_CURVE('',#8473,#8477,#6315,.T.);
#15385=ADVANCED_FACE('',(#15384),#15376,.T.);
#15393=EDGE_CURVE('',#8477,#8452,#5125,.T.);
#15398=ADVANCED_FACE('',(#15397),#15390,.T.);
#15404=EDGE_CURVE('',#8441,#8432,#5117,.T.);
#15406=EDGE_CURVE('',#8432,#8477,#5121,.T.);
#15409=EDGE_CURVE('',#8441,#8452,#6140,.T.);
#15413=ADVANCED_FACE('',(#15412),#15403,.T.);
#15419=EDGE_CURVE('',#8439,#8436,#5269,.T.);
#15421=EDGE_CURVE('',#8436,#8432,#6320,.T.);
#15424=EDGE_CURVE('',#8439,#8441,#5130,.T.);
#15428=ADVANCED_FACE('',(#15427),#15418,.T.);
#15434=EDGE_CURVE('',#8396,#8397,#5150,.T.);
#15436=EDGE_CURVE('',#8396,#7671,#5154,.T.);
#15438=EDGE_CURVE('',#7553,#7671,#5159,.T.);
#15440=EDGE_CURVE('',#7551,#7553,#5164,.T.);
#15442=EDGE_CURVE('',#7550,#7551,#5169,.T.);
#15444=EDGE_CURVE('',#7673,#7550,#5174,.T.);
#15446=EDGE_CURVE('',#8405,#7673,#5178,.T.);
#15448=EDGE_CURVE('',#8404,#8405,#5182,.T.);
#15450=EDGE_CURVE('',#8407,#8404,#5187,.T.);
#15452=EDGE_CURVE('',#8411,#8407,#5191,.T.);
#15454=EDGE_CURVE('',#8415,#8411,#5196,.T.);
#15456=EDGE_CURVE('',#8419,#8415,#5200,.T.);
#15458=EDGE_CURVE('',#8419,#7359,#5204,.T.);
#15460=EDGE_CURVE('',#7337,#7359,#5209,.T.);
#15462=EDGE_CURVE('',#7541,#7337,#5214,.T.);
#15464=EDGE_CURVE('',#7341,#7541,#5219,.T.);
#15466=EDGE_CURVE('',#7361,#7341,#5224,.T.);
#15468=EDGE_CURVE('',#8429,#7361,#5228,.T.);
#15470=EDGE_CURVE('',#8428,#8429,#5232,.T.);
#15472=EDGE_CURVE('',#8428,#7355,#5236,.T.);
#15474=EDGE_CURVE('',#7327,#7355,#5241,.T.);
#15476=EDGE_CURVE('',#7539,#7327,#5246,.T.);
#15478=EDGE_CURVE('',#7331,#7539,#5251,.T.);
#15480=EDGE_CURVE('',#7357,#7331,#5256,.T.);
#15482=EDGE_CURVE('',#8437,#7357,#5260,.T.);
#15484=EDGE_CURVE('',#8436,#8437,#5265,.T.);
#15487=EDGE_CURVE('',#8443,#8439,#5274,.T.);
#15489=EDGE_CURVE('',#8443,#7667,#5278,.T.);
#15491=EDGE_CURVE('',#7547,#7667,#5283,.T.);
#15493=EDGE_CURVE('',#7545,#7547,#5288,.T.);
#15495=EDGE_CURVE('',#7544,#7545,#5293,.T.);
#15497=EDGE_CURVE('',#7669,#7544,#5298,.T.);
#15499=EDGE_CURVE('',#8397,#7669,#5302,.T.);
#15503=EDGE_CURVE('',#7371,#7373,#5134,.T.);
#15505=EDGE_CURVE('',#7373,#7375,#5138,.T.);
#15507=EDGE_CURVE('',#7375,#7377,#5142,.T.);
#15509=EDGE_CURVE('',#7377,#7371,#5146,.T.);
#15513=ADVANCED_FACE('',(#15502,#15512),#15433,.F.);
#15519=EDGE_CURVE('',#7371,#7364,#5306,.T.);
#15521=EDGE_CURVE('',#7364,#7365,#5322,.T.);
#15523=EDGE_CURVE('',#7373,#7365,#5318,.T.);
#15528=ADVANCED_FACE('',(#15527),#15518,.T.);
#15536=EDGE_CURVE('',#7377,#7369,#5310,.T.);
#15538=EDGE_CURVE('',#7369,#7364,#5326,.T.);
#15542=ADVANCED_FACE('',(#15541),#15533,.T.);
#15548=EDGE_CURVE('',#7375,#7367,#5314,.T.);
#15550=EDGE_CURVE('',#7367,#7369,#5330,.T.);
#15556=ADVANCED_FACE('',(#15555),#15547,.T.);
#15563=EDGE_CURVE('',#7365,#7367,#5334,.T.);
#15569=ADVANCED_FACE('',(#15568),#15561,.T.);
#15581=EDGE_CURVE('',#8270,#8271,#5339,.T.);
#15583=EDGE_CURVE('',#8271,#8270,#5344,.T.);
#15587=EDGE_CURVE('',#8274,#8275,#5349,.T.);
#15589=EDGE_CURVE('',#8275,#8274,#5354,.T.);
#15593=EDGE_CURVE('',#8278,#8279,#5359,.T.);
#15595=EDGE_CURVE('',#8279,#8278,#5364,.T.);
#15599=EDGE_CURVE('',#8282,#8283,#5369,.T.);
#15601=EDGE_CURVE('',#8283,#8282,#5374,.T.);
#15605=EDGE_CURVE('',#8286,#8287,#5379,.T.);
#15607=EDGE_CURVE('',#8287,#8286,#5384,.T.);
#15611=EDGE_CURVE('',#8290,#8291,#5389,.T.);
#15613=EDGE_CURVE('',#8291,#8290,#5394,.T.);
#15617=EDGE_CURVE('',#8294,#8295,#5399,.T.);
#15619=EDGE_CURVE('',#8295,#8294,#5404,.T.);
#15623=EDGE_CURVE('',#8298,#8299,#5409,.T.);
#15625=EDGE_CURVE('',#8299,#8298,#5414,.T.);
#15629=EDGE_CURVE('',#8302,#8303,#5419,.T.);
#15631=EDGE_CURVE('',#8303,#8302,#5424,.T.);
#15635=EDGE_CURVE('',#8306,#8307,#5429,.T.);
#15637=EDGE_CURVE('',#8307,#8306,#5434,.T.);
#15641=EDGE_CURVE('',#8310,#8311,#5439,.T.);
#15643=EDGE_CURVE('',#8311,#8310,#5444,.T.);
#15647=EDGE_CURVE('',#8314,#8315,#5449,.T.);
#15649=EDGE_CURVE('',#8315,#8314,#5454,.T.);
#15653=EDGE_CURVE('',#8318,#8319,#5459,.T.);
#15655=EDGE_CURVE('',#8319,#8318,#5464,.T.);
#15659=EDGE_CURVE('',#8322,#8323,#5469,.T.);
#15661=EDGE_CURVE('',#8323,#8322,#5474,.T.);
#15665=EDGE_CURVE('',#8326,#8327,#5479,.T.);
#15667=EDGE_CURVE('',#8327,#8326,#5484,.T.);
#15671=EDGE_CURVE('',#8330,#8331,#5489,.T.);
#15673=EDGE_CURVE('',#8331,#8330,#5494,.T.);
#15677=EDGE_CURVE('',#8334,#8335,#5499,.T.);
#15679=EDGE_CURVE('',#8335,#8334,#5504,.T.);
#15683=EDGE_CURVE('',#8338,#8339,#5509,.T.);
#15685=EDGE_CURVE('',#8339,#8338,#5514,.T.);
#15689=EDGE_CURVE('',#8342,#8343,#5519,.T.);
#15691=EDGE_CURVE('',#8343,#8342,#5524,.T.);
#15695=EDGE_CURVE('',#8346,#8347,#5529,.T.);
#15697=EDGE_CURVE('',#8347,#8346,#5534,.T.);
#15701=EDGE_CURVE('',#8350,#8351,#5539,.T.);
#15703=EDGE_CURVE('',#8351,#8350,#5544,.T.);
#15707=EDGE_CURVE('',#8354,#8355,#5549,.T.);
#15709=EDGE_CURVE('',#8355,#8354,#5554,.T.);
#15713=EDGE_CURVE('',#8358,#8359,#5559,.T.);
#15715=EDGE_CURVE('',#8359,#8358,#5564,.T.);
#15719=ADVANCED_FACE('',(#15580,#15586,#15592,#15598,#15604,#15610,#15616,
#15622,#15628,#15634,#15640,#15646,#15652,#15658,#15664,#15670,#15676,#15682,
#15688,#15694,#15700,#15706,#15712,#15718),#15574,.T.);
#15726=EDGE_CURVE('',#7680,#8270,#5582,.T.);
#15728=EDGE_CURVE('',#7680,#7681,#5569,.T.);
#15730=EDGE_CURVE('',#7681,#8271,#5573,.T.);
#15734=ADVANCED_FACE('',(#15733),#15724,.T.);
#15742=EDGE_CURVE('',#7680,#7681,#5578,.T.);
#15747=ADVANCED_FACE('',(#15746),#15739,.T.);
#15757=ADVANCED_FACE('',(#15756),#15752,.T.);
#15764=EDGE_CURVE('',#7692,#8274,#5600,.T.);
#15766=EDGE_CURVE('',#7692,#7693,#5587,.T.);
#15768=EDGE_CURVE('',#7693,#8275,#5591,.T.);
#15772=ADVANCED_FACE('',(#15771),#15762,.T.);
#15780=EDGE_CURVE('',#7692,#7693,#5596,.T.);
#15785=ADVANCED_FACE('',(#15784),#15777,.T.);
#15795=ADVANCED_FACE('',(#15794),#15790,.T.);
#15802=EDGE_CURVE('',#7704,#8278,#5618,.T.);
#15804=EDGE_CURVE('',#7704,#7705,#5605,.T.);
#15806=EDGE_CURVE('',#7705,#8279,#5609,.T.);
#15810=ADVANCED_FACE('',(#15809),#15800,.T.);
#15818=EDGE_CURVE('',#7704,#7705,#5614,.T.);
#15823=ADVANCED_FACE('',(#15822),#15815,.T.);
#15833=ADVANCED_FACE('',(#15832),#15828,.T.);
#15840=EDGE_CURVE('',#7716,#8282,#5636,.T.);
#15842=EDGE_CURVE('',#7716,#7717,#5623,.T.);
#15844=EDGE_CURVE('',#7717,#8283,#5627,.T.);
#15848=ADVANCED_FACE('',(#15847),#15838,.T.);
#15856=EDGE_CURVE('',#7716,#7717,#5632,.T.);
#15861=ADVANCED_FACE('',(#15860),#15853,.T.);
#15871=ADVANCED_FACE('',(#15870),#15866,.T.);
#15878=EDGE_CURVE('',#7728,#8286,#5654,.T.);
#15880=EDGE_CURVE('',#7728,#7729,#5641,.T.);
#15882=EDGE_CURVE('',#7729,#8287,#5645,.T.);
#15886=ADVANCED_FACE('',(#15885),#15876,.T.);
#15894=EDGE_CURVE('',#7728,#7729,#5650,.T.);
#15899=ADVANCED_FACE('',(#15898),#15891,.T.);
#15909=ADVANCED_FACE('',(#15908),#15904,.T.);
#15916=EDGE_CURVE('',#7740,#8290,#5672,.T.);
#15918=EDGE_CURVE('',#7740,#7741,#5659,.T.);
#15920=EDGE_CURVE('',#7741,#8291,#5663,.T.);
#15924=ADVANCED_FACE('',(#15923),#15914,.T.);
#15932=EDGE_CURVE('',#7740,#7741,#5668,.T.);
#15937=ADVANCED_FACE('',(#15936),#15929,.T.);
#15947=ADVANCED_FACE('',(#15946),#15942,.T.);
#15954=EDGE_CURVE('',#7752,#8294,#5690,.T.);
#15956=EDGE_CURVE('',#7752,#7753,#5677,.T.);
#15958=EDGE_CURVE('',#7753,#8295,#5681,.T.);
#15962=ADVANCED_FACE('',(#15961),#15952,.T.);
#15970=EDGE_CURVE('',#7752,#7753,#5686,.T.);
#15975=ADVANCED_FACE('',(#15974),#15967,.T.);
#15985=ADVANCED_FACE('',(#15984),#15980,.T.);
#15992=EDGE_CURVE('',#7764,#8298,#5708,.T.);
#15994=EDGE_CURVE('',#7764,#7765,#5695,.T.);
#15996=EDGE_CURVE('',#7765,#8299,#5699,.T.);
#16000=ADVANCED_FACE('',(#15999),#15990,.T.);
#16008=EDGE_CURVE('',#7764,#7765,#5704,.T.);
#16013=ADVANCED_FACE('',(#16012),#16005,.T.);
#16023=ADVANCED_FACE('',(#16022),#16018,.T.);
#16030=EDGE_CURVE('',#7776,#8302,#5726,.T.);
#16032=EDGE_CURVE('',#7776,#7777,#5713,.T.);
#16034=EDGE_CURVE('',#7777,#8303,#5717,.T.);
#16038=ADVANCED_FACE('',(#16037),#16028,.T.);
#16046=EDGE_CURVE('',#7776,#7777,#5722,.T.);
#16051=ADVANCED_FACE('',(#16050),#16043,.T.);
#16061=ADVANCED_FACE('',(#16060),#16056,.T.);
#16068=EDGE_CURVE('',#7788,#8306,#5744,.T.);
#16070=EDGE_CURVE('',#7788,#7789,#5731,.T.);
#16072=EDGE_CURVE('',#7789,#8307,#5735,.T.);
#16076=ADVANCED_FACE('',(#16075),#16066,.T.);
#16084=EDGE_CURVE('',#7788,#7789,#5740,.T.);
#16089=ADVANCED_FACE('',(#16088),#16081,.T.);
#16099=ADVANCED_FACE('',(#16098),#16094,.T.);
#16106=EDGE_CURVE('',#7800,#8310,#5762,.T.);
#16108=EDGE_CURVE('',#7800,#7801,#5749,.T.);
#16110=EDGE_CURVE('',#7801,#8311,#5753,.T.);
#16114=ADVANCED_FACE('',(#16113),#16104,.T.);
#16122=EDGE_CURVE('',#7800,#7801,#5758,.T.);
#16127=ADVANCED_FACE('',(#16126),#16119,.T.);
#16137=ADVANCED_FACE('',(#16136),#16132,.T.);
#16144=EDGE_CURVE('',#7812,#8314,#5780,.T.);
#16146=EDGE_CURVE('',#7812,#7813,#5767,.T.);
#16148=EDGE_CURVE('',#7813,#8315,#5771,.T.);
#16152=ADVANCED_FACE('',(#16151),#16142,.T.);
#16160=EDGE_CURVE('',#7812,#7813,#5776,.T.);
#16165=ADVANCED_FACE('',(#16164),#16157,.T.);
#16175=ADVANCED_FACE('',(#16174),#16170,.T.);
#16182=EDGE_CURVE('',#7824,#8318,#5798,.T.);
#16184=EDGE_CURVE('',#7824,#7825,#5785,.T.);
#16186=EDGE_CURVE('',#7825,#8319,#5789,.T.);
#16190=ADVANCED_FACE('',(#16189),#16180,.T.);
#16198=EDGE_CURVE('',#7824,#7825,#5794,.T.);
#16203=ADVANCED_FACE('',(#16202),#16195,.T.);
#16213=ADVANCED_FACE('',(#16212),#16208,.T.);
#16220=EDGE_CURVE('',#7836,#8322,#5816,.T.);
#16222=EDGE_CURVE('',#7836,#7837,#5803,.T.);
#16224=EDGE_CURVE('',#7837,#8323,#5807,.T.);
#16228=ADVANCED_FACE('',(#16227),#16218,.T.);
#16236=EDGE_CURVE('',#7836,#7837,#5812,.T.);
#16241=ADVANCED_FACE('',(#16240),#16233,.T.);
#16251=ADVANCED_FACE('',(#16250),#16246,.T.);
#16258=EDGE_CURVE('',#7848,#8326,#5834,.T.);
#16260=EDGE_CURVE('',#7848,#7849,#5821,.T.);
#16262=EDGE_CURVE('',#7849,#8327,#5825,.T.);
#16266=ADVANCED_FACE('',(#16265),#16256,.T.);
#16274=EDGE_CURVE('',#7848,#7849,#5830,.T.);
#16279=ADVANCED_FACE('',(#16278),#16271,.T.);
#16289=ADVANCED_FACE('',(#16288),#16284,.T.);
#16296=EDGE_CURVE('',#7860,#8330,#5852,.T.);
#16298=EDGE_CURVE('',#7860,#7861,#5839,.T.);
#16300=EDGE_CURVE('',#7861,#8331,#5843,.T.);
#16304=ADVANCED_FACE('',(#16303),#16294,.T.);
#16312=EDGE_CURVE('',#7860,#7861,#5848,.T.);
#16317=ADVANCED_FACE('',(#16316),#16309,.T.);
#16327=ADVANCED_FACE('',(#16326),#16322,.T.);
#16334=EDGE_CURVE('',#7873,#8335,#5870,.T.);
#16336=EDGE_CURVE('',#7872,#7873,#5857,.T.);
#16338=EDGE_CURVE('',#7872,#8334,#5861,.T.);
#16342=ADVANCED_FACE('',(#16341),#16332,.T.);
#16350=EDGE_CURVE('',#7872,#7873,#5866,.T.);
#16355=ADVANCED_FACE('',(#16354),#16347,.T.);
#16365=ADVANCED_FACE('',(#16364),#16360,.F.);
#16372=EDGE_CURVE('',#7885,#8339,#5888,.T.);
#16374=EDGE_CURVE('',#7884,#7885,#5875,.T.);
#16376=EDGE_CURVE('',#7884,#8338,#5879,.T.);
#16380=ADVANCED_FACE('',(#16379),#16370,.T.);
#16388=EDGE_CURVE('',#7884,#7885,#5884,.T.);
#16393=ADVANCED_FACE('',(#16392),#16385,.T.);
#16403=ADVANCED_FACE('',(#16402),#16398,.F.);
#16410=EDGE_CURVE('',#7897,#8343,#5906,.T.);
#16412=EDGE_CURVE('',#7896,#7897,#5893,.T.);
#16414=EDGE_CURVE('',#7896,#8342,#5897,.T.);
#16418=ADVANCED_FACE('',(#16417),#16408,.T.);
#16426=EDGE_CURVE('',#7896,#7897,#5902,.T.);
#16431=ADVANCED_FACE('',(#16430),#16423,.T.);
#16441=ADVANCED_FACE('',(#16440),#16436,.F.);
#16448=EDGE_CURVE('',#7909,#8347,#5924,.T.);
#16450=EDGE_CURVE('',#7908,#7909,#5911,.T.);
#16452=EDGE_CURVE('',#7908,#8346,#5915,.T.);
#16456=ADVANCED_FACE('',(#16455),#16446,.T.);
#16464=EDGE_CURVE('',#7908,#7909,#5920,.T.);
#16469=ADVANCED_FACE('',(#16468),#16461,.T.);
#16479=ADVANCED_FACE('',(#16478),#16474,.F.);
#16486=EDGE_CURVE('',#7921,#8351,#5942,.T.);
#16488=EDGE_CURVE('',#7920,#7921,#5929,.T.);
#16490=EDGE_CURVE('',#7920,#8350,#5933,.T.);
#16494=ADVANCED_FACE('',(#16493),#16484,.T.);
#16502=EDGE_CURVE('',#7920,#7921,#5938,.T.);
#16507=ADVANCED_FACE('',(#16506),#16499,.T.);
#16517=ADVANCED_FACE('',(#16516),#16512,.F.);
#16524=EDGE_CURVE('',#7933,#8355,#5960,.T.);
#16526=EDGE_CURVE('',#7932,#7933,#5947,.T.);
#16528=EDGE_CURVE('',#7932,#8354,#5951,.T.);
#16532=ADVANCED_FACE('',(#16531),#16522,.T.);
#16540=EDGE_CURVE('',#7932,#7933,#5956,.T.);
#16545=ADVANCED_FACE('',(#16544),#16537,.T.);
#16555=ADVANCED_FACE('',(#16554),#16550,.F.);
#16562=EDGE_CURVE('',#7945,#8359,#5978,.T.);
#16564=EDGE_CURVE('',#7944,#7945,#5965,.T.);
#16566=EDGE_CURVE('',#7944,#8358,#5969,.T.);
#16570=ADVANCED_FACE('',(#16569),#16560,.T.);
#16578=EDGE_CURVE('',#7944,#7945,#5974,.T.);
#16583=ADVANCED_FACE('',(#16582),#16575,.T.);
#16593=ADVANCED_FACE('',(#16592),#16588,.F.);
#16599=EDGE_CURVE('',#8392,#8393,#5992,.T.);
#16601=EDGE_CURVE('',#8392,#8396,#5983,.T.);
#16604=EDGE_CURVE('',#8397,#8393,#5988,.T.);
#16608=ADVANCED_FACE('',(#16607),#16598,.T.);
#16615=EDGE_CURVE('',#7655,#8393,#6004,.T.);
#16617=EDGE_CURVE('',#7655,#7657,#6216,.T.);
#16619=EDGE_CURVE('',#8453,#7657,#6149,.T.);
#16622=EDGE_CURVE('',#8400,#8457,#6446,.T.);
#16624=EDGE_CURVE('',#8400,#8401,#6000,.T.);
#16626=EDGE_CURVE('',#7665,#8401,#6379,.T.);
#16628=EDGE_CURVE('',#7665,#7660,#6238,.T.);
#16630=EDGE_CURVE('',#8392,#7660,#6437,.T.);
#16634=ADVANCED_FACE('',(#16633),#16613,.T.);
#16643=EDGE_CURVE('',#7669,#7654,#6008,.T.);
#16645=EDGE_CURVE('',#7654,#7655,#6220,.T.);
#16649=ADVANCED_FACE('',(#16648),#16639,.T.);
#16656=EDGE_CURVE('',#7345,#7544,#6026,.T.);
#16658=EDGE_CURVE('',#7345,#7654,#6225,.T.);
#16663=ADVANCED_FACE('',(#16662),#16654,.F.);
#16669=EDGE_CURVE('',#8242,#8243,#6013,.T.);
#16671=EDGE_CURVE('',#7344,#8243,#6017,.T.);
#16673=EDGE_CURVE('',#7344,#7345,#6022,.T.);
#16677=EDGE_CURVE('',#7545,#8242,#6105,.T.);
#16681=ADVANCED_FACE('',(#16680),#16668,.T.);
#16687=EDGE_CURVE('',#8238,#8239,#6036,.T.);
#16689=EDGE_CURVE('',#8239,#8243,#6096,.T.);
#16692=EDGE_CURVE('',#8238,#8242,#6031,.T.);
#16696=ADVANCED_FACE('',(#16695),#16686,.T.);
#16703=EDGE_CURVE('',#8239,#8238,#6041,.T.);
#16707=ADVANCED_FACE('',(#16706),#16701,.F.);
#16713=EDGE_CURVE('',#8246,#8247,#6046,.T.);
#16715=EDGE_CURVE('',#8247,#8246,#6051,.T.);
#16719=EDGE_CURVE('',#7624,#7625,#6086,.T.);
#16721=EDGE_CURVE('',#7625,#7624,#6091,.T.);
#16725=ADVANCED_FACE('',(#16718,#16724),#16712,.F.);
#16731=EDGE_CURVE('',#8254,#8255,#6056,.T.);
#16733=EDGE_CURVE('',#8255,#8254,#6061,.T.);
#16737=EDGE_CURVE('',#7302,#7303,#6076,.T.);
#16739=EDGE_CURVE('',#7303,#7302,#6081,.T.);
#16743=ADVANCED_FACE('',(#16736,#16742),#16730,.F.);
#16749=EDGE_CURVE('',#8262,#8263,#6066,.T.);
#16751=EDGE_CURVE('',#8263,#8262,#6071,.T.);
#16755=ADVANCED_FACE('',(#16754),#16748,.F.);
#16763=EDGE_CURVE('',#8243,#8242,#6101,.T.);
#16768=ADVANCED_FACE('',(#16767),#16760,.T.);
#16777=EDGE_CURVE('',#7347,#7547,#6109,.T.);
#16779=EDGE_CURVE('',#7347,#7344,#6114,.T.);
#16784=ADVANCED_FACE('',(#16783),#16773,.T.);
#16791=EDGE_CURVE('',#7667,#7651,#6118,.T.);
#16793=EDGE_CURVE('',#7651,#7347,#6203,.T.);
#16798=ADVANCED_FACE('',(#16797),#16789,.F.);
#16805=EDGE_CURVE('',#8445,#8443,#6131,.T.);
#16807=EDGE_CURVE('',#8445,#7650,#6122,.T.);
#16809=EDGE_CURVE('',#7650,#7651,#6207,.T.);
#16814=ADVANCED_FACE('',(#16813),#16803,.T.);
#16822=EDGE_CURVE('',#8445,#8441,#6136,.T.);
#16827=ADVANCED_FACE('',(#16826),#16819,.T.);
#16837=EDGE_CURVE('',#7657,#7650,#6212,.T.);
#16842=ADVANCED_FACE('',(#16841),#16832,.T.);
#16848=EDGE_CURVE('',#7324,#7325,#6265,.T.);
#16850=EDGE_CURVE('',#7309,#7324,#6154,.T.);
#16852=EDGE_CURVE('',#7307,#7309,#6158,.T.);
#16854=EDGE_CURVE('',#7306,#7307,#6162,.T.);
#16856=EDGE_CURVE('',#7313,#7306,#6167,.T.);
#16858=EDGE_CURVE('',#7312,#7313,#6171,.T.);
#16860=EDGE_CURVE('',#7329,#7312,#6176,.T.);
#16862=EDGE_CURVE('',#7325,#7329,#6289,.T.);
#16866=ADVANCED_FACE('',(#16865),#16847,.T.);
#16872=EDGE_CURVE('',#7334,#7335,#6503,.T.);
#16874=EDGE_CURVE('',#7319,#7334,#6181,.T.);
#16876=EDGE_CURVE('',#7317,#7319,#6185,.T.);
#16878=EDGE_CURVE('',#7316,#7317,#6189,.T.);
#16880=EDGE_CURVE('',#7321,#7316,#6193,.T.);
#16882=EDGE_CURVE('',#7339,#7321,#6198,.T.);
#16884=EDGE_CURVE('',#7335,#7339,#6527,.T.);
#16888=ADVANCED_FACE('',(#16887),#16871,.T.);
#16904=ADVANCED_FACE('',(#16903),#16893,.T.);
#16910=EDGE_CURVE('',#7350,#7351,#6397,.T.);
#16912=EDGE_CURVE('',#7353,#7350,#6429,.T.);
#16914=EDGE_CURVE('',#7661,#7353,#6230,.T.);
#16916=EDGE_CURVE('',#7660,#7661,#6234,.T.);
#16919=EDGE_CURVE('',#7664,#7665,#6242,.T.);
#16921=EDGE_CURVE('',#7351,#7664,#6247,.T.);
#16925=ADVANCED_FACE('',(#16924),#16909,.T.);
#16931=EDGE_CURVE('',#8259,#8258,#6252,.T.);
#16933=EDGE_CURVE('',#7539,#8258,#6256,.T.);
#16936=EDGE_CURVE('',#7324,#7327,#6260,.T.);
#16939=EDGE_CURVE('',#7325,#8259,#6284,.T.);
#16943=ADVANCED_FACE('',(#16942),#16930,.T.);
#16950=EDGE_CURVE('',#8254,#8258,#6275,.T.);
#16953=EDGE_CURVE('',#8255,#8259,#6270,.T.);
#16957=ADVANCED_FACE('',(#16956),#16948,.T.);
#16965=EDGE_CURVE('',#8258,#8259,#6280,.T.);
#16970=ADVANCED_FACE('',(#16969),#16962,.T.);
#16979=EDGE_CURVE('',#7329,#7331,#6293,.T.);
#16985=ADVANCED_FACE('',(#16984),#16975,.T.);
#16993=EDGE_CURVE('',#7357,#7312,#6301,.T.);
#16998=ADVANCED_FACE('',(#16997),#16990,.F.);
#17004=EDGE_CURVE('',#7313,#8433,#6297,.T.);
#17006=EDGE_CURVE('',#8437,#8433,#6329,.T.);
#17013=ADVANCED_FACE('',(#17012),#17003,.T.);
#17019=EDGE_CURVE('',#8432,#8433,#6306,.T.);
#17023=EDGE_CURVE('',#7306,#8473,#6310,.T.);
#17029=ADVANCED_FACE('',(#17028),#17018,.T.);
#17041=ADVANCED_FACE('',(#17040),#17034,.T.);
#17047=EDGE_CURVE('',#8421,#8417,#6333,.T.);
#17049=EDGE_CURVE('',#8417,#8469,#6337,.T.);
#17054=EDGE_CURVE('',#8424,#7307,#6553,.T.);
#17056=EDGE_CURVE('',#8424,#8425,#6345,.T.);
#17058=EDGE_CURVE('',#7316,#8425,#6535,.T.);
#17061=EDGE_CURVE('',#8421,#7317,#6481,.T.);
#17065=ADVANCED_FACE('',(#17064),#17046,.T.);
#17072=EDGE_CURVE('',#8415,#8417,#6355,.T.);
#17075=EDGE_CURVE('',#8421,#8419,#6350,.T.);
#17079=ADVANCED_FACE('',(#17078),#17070,.T.);
#17086=EDGE_CURVE('',#8411,#8413,#6360,.T.);
#17088=EDGE_CURVE('',#8417,#8413,#6468,.T.);
#17093=ADVANCED_FACE('',(#17092),#17084,.T.);
#17100=EDGE_CURVE('',#8407,#8409,#6365,.T.);
#17102=EDGE_CURVE('',#8413,#8409,#6455,.T.);
#17107=ADVANCED_FACE('',(#17106),#17098,.T.);
#17114=EDGE_CURVE('',#8404,#8400,#6370,.T.);
#17116=EDGE_CURVE('',#8409,#8400,#6442,.T.);
#17121=ADVANCED_FACE('',(#17120),#17112,.T.);
#17130=EDGE_CURVE('',#8405,#8401,#6375,.T.);
#17134=ADVANCED_FACE('',(#17133),#17126,.T.);
#17143=EDGE_CURVE('',#7673,#7664,#6383,.T.);
#17148=ADVANCED_FACE('',(#17147),#17139,.T.);
#17155=EDGE_CURVE('',#7351,#7550,#6401,.T.);
#17161=ADVANCED_FACE('',(#17160),#17153,.F.);
#17167=EDGE_CURVE('',#8250,#8251,#6388,.T.);
#17169=EDGE_CURVE('',#7350,#8251,#6392,.T.);
#17174=EDGE_CURVE('',#7551,#8250,#6420,.T.);
#17178=ADVANCED_FACE('',(#17177),#17166,.T.);
#17185=EDGE_CURVE('',#8247,#8251,#6411,.T.);
#17188=EDGE_CURVE('',#8246,#8250,#6406,.T.);
#17192=ADVANCED_FACE('',(#17191),#17183,.T.);
#17200=EDGE_CURVE('',#8251,#8250,#6416,.T.);
#17205=ADVANCED_FACE('',(#17204),#17197,.T.);
#17214=EDGE_CURVE('',#7353,#7553,#6424,.T.);
#17220=ADVANCED_FACE('',(#17219),#17210,.T.);
#17227=EDGE_CURVE('',#7671,#7661,#6433,.T.);
#17233=ADVANCED_FACE('',(#17232),#17225,.F.);
#17246=ADVANCED_FACE('',(#17245),#17238,.T.);
#17255=EDGE_CURVE('',#8409,#8461,#6459,.T.);
#17259=ADVANCED_FACE('',(#17258),#17251,.T.);
#17268=EDGE_CURVE('',#8413,#8465,#6472,.T.);
#17272=ADVANCED_FACE('',(#17271),#17264,.T.);
#17284=ADVANCED_FACE('',(#17283),#17277,.T.);
#17294=EDGE_CURVE('',#7359,#7319,#6485,.T.);
#17298=ADVANCED_FACE('',(#17297),#17289,.T.);
#17304=EDGE_CURVE('',#7334,#7337,#6498,.T.);
#17311=ADVANCED_FACE('',(#17310),#17303,.F.);
#17317=EDGE_CURVE('',#8266,#8267,#6490,.T.);
#17319=EDGE_CURVE('',#7541,#8267,#6494,.T.);
#17324=EDGE_CURVE('',#7335,#8266,#6522,.T.);
#17328=ADVANCED_FACE('',(#17327),#17316,.T.);
#17335=EDGE_CURVE('',#8263,#8267,#6513,.T.);
#17338=EDGE_CURVE('',#8262,#8266,#6508,.T.);
#17342=ADVANCED_FACE('',(#17341),#17333,.T.);
#17350=EDGE_CURVE('',#8267,#8266,#6518,.T.);
#17355=ADVANCED_FACE('',(#17354),#17347,.T.);
#17364=EDGE_CURVE('',#7339,#7341,#6531,.T.);
#17370=ADVANCED_FACE('',(#17369),#17360,.T.);
#17378=EDGE_CURVE('',#7361,#7321,#6539,.T.);
#17383=ADVANCED_FACE('',(#17382),#17375,.F.);
#17390=EDGE_CURVE('',#8429,#8425,#6549,.T.);
#17397=ADVANCED_FACE('',(#17396),#17388,.T.);
#17404=EDGE_CURVE('',#8424,#8428,#6544,.T.);
#17410=ADVANCED_FACE('',(#17409),#17402,.T.);
#17420=EDGE_CURVE('',#7355,#7309,#6557,.T.);
#17424=ADVANCED_FACE('',(#17423),#17415,.T.);
#17436=ADVANCED_FACE('',(#17435),#17429,.F.);
#17443=EDGE_CURVE('',#7302,#7298,#6561,.T.);
#17445=EDGE_CURVE('',#7298,#7299,#6570,.T.);
#17447=EDGE_CURVE('',#7303,#7299,#6565,.T.);
#17451=ADVANCED_FACE('',(#17450),#17441,.T.);
#17459=EDGE_CURVE('',#7299,#7298,#6575,.T.);
#17464=ADVANCED_FACE('',(#17463),#17456,.T.);
#17474=ADVANCED_FACE('',(#17473),#17469,.T.);
#17480=EDGE_CURVE('',#7620,#7621,#6580,.T.);
#17482=EDGE_CURVE('',#7621,#7620,#6585,.T.);
#17486=ADVANCED_FACE('',(#17485),#17479,.T.);
#17493=EDGE_CURVE('',#7624,#7620,#6589,.T.);
#17496=EDGE_CURVE('',#7625,#7621,#6593,.T.);
#17500=ADVANCED_FACE('',(#17499),#17491,.T.);
#17512=ADVANCED_FACE('',(#17511),#17505,.T.);
#17524=ADVANCED_FACE('',(#17523),#17517,.F.);
#17531=EDGE_CURVE('',#8174,#7952,#6601,.T.);
#17534=EDGE_CURVE('',#8175,#7953,#6605,.T.);
#17538=ADVANCED_FACE('',(#17537),#17529,.F.);
#17550=ADVANCED_FACE('',(#17549),#17543,.F.);
#17557=EDGE_CURVE('',#8178,#7956,#6609,.T.);
#17560=EDGE_CURVE('',#8179,#7957,#6613,.T.);
#17564=ADVANCED_FACE('',(#17563),#17555,.F.);
#17576=ADVANCED_FACE('',(#17575),#17569,.F.);
#17583=EDGE_CURVE('',#7685,#7677,#6621,.T.);
#17585=EDGE_CURVE('',#7676,#7677,#6631,.T.);
#17587=EDGE_CURVE('',#7684,#7676,#6617,.T.);
#17591=ADVANCED_FACE('',(#17590),#17581,.T.);
#17599=EDGE_CURVE('',#7676,#7677,#6626,.T.);
#17604=ADVANCED_FACE('',(#17603),#17596,.T.);
#17614=ADVANCED_FACE('',(#17613),#17609,.F.);
#17621=EDGE_CURVE('',#7697,#7689,#6639,.T.);
#17623=EDGE_CURVE('',#7688,#7689,#6649,.T.);
#17625=EDGE_CURVE('',#7696,#7688,#6635,.T.);
#17629=ADVANCED_FACE('',(#17628),#17619,.T.);
#17637=EDGE_CURVE('',#7688,#7689,#6644,.T.);
#17642=ADVANCED_FACE('',(#17641),#17634,.T.);
#17652=ADVANCED_FACE('',(#17651),#17647,.F.);
#17659=EDGE_CURVE('',#7709,#7701,#6657,.T.);
#17661=EDGE_CURVE('',#7700,#7701,#6667,.T.);
#17663=EDGE_CURVE('',#7708,#7700,#6653,.T.);
#17667=ADVANCED_FACE('',(#17666),#17657,.T.);
#17675=EDGE_CURVE('',#7700,#7701,#6662,.T.);
#17680=ADVANCED_FACE('',(#17679),#17672,.T.);
#17690=ADVANCED_FACE('',(#17689),#17685,.F.);
#17697=EDGE_CURVE('',#7721,#7713,#6675,.T.);
#17699=EDGE_CURVE('',#7712,#7713,#6685,.T.);
#17701=EDGE_CURVE('',#7720,#7712,#6671,.T.);
#17705=ADVANCED_FACE('',(#17704),#17695,.T.);
#17713=EDGE_CURVE('',#7712,#7713,#6680,.T.);
#17718=ADVANCED_FACE('',(#17717),#17710,.T.);
#17728=ADVANCED_FACE('',(#17727),#17723,.F.);
#17735=EDGE_CURVE('',#7733,#7725,#6693,.T.);
#17737=EDGE_CURVE('',#7724,#7725,#6703,.T.);
#17739=EDGE_CURVE('',#7732,#7724,#6689,.T.);
#17743=ADVANCED_FACE('',(#17742),#17733,.T.);
#17751=EDGE_CURVE('',#7724,#7725,#6698,.T.);
#17756=ADVANCED_FACE('',(#17755),#17748,.T.);
#17766=ADVANCED_FACE('',(#17765),#17761,.F.);
#17773=EDGE_CURVE('',#7745,#7737,#6711,.T.);
#17775=EDGE_CURVE('',#7736,#7737,#6721,.T.);
#17777=EDGE_CURVE('',#7744,#7736,#6707,.T.);
#17781=ADVANCED_FACE('',(#17780),#17771,.T.);
#17789=EDGE_CURVE('',#7736,#7737,#6716,.T.);
#17794=ADVANCED_FACE('',(#17793),#17786,.T.);
#17804=ADVANCED_FACE('',(#17803),#17799,.F.);
#17811=EDGE_CURVE('',#7757,#7749,#6729,.T.);
#17813=EDGE_CURVE('',#7748,#7749,#6739,.T.);
#17815=EDGE_CURVE('',#7756,#7748,#6725,.T.);
#17819=ADVANCED_FACE('',(#17818),#17809,.T.);
#17827=EDGE_CURVE('',#7748,#7749,#6734,.T.);
#17832=ADVANCED_FACE('',(#17831),#17824,.T.);
#17842=ADVANCED_FACE('',(#17841),#17837,.F.);
#17849=EDGE_CURVE('',#7769,#7761,#6747,.T.);
#17851=EDGE_CURVE('',#7760,#7761,#6757,.T.);
#17853=EDGE_CURVE('',#7768,#7760,#6743,.T.);
#17857=ADVANCED_FACE('',(#17856),#17847,.T.);
#17865=EDGE_CURVE('',#7760,#7761,#6752,.T.);
#17870=ADVANCED_FACE('',(#17869),#17862,.T.);
#17880=ADVANCED_FACE('',(#17879),#17875,.F.);
#17887=EDGE_CURVE('',#7781,#7773,#6765,.T.);
#17889=EDGE_CURVE('',#7772,#7773,#6775,.T.);
#17891=EDGE_CURVE('',#7780,#7772,#6761,.T.);
#17895=ADVANCED_FACE('',(#17894),#17885,.T.);
#17903=EDGE_CURVE('',#7772,#7773,#6770,.T.);
#17908=ADVANCED_FACE('',(#17907),#17900,.T.);
#17918=ADVANCED_FACE('',(#17917),#17913,.F.);
#17925=EDGE_CURVE('',#7793,#7785,#6783,.T.);
#17927=EDGE_CURVE('',#7784,#7785,#6793,.T.);
#17929=EDGE_CURVE('',#7792,#7784,#6779,.T.);
#17933=ADVANCED_FACE('',(#17932),#17923,.T.);
#17941=EDGE_CURVE('',#7784,#7785,#6788,.T.);
#17946=ADVANCED_FACE('',(#17945),#17938,.T.);
#17956=ADVANCED_FACE('',(#17955),#17951,.F.);
#17963=EDGE_CURVE('',#7805,#7797,#6801,.T.);
#17965=EDGE_CURVE('',#7796,#7797,#6811,.T.);
#17967=EDGE_CURVE('',#7804,#7796,#6797,.T.);
#17971=ADVANCED_FACE('',(#17970),#17961,.T.);
#17979=EDGE_CURVE('',#7796,#7797,#6806,.T.);
#17984=ADVANCED_FACE('',(#17983),#17976,.T.);
#17994=ADVANCED_FACE('',(#17993),#17989,.F.);
#18001=EDGE_CURVE('',#7817,#7809,#6819,.T.);
#18003=EDGE_CURVE('',#7808,#7809,#6829,.T.);
#18005=EDGE_CURVE('',#7816,#7808,#6815,.T.);
#18009=ADVANCED_FACE('',(#18008),#17999,.T.);
#18017=EDGE_CURVE('',#7808,#7809,#6824,.T.);
#18022=ADVANCED_FACE('',(#18021),#18014,.T.);
#18032=ADVANCED_FACE('',(#18031),#18027,.F.);
#18039=EDGE_CURVE('',#7829,#7821,#6837,.T.);
#18041=EDGE_CURVE('',#7820,#7821,#6847,.T.);
#18043=EDGE_CURVE('',#7828,#7820,#6833,.T.);
#18047=ADVANCED_FACE('',(#18046),#18037,.T.);
#18055=EDGE_CURVE('',#7820,#7821,#6842,.T.);
#18060=ADVANCED_FACE('',(#18059),#18052,.T.);
#18070=ADVANCED_FACE('',(#18069),#18065,.F.);
#18077=EDGE_CURVE('',#7841,#7833,#6855,.T.);
#18079=EDGE_CURVE('',#7832,#7833,#6865,.T.);
#18081=EDGE_CURVE('',#7840,#7832,#6851,.T.);
#18085=ADVANCED_FACE('',(#18084),#18075,.T.);
#18093=EDGE_CURVE('',#7832,#7833,#6860,.T.);
#18098=ADVANCED_FACE('',(#18097),#18090,.T.);
#18108=ADVANCED_FACE('',(#18107),#18103,.F.);
#18115=EDGE_CURVE('',#7853,#7845,#6873,.T.);
#18117=EDGE_CURVE('',#7844,#7845,#6883,.T.);
#18119=EDGE_CURVE('',#7852,#7844,#6869,.T.);
#18123=ADVANCED_FACE('',(#18122),#18113,.T.);
#18131=EDGE_CURVE('',#7844,#7845,#6878,.T.);
#18136=ADVANCED_FACE('',(#18135),#18128,.T.);
#18146=ADVANCED_FACE('',(#18145),#18141,.F.);
#18153=EDGE_CURVE('',#7865,#7857,#6891,.T.);
#18155=EDGE_CURVE('',#7856,#7857,#6901,.T.);
#18157=EDGE_CURVE('',#7864,#7856,#6887,.T.);
#18161=ADVANCED_FACE('',(#18160),#18151,.T.);
#18169=EDGE_CURVE('',#7856,#7857,#6896,.T.);
#18174=ADVANCED_FACE('',(#18173),#18166,.T.);
#18184=ADVANCED_FACE('',(#18183),#18179,.F.);
#18191=EDGE_CURVE('',#7876,#7868,#6909,.T.);
#18193=EDGE_CURVE('',#7868,#7869,#6919,.T.);
#18195=EDGE_CURVE('',#7877,#7869,#6905,.T.);
#18199=ADVANCED_FACE('',(#18198),#18189,.T.);
#18207=EDGE_CURVE('',#7868,#7869,#6914,.T.);
#18212=ADVANCED_FACE('',(#18211),#18204,.T.);
#18222=ADVANCED_FACE('',(#18221),#18217,.T.);
#18229=EDGE_CURVE('',#7888,#7880,#6927,.T.);
#18231=EDGE_CURVE('',#7880,#7881,#6937,.T.);
#18233=EDGE_CURVE('',#7889,#7881,#6923,.T.);
#18237=ADVANCED_FACE('',(#18236),#18227,.T.);
#18245=EDGE_CURVE('',#7880,#7881,#6932,.T.);
#18250=ADVANCED_FACE('',(#18249),#18242,.T.);
#18260=ADVANCED_FACE('',(#18259),#18255,.T.);
#18267=EDGE_CURVE('',#7900,#7892,#6945,.T.);
#18269=EDGE_CURVE('',#7892,#7893,#6955,.T.);
#18271=EDGE_CURVE('',#7901,#7893,#6941,.T.);
#18275=ADVANCED_FACE('',(#18274),#18265,.T.);
#18283=EDGE_CURVE('',#7892,#7893,#6950,.T.);
#18288=ADVANCED_FACE('',(#18287),#18280,.T.);
#18298=ADVANCED_FACE('',(#18297),#18293,.T.);
#18305=EDGE_CURVE('',#7912,#7904,#6963,.T.);
#18307=EDGE_CURVE('',#7904,#7905,#6973,.T.);
#18309=EDGE_CURVE('',#7913,#7905,#6959,.T.);
#18313=ADVANCED_FACE('',(#18312),#18303,.T.);
#18321=EDGE_CURVE('',#7904,#7905,#6968,.T.);
#18326=ADVANCED_FACE('',(#18325),#18318,.T.);
#18336=ADVANCED_FACE('',(#18335),#18331,.T.);
#18343=EDGE_CURVE('',#7924,#7916,#6981,.T.);
#18345=EDGE_CURVE('',#7916,#7917,#6991,.T.);
#18347=EDGE_CURVE('',#7925,#7917,#6977,.T.);
#18351=ADVANCED_FACE('',(#18350),#18341,.T.);
#18359=EDGE_CURVE('',#7916,#7917,#6986,.T.);
#18364=ADVANCED_FACE('',(#18363),#18356,.T.);
#18374=ADVANCED_FACE('',(#18373),#18369,.T.);
#18381=EDGE_CURVE('',#7936,#7928,#6999,.T.);
#18383=EDGE_CURVE('',#7928,#7929,#7009,.T.);
#18385=EDGE_CURVE('',#7937,#7929,#6995,.T.);
#18389=ADVANCED_FACE('',(#18388),#18379,.T.);
#18397=EDGE_CURVE('',#7928,#7929,#7004,.T.);
#18402=ADVANCED_FACE('',(#18401),#18394,.T.);
#18412=ADVANCED_FACE('',(#18411),#18407,.T.);
#18419=EDGE_CURVE('',#7948,#7940,#7017,.T.);
#18421=EDGE_CURVE('',#7940,#7941,#7027,.T.);
#18423=EDGE_CURVE('',#7949,#7941,#7013,.T.);
#18427=ADVANCED_FACE('',(#18426),#18417,.T.);
#18435=EDGE_CURVE('',#7940,#7941,#7022,.T.);
#18440=ADVANCED_FACE('',(#18439),#18432,.T.);
#18450=ADVANCED_FACE('',(#18449),#18445,.T.);
#18456=EDGE_CURVE('',#7961,#8571,#7031,.T.);
#18459=EDGE_CURVE('',#8494,#7960,#7035,.T.);
#18464=ADVANCED_FACE('',(#18463),#18455,.F.);
#18470=EDGE_CURVE('',#7963,#8569,#7039,.T.);
#18477=ADVANCED_FACE('',(#18476),#18469,.F.);
#18483=EDGE_CURVE('',#7965,#8567,#7043,.T.);
#18490=ADVANCED_FACE('',(#18489),#18482,.F.);
#18496=EDGE_CURVE('',#7967,#8565,#7047,.T.);
#18503=ADVANCED_FACE('',(#18502),#18495,.F.);
#18509=EDGE_CURVE('',#7969,#8563,#7051,.T.);
#18516=ADVANCED_FACE('',(#18515),#18508,.F.);
#18522=EDGE_CURVE('',#7971,#8561,#7055,.T.);
#18529=ADVANCED_FACE('',(#18528),#18521,.F.);
#18535=EDGE_CURVE('',#7973,#8559,#7059,.T.);
#18542=ADVANCED_FACE('',(#18541),#18534,.F.);
#18548=EDGE_CURVE('',#7975,#8557,#7063,.T.);
#18555=ADVANCED_FACE('',(#18554),#18547,.F.);
#18561=EDGE_CURVE('',#7977,#8555,#7067,.T.);
#18568=ADVANCED_FACE('',(#18567),#18560,.F.);
#18574=EDGE_CURVE('',#7979,#8553,#7071,.T.);
#18581=ADVANCED_FACE('',(#18580),#18573,.F.);
#18587=EDGE_CURVE('',#7981,#8551,#7075,.T.);
#18594=ADVANCED_FACE('',(#18593),#18586,.F.);
#18600=EDGE_CURVE('',#7983,#8549,#7079,.T.);
#18607=ADVANCED_FACE('',(#18606),#18599,.F.);
#18613=EDGE_CURVE('',#7985,#8547,#7083,.T.);
#18620=ADVANCED_FACE('',(#18619),#18612,.F.);
#18626=EDGE_CURVE('',#7987,#8545,#7087,.T.);
#18633=ADVANCED_FACE('',(#18632),#18625,.F.);
#18639=EDGE_CURVE('',#7989,#8543,#7091,.T.);
#18646=ADVANCED_FACE('',(#18645),#18638,.F.);
#18652=EDGE_CURVE('',#7991,#8541,#7095,.T.);
#18659=ADVANCED_FACE('',(#18658),#18651,.F.);
#18665=EDGE_CURVE('',#7993,#8539,#7099,.T.);
#18672=ADVANCED_FACE('',(#18671),#18664,.F.);
#18678=EDGE_CURVE('',#7995,#8537,#7103,.T.);
#18685=ADVANCED_FACE('',(#18684),#18677,.F.);
#18691=EDGE_CURVE('',#7997,#8535,#7107,.T.);
#18698=ADVANCED_FACE('',(#18697),#18690,.F.);
#18704=EDGE_CURVE('',#7999,#8533,#7111,.T.);
#18711=ADVANCED_FACE('',(#18710),#18703,.F.);
#18717=EDGE_CURVE('',#8001,#8531,#7115,.T.);
#18724=ADVANCED_FACE('',(#18723),#18716,.F.);
#18730=EDGE_CURVE('',#8003,#8529,#7119,.T.);
#18737=ADVANCED_FACE('',(#18736),#18729,.F.);
#18743=EDGE_CURVE('',#8005,#8527,#7123,.T.);
#18750=ADVANCED_FACE('',(#18749),#18742,.F.);
#18756=EDGE_CURVE('',#8007,#8525,#7127,.T.);
#18763=ADVANCED_FACE('',(#18762),#18755,.F.);
#18769=EDGE_CURVE('',#8009,#8523,#7131,.T.);
#18776=ADVANCED_FACE('',(#18775),#18768,.F.);
#18782=EDGE_CURVE('',#8011,#8521,#7135,.T.);
#18789=ADVANCED_FACE('',(#18788),#18781,.F.);
#18795=EDGE_CURVE('',#8013,#8519,#7139,.T.);
#18802=ADVANCED_FACE('',(#18801),#18794,.F.);
#18808=EDGE_CURVE('',#8015,#8517,#7143,.T.);
#18815=ADVANCED_FACE('',(#18814),#18807,.F.);
#18821=EDGE_CURVE('',#8017,#8515,#7147,.T.);
#18828=ADVANCED_FACE('',(#18827),#18820,.F.);
#18834=EDGE_CURVE('',#8019,#8513,#7151,.T.);
#18841=ADVANCED_FACE('',(#18840),#18833,.F.);
#18847=EDGE_CURVE('',#8021,#8511,#7155,.T.);
#18854=ADVANCED_FACE('',(#18853),#18846,.F.);
#18860=EDGE_CURVE('',#8023,#8509,#7159,.T.);
#18867=ADVANCED_FACE('',(#18866),#18859,.F.);
#18873=EDGE_CURVE('',#8025,#8507,#7163,.T.);
#18880=ADVANCED_FACE('',(#18879),#18872,.F.);
#18886=EDGE_CURVE('',#8027,#8505,#7167,.T.);
#18893=ADVANCED_FACE('',(#18892),#18885,.F.);
#18899=EDGE_CURVE('',#8029,#8503,#7171,.T.);
#18906=ADVANCED_FACE('',(#18905),#18898,.F.);
#18912=EDGE_CURVE('',#8031,#8501,#7175,.T.);
#18919=ADVANCED_FACE('',(#18918),#18911,.F.);
#18925=EDGE_CURVE('',#8033,#8499,#7179,.T.);
#18932=ADVANCED_FACE('',(#18931),#18924,.F.);
#18938=EDGE_CURVE('',#8035,#8497,#7183,.T.);
#18945=ADVANCED_FACE('',(#18944),#18937,.F.);
#18951=EDGE_CURVE('',#8037,#8495,#7187,.T.);
#18958=ADVANCED_FACE('',(#18957),#18950,.F.);
#18970=ADVANCED_FACE('',(#18969),#18963,.F.);
#18976=EDGE_CURVE('',#8041,#8625,#7191,.T.);
#18979=EDGE_CURVE('',#8614,#8040,#7195,.T.);
#18984=ADVANCED_FACE('',(#18983),#18975,.F.);
#18990=EDGE_CURVE('',#8043,#8623,#7199,.T.);
#18997=ADVANCED_FACE('',(#18996),#18989,.F.);
#19003=EDGE_CURVE('',#8045,#8621,#7203,.T.);
#19010=ADVANCED_FACE('',(#19009),#19002,.F.);
#19016=EDGE_CURVE('',#8047,#8619,#7207,.T.);
#19023=ADVANCED_FACE('',(#19022),#19015,.F.);
#19029=EDGE_CURVE('',#8049,#8617,#7211,.T.);
#19036=ADVANCED_FACE('',(#19035),#19028,.F.);
#19042=EDGE_CURVE('',#8051,#8615,#7215,.T.);
#19049=ADVANCED_FACE('',(#19048),#19041,.F.);
#19061=ADVANCED_FACE('',(#19060),#19054,.F.);
#19067=EDGE_CURVE('',#8135,#8611,#7219,.T.);
#19070=EDGE_CURVE('',#8574,#8134,#7223,.T.);
#19075=ADVANCED_FACE('',(#19074),#19066,.F.);
#19081=EDGE_CURVE('',#8137,#8609,#7227,.T.);
#19088=ADVANCED_FACE('',(#19087),#19080,.F.);
#19094=EDGE_CURVE('',#8139,#8607,#7231,.T.);
#19101=ADVANCED_FACE('',(#19100),#19093,.F.);
#19107=EDGE_CURVE('',#8141,#8605,#7235,.T.);
#19114=ADVANCED_FACE('',(#19113),#19106,.F.);
#19120=EDGE_CURVE('',#8143,#8603,#7239,.T.);
#19127=ADVANCED_FACE('',(#19126),#19119,.F.);
#19133=EDGE_CURVE('',#8145,#8601,#7243,.T.);
#19140=ADVANCED_FACE('',(#19139),#19132,.F.);
#19146=EDGE_CURVE('',#8147,#8599,#7247,.T.);
#19153=ADVANCED_FACE('',(#19152),#19145,.F.);
#19159=EDGE_CURVE('',#8149,#8597,#7251,.T.);
#19166=ADVANCED_FACE('',(#19165),#19158,.F.);
#19172=EDGE_CURVE('',#8151,#8595,#7255,.T.);
#19179=ADVANCED_FACE('',(#19178),#19171,.F.);
#19185=EDGE_CURVE('',#8153,#8593,#7259,.T.);
#19192=ADVANCED_FACE('',(#19191),#19184,.F.);
#19198=EDGE_CURVE('',#8155,#8591,#7263,.T.);
#19205=ADVANCED_FACE('',(#19204),#19197,.F.);
#19211=EDGE_CURVE('',#8157,#8589,#7267,.T.);
#19218=ADVANCED_FACE('',(#19217),#19210,.F.);
#19224=EDGE_CURVE('',#8159,#8587,#7271,.T.);
#19231=ADVANCED_FACE('',(#19230),#19223,.F.);
#19237=EDGE_CURVE('',#8161,#8585,#7275,.T.);
#19244=ADVANCED_FACE('',(#19243),#19236,.F.);
#19250=EDGE_CURVE('',#8163,#8583,#7279,.T.);
#19257=ADVANCED_FACE('',(#19256),#19249,.F.);
#19263=EDGE_CURVE('',#8165,#8581,#7283,.T.);
#19270=ADVANCED_FACE('',(#19269),#19262,.F.);
#19276=EDGE_CURVE('',#8167,#8579,#7287,.T.);
#19283=ADVANCED_FACE('',(#19282),#19275,.F.);
#19289=EDGE_CURVE('',#8169,#8577,#7291,.T.);
#19296=ADVANCED_FACE('',(#19295),#19288,.F.);
#19302=EDGE_CURVE('',#8171,#8575,#7295,.T.);
#19309=ADVANCED_FACE('',(#19308),#19301,.F.);
#19321=ADVANCED_FACE('',(#19320),#19314,.F.);
#19322=CLOSED_SHELL('',(#9345,#9360,#9375,#9390,#9405,#9420,#9435,#9450,#9465,
#9480,#9495,#9510,#9525,#9540,#9555,#9570,#9585,#9600,#9615,#9630,#9645,#9660,
#9675,#9690,#9705,#9720,#9735,#9750,#9765,#9780,#9795,#9810,#9825,#9840,#9855,
#9870,#9885,#9900,#9915,#9929,#9951,#10039,#10061,#10151,#10166,#10180,#10194,
#10208,#10222,#10236,#10249,#10270,#10364,#10434,#10482,#10497,#10591,#10930,
#10945,#10959,#10973,#10987,#11032,#11053,#11094,#11109,#11123,#11137,#11151,
#11165,#11179,#11193,#11206,#11308,#11324,#11339,#11354,#11370,#11386,#11402,
#11416,#11431,#11445,#11459,#11474,#11487,#11500,#11513,#11527,#11539,#11554,
#11568,#11582,#11598,#11612,#11626,#11725,#11741,#11755,#11769,#11782,#11797,
#11810,#11823,#11836,#11848,#11864,#11879,#11894,#11908,#11924,#11938,#11953,
#11965,#11978,#11991,#12003,#12018,#12032,#12046,#12061,#12074,#12087,#12100,
#12114,#12126,#12142,#12157,#12172,#12186,#12202,#12216,#12231,#12243,#12256,
#12269,#12281,#12296,#12310,#12324,#12339,#12352,#12365,#12378,#12392,#12404,
#12420,#12435,#12450,#12464,#12480,#12494,#12509,#12521,#12534,#12547,#12559,
#12574,#12588,#12602,#12617,#12630,#12643,#12656,#12670,#12682,#12695,#12730,
#12745,#12760,#12774,#12790,#12806,#12821,#12837,#12852,#12866,#12880,#12896,
#12910,#12924,#12957,#12970,#12984,#12996,#13012,#13026,#13040,#13053,#13068,
#13081,#13094,#13107,#13119,#13131,#13143,#13156,#13170,#13185,#13198,#13211,
#13223,#13237,#13251,#13266,#13279,#13293,#13306,#13321,#13334,#13346,#13358,
#13374,#13389,#13404,#13420,#13434,#13449,#13463,#13477,#13492,#13505,#13518,
#13531,#13545,#13557,#13571,#13586,#13598,#13611,#13624,#13636,#13652,#13667,
#13682,#13696,#13712,#13726,#13741,#13753,#13766,#13779,#13791,#13806,#13820,
#13834,#13849,#13862,#13875,#13888,#13902,#13914,#13927,#13941,#13953,#13969,
#13984,#13999,#14013,#14029,#14043,#14058,#14070,#14083,#14096,#14108,#14123,
#14137,#14151,#14166,#14179,#14192,#14205,#14219,#14231,#14245,#14257,#14271,
#14286,#14298,#14310,#14324,#14342,#14365,#14395,#14425,#14451,#14469,#14482,
#14496,#14510,#14524,#14538,#14551,#14568,#14582,#14596,#14609,#14622,#14635,
#14648,#14663,#14679,#14692,#14706,#14719,#14736,#14749,#14763,#14776,#14789,
#14802,#14815,#14830,#14845,#14858,#14871,#14883,#14896,#14909,#14920,#14933,
#14947,#14960,#14973,#14986,#14998,#15013,#15026,#15036,#15048,#15060,#15072,
#15086,#15098,#15112,#15124,#15138,#15150,#15165,#15180,#15194,#15209,#15223,
#15236,#15249,#15262,#15274,#15286,#15301,#15315,#15329,#15343,#15357,#15371,
#15385,#15398,#15413,#15428,#15513,#15528,#15542,#15556,#15569,#15719,#15734,
#15747,#15757,#15772,#15785,#15795,#15810,#15823,#15833,#15848,#15861,#15871,
#15886,#15899,#15909,#15924,#15937,#15947,#15962,#15975,#15985,#16000,#16013,
#16023,#16038,#16051,#16061,#16076,#16089,#16099,#16114,#16127,#16137,#16152,
#16165,#16175,#16190,#16203,#16213,#16228,#16241,#16251,#16266,#16279,#16289,
#16304,#16317,#16327,#16342,#16355,#16365,#16380,#16393,#16403,#16418,#16431,
#16441,#16456,#16469,#16479,#16494,#16507,#16517,#16532,#16545,#16555,#16570,
#16583,#16593,#16608,#16634,#16649,#16663,#16681,#16696,#16707,#16725,#16743,
#16755,#16768,#16784,#16798,#16814,#16827,#16842,#16866,#16888,#16904,#16925,
#16943,#16957,#16970,#16985,#16998,#17013,#17029,#17041,#17065,#17079,#17093,
#17107,#17121,#17134,#17148,#17161,#17178,#17192,#17205,#17220,#17233,#17246,
#17259,#17272,#17284,#17298,#17311,#17328,#17342,#17355,#17370,#17383,#17397,
#17410,#17424,#17436,#17451,#17464,#17474,#17486,#17500,#17512,#17524,#17538,
#17550,#17564,#17576,#17591,#17604,#17614,#17629,#17642,#17652,#17667,#17680,
#17690,#17705,#17718,#17728,#17743,#17756,#17766,#17781,#17794,#17804,#17819,
#17832,#17842,#17857,#17870,#17880,#17895,#17908,#17918,#17933,#17946,#17956,
#17971,#17984,#17994,#18009,#18022,#18032,#18047,#18060,#18070,#18085,#18098,
#18108,#18123,#18136,#18146,#18161,#18174,#18184,#18199,#18212,#18222,#18237,
#18250,#18260,#18275,#18288,#18298,#18313,#18326,#18336,#18351,#18364,#18374,
#18389,#18402,#18412,#18427,#18440,#18450,#18464,#18477,#18490,#18503,#18516,
#18529,#18542,#18555,#18568,#18581,#18594,#18607,#18620,#18633,#18646,#18659,
#18672,#18685,#18698,#18711,#18724,#18737,#18750,#18763,#18776,#18789,#18802,
#18815,#18828,#18841,#18854,#18867,#18880,#18893,#18906,#18919,#18932,#18945,
#18958,#18970,#18984,#18997,#19010,#19023,#19036,#19049,#19061,#19075,#19088,
#19101,#19114,#19127,#19140,#19153,#19166,#19179,#19192,#19205,#19218,#19231,
#19244,#19257,#19270,#19283,#19296,#19309,#19321));
#19648=EDGE_CURVE('',#19624,#19626,#19326,.T.);
#19650=EDGE_CURVE('',#19626,#19586,#19498,.T.);
#19652=EDGE_CURVE('',#19584,#19586,#19454,.T.);
#19654=EDGE_CURVE('',#19624,#19584,#19330,.T.);
#19658=ADVANCED_FACE('',(#19657),#19647,.T.);
#19664=EDGE_CURVE('',#19605,#19606,#19334,.T.);
#19666=EDGE_CURVE('',#19642,#19605,#19558,.T.);
#19668=EDGE_CURVE('',#19640,#19642,#19550,.T.);
#19670=EDGE_CURVE('',#19638,#19640,#19542,.T.);
#19672=EDGE_CURVE('',#19636,#19638,#19534,.T.);
#19674=EDGE_CURVE('',#19634,#19636,#19526,.T.);
#19676=EDGE_CURVE('',#19632,#19634,#19518,.T.);
#19678=EDGE_CURVE('',#19630,#19632,#19510,.T.);
#19680=EDGE_CURVE('',#19628,#19630,#19502,.T.);
#19682=EDGE_CURVE('',#19626,#19628,#19494,.T.);
#19685=EDGE_CURVE('',#19622,#19624,#19406,.T.);
#19687=EDGE_CURVE('',#19620,#19622,#19398,.T.);
#19689=EDGE_CURVE('',#19618,#19620,#19390,.T.);
#19691=EDGE_CURVE('',#19616,#19618,#19382,.T.);
#19693=EDGE_CURVE('',#19614,#19616,#19374,.T.);
#19695=EDGE_CURVE('',#19612,#19614,#19366,.T.);
#19697=EDGE_CURVE('',#19610,#19612,#19358,.T.);
#19699=EDGE_CURVE('',#19608,#19610,#19350,.T.);
#19701=EDGE_CURVE('',#19606,#19608,#19342,.T.);
#19705=ADVANCED_FACE('',(#19704),#19663,.T.);
#19712=EDGE_CURVE('',#19606,#19566,#19346,.T.);
#19714=EDGE_CURVE('',#19565,#19566,#19414,.T.);
#19716=EDGE_CURVE('',#19605,#19565,#19338,.T.);
#19720=ADVANCED_FACE('',(#19719),#19710,.T.);
#19727=EDGE_CURVE('',#19608,#19568,#19354,.T.);
#19729=EDGE_CURVE('',#19566,#19568,#19418,.T.);
#19734=ADVANCED_FACE('',(#19733),#19725,.T.);
#19741=EDGE_CURVE('',#19610,#19570,#19362,.T.);
#19743=EDGE_CURVE('',#19568,#19570,#19422,.T.);
#19748=ADVANCED_FACE('',(#19747),#19739,.T.);
#19755=EDGE_CURVE('',#19612,#19572,#19370,.T.);
#19757=EDGE_CURVE('',#19570,#19572,#19426,.T.);
#19762=ADVANCED_FACE('',(#19761),#19753,.T.);
#19769=EDGE_CURVE('',#19614,#19574,#19378,.T.);
#19771=EDGE_CURVE('',#19572,#19574,#19430,.T.);
#19776=ADVANCED_FACE('',(#19775),#19767,.T.);
#19783=EDGE_CURVE('',#19616,#19576,#19386,.T.);
#19785=EDGE_CURVE('',#19574,#19576,#19434,.T.);
#19790=ADVANCED_FACE('',(#19789),#19781,.T.);
#19797=EDGE_CURVE('',#19618,#19578,#19394,.T.);
#19799=EDGE_CURVE('',#19576,#19578,#19438,.T.);
#19804=ADVANCED_FACE('',(#19803),#19795,.T.);
#19811=EDGE_CURVE('',#19620,#19580,#19402,.T.);
#19813=EDGE_CURVE('',#19578,#19580,#19442,.T.);
#19818=ADVANCED_FACE('',(#19817),#19809,.T.);
#19825=EDGE_CURVE('',#19622,#19582,#19410,.T.);
#19827=EDGE_CURVE('',#19580,#19582,#19446,.T.);
#19832=ADVANCED_FACE('',(#19831),#19823,.T.);
#19840=EDGE_CURVE('',#19582,#19584,#19450,.T.);
#19845=ADVANCED_FACE('',(#19844),#19837,.T.);
#19862=EDGE_CURVE('',#19586,#19588,#19458,.T.);
#19864=EDGE_CURVE('',#19588,#19590,#19462,.T.);
#19866=EDGE_CURVE('',#19590,#19592,#19466,.T.);
#19868=EDGE_CURVE('',#19592,#19594,#19470,.T.);
#19870=EDGE_CURVE('',#19594,#19596,#19474,.T.);
#19872=EDGE_CURVE('',#19596,#19598,#19478,.T.);
#19874=EDGE_CURVE('',#19598,#19600,#19482,.T.);
#19876=EDGE_CURVE('',#19600,#19602,#19486,.T.);
#19878=EDGE_CURVE('',#19602,#19565,#19490,.T.);
#19882=ADVANCED_FACE('',(#19881),#19850,.F.);
#19889=EDGE_CURVE('',#19628,#19588,#19506,.T.);
#19895=ADVANCED_FACE('',(#19894),#19887,.T.);
#19902=EDGE_CURVE('',#19630,#19590,#19514,.T.);
#19908=ADVANCED_FACE('',(#19907),#19900,.T.);
#19915=EDGE_CURVE('',#19632,#19592,#19522,.T.);
#19921=ADVANCED_FACE('',(#19920),#19913,.T.);
#19928=EDGE_CURVE('',#19634,#19594,#19530,.T.);
#19934=ADVANCED_FACE('',(#19933),#19926,.T.);
#19941=EDGE_CURVE('',#19636,#19596,#19538,.T.);
#19947=ADVANCED_FACE('',(#19946),#19939,.T.);
#19954=EDGE_CURVE('',#19638,#19598,#19546,.T.);
#19960=ADVANCED_FACE('',(#19959),#19952,.T.);
#19967=EDGE_CURVE('',#19640,#19600,#19554,.T.);
#19973=ADVANCED_FACE('',(#19972),#19965,.T.);
#19980=EDGE_CURVE('',#19642,#19602,#19562,.T.);
#19986=ADVANCED_FACE('',(#19985),#19978,.T.);
#19998=ADVANCED_FACE('',(#19997),#19991,.T.);
#19999=CLOSED_SHELL('',(#19658,#19705,#19720,#19734,#19748,#19762,#19776,#19790,
#19804,#19818,#19832,#19845,#19882,#19895,#19908,#19921,#19934,#19947,#19960,
#19973,#19986,#19998));
#20001=BREP_WITH_VOIDS('',#19322,(#20000));
#20002=(LENGTH_UNIT()NAMED_UNIT(*)SI_UNIT(.MILLI.,.METRE.));
#20003=(NAMED_UNIT(*)PLANE_ANGLE_UNIT()SI_UNIT($,.RADIAN.));
#20006=(NAMED_UNIT(*)SI_UNIT($,.STERADIAN.)SOLID_ANGLE_UNIT());
#20008=(GEOMETRIC_REPRESENTATION_CONTEXT(3)GLOBAL_UNCERTAINTY_ASSIGNED_CONTEXT((
#20007))GLOBAL_UNIT_ASSIGNED_CONTEXT((#20002,#20005,#20006))REPRESENTATION_CONTEXT('ID1','3'));
#20009=ADVANCED_BREP_SHAPE_REPRESENTATION('',(#20001),#20008);
#20016=PRODUCT_DEFINITION('part definition','',#20015,#20012);
#20017=PRODUCT_DEFINITION_SHAPE('','SHAPE FOR C-776200-1.',#20016);
#20018=SHAPE_ASPECT('','solid data associated with C-776200-1',#20017,.F.);
#20019=PROPERTY_DEFINITION('',
'shape for solid data with which properties are associated',#20018);
#20020=SHAPE_REPRESENTATION('',(#20001),#20008);
#20021=SHAPE_DEFINITION_REPRESENTATION(#20019,#20020);
#20022=(LENGTH_UNIT()NAMED_UNIT(*)SI_UNIT(.MILLI.,.METRE.));
#20026=PROPERTY_DEFINITION('geometric validation property','area of C-776200-1',
#20018);
#20027=REPRESENTATION('surface area',(#20025),#20008);
#20028=PROPERTY_DEFINITION_REPRESENTATION(#20026,#20027);
#20029=(LENGTH_UNIT()NAMED_UNIT(*)SI_UNIT(.MILLI.,.METRE.));
#20033=PROPERTY_DEFINITION('geometric validation property',
'volume of C-776200-1',#20018);
#20034=REPRESENTATION('volume',(#20032),#20008);
#20035=PROPERTY_DEFINITION_REPRESENTATION(#20033,#20034);
#20037=PROPERTY_DEFINITION('geometric validation property',
'centroid of C-776200-1',#20018);
#20038=REPRESENTATION('centroid',(#20036),#20008);
#20039=PROPERTY_DEFINITION_REPRESENTATION(#20037,#20038);
#20040=(LENGTH_UNIT()NAMED_UNIT(*)SI_UNIT(.MILLI.,.METRE.));
#20044=PROPERTY_DEFINITION('geometric validation property','area of C-776200-1',
#20017);
#20045=REPRESENTATION('surface area',(#20043),#20008);
#20046=PROPERTY_DEFINITION_REPRESENTATION(#20044,#20045);
#20047=(LENGTH_UNIT()NAMED_UNIT(*)SI_UNIT(.MILLI.,.METRE.));
#20051=PROPERTY_DEFINITION('geometric validation property',
'volume of C-776200-1',#20017);
#20052=REPRESENTATION('volume',(#20050),#20008);
#20053=PROPERTY_DEFINITION_REPRESENTATION(#20051,#20052);
#20055=PROPERTY_DEFINITION('geometric validation property',
'centroid of C-776200-1',#20017);
#20056=REPRESENTATION('centroid',(#20054),#20008);
#20057=PROPERTY_DEFINITION_REPRESENTATION(#20055,#20056);
#20058=SHAPE_DEFINITION_REPRESENTATION(#20017,#20009);
ENDSEC;
END-ISO-10303-21;
